utc_year,airport,scheduled_flights,cancelled_flights,completed_arrivals,severe_delay_flights,window_start_utc,window_end_utc_exclusive,in_degree,out_degree,weighted_in_degree,weighted_out_degree,betweenness_centrality,closeness_centrality,pagerank,outgoing_route_count,incoming_route_count,outgoing_scheduled_flight_count,incoming_scheduled_flight_count,outgoing_route_diversity,incoming_route_diversity,outgoing_route_concentration_hhi,incoming_route_concentration_hhi,severe_delay_rate_completed,cancellation_rate,meets_plot_minimum,analysis_scope
2019,ABE,489,4,483,10,2019-01-01T00:00:00+00:00,2020-01-01T00:00:00+00:00,11,11,527,489,0.0001635283024544,0.4383394383394383,0.0010966475574187,11,11,489,527,11,11,0.1649666905039707,0.1682179390701007,0.020703933747412008,0.0081799591002045,False,retrospective_origin_airport_association
2019,ABI,215,5,210,9,2019-01-01T00:00:00+00:00,2020-01-01T00:00:00+00:00,1,1,227,215,0.0,0.3980044345898004,0.0006779014727359,1,1,215,227,1,1,1.0,1.0,0.04285714285714286,0.023255813953488372,False,retrospective_origin_airport_association
2019,ABQ,2467,33,2426,66,2019-01-01T00:00:00+00:00,2020-01-01T00:00:00+00:00,25,25,2401,2467,3.299387895344719e-05,0.4924554183813443,0.0027808068868232,25,25,2467,2401,25,25,0.0728055406353735,0.0709757370636037,0.02720527617477329,0.013376570733684636,True,retrospective_origin_airport_association
2019,ABR,68,2,66,5,2019-01-01T00:00:00+00:00,2020-01-01T00:00:00+00:00,1,1,73,68,0.0,0.3755230125523012,0.0005029675081725,1,1,68,73,1,1,1.0,1.0,0.07575757575757576,0.029411764705882353,False,retrospective_origin_airport_association
2019,ABY,94,0,93,2,2019-01-01T00:00:00+00:00,2020-01-01T00:00:00+00:00,1,1,112,94,0.0,0.3914940021810251,0.0005277381429714,1,1,94,112,1,1,1.0,1.0,0.021505376344086023,0.0,False,retrospective_origin_airport_association
2019,ACK,109,5,103,9,2019-01-01T00:00:00+00:00,2020-01-01T00:00:00+00:00,5,6,124,109,6.539960789038767e-06,0.370485036119711,0.0005277240513878,6,5,109,124,6,5,0.2589849339281205,0.2376430801248699,0.08737864077669903,0.045871559633027525,False,retrospective_origin_airport_association
2019,ACT,188,8,179,7,2019-01-01T00:00:00+00:00,2020-01-01T00:00:00+00:00,1,1,167,188,0.0,0.3980044345898004,0.0006088526253167,1,1,188,167,1,1,1.0,1.0,0.03910614525139665,0.0425531914893617,False,retrospective_origin_airport_association
2019,ACV,208,12,196,19,2019-01-01T00:00:00+00:00,2020-01-01T00:00:00+00:00,3,3,209,208,0.0,0.3980044345898004,0.0006127721330613,3,3,208,209,3,3,0.472032174556213,0.548407774547286,0.09693877551020408,0.057692307692307696,False,retrospective_origin_airport_association
2019,ACY,308,4,301,6,2019-01-01T00:00:00+00:00,2020-01-01T00:00:00+00:00,7,7,303,308,9.369558839760452e-06,0.4006696428571428,0.0007099224714023,7,7,308,303,7,7,0.1764420644290774,0.1765948872114934,0.019933554817275746,0.012987012987012988,False,retrospective_origin_airport_association
2019,ADK,7,0,7,0,2019-01-01T00:00:00+00:00,2020-01-01T00:00:00+00:00,1,1,12,7,0.0,0.3317929759704251,0.0004559903500263,1,1,7,12,1,1,1.0,1.0,0.0,0.0,False,retrospective_origin_airport_association
2019,ADQ,50,4,46,1,2019-01-01T00:00:00+00:00,2020-01-01T00:00:00+00:00,1,1,51,50,0.0,0.3317929759704251,0.0005837923209452,1,1,50,51,1,1,1.0,1.0,0.021739130434782608,0.08,False,retrospective_origin_airport_association
2019,AEX,369,9,359,12,2019-01-01T00:00:00+00:00,2020-01-01T00:00:00+00:00,3,3,327,369,0.0,0.4179278230500582,0.0007559562216723,3,3,369,327,3,3,0.3429102312703344,0.3405717812754257,0.033426183844011144,0.024390243902439025,False,retrospective_origin_airport_association
2019,AGS,468,9,457,17,2019-01-01T00:00:00+00:00,2020-01-01T00:00:00+00:00,5,4,490,468,0.0,0.4233490566037736,0.0009078545408078,4,5,468,490,4,5,0.5341058514135437,0.4688213244481466,0.037199124726477024,0.019230769230769232,False,retrospective_origin_airport_association
2019,AKN,6,0,6,0,2019-01-01T00:00:00+00:00,2020-01-01T00:00:00+00:00,1,1,4,6,0.0,0.3317929759704251,0.0004297745611198,1,1,6,4,1,1,1.0,1.0,0.0,0.0,False,retrospective_origin_airport_association
2019,ALB,1223,26,1196,39,2019-01-01T00:00:00+00:00,2020-01-01T00:00:00+00:00,22,22,1251,1223,0.000363337882513,0.4729907773386034,0.0017006526910289,22,22,1223,1251,22,22,0.09103721329198,0.0918152767953502,0.03260869565217391,0.02125919869174162,True,retrospective_origin_airport_association
2019,ALO,85,4,81,2,2019-01-01T00:00:00+00:00,2020-01-01T00:00:00+00:00,1,1,75,85,0.0,0.3993325917686318,0.0004976497676414,1,1,85,75,1,1,1.0,1.0,0.024691358024691357,0.047058823529411764,False,retrospective_origin_airport_association
2019,AMA,527,22,505,21,2019-01-01T00:00:00+00:00,2020-01-01T00:00:00+00:00,7,7,498,527,5.734184289761727e-06,0.429940119760479,0.0009220292179085,7,7,527,498,7,7,0.3184867262691329,0.2973500427412461,0.041584158415841586,0.04174573055028463,False,retrospective_origin_airport_association
2019,ANC,1869,23,1844,12,2019-01-01T00:00:00+00:00,2020-01-01T00:00:00+00:00,29,28,1968,1869,0.0604930578875293,0.4958563535911602,0.0071983230841462,28,29,1869,1968,28,29,0.1675179014079225,0.1846402191156058,0.006507592190889371,0.012306046013911182,True,retrospective_origin_airport_association
2019,APN,58,1,57,1,2019-01-01T00:00:00+00:00,2020-01-01T00:00:00+00:00,3,2,50,58,3.890384525606511e-06,0.367827868852459,0.0005432623301323,2,3,58,50,2,3,0.538049940546968,0.5688,0.017543859649122806,0.017241379310344827,False,retrospective_origin_airport_association
2019,ART,21,3,18,1,2019-01-01T00:00:00+00:00,2020-01-01T00:00:00+00:00,1,1,26,21,0.0,0.3557978196233895,0.000440337273255,1,1,21,26,1,1,1.0,1.0,0.05555555555555555,0.14285714285714285,False,retrospective_origin_airport_association
2019,ASE,685,69,613,54,2019-01-01T00:00:00+00:00,2020-01-01T00:00:00+00:00,10,10,694,685,0.0,0.4662337662337662,0.0011587877122449,10,10,685,694,10,10,0.1960274921412968,0.1866845501582107,0.08809135399673736,0.10072992700729927,False,retrospective_origin_airport_association
2019,ATL,40132,250,39776,684,2019-01-01T00:00:00+00:00,2020-01-01T00:00:00+00:00,167,166,40222,40132,0.1049665133736886,0.6422182468694096,0.046842462546154,166,167,40132,40222,166,167,0.0104975766753328,0.0105695635258822,0.017196299275945293,0.006229442838632512,True,retrospective_origin_airport_association
2019,ATW,415,9,405,15,2019-01-01T00:00:00+00:00,2020-01-01T00:00:00+00:00,9,9,449,415,0.0003059338751936,0.4476309226932668,0.0009714326372116,9,9,415,449,9,9,0.2381245463782842,0.2038829172474343,0.037037037037037035,0.021686746987951807,False,retrospective_origin_airport_association
2019,ATY,49,2,47,2,2019-01-01T00:00:00+00:00,2020-01-01T00:00:00+00:00,3,3,57,49,0.0002186288995783,0.4228504122497055,0.0005928760786171,3,3,49,57,3,3,0.3810912119950021,0.3450292397660818,0.0425531914893617,0.04081632653061224,False,retrospective_origin_airport_association
2019,AUS,6917,88,6815,165,2019-01-01T00:00:00+00:00,2020-01-01T00:00:00+00:00,55,54,6980,6917,0.0017608484944246,0.5256222547584187,0.0072285291430245,54,55,6917,6980,54,55,0.0345925141554827,0.0351809919458789,0.02421129860601614,0.012722278444412318,True,retrospective_origin_airport_association
2019,AVL,970,16,953,37,2019-01-01T00:00:00+00:00,2020-01-01T00:00:00+00:00,17,18,979,970,0.00037214400181,0.4812332439678284,0.001563899945797,18,17,970,979,18,17,0.169520671697311,0.1761162137262491,0.03882476390346275,0.016494845360824743,False,retrospective_origin_airport_association
2019,AVP,355,8,347,11,2019-01-01T00:00:00+00:00,2020-01-01T00:00:00+00:00,5,4,341,355,0.0,0.4243498817966903,0.0007695996053987,4,5,355,341,4,5,0.2931085102162269,0.3002296161883713,0.03170028818443804,0.022535211267605635,False,retrospective_origin_airport_association
2019,AZA,629,5,620,18,2019-01-01T00:00:00+00:00,2020-01-01T00:00:00+00:00,45,46,582,629,0.0123906035501468,0.3997772828507795,0.0025297422677031,46,45,629,582,46,45,0.0330021408296915,0.0346712958042536,0.02903225806451613,0.00794912559618442,False,retrospective_origin_airport_association
2019,AZO,232,9,223,5,2019-01-01T00:00:00+00:00,2020-01-01T00:00:00+00:00,3,3,202,232,0.0,0.411697247706422,0.0006389896731252,3,3,232,202,3,3,0.3716929250891795,0.3475149495147535,0.02242152466367713,0.03879310344827586,False,retrospective_origin_airport_association
2019,BDL,2994,51,2933,65,2019-01-01T00:00:00+00:00,2020-01-01T00:00:00+00:00,26,26,2925,2994,7.475477045620384e-05,0.4924554183813443,0.0032555994812989,26,26,2994,2925,26,26,0.0599254621467383,0.0595602308422821,0.02216160927378111,0.017034068136272545,True,retrospective_origin_airport_association
2019,BET,81,1,79,2,2019-01-01T00:00:00+00:00,2020-01-01T00:00:00+00:00,1,1,76,81,0.0,0.3317929759704251,0.0006657166612779,1,1,81,76,1,1,1.0,1.0,0.02531645569620253,0.012345679012345678,False,retrospective_origin_airport_association
2019,BFF,62,4,58,3,2019-01-01T00:00:00+00:00,2020-01-01T00:00:00+00:00,1,1,60,62,0.0,0.3945054945054945,0.0004844091512377,1,1,62,60,1,1,1.0,1.0,0.05172413793103448,0.06451612903225806,False,retrospective_origin_airport_association
2019,BFL,266,10,256,9,2019-01-01T00:00:00+00:00,2020-01-01T00:00:00+00:00,4,4,248,266,0.0,0.4223529411764706,0.0006736504002023,4,4,266,248,4,4,0.3187856860195601,0.2964360041623309,0.03515625,0.03759398496240601,False,retrospective_origin_airport_association
2019,BFM,22,0,22,0,2019-01-01T00:00:00+00:00,2020-01-01T00:00:00+00:00,2,2,19,22,0.0,0.4223529411764706,0.0004378228530683,2,2,22,19,2,2,0.5041322314049586,0.5678670360110804,0.0,0.0,False,retrospective_origin_airport_association
2019,BGM,91,0,91,7,2019-01-01T00:00:00+00:00,2020-01-01T00:00:00+00:00,1,1,89,91,0.0,0.3670756646216769,0.0005119150358902,1,1,91,89,1,1,1.0,1.0,0.07692307692307693,0.0,False,retrospective_origin_airport_association
2019,BGR,396,10,384,21,2019-01-01T00:00:00+00:00,2020-01-01T00:00:00+00:00,9,9,418,396,7.797034950187223e-05,0.4294258373205741,0.0008573637154434,9,9,396,418,9,9,0.2210616263646566,0.2055813740527918,0.0546875,0.025252525252525252,False,retrospective_origin_airport_association
2019,BHM,1978,45,1926,75,2019-01-01T00:00:00+00:00,2020-01-01T00:00:00+00:00,20,19,2024,1978,0.0003951962216884,0.4805890227576974,0.0023953255550933,19,20,1978,2024,19,20,0.0820660225064179,0.0859239521004858,0.03894080996884735,0.02275025278058645,True,retrospective_origin_airport_association
2019,BIL,438,2,436,7,2019-01-01T00:00:00+00:00,2020-01-01T00:00:00+00:00,8,8,411,438,0.0001592677335048,0.4602564102564102,0.0009196009568477,8,8,438,411,8,8,0.2376931256646025,0.2432675629436245,0.016055045871559634,0.0045662100456621,False,retrospective_origin_airport_association
2019,BIS,414,5,408,13,2019-01-01T00:00:00+00:00,2020-01-01T00:00:00+00:00,7,7,436,414,0.0002288052415667,0.462033462033462,0.0009851546676442,7,7,414,436,7,7,0.3014539429158206,0.3144200824846393,0.031862745098039214,0.012077294685990338,False,retrospective_origin_airport_association
2019,BJI,68,1,67,3,2019-01-01T00:00:00+00:00,2020-01-01T00:00:00+00:00,1,1,71,68,0.0,0.3755230125523012,0.0005006031015559,1,1,68,71,1,1,1.0,1.0,0.04477611940298507,0.014705882352941176,False,retrospective_origin_airport_association
2019,BKG,19,0,19,1,2019-01-01T00:00:00+00:00,2020-01-01T00:00:00+00:00,3,3,22,19,0.0,0.4415744157441574,0.0004411549892655,3,3,19,22,3,3,0.3905817174515235,0.4380165289256198,0.05263157894736842,0.0,False,retrospective_origin_airport_association
2019,BLI,193,3,190,2,2019-01-01T00:00:00+00:00,2020-01-01T00:00:00+00:00,11,11,201,193,0.0007570858425555,0.3932092004381161,0.0006657114178574,11,11,193,201,11,11,0.2273618083706945,0.2251181901438083,0.010526315789473684,0.015544041450777202,False,retrospective_origin_airport_association
2019,BLV,85,0,85,3,2019-01-01T00:00:00+00:00,2020-01-01T00:00:00+00:00,10,9,109,85,0.0001415361966242,0.3958103638368247,0.0006310253476462,9,10,85,109,9,10,0.2362629757785467,0.1803720225570238,0.03529411764705882,0.0,False,retrospective_origin_airport_association
2019,BMI,301,8,293,7,2019-01-01T00:00:00+00:00,2020-01-01T00:00:00+00:00,7,7,330,301,0.0001368118690691,0.4656290531776913,0.0007948654415638,7,7,301,330,7,7,0.246498383020055,0.2520110192837465,0.023890784982935155,0.026578073089700997,False,retrospective_origin_airport_association
2019,BNA,8367,133,8216,202,2019-01-01T00:00:00+00:00,2020-01-01T00:00:00+00:00,66,66,8448,8367,0.0029586292268486,0.5350223546944859,0.0085823411538576,66,66,8367,8448,66,66,0.0306331442128337,0.0308897860888716,0.024586173320350537,0.015895781044579897,True,retrospective_origin_airport_association
2019,BOI,1993,18,1975,34,2019-01-01T00:00:00+00:00,2020-01-01T00:00:00+00:00,19,19,1995,1993,0.0003016791222536,0.4711286089238845,0.0024941981419278,19,19,1993,1995,19,19,0.0772782510991178,0.0772650925559512,0.017215189873417722,0.009031610637230306,True,retrospective_origin_airport_association
2019,BOS,15370,302,15021,590,2019-01-01T00:00:00+00:00,2020-01-01T00:00:00+00:00,66,67,15251,15370,0.00421718916556,0.5358208955223881,0.0149652269502487,67,66,15370,15251,67,66,0.0302362924674341,0.0300246738722804,0.03927834365222022,0.019648666232921275,True,retrospective_origin_airport_association
2019,BPT,88,3,85,4,2019-01-01T00:00:00+00:00,2020-01-01T00:00:00+00:00,1,1,119,88,0.0,0.3980044345898004,0.0005536135473814,1,1,88,119,1,1,1.0,1.0,0.047058823529411764,0.03409090909090909,False,retrospective_origin_airport_association
2019,BQK,105,0,105,3,2019-01-01T00:00:00+00:00,2020-01-01T00:00:00+00:00,1,1,93,105,0.0,0.3914940021810251,0.000508895660384,1,1,105,93,1,1,1.0,1.0,0.02857142857142857,0.0,False,retrospective_origin_airport_association
2019,BQN,251,2,249,10,2019-01-01T00:00:00+00:00,2020-01-01T00:00:00+00:00,4,4,237,251,5.460188807868787e-07,0.3790918690601901,0.0006291238141846,4,4,251,237,4,4,0.2846780209837939,0.2902134629421923,0.040160642570281124,0.00796812749003984,False,retrospective_origin_airport_association
2019,BRD,59,2,57,1,2019-01-01T00:00:00+00:00,2020-01-01T00:00:00+00:00,1,1,52,59,0.0,0.3755230125523012,0.0004781412386982,1,1,59,52,1,1,1.0,1.0,0.017543859649122806,0.03389830508474576,False,retrospective_origin_airport_association
2019,BRO,259,8,251,15,2019-01-01T00:00:00+00:00,2020-01-01T00:00:00+00:00,4,3,280,259,0.0,0.4421182266009852,0.0007085305236864,3,4,259,280,3,4,0.487604537797588,0.4991071428571428,0.05976095617529881,0.03088803088803089,False,retrospective_origin_airport_association
2019,BRW,73,3,70,0,2019-01-01T00:00:00+00:00,2020-01-01T00:00:00+00:00,1,2,76,73,3.890384525606511e-06,0.2496522948539638,0.0008374931059985,2,1,73,76,2,1,0.5045974854569337,1.0,0.0,0.0410958904109589,False,retrospective_origin_airport_association
2019,BTM,78,0,78,1,2019-01-01T00:00:00+00:00,2020-01-01T00:00:00+00:00,1,1,62,78,0.0,0.3626262626262626,0.0004923220743769,1,1,78,62,1,1,1.0,1.0,0.01282051282051282,0.0,False,retrospective_origin_airport_association
2019,BTR,838,22,814,30,2019-01-01T00:00:00+00:00,2020-01-01T00:00:00+00:00,4,4,715,838,0.0,0.4223529411764706,0.0011540032728498,4,4,838,715,4,4,0.2658990322452025,0.2771480267983764,0.036855036855036855,0.026252983293556086,False,retrospective_origin_airport_association
2019,BTV,987,21,964,45,2019-01-01T00:00:00+00:00,2020-01-01T00:00:00+00:00,12,12,1012,987,2.2194877464135506e-06,0.4538558786346397,0.0013824888092271,12,12,987,1012,12,12,0.1169909943757192,0.1153490134199878,0.046680497925311204,0.02127659574468085,False,retrospective_origin_airport_association
2019,BUF,2597,68,2524,92,2019-01-01T00:00:00+00:00,2020-01-01T00:00:00+00:00,26,26,2563,2597,1.964539278661982e-05,0.4938101788170564,0.0028141678101306,26,26,2597,2563,26,26,0.0684681192970355,0.0669969671039702,0.03645007923930269,0.026184058529072005,True,retrospective_origin_airport_association
2019,BUR,3217,100,3112,62,2019-01-01T00:00:00+00:00,2020-01-01T00:00:00+00:00,18,18,3234,3217,1.387436681350793e-05,0.4644243208279431,0.0034824617949949,18,18,3217,3234,18,18,0.0994639238294307,0.1001310289674986,0.01992287917737789,0.031084861672365557,True,retrospective_origin_airport_association
2019,BWI,10775,263,10491,215,2019-01-01T00:00:00+00:00,2020-01-01T00:00:00+00:00,71,71,10826,10775,0.002434611314834,0.5374251497005988,0.0109195089356666,71,71,10775,10826,71,71,0.024788195584649,0.0248305758157802,0.020493756553236108,0.024408352668213458,True,retrospective_origin_airport_association
2019,BZN,705,6,697,18,2019-01-01T00:00:00+00:00,2020-01-01T00:00:00+00:00,17,16,739,705,0.0003997542022719,0.4864498644986449,0.0012670623889621,16,17,705,739,16,17,0.1433750817363311,0.1424208188295267,0.02582496413199426,0.00851063829787234,False,retrospective_origin_airport_association
2019,CAE,778,9,768,17,2019-01-01T00:00:00+00:00,2020-01-01T00:00:00+00:00,8,7,756,778,0.0,0.4253554502369668,0.001159925756407,7,8,778,756,7,8,0.2563589984205761,0.247445480249713,0.022135416666666668,0.011568123393316195,False,retrospective_origin_airport_association
2019,CAK,644,20,623,24,2019-01-01T00:00:00+00:00,2020-01-01T00:00:00+00:00,11,11,625,644,1.8219163830005907e-06,0.4325301204819277,0.0010191253162461,11,11,644,625,11,11,0.1531914277998534,0.1391078399999999,0.038523274478330656,0.031055900621118012,False,retrospective_origin_airport_association
2019,CDC,83,0,83,2,2019-01-01T00:00:00+00:00,2020-01-01T00:00:00+00:00,1,1,71,83,0.0,0.3626262626262626,0.00050330431098,1,1,83,71,1,1,1.0,1.0,0.024096385542168676,0.0,False,retrospective_origin_airport_association
2019,CDV,82,0,82,1,2019-01-01T00:00:00+00:00,2020-01-01T00:00:00+00:00,2,2,67,82,0.0011973420133011,0.3324074074074074,0.0010026097578205,2,2,82,67,2,2,0.5240928019036288,0.5090220539095567,0.012195121951219513,0.0,False,retrospective_origin_airport_association
2019,CGI,119,5,114,6,2019-01-01T00:00:00+00:00,2020-01-01T00:00:00+00:00,2,2,97,119,0.0,0.3997772828507795,0.0008298504718183,2,2,119,97,2,2,0.5296942306334298,0.5510681262620895,0.05263157894736842,0.04201680672268908,False,retrospective_origin_airport_association
2019,CHA,918,15,901,33,2019-01-01T00:00:00+00:00,2020-01-01T00:00:00+00:00,11,12,902,918,0.0001468019071452,0.4561626429479034,0.0013582618596027,12,11,918,902,12,11,0.2368438539782894,0.241581899794003,0.03662597114317425,0.016339869281045753,False,retrospective_origin_airport_association
2019,CHO,623,16,605,30,2019-01-01T00:00:00+00:00,2020-01-01T00:00:00+00:00,4,4,554,623,0.0,0.4198830409356725,0.0009580647295378,4,4,623,554,4,4,0.2589834822958346,0.2717290724497908,0.049586776859504134,0.025682182985553772,False,retrospective_origin_airport_association
2019,CHS,2633,54,2568,81,2019-01-01T00:00:00+00:00,2020-01-01T00:00:00+00:00,30,30,2663,2633,0.0007745757106716,0.4965421853388658,0.0029662350352624,30,30,2633,2663,30,30,0.066933191435531,0.0669621913006839,0.03154205607476635,0.020508925180402583,True,retrospective_origin_airport_association
2019,CID,968,30,932,37,2019-01-01T00:00:00+00:00,2020-01-01T00:00:00+00:00,15,15,939,968,0.0006453462171174,0.4851351351351351,0.0015353812348517,15,15,968,939,15,15,0.142926968786285,0.1484880137821374,0.03969957081545064,0.030991735537190084,False,retrospective_origin_airport_association
2019,CIU,67,1,66,1,2019-01-01T00:00:00+00:00,2020-01-01T00:00:00+00:00,2,2,59,67,0.0,0.3876889848812095,0.000483168751393,2,2,67,59,2,2,0.5491200712853642,0.5001436368859523,0.015151515151515152,0.014925373134328358,False,retrospective_origin_airport_association
2019,CKB,100,3,97,7,2019-01-01T00:00:00+00:00,2020-01-01T00:00:00+00:00,4,4,77,100,2.3198441662924824e-05,0.4107551487414188,0.0005119207543183,4,4,100,77,4,4,0.3852,0.3722381514589307,0.07216494845360824,0.03,False,retrospective_origin_airport_association
2019,CLE,5018,103,4896,151,2019-01-01T00:00:00+00:00,2020-01-01T00:00:00+00:00,48,48,4988,5018,0.0012258021856327,0.521044992743106,0.0052447397959807,48,48,5018,4988,48,48,0.04609273494654,0.0463065647851555,0.030841503267973858,0.020526106018333996,True,retrospective_origin_airport_association
2019,CLL,243,10,233,4,2019-01-01T00:00:00+00:00,2020-01-01T00:00:00+00:00,2,3,225,243,0.0,0.4002229654403567,0.0006580148911209,3,2,243,225,3,2,0.5154193974495758,0.5166024691358024,0.017167381974248927,0.0411522633744856,False,retrospective_origin_airport_association
2019,CLT,23997,375,23570,528,2019-01-01T00:00:00+00:00,2020-01-01T00:00:00+00:00,136,135,24211,23997,0.0589055161428908,0.5953565505804311,0.0281700751506101,135,136,23997,24211,135,136,0.0115155054325394,0.01149981406242,0.02240135765803988,0.015626953369171147,True,retrospective_origin_airport_association
2019,CMH,4922,101,4813,123,2019-01-01T00:00:00+00:00,2020-01-01T00:00:00+00:00,38,38,4885,4922,0.0001635545127884,0.5121255349500713,0.0051033120015195,38,38,4922,4885,38,38,0.0477171630379883,0.0446074241851216,0.02555578641180137,0.020520113774888257,True,retrospective_origin_airport_association
2019,CMI,318,6,308,11,2019-01-01T00:00:00+00:00,2020-01-01T00:00:00+00:00,3,3,283,318,0.0,0.4325301204819277,0.0007237457447526,3,3,318,283,3,3,0.379435148926071,0.4098065901684377,0.03571428571428571,0.018867924528301886,False,retrospective_origin_airport_association
2019,CMX,73,3,70,7,2019-01-01T00:00:00+00:00,2020-01-01T00:00:00+00:00,1,1,62,73,0.0,0.3993325917686318,0.0004836126968058,1,1,73,62,1,1,1.0,1.0,0.1,0.0410958904109589,False,retrospective_origin_airport_association
2019,CNY,73,3,69,3,2019-01-01T00:00:00+00:00,2020-01-01T00:00:00+00:00,1,1,65,73,0.0,0.3945054945054945,0.0004900543582853,1,1,73,65,1,1,1.0,1.0,0.043478260869565216,0.0410958904109589,False,retrospective_origin_airport_association
2019,COD,47,2,45,1,2019-01-01T00:00:00+00:00,2020-01-01T00:00:00+00:00,3,3,42,47,0.0,0.4258600237247924,0.0004654964527675,3,3,47,42,3,3,0.4649162516976007,0.4999999999999999,0.022222222222222223,0.0425531914893617,False,retrospective_origin_airport_association
2019,COS,994,21,971,43,2019-01-01T00:00:00+00:00,2020-01-01T00:00:00+00:00,13,13,1056,994,0.0,0.4773936170212766,0.0015467775139922,13,13,994,1056,13,13,0.1473691242019521,0.1484321194903581,0.044284243048403706,0.02112676056338028,False,retrospective_origin_airport_association
2019,COU,215,17,197,8,2019-01-01T00:00:00+00:00,2020-01-01T00:00:00+00:00,3,3,242,215,0.0,0.4415744157441574,0.0006861427876963,3,3,215,242,3,3,0.4443699296917253,0.4530769756164196,0.04060913705583756,0.07906976744186046,False,retrospective_origin_airport_association
2019,CPR,112,1,111,1,2019-01-01T00:00:00+00:00,2020-01-01T00:00:00+00:00,2,2,116,112,0.0,0.397563676633444,0.0005552056596316,2,2,112,116,2,2,0.5516581632653061,0.5928953626634959,0.009009009009009009,0.008928571428571428,False,retrospective_origin_airport_association
2019,CRP,618,16,601,16,2019-01-01T00:00:00+00:00,2020-01-01T00:00:00+00:00,4,4,607,618,5.734184289761727e-06,0.4020156774916013,0.0010405091131254,4,4,618,607,4,4,0.3562331772813439,0.3546189567619942,0.026622296173044926,0.025889967637540454,False,retrospective_origin_airport_association
2019,CRW,489,10,478,23,2019-01-01T00:00:00+00:00,2020-01-01T00:00:00+00:00,7,7,471,489,0.0,0.4309723889555822,0.0008832549002033,7,7,489,471,7,7,0.2991581667858531,0.2945758448618605,0.04811715481171548,0.02044989775051125,False,retrospective_origin_airport_association
2019,CSG,138,2,136,4,2019-01-01T00:00:00+00:00,2020-01-01T00:00:00+00:00,1,1,135,138,0.0,0.3914940021810251,0.0005505474639983,1,1,138,135,1,1,1.0,1.0,0.029411764705882353,0.014492753623188406,False,retrospective_origin_airport_association
2019,CVG,4942,72,4853,149,2019-01-01T00:00:00+00:00,2020-01-01T00:00:00+00:00,49,49,4947,4942,0.0021523203288969,0.5225618631732168,0.0054668053592601,49,49,4942,4947,49,49,0.0454586845612258,0.0434274218378446,0.030702658149598185,0.014569000404694455,True,retrospective_origin_airport_association
2019,CWA,249,12,234,9,2019-01-01T00:00:00+00:00,2020-01-01T00:00:00+00:00,3,3,236,249,0.0,0.411697247706422,0.0006791328208925,3,3,249,236,3,3,0.3416880372897212,0.3477449008905486,0.038461538461538464,0.04819277108433735,False,retrospective_origin_airport_association
2019,CYS,49,6,43,3,2019-01-01T00:00:00+00:00,2020-01-01T00:00:00+00:00,1,1,65,49,0.0,0.3980044345898004,0.0004914695847041,1,1,49,65,1,1,1.0,1.0,0.06976744186046512,0.12244897959183673,False,retrospective_origin_airport_association
2019,DAB,338,4,333,9,2019-01-01T00:00:00+00:00,2020-01-01T00:00:00+00:00,3,3,391,338,0.0,0.3966850828729282,0.0008046190578475,3,3,338,391,3,3,0.4911942859143586,0.4829050045460195,0.02702702702702703,0.011834319526627219,False,retrospective_origin_airport_association
2019,DAL,7441,228,7189,111,2019-01-01T00:00:00+00:00,2020-01-01T00:00:00+00:00,63,62,7484,7441,0.0029538000768476,0.5035063113604488,0.0076296151400841,62,63,7441,7484,62,63,0.031391090537593,0.0309390837278087,0.01544025594658506,0.030641042870581912,True,retrospective_origin_airport_association
2019,DAY,1389,26,1359,49,2019-01-01T00:00:00+00:00,2020-01-01T00:00:00+00:00,16,16,1388,1389,0.0003863880091351,0.4831763122476447,0.0018581742220394,16,16,1389,1388,16,16,0.0996625237583585,0.0983367107109933,0.036055923473142015,0.018718502519798418,True,retrospective_origin_airport_association
2019,DBQ,104,7,97,4,2019-01-01T00:00:00+00:00,2020-01-01T00:00:00+00:00,1,1,107,104,0.0,0.3993325917686318,0.0005322025573907,1,1,104,107,1,1,1.0,1.0,0.041237113402061855,0.0673076923076923,False,retrospective_origin_airport_association
2019,DCA,14223,354,13834,450,2019-01-01T00:00:00+00:00,2020-01-01T00:00:00+00:00,92,93,14378,14223,0.012826642701267,0.5548686244204019,0.0148025161615886,93,92,14223,14378,93,92,0.0230259782299035,0.0233229752546359,0.032528552840826945,0.024889263868382198,True,retrospective_origin_airport_association
2019,DEN,25713,504,25135,668,2019-01-01T00:00:00+00:00,2020-01-01T00:00:00+00:00,174,170,25658,25713,0.1499271939933963,0.6503623188405797,0.034156891489867,170,174,25713,25658,170,174,0.013625735409847,0.0135659073574811,0.026576486970360056,0.01960098004900245,True,retrospective_origin_airport_association
2019,DFW,31365,800,30449,874,2019-01-01T00:00:00+00:00,2020-01-01T00:00:00+00:00,182,183,30855,31365,0.1717602399555461,0.6599264705882353,0.042479705980176,183,182,31365,30855,183,182,0.0096846240618518,0.0096776877623289,0.028703734112778746,0.02550613741431532,True,retrospective_origin_airport_association
2019,DHN,134,0,134,2,2019-01-01T00:00:00+00:00,2020-01-01T00:00:00+00:00,1,1,144,134,0.0,0.3914940021810251,0.0005594728504871,1,1,134,144,1,1,1.0,1.0,0.014925373134328358,0.0,False,retrospective_origin_airport_association
2019,DLG,10,0,10,0,2019-01-01T00:00:00+00:00,2020-01-01T00:00:00+00:00,1,1,6,10,0.0,0.3317929759704251,0.0004363285083465,1,1,10,6,1,1,1.0,1.0,0.0,0.0,False,retrospective_origin_airport_association
2019,DLH,323,14,309,13,2019-01-01T00:00:00+00:00,2020-01-01T00:00:00+00:00,2,2,360,323,0.0,0.4074914869466515,0.0008257688484443,2,2,323,360,2,2,0.5010783195468183,0.5055709876543211,0.042071197411003236,0.043343653250773995,False,retrospective_origin_airport_association
2019,DRO,309,17,292,14,2019-01-01T00:00:00+00:00,2020-01-01T00:00:00+00:00,6,5,328,309,0.0,0.4459627329192546,0.0007759361310006,5,6,309,328,5,6,0.3284318346058378,0.3262566924449732,0.04794520547945205,0.05501618122977346,False,retrospective_origin_airport_association
2019,DRT,68,0,68,1,2019-01-01T00:00:00+00:00,2020-01-01T00:00:00+00:00,1,1,78,68,0.0,0.3980044345898004,0.0005064301683116,1,1,68,78,1,1,1.0,1.0,0.014705882352941176,0.0,False,retrospective_origin_airport_association
2019,DSM,1690,25,1660,36,2019-01-01T00:00:00+00:00,2020-01-01T00:00:00+00:00,23,23,1716,1690,0.0009722302299268,0.4979195561719833,0.0023264911922943,23,23,1690,1716,23,23,0.0866377227688106,0.0888878021745154,0.021686746987951807,0.014792899408284023,True,retrospective_origin_airport_association
2019,DTW,16458,165,16252,407,2019-01-01T00:00:00+00:00,2020-01-01T00:00:00+00:00,116,116,16270,16458,0.0536332578121437,0.5790322580645161,0.0207269477363273,116,116,16458,16270,116,116,0.0149068746835055,0.0150726844063889,0.02504307162195422,0.01002551950419249,True,retrospective_origin_airport_association
2019,DVL,61,2,59,4,2019-01-01T00:00:00+00:00,2020-01-01T00:00:00+00:00,1,2,58,61,0.0,0.2833464877663773,0.0008440983711813,2,1,61,58,2,1,0.5108841709217952,1.0,0.06779661016949153,0.03278688524590164,False,retrospective_origin_airport_association
2019,EAR,74,5,69,1,2019-01-01T00:00:00+00:00,2020-01-01T00:00:00+00:00,2,2,67,74,0.0,0.4223529411764706,0.0004921153741849,2,2,74,67,2,2,0.8071585098612126,0.887725551347739,0.014492753623188406,0.06756756756756757,False,retrospective_origin_airport_association
2019,EAU,71,7,63,1,2019-01-01T00:00:00+00:00,2020-01-01T00:00:00+00:00,1,1,86,71,0.0,0.3993325917686318,0.0005095272891177,1,1,71,86,1,1,1.0,1.0,0.015873015873015872,0.09859154929577464,False,retrospective_origin_airport_association
2019,ECP,632,11,618,16,2019-01-01T00:00:00+00:00,2020-01-01T00:00:00+00:00,13,14,710,632,2.390177959748014e-05,0.4476309226932668,0.0011038326920718,14,13,632,710,14,13,0.1802495593654862,0.1670739932553065,0.025889967637540454,0.01740506329113924,False,retrospective_origin_airport_association
2019,EGE,250,16,231,12,2019-01-01T00:00:00+00:00,2020-01-01T00:00:00+00:00,14,14,220,250,1.0096692582917775e-05,0.4674479166666667,0.0006468472270818,14,14,250,220,14,14,0.16864,0.1483471074380165,0.05194805194805195,0.064,False,retrospective_origin_airport_association
2019,EKO,66,2,64,0,2019-01-01T00:00:00+00:00,2020-01-01T00:00:00+00:00,1,1,55,66,0.0,0.3626262626262626,0.0004837803347967,1,1,66,55,1,1,1.0,1.0,0.0,0.030303030303030304,False,retrospective_origin_airport_association
2019,ELM,59,2,57,1,2019-01-01T00:00:00+00:00,2020-01-01T00:00:00+00:00,5,4,56,59,4.821690036210928e-05,0.4126436781609195,0.0005246314896067,4,5,59,56,4,5,0.3588049411088768,0.3411989795918367,0.017543859649122806,0.03389830508474576,False,retrospective_origin_airport_association
2019,ELP,1744,35,1699,40,2019-01-01T00:00:00+00:00,2020-01-01T00:00:00+00:00,15,16,1840,1744,9.160202652018496e-05,0.469281045751634,0.0022435142368764,16,15,1744,1840,16,15,0.1032747927363016,0.1065477315689981,0.023543260741612712,0.020068807339449542,True,retrospective_origin_airport_association
2019,ERI,125,1,124,3,2019-01-01T00:00:00+00:00,2020-01-01T00:00:00+00:00,2,2,99,125,0.0,0.4051918735891648,0.0005228371703775,2,2,125,99,2,2,0.742208,0.6433017039077644,0.024193548387096774,0.008,False,retrospective_origin_airport_association
2019,ESC,64,2,62,7,2019-01-01T00:00:00+00:00,2020-01-01T00:00:00+00:00,1,1,63,64,0.0,0.3670756646216769,0.0004840896696002,1,1,64,63,1,1,1.0,1.0,0.11290322580645161,0.03125,False,retrospective_origin_airport_association
2019,EUG,535,7,525,18,2019-01-01T00:00:00+00:00,2020-01-01T00:00:00+00:00,12,11,505,535,0.0001702752430736,0.462033462033462,0.0009547890679674,11,12,535,505,11,12,0.1993920866451218,0.1839231447897265,0.03428571428571429,0.013084112149532711,False,retrospective_origin_airport_association
2019,EVV,398,6,391,10,2019-01-01T00:00:00+00:00,2020-01-01T00:00:00+00:00,7,7,393,398,7.779963442114197e-05,0.4504391468005019,0.0008435563994503,7,7,398,393,7,7,0.2295396580894422,0.2196647437018044,0.02557544757033248,0.01507537688442211,False,retrospective_origin_airport_association
2019,EWN,246,4,242,5,2019-01-01T00:00:00+00:00,2020-01-01T00:00:00+00:00,2,2,237,246,0.0,0.3958103638368247,0.0006526796667902,2,2,246,237,2,2,0.5611078062000132,0.605761184995282,0.02066115702479339,0.016260162601626018,False,retrospective_origin_airport_association
2019,EWR,13946,394,13514,675,2019-01-01T00:00:00+00:00,2020-01-01T00:00:00+00:00,91,91,13812,13946,0.0100126309021898,0.5635792778649922,0.014045878293917,91,91,13946,13812,91,91,0.0242694933885755,0.0239844407659045,0.049948201864732866,0.028251828481284956,True,retrospective_origin_airport_association
2019,EYW,573,7,562,11,2019-01-01T00:00:00+00:00,2020-01-01T00:00:00+00:00,9,9,548,573,6.814506916624924e-07,0.4421182266009852,0.0009453698912438,9,9,573,548,9,9,0.2101763779623487,0.2208761788054771,0.019572953736654804,0.012216404886561954,False,retrospective_origin_airport_association
2019,FAI,511,2,508,4,2019-01-01T00:00:00+00:00,2020-01-01T00:00:00+00:00,6,7,505,511,0.001995648042333,0.4383394383394383,0.0017657736778946,7,6,511,505,7,6,0.403517909321732,0.365528869718655,0.007874015748031496,0.003913894324853229,False,retrospective_origin_airport_association
2019,FAR,588,15,573,27,2019-01-01T00:00:00+00:00,2020-01-01T00:00:00+00:00,10,10,644,588,0.0003085141726013,0.4742404227212681,0.0012450761373341,10,10,588,644,10,10,0.2469688555694386,0.2416332317426025,0.04712041884816754,0.025510204081632654,False,retrospective_origin_airport_association
2019,FAT,1252,16,1234,36,2019-01-01T00:00:00+00:00,2020-01-01T00:00:00+00:00,11,11,1304,1252,0.0,0.4602564102564102,0.0017221651051054,11,11,1252,1304,11,11,0.1156781737080096,0.1130958541909744,0.029173419773095625,0.012779552715654952,True,retrospective_origin_airport_association
2019,FAY,348,5,343,6,2019-01-01T00:00:00+00:00,2020-01-01T00:00:00+00:00,2,2,364,348,0.0,0.3958103638368247,0.0007787115695481,2,2,348,364,2,2,0.5037158145065399,0.5005434126313248,0.01749271137026239,0.014367816091954023,False,retrospective_origin_airport_association
2019,FCA,295,3,292,4,2019-01-01T00:00:00+00:00,2020-01-01T00:00:00+00:00,11,10,318,295,0.0001860729640786,0.4717477003942181,0.000801263402149,10,11,295,318,10,11,0.2224073542085607,0.2155175823741149,0.0136986301369863,0.010169491525423728,False,retrospective_origin_airport_association
2019,FLG,199,6,193,3,2019-01-01T00:00:00+00:00,2020-01-01T00:00:00+00:00,3,2,195,199,0.0,0.4074914869466515,0.0006170022871599,2,3,199,195,2,3,0.5912224438776799,0.5420907297830375,0.015544041450777202,0.03015075376884422,False,retrospective_origin_airport_association
2019,FLL,9990,123,9846,318,2019-01-01T00:00:00+00:00,2020-01-01T00:00:00+00:00,79,79,10015,9990,0.0179228153886417,0.543939393939394,0.0108306008819208,79,79,9990,10015,79,79,0.030200651101552,0.0302718064690283,0.032297379646556976,0.012312312312312312,True,retrospective_origin_airport_association
2019,FNT,372,13,359,9,2019-01-01T00:00:00+00:00,2020-01-01T00:00:00+00:00,8,8,374,372,0.0001305312651846,0.4335748792270531,0.0008977622457195,8,8,372,374,8,8,0.3113799283154121,0.3158225857187794,0.025069637883008356,0.03494623655913978,False,retrospective_origin_airport_association
2019,FSD,728,20,705,22,2019-01-01T00:00:00+00:00,2020-01-01T00:00:00+00:00,12,11,733,728,0.0005244720422196,0.4767596281540505,0.001316681200801,11,12,728,733,11,12,0.190975576621181,0.1894827550908356,0.031205673758865248,0.027472527472527472,False,retrospective_origin_airport_association
2019,FSM,220,5,215,7,2019-01-01T00:00:00+00:00,2020-01-01T00:00:00+00:00,2,2,212,220,0.0,0.4169570267131243,0.0006528431397054,2,2,220,212,2,2,0.5565702479338843,0.6445799216803132,0.03255813953488372,0.022727272727272728,False,retrospective_origin_airport_association
2019,FWA,740,18,722,21,2019-01-01T00:00:00+00:00,2020-01-01T00:00:00+00:00,11,11,741,740,0.00047224669923,0.4656290531776913,0.0012974025801309,11,11,740,741,11,11,0.181471877282688,0.1856028527667138,0.029085872576177285,0.024324324324324326,False,retrospective_origin_airport_association
2019,GCC,76,4,72,6,2019-01-01T00:00:00+00:00,2020-01-01T00:00:00+00:00,1,1,100,76,0.0,0.3945054945054945,0.0005295708076185,1,1,76,100,1,1,1.0,1.0,0.08333333333333333,0.05263157894736842,False,retrospective_origin_airport_association
2019,GCK,87,0,87,3,2019-01-01T00:00:00+00:00,2020-01-01T00:00:00+00:00,1,1,65,87,0.0,0.3980044345898004,0.0004914695847041,1,1,87,65,1,1,1.0,1.0,0.034482758620689655,0.0,False,retrospective_origin_airport_association
2019,GEG,1228,13,1213,23,2019-01-01T00:00:00+00:00,2020-01-01T00:00:00+00:00,15,15,1223,1228,2.023656043621321e-06,0.4662337662337662,0.0017027835701457,15,15,1228,1223,15,15,0.0984029008265339,0.1045944820218101,0.018961253091508656,0.010586319218241042,True,retrospective_origin_airport_association
2019,GFK,208,2,206,3,2019-01-01T00:00:00+00:00,2020-01-01T00:00:00+00:00,4,4,201,208,5.102232543579587e-05,0.4033707865168539,0.0006874875434692,4,4,208,201,4,4,0.7573502218934912,0.7414915472389297,0.014563106796116505,0.009615384615384616,False,retrospective_origin_airport_association
2019,GGG,82,1,81,2,2019-01-01T00:00:00+00:00,2020-01-01T00:00:00+00:00,1,1,105,82,0.0,0.3980044345898004,0.0005375021496502,1,1,82,105,1,1,1.0,1.0,0.024691358024691357,0.012195121951219513,False,retrospective_origin_airport_association
2019,GJT,418,4,414,12,2019-01-01T00:00:00+00:00,2020-01-01T00:00:00+00:00,8,8,445,418,0.0001472454214161,0.4555837563451776,0.0009339512390523,8,8,418,445,8,8,0.2252466747556145,0.2340765054917308,0.028985507246376812,0.009569377990430622,False,retrospective_origin_airport_association
2019,GNV,540,7,530,13,2019-01-01T00:00:00+00:00,2020-01-01T00:00:00+00:00,4,4,539,540,0.0,0.4218566392479436,0.0009565031388954,4,4,540,539,4,4,0.3481550068587106,0.3387741333672953,0.024528301886792454,0.012962962962962963,False,retrospective_origin_airport_association
2019,GPT,457,9,447,9,2019-01-01T00:00:00+00:00,2020-01-01T00:00:00+00:00,5,5,443,457,4.895989036760082e-05,0.4309723889555822,0.0008834098265371,5,5,457,443,5,5,0.2648276984807205,0.262386050374779,0.020134228187919462,0.019693654266958426,False,retrospective_origin_airport_association
2019,GRB,537,14,523,17,2019-01-01T00:00:00+00:00,2020-01-01T00:00:00+00:00,6,7,576,537,0.0,0.4493116395494368,0.0010489300752483,7,6,537,576,7,6,0.2954027652070784,0.278760368441358,0.032504780114722756,0.0260707635009311,False,retrospective_origin_airport_association
2019,GRI,134,1,133,4,2019-01-01T00:00:00+00:00,2020-01-01T00:00:00+00:00,3,3,132,134,4.160150008636429e-05,0.4093500570125427,0.0006046414003624,3,3,134,132,3,3,0.5806415682780129,0.5486685032139579,0.03007518796992481,0.007462686567164179,False,retrospective_origin_airport_association
2019,GRK,365,11,354,6,2019-01-01T00:00:00+00:00,2020-01-01T00:00:00+00:00,2,2,330,365,0.0,0.4002229654403567,0.0007784680925096,2,2,365,330,2,2,0.5878551322949896,0.5925803489439854,0.01694915254237288,0.030136986301369864,False,retrospective_origin_airport_association
2019,GRR,1929,48,1872,49,2019-01-01T00:00:00+00:00,2020-01-01T00:00:00+00:00,30,29,1950,1929,0.0009693378045007,0.4972299168975069,0.0025988887495558,29,30,1929,1950,29,30,0.0780655198370563,0.0844738987508218,0.026175213675213676,0.024883359253499222,True,retrospective_origin_airport_association
2019,GSO,1506,35,1470,43,2019-01-01T00:00:00+00:00,2020-01-01T00:00:00+00:00,17,16,1465,1506,0.0001673735444538,0.4626288659793814,0.0018755710494779,16,17,1506,1465,16,17,0.1428063752074482,0.1374930401053011,0.029251700680272108,0.023240371845949535,True,retrospective_origin_airport_association
2019,GSP,1673,38,1633,42,2019-01-01T00:00:00+00:00,2020-01-01T00:00:00+00:00,20,21,1601,1673,0.000247416801549,0.4838274932614555,0.0020421381483375,21,20,1673,1601,21,20,0.124612307064595,0.1282501840472128,0.025719534598897736,0.022713687985654513,True,retrospective_origin_airport_association
2019,GST,8,0,8,0,2019-01-01T00:00:00+00:00,2020-01-01T00:00:00+00:00,1,1,12,8,0.0,0.2681105302464526,0.0004818090890117,1,1,8,12,1,1,1.0,1.0,0.0,0.0,False,retrospective_origin_airport_association
2019,GTF,188,1,187,3,2019-01-01T00:00:00+00:00,2020-01-01T00:00:00+00:00,6,6,185,188,0.0001094134403439,0.4394124847001224,0.0006677259256486,6,6,188,185,6,6,0.3544590312358532,0.4338056975894814,0.016042780748663103,0.005319148936170213,False,retrospective_origin_airport_association
2019,GTR,113,1,112,4,2019-01-01T00:00:00+00:00,2020-01-01T00:00:00+00:00,1,1,128,113,0.0,0.3914940021810251,0.0005436054967292,1,1,113,128,1,1,1.0,1.0,0.03571428571428571,0.008849557522123894,False,retrospective_origin_airport_association
2019,GUC,21,0,20,0,2019-01-01T00:00:00+00:00,2020-01-01T00:00:00+00:00,2,2,24,21,0.0,0.4002229654403567,0.0004419925160646,2,2,21,24,2,2,0.510204081632653,0.5,0.0,0.0,False,retrospective_origin_airport_association
2019,GUM,96,0,96,0,2019-01-01T00:00:00+00:00,2020-01-01T00:00:00+00:00,2,2,78,96,0.0055710306406685,0.3367729831144465,0.001445795618852,2,2,96,78,2,2,0.5217013888888888,0.5082182774490467,0.0,0.0,False,retrospective_origin_airport_association
2019,HDN,120,1,119,5,2019-01-01T00:00:00+00:00,2020-01-01T00:00:00+00:00,14,14,115,120,8.598298120419101e-05,0.4717477003942181,0.0005368804052183,14,14,120,115,14,14,0.12125,0.1257466918714555,0.04201680672268908,0.008333333333333333,False,retrospective_origin_airport_association
2019,HGR,15,0,15,2,2019-01-01T00:00:00+00:00,2020-01-01T00:00:00+00:00,3,3,14,15,5.137095198702195e-06,0.3554455445544554,0.0004516546914916,3,3,15,14,3,3,0.5022222222222222,0.5612244897959183,0.13333333333333333,0.0,False,retrospective_origin_airport_association
2019,HHH,233,12,221,8,2019-01-01T00:00:00+00:00,2020-01-01T00:00:00+00:00,7,7,215,233,5.060997320461142e-07,0.4223529411764706,0.0006295074745844,7,7,233,215,7,7,0.3806111735342335,0.3655813953488372,0.03619909502262444,0.05150214592274678,False,retrospective_origin_airport_association
2019,HIB,68,0,68,2,2019-01-01T00:00:00+00:00,2020-01-01T00:00:00+00:00,1,1,50,68,0.0,0.3755230125523012,0.0004757768320816,1,1,68,50,1,1,1.0,1.0,0.029411764705882353,0.0,False,retrospective_origin_airport_association
2019,HLN,145,0,145,2,2019-01-01T00:00:00+00:00,2020-01-01T00:00:00+00:00,2,3,126,145,0.0,0.3860215053763441,0.0005690863969996,3,2,145,126,3,2,0.6530796670630202,0.5987654320987654,0.013793103448275862,0.0,False,retrospective_origin_airport_association
2019,HNL,5230,11,5213,49,2019-01-01T00:00:00+00:00,2020-01-01T00:00:00+00:00,30,30,5321,5230,0.0187535818605851,0.5056338028169014,0.0069633051862809,30,30,5230,5321,30,30,0.1137210314080042,0.1154515687664917,0.009399577978131594,0.002103250478011472,True,retrospective_origin_airport_association
2019,HOB,79,3,76,2,2019-01-01T00:00:00+00:00,2020-01-01T00:00:00+00:00,2,2,72,79,0.0,0.4038245219347581,0.0004866099865682,2,2,79,72,2,2,0.838487421887518,0.8707561728395061,0.02631578947368421,0.0379746835443038,False,retrospective_origin_airport_association
2019,HOU,6163,215,5936,96,2019-01-01T00:00:00+00:00,2020-01-01T00:00:00+00:00,57,58,6254,6163,0.0022399187433082,0.5013966480446927,0.0064834848335551,58,57,6163,6254,58,57,0.0372013014706825,0.0371847211260968,0.016172506738544475,0.03488560765860782,True,retrospective_origin_airport_association
2019,HPN,1193,39,1149,54,2019-01-01T00:00:00+00:00,2020-01-01T00:00:00+00:00,11,11,1190,1193,0.0002176723730481,0.4325301204819277,0.001596662531613,11,11,1193,1190,11,11,0.1206120643682166,0.1206623826000988,0.04699738903394256,0.03269069572506287,True,retrospective_origin_airport_association
2019,HRL,464,5,457,15,2019-01-01T00:00:00+00:00,2020-01-01T00:00:00+00:00,8,8,435,464,1.797512093393121e-05,0.4504391468005019,0.0008460967961524,8,8,464,435,8,8,0.2579704221165279,0.2557008851895891,0.03282275711159737,0.010775862068965518,False,retrospective_origin_airport_association
2019,HSV,954,27,924,32,2019-01-01T00:00:00+00:00,2020-01-01T00:00:00+00:00,10,10,971,954,2.5099255003912973e-07,0.4662337662337662,0.0014043703121767,10,10,954,971,10,10,0.1614321690861384,0.176083772343375,0.03463203463203463,0.02830188679245283,False,retrospective_origin_airport_association
2019,HTS,72,3,69,2,2019-01-01T00:00:00+00:00,2020-01-01T00:00:00+00:00,6,6,80,72,4.482193418421121e-05,0.3902173913043478,0.0005722210235127,6,6,72,80,6,6,0.2773919753086419,0.255625,0.028985507246376812,0.041666666666666664,False,retrospective_origin_airport_association
2019,HVN,117,7,110,5,2019-01-01T00:00:00+00:00,2020-01-01T00:00:00+00:00,2,2,113,117,0.0,0.3743482794577685,0.0005203253488921,2,2,117,113,2,2,0.8875009131419387,0.8533949408724253,0.045454545454545456,0.05982905982905983,False,retrospective_origin_airport_association
2019,HYA,6,0,6,1,2019-01-01T00:00:00+00:00,2020-01-01T00:00:00+00:00,1,1,11,6,0.0,0.3499025341130604,0.0004265047577211,1,1,6,11,1,1,1.0,1.0,0.16666666666666666,0.0,False,retrospective_origin_airport_association
2019,HYS,122,7,113,8,2019-01-01T00:00:00+00:00,2020-01-01T00:00:00+00:00,2,2,108,122,0.0001896192120372,0.395374449339207,0.0009046257174032,2,2,122,108,2,2,0.5021499596882559,0.5027434842249658,0.07079646017699115,0.05737704918032787,False,retrospective_origin_airport_association
2019,IAD,7096,81,7002,245,2019-01-01T00:00:00+00:00,2020-01-01T00:00:00+00:00,81,81,7116,7096,0.0140967478697274,0.5472560975609756,0.0083005798603496,81,81,7096,7116,81,81,0.0286851191391628,0.0278927914546102,0.034990002856326766,0.011414881623449832,True,retrospective_origin_airport_association
2019,IAG,82,1,81,4,2019-01-01T00:00:00+00:00,2020-01-01T00:00:00+00:00,6,5,86,82,2.562932419265624e-05,0.3743482794577685,0.0005825957523829,5,6,82,86,5,6,0.2016656751933373,0.1892915089237425,0.04938271604938271,0.012195121951219513,False,retrospective_origin_airport_association
2019,IAH,18297,284,17961,586,2019-01-01T00:00:00+00:00,2020-01-01T00:00:00+00:00,115,118,17956,18297,0.0341751986238269,0.5875613747954174,0.0206642135126496,118,115,18297,17956,118,115,0.0144554034853356,0.0144050422802781,0.03262624575469072,0.015521670219161612,True,retrospective_origin_airport_association
2019,ICT,1066,33,1031,41,2019-01-01T00:00:00+00:00,2020-01-01T00:00:00+00:00,13,14,1068,1066,0.0003897747089043,0.4761273209549072,0.0015828797189629,14,13,1066,1068,14,13,0.1346180246331255,0.1348226935431833,0.03976721629485936,0.03095684803001876,True,retrospective_origin_airport_association
2019,IDA,203,1,201,3,2019-01-01T00:00:00+00:00,2020-01-01T00:00:00+00:00,7,7,210,203,8.08854899419515e-05,0.4189031505250875,0.0007036637000877,7,7,203,210,7,7,0.4482273289815331,0.5045804988662131,0.014925373134328358,0.0049261083743842365,False,retrospective_origin_airport_association
2019,ILM,727,18,708,21,2019-01-01T00:00:00+00:00,2020-01-01T00:00:00+00:00,8,8,711,727,2.5099255003912973e-07,0.4415744157441574,0.0011169894701632,8,8,727,711,8,8,0.290275462652002,0.3079852271221175,0.029661016949152543,0.024759284731774415,False,retrospective_origin_airport_association
2019,IMT,63,2,61,1,2019-01-01T00:00:00+00:00,2020-01-01T00:00:00+00:00,2,2,66,63,0.0,0.3876889848812095,0.0004920041591137,2,2,63,66,2,2,0.5011337868480725,0.5371900826446281,0.01639344262295082,0.031746031746031744,False,retrospective_origin_airport_association
2019,IND,5027,86,4929,127,2019-01-01T00:00:00+00:00,2020-01-01T00:00:00+00:00,47,47,4973,5027,0.0013376688974408,0.5202898550724637,0.0054411825267043,47,47,5027,4973,47,47,0.0427275762404796,0.0423430704367833,0.02576587543112193,0.017107618858165904,True,retrospective_origin_airport_association
2019,INL,73,0,73,0,2019-01-01T00:00:00+00:00,2020-01-01T00:00:00+00:00,1,1,62,73,0.0,0.3755230125523012,0.0004899632717812,1,1,73,62,1,1,1.0,1.0,0.0,0.0,False,retrospective_origin_airport_association
2019,ISN,57,0,57,0,2019-01-01T00:00:00+00:00,2020-01-01T00:00:00+00:00,1,2,65,57,0.0,0.3755230125523012,0.0004935098817061,2,1,57,65,2,1,0.9655278547245304,1.0,0.0,0.0,False,retrospective_origin_airport_association
2019,ISP,589,11,578,15,2019-01-01T00:00:00+00:00,2020-01-01T00:00:00+00:00,9,9,546,589,9.945912102813268e-06,0.4038245219347581,0.0009143769925375,9,9,589,546,9,9,0.19042087391654,0.2005729313421621,0.025951557093425604,0.01867572156196944,False,retrospective_origin_airport_association
2019,ITH,111,0,110,6,2019-01-01T00:00:00+00:00,2020-01-01T00:00:00+00:00,2,2,115,111,0.0,0.3851931330472103,0.000539667557548,2,2,111,115,2,2,0.91396802207613,0.9827599243856332,0.05454545454545454,0.0,False,retrospective_origin_airport_association
2019,ITO,701,0,701,5,2019-01-01T00:00:00+00:00,2020-01-01T00:00:00+00:00,3,3,607,701,0.0,0.36896197327852,0.0010906909242249,3,3,701,607,3,3,0.7058207044755708,0.7214485586879051,0.007132667617689016,0.0,False,retrospective_origin_airport_association
2019,JAC,453,4,447,12,2019-01-01T00:00:00+00:00,2020-01-01T00:00:00+00:00,14,14,454,453,1.0594602846370302e-05,0.4767596281540505,0.0009190571354578,14,14,453,454,14,14,0.1622492190888314,0.1696520405984979,0.026845637583892617,0.008830022075055188,False,retrospective_origin_airport_association
2019,JAN,873,21,849,33,2019-01-01T00:00:00+00:00,2020-01-01T00:00:00+00:00,8,8,886,873,0.0,0.4608472400513478,0.0013298130664302,8,8,873,886,8,8,0.2238636766216742,0.2270253606387803,0.038869257950530034,0.024054982817869417,False,retrospective_origin_airport_association
2019,JAX,3393,60,3325,94,2019-01-01T00:00:00+00:00,2020-01-01T00:00:00+00:00,34,34,3533,3393,0.0013587815094846,0.4965421853388658,0.0038341540044432,34,34,3393,3533,34,34,0.0643686673443678,0.0639278409247041,0.028270676691729325,0.01768346595932803,True,retrospective_origin_airport_association
2019,JFK,13012,196,12778,428,2019-01-01T00:00:00+00:00,2020-01-01T00:00:00+00:00,69,69,12851,13012,0.0150685128031046,0.5374251497005988,0.013693339845181,69,69,13012,12851,69,69,0.0306081529509188,0.0312241064012559,0.03349506965096259,0.015063018751921304,True,retrospective_origin_airport_association
2019,JLN,150,3,147,4,2019-01-01T00:00:00+00:00,2020-01-01T00:00:00+00:00,2,2,127,150,0.0,0.4243498817966903,0.0005604757587189,2,2,150,127,2,2,0.5747555555555556,0.6153512307024613,0.027210884353741496,0.02,False,retrospective_origin_airport_association
2019,JMS,103,8,94,5,2019-01-01T00:00:00+00:00,2020-01-01T00:00:00+00:00,2,2,92,103,0.0027855153203342,0.3949394939493949,0.0008927175761154,2,2,103,92,2,2,0.5079649354321802,0.5285916824196597,0.05319148936170213,0.07766990291262135,False,retrospective_origin_airport_association
2019,JNU,475,8,464,8,2019-01-01T00:00:00+00:00,2020-01-01T00:00:00+00:00,7,7,463,475,0.0157110472118898,0.3659531090723751,0.0030273773954532,7,7,475,463,7,7,0.2250770083102493,0.2345721629526657,0.017241379310344827,0.016842105263157894,False,retrospective_origin_airport_association
2019,KOA,1597,6,1591,16,2019-01-01T00:00:00+00:00,2020-01-01T00:00:00+00:00,16,16,1575,1597,0.0002080829871065,0.4426633785450061,0.002105214819981,16,16,1597,1575,16,16,0.2795030130461428,0.2873989417989417,0.01005656819610308,0.003757044458359424,True,retrospective_origin_airport_association
2019,KTN,242,4,238,0,2019-01-01T00:00:00+00:00,2020-01-01T00:00:00+00:00,4,4,242,242,0.0054759755787595,0.3611670020120724,0.0014556703531685,4,4,242,242,4,4,0.3501468478929034,0.3867563691004713,0.0,0.01652892561983471,False,retrospective_origin_airport_association
2019,LAN,322,7,315,10,2019-01-01T00:00:00+00:00,2020-01-01T00:00:00+00:00,4,4,293,322,0.0,0.4159907300115875,0.0007320313289741,4,4,322,293,4,4,0.378091123027661,0.3548672669454507,0.031746031746031744,0.021739130434782608,False,retrospective_origin_airport_association
2019,LAR,67,1,66,7,2019-01-01T00:00:00+00:00,2020-01-01T00:00:00+00:00,1,1,72,67,0.0,0.3945054945054945,0.0004979576481519,1,1,67,72,1,1,1.0,1.0,0.10606060606060606,0.014925373134328358,False,retrospective_origin_airport_association
2019,LAS,16924,212,16682,315,2019-01-01T00:00:00+00:00,2020-01-01T00:00:00+00:00,114,114,16876,16924,0.0339361362420922,0.5780998389694042,0.0181955004202168,114,114,16924,16876,114,114,0.0243947443437401,0.0246648503892789,0.018882627982256324,0.012526589458756796,True,retrospective_origin_airport_association
2019,LAW,147,4,143,6,2019-01-01T00:00:00+00:00,2020-01-01T00:00:00+00:00,1,1,139,147,0.0,0.3980044345898004,0.0005766298298544,1,1,147,139,1,1,1.0,1.0,0.04195804195804196,0.027210884353741496,False,retrospective_origin_airport_association
2019,LAX,22468,252,22137,442,2019-01-01T00:00:00+00:00,2020-01-01T00:00:00+00:00,106,107,22412,22468,0.0321673366789028,0.5780998389694042,0.0240762984381045,107,106,22468,22412,107,106,0.0262998456230226,0.0264665094733135,0.019966571802863983,0.01121595157557415,True,retrospective_origin_airport_association
2019,LBB,721,18,702,25,2019-01-01T00:00:00+00:00,2020-01-01T00:00:00+00:00,8,8,724,721,5.734184289761727e-06,0.4314903846153846,0.0011580378003165,8,8,721,724,8,8,0.2225507414767207,0.2419797930466102,0.03561253561253561,0.024965325936199722,False,retrospective_origin_airport_association
2019,LBE,113,1,112,1,2019-01-01T00:00:00+00:00,2020-01-01T00:00:00+00:00,5,5,103,113,3.882251254105164e-06,0.3663265306122449,0.0005220537836653,5,5,113,103,5,5,0.2564805388049182,0.2387595437835799,0.008928571428571428,0.008849557522123894,False,retrospective_origin_airport_association
2019,LBF,57,1,56,3,2019-01-01T00:00:00+00:00,2020-01-01T00:00:00+00:00,1,1,67,57,0.0,0.3945054945054945,0.0004923124411044,1,1,57,67,1,1,1.0,1.0,0.05357142857142857,0.017543859649122806,False,retrospective_origin_airport_association
2019,LBL,62,0,61,2,2019-01-01T00:00:00+00:00,2020-01-01T00:00:00+00:00,2,2,63,62,0.0,0.3949394939493949,0.0006373346756768,2,2,62,63,2,2,0.5,0.510204081632653,0.03278688524590164,0.0,False,retrospective_origin_airport_association
2019,LCH,184,3,181,8,2019-01-01T00:00:00+00:00,2020-01-01T00:00:00+00:00,2,2,206,184,0.0,0.4002229654403567,0.0006338557332018,2,2,184,206,2,2,0.5,0.5000471297954567,0.04419889502762431,0.016304347826086956,False,retrospective_origin_airport_association
2019,LCK,119,1,117,4,2019-01-01T00:00:00+00:00,2020-01-01T00:00:00+00:00,10,10,103,119,8.729246344938562e-05,0.3767051416579223,0.0006122634919247,10,10,119,103,10,10,0.1278864486971259,0.1352625129606937,0.03418803418803419,0.008403361344537815,False,retrospective_origin_airport_association
2019,LEX,959,19,938,24,2019-01-01T00:00:00+00:00,2020-01-01T00:00:00+00:00,16,16,954,959,0.0003372659904378,0.469281045751634,0.0015012898529563,16,16,959,954,16,16,0.1541828090392211,0.1537672120916454,0.0255863539445629,0.01981230448383733,False,retrospective_origin_airport_association
2019,LFT,515,10,505,14,2019-01-01T00:00:00+00:00,2020-01-01T00:00:00+00:00,5,5,511,515,0.0,0.4415744157441574,0.0009481806318873,5,5,515,511,5,5,0.3284871335658403,0.3423815012963339,0.027722772277227723,0.019417475728155338,False,retrospective_origin_airport_association
2019,LGA,17539,506,16996,695,2019-01-01T00:00:00+00:00,2020-01-01T00:00:00+00:00,75,76,17485,17539,0.0077778325709871,0.5248538011695907,0.0179234491652038,76,75,17539,17485,76,75,0.030419429260758,0.0300199860839091,0.040891974582254645,0.028849991447630993,True,retrospective_origin_airport_association
2019,LGB,1647,4,1640,38,2019-01-01T00:00:00+00:00,2020-01-01T00:00:00+00:00,17,18,1659,1647,7.25556195011315e-05,0.4253554502369668,0.0020403902313845,18,17,1647,1659,18,17,0.1031910607094498,0.1034251226528105,0.023170731707317073,0.0024286581663630845,True,retrospective_origin_airport_association
2019,LIH,1405,0,1403,13,2019-01-01T00:00:00+00:00,2020-01-01T00:00:00+00:00,12,12,1403,1405,1.121348372136113e-06,0.4098173515981735,0.0018907548327571,12,12,1405,1403,12,12,0.2923939666417598,0.2650074247780822,0.009265858873841768,0.0,True,retrospective_origin_airport_association
2019,LIT,1395,17,1373,50,2019-01-01T00:00:00+00:00,2020-01-01T00:00:00+00:00,15,16,1439,1395,0.0001639007538022,0.4793057409879839,0.0019072732871544,16,15,1395,1439,16,15,0.1240163923896147,0.1289323863523864,0.03641660597232338,0.012186379928315413,True,retrospective_origin_airport_association
2019,LNK,221,3,217,7,2019-01-01T00:00:00+00:00,2020-01-01T00:00:00+00:00,4,4,232,221,0.0,0.4421182266009852,0.0006781892243864,4,4,221,232,4,4,0.3398579062672754,0.3226441736028537,0.03225806451612903,0.013574660633484163,False,retrospective_origin_airport_association
2019,LRD,293,8,285,10,2019-01-01T00:00:00+00:00,2020-01-01T00:00:00+00:00,3,3,292,293,0.0,0.4098173515981735,0.000728827692071,3,3,293,292,3,3,0.4843970226793556,0.4908284856445862,0.03508771929824561,0.027303754266211604,False,retrospective_origin_airport_association
2019,LSE,199,7,190,5,2019-01-01T00:00:00+00:00,2020-01-01T00:00:00+00:00,3,3,199,199,0.0,0.411697247706422,0.0006382390627181,3,3,199,199,3,3,0.4004696851089618,0.4044594833463801,0.02631578947368421,0.035175879396984924,False,retrospective_origin_airport_association
2019,LWB,61,2,58,6,2019-01-01T00:00:00+00:00,2020-01-01T00:00:00+00:00,2,2,58,61,0.0,0.4002229654403567,0.0004769824660606,2,2,61,58,2,2,0.5162590701424348,0.5023781212841855,0.10344827586206896,0.03278688524590164,False,retrospective_origin_airport_association
2019,LWS,113,0,113,1,2019-01-01T00:00:00+00:00,2020-01-01T00:00:00+00:00,1,1,86,113,0.0,0.3626262626262626,0.0005216080386518,1,1,113,86,1,1,1.0,1.0,0.008849557522123894,0.0,False,retrospective_origin_airport_association
2019,LYH,82,3,79,1,2019-01-01T00:00:00+00:00,2020-01-01T00:00:00+00:00,1,1,84,82,0.0,0.3735691987513007,0.0005004450548039,1,1,82,84,1,1,1.0,1.0,0.012658227848101266,0.036585365853658534,False,retrospective_origin_airport_association
2019,MAF,1002,28,971,25,2019-01-01T00:00:00+00:00,2020-01-01T00:00:00+00:00,7,7,987,1002,5.734184289761727e-06,0.429940119760479,0.0014085267917755,7,7,1002,987,7,7,0.2031784733925362,0.1960676227636067,0.025746652935118436,0.027944111776447105,False,retrospective_origin_airport_association
2019,MBS,248,5,242,10,2019-01-01T00:00:00+00:00,2020-01-01T00:00:00+00:00,3,4,255,248,0.0001974909803644,0.411697247706422,0.0006938832108592,4,3,248,255,4,3,0.4056321540062435,0.418316032295271,0.04132231404958678,0.020161290322580645,False,retrospective_origin_airport_association
2019,MCI,5751,123,5610,108,2019-01-01T00:00:00+00:00,2020-01-01T00:00:00+00:00,51,50,5593,5751,0.002078620923128,0.5233236151603499,0.0058796767884127,50,51,5751,5593,50,51,0.0360790035653684,0.0365940107569137,0.019251336898395723,0.02138758476786646,True,retrospective_origin_airport_association
2019,MCO,14473,239,14211,483,2019-01-01T00:00:00+00:00,2020-01-01T00:00:00+00:00,92,92,14508,14473,0.0173041293143455,0.5548686244204019,0.0152877002616402,92,92,14473,14508,92,92,0.0244183723403045,0.0244001503139954,0.0339877559636901,0.01651350791128308,True,retrospective_origin_airport_association
2019,MDT,662,8,651,18,2019-01-01T00:00:00+00:00,2020-01-01T00:00:00+00:00,14,15,643,662,0.0003316993157946,0.4780292942743009,0.0011794002806204,15,14,662,643,15,14,0.1960414746123164,0.1912956616172732,0.027649769585253458,0.012084592145015106,False,retrospective_origin_airport_association
2019,MDW,8646,317,8310,142,2019-01-01T00:00:00+00:00,2020-01-01T00:00:00+00:00,64,64,8481,8646,0.0015753531456191,0.5042134831460674,0.0084867019767036,64,64,8646,8481,64,64,0.0244124554956197,0.0242534270095075,0.017087845968712396,0.03666435345824659,True,retrospective_origin_airport_association
2019,MEI,83,7,76,4,2019-01-01T00:00:00+00:00,2020-01-01T00:00:00+00:00,3,3,124,83,0.0002091566062565,0.4248520710059171,0.0008067208117906,3,3,83,124,3,3,0.353752358832922,0.3409209157127991,0.05263157894736842,0.08433734939759036,False,retrospective_origin_airport_association
2019,MEM,2539,51,2479,65,2019-01-01T00:00:00+00:00,2020-01-01T00:00:00+00:00,29,28,2644,2539,0.0007801254701165,0.4972299168975069,0.0030928083549064,28,29,2539,2644,28,29,0.0666770495279547,0.0721368966014451,0.026220250100847116,0.020086648286727057,True,retrospective_origin_airport_association
2019,MFE,531,16,515,12,2019-01-01T00:00:00+00:00,2020-01-01T00:00:00+00:00,6,6,577,531,0.0001248987223776,0.4278903456495828,0.001044270888008,6,6,531,577,6,6,0.4195722103411464,0.4098621628034806,0.02330097087378641,0.030131826741996232,False,retrospective_origin_airport_association
2019,MFR,406,11,394,28,2019-01-01T00:00:00+00:00,2020-01-01T00:00:00+00:00,8,7,439,406,5.18549665307614e-05,0.415028901734104,0.0008496613085425,7,8,406,439,7,8,0.2484894076536679,0.2705621079176633,0.07106598984771574,0.027093596059113302,False,retrospective_origin_airport_association
2019,MGM,383,2,381,10,2019-01-01T00:00:00+00:00,2020-01-01T00:00:00+00:00,4,4,362,383,0.0,0.4228504122497055,0.0007921945576342,4,4,383,362,4,4,0.4139983229826368,0.4324501694087481,0.026246719160104987,0.005221932114882507,False,retrospective_origin_airport_association
2019,MHK,202,11,190,3,2019-01-01T00:00:00+00:00,2020-01-01T00:00:00+00:00,2,2,221,202,0.0,0.4243498817966903,0.0006632532885992,2,2,202,221,2,2,0.5012253700617586,0.5000921357056571,0.015789473684210527,0.054455445544554455,False,retrospective_origin_airport_association
2019,MHT,837,15,818,17,2019-01-01T00:00:00+00:00,2020-01-01T00:00:00+00:00,13,13,866,837,6.734860128028217e-06,0.4314903846153846,0.0012060024778727,13,13,837,866,13,13,0.1328876955731698,0.1314077092522761,0.02078239608801956,0.017921146953405017,False,retrospective_origin_airport_association
2019,MIA,9086,88,8963,224,2019-01-01T00:00:00+00:00,2020-01-01T00:00:00+00:00,65,65,9147,9086,0.0034529562874051,0.5263929618768328,0.0096607679499398,65,65,9086,9147,65,65,0.0299975546116937,0.0301765884095002,0.02499163226598237,0.009685230024213076,True,retrospective_origin_airport_association
2019,MKE,3089,60,3021,82,2019-01-01T00:00:00+00:00,2020-01-01T00:00:00+00:00,35,36,3161,3089,0.0009931186496867,0.5106685633001422,0.0035500192128372,36,35,3089,3161,36,35,0.0489235867704207,0.0508904143657661,0.027143330023171135,0.019423761735189383,True,retrospective_origin_airport_association
2019,MKG,88,1,87,11,2019-01-01T00:00:00+00:00,2020-01-01T00:00:00+00:00,1,1,67,88,0.0,0.3993325917686318,0.0004890115702041,1,1,88,67,1,1,1.0,1.0,0.12643678160919541,0.011363636363636364,False,retrospective_origin_airport_association
2019,MLB,260,2,256,6,2019-01-01T00:00:00+00:00,2020-01-01T00:00:00+00:00,4,4,240,260,0.0,0.3980044345898004,0.0006546593508154,4,4,260,240,4,4,0.4850591715976331,0.4895138888888888,0.0234375,0.007692307692307693,False,retrospective_origin_airport_association
2019,MLI,509,16,492,14,2019-01-01T00:00:00+00:00,2020-01-01T00:00:00+00:00,11,11,485,509,0.0005206885505042,0.4786666666666667,0.0010002199352177,11,11,509,485,11,11,0.2051443370992083,0.1821957700074396,0.028455284552845527,0.03143418467583497,False,retrospective_origin_airport_association
2019,MLU,298,2,295,2,2019-01-01T00:00:00+00:00,2020-01-01T00:00:00+00:00,3,3,298,298,0.0,0.4179278230500582,0.0007215660662455,3,3,298,298,3,3,0.3573037250574298,0.3656817260483762,0.006779661016949152,0.006711409395973154,False,retrospective_origin_airport_association
2019,MMH,53,9,44,2,2019-01-01T00:00:00+00:00,2020-01-01T00:00:00+00:00,3,3,54,53,0.0,0.3980044345898004,0.0004680271199879,3,3,53,54,3,3,0.4311142755428978,0.5,0.045454545454545456,0.16981132075471697,False,retrospective_origin_airport_association
2019,MOB,590,14,574,22,2019-01-01T00:00:00+00:00,2020-01-01T00:00:00+00:00,4,4,581,590,0.0,0.4223529411764706,0.001006498999798,4,4,590,581,4,4,0.3381614478598104,0.3541730235424116,0.03832752613240418,0.023728813559322035,False,retrospective_origin_airport_association
2019,MOT,234,3,230,2,2019-01-01T00:00:00+00:00,2020-01-01T00:00:00+00:00,4,4,235,234,5.370827465031378e-05,0.4135944700460829,0.0007257077898137,4,4,234,235,4,4,0.5716268536781358,0.5968492530556813,0.008695652173913044,0.01282051282051282,False,retrospective_origin_airport_association
2019,MQT,146,2,143,7,2019-01-01T00:00:00+00:00,2020-01-01T00:00:00+00:00,3,3,159,146,0.0,0.411697247706422,0.0005925430478261,3,3,146,159,3,3,0.3643272659035466,0.34187729915747,0.04895104895104895,0.0136986301369863,False,retrospective_origin_airport_association
2019,MRY,417,4,412,15,2019-01-01T00:00:00+00:00,2020-01-01T00:00:00+00:00,7,7,433,417,0.0,0.429940119760479,0.0008307488323358,7,7,417,433,7,7,0.2530522344714156,0.2381739728730752,0.03640776699029126,0.009592326139088728,False,retrospective_origin_airport_association
2019,MSN,1471,39,1427,60,2019-01-01T00:00:00+00:00,2020-01-01T00:00:00+00:00,19,18,1431,1471,8.885592495489141e-06,0.4897680763983629,0.0019137643610868,18,19,1471,1431,18,19,0.1031392787177985,0.1079583994421224,0.04204625087596356,0.026512576478585997,True,retrospective_origin_airport_association
2019,MSO,341,2,338,6,2019-01-01T00:00:00+00:00,2020-01-01T00:00:00+00:00,11,11,350,341,0.0002021140217778,0.4717477003942181,0.0008397366007537,11,11,341,350,11,11,0.2151254289178799,0.1952816326530612,0.01775147928994083,0.005865102639296188,False,retrospective_origin_airport_association
2019,MSP,16538,164,16323,377,2019-01-01T00:00:00+00:00,2020-01-01T00:00:00+00:00,128,128,16391,16538,0.0781116328510811,0.6003344481605352,0.023005234975254,128,128,16538,16391,128,128,0.0155897664691456,0.0156696066278941,0.023096244562886725,0.009916555810859838,True,retrospective_origin_airport_association
2019,MSY,5905,90,5800,142,2019-01-01T00:00:00+00:00,2020-01-01T00:00:00+00:00,46,47,5884,5905,0.0016180913581601,0.5172910662824207,0.0060219889546005,47,46,5905,5884,47,46,0.0379622028433545,0.0389152899866487,0.024482758620689656,0.015241320914479255,True,retrospective_origin_airport_association
2019,MTJ,183,6,176,9,2019-01-01T00:00:00+00:00,2020-01-01T00:00:00+00:00,11,12,175,183,2.8399298822632683e-06,0.4656290531776913,0.0006059626393489,12,11,183,175,12,11,0.2352712831078861,0.2424489795918367,0.05113636363636364,0.03278688524590164,False,retrospective_origin_airport_association
2019,MVY,57,2,55,3,2019-01-01T00:00:00+00:00,2020-01-01T00:00:00+00:00,4,4,46,57,7.410256239250496e-07,0.3701030927835051,0.0004571033188978,4,4,57,46,4,4,0.3376423514927669,0.3506616257088847,0.05454545454545454,0.03508771929824561,False,retrospective_origin_airport_association
2019,MYR,1208,36,1171,44,2019-01-01T00:00:00+00:00,2020-01-01T00:00:00+00:00,43,43,1182,1208,0.0126294936727255,0.500697350069735,0.0019449586022574,43,43,1208,1182,43,43,0.0886419455287048,0.0863416561450522,0.037574722459436376,0.029801324503311258,True,retrospective_origin_airport_association
2019,OAJ,313,7,306,5,2019-01-01T00:00:00+00:00,2020-01-01T00:00:00+00:00,2,2,257,313,0.0,0.3958103638368247,0.000672417772375,2,2,313,257,2,2,0.517765823883065,0.5228996653999303,0.016339869281045753,0.022364217252396165,False,retrospective_origin_airport_association
2019,OAK,5414,91,5314,67,2019-01-01T00:00:00+00:00,2020-01-01T00:00:00+00:00,49,51,5415,5414,0.0029103001008104,0.5172910662824207,0.005786873375671,51,49,5414,5415,51,49,0.0539738196024508,0.0528900177254625,0.01260820474219044,0.01680827484299963,True,retrospective_origin_airport_association
2019,OGD,4,0,4,0,2019-01-01T00:00:00+00:00,2020-01-01T00:00:00+00:00,1,1,10,4,0.0,0.285828025477707,0.0004508448283785,1,1,4,10,1,1,1.0,1.0,0.0,0.0,False,retrospective_origin_airport_association
2019,OGG,2824,13,2811,28,2019-01-01T00:00:00+00:00,2020-01-01T00:00:00+00:00,20,20,2793,2824,0.0011827169222493,0.4736147757255937,0.0033845748935884,20,20,2824,2793,20,20,0.1968046048038263,0.1920202531801346,0.009960868018498754,0.004603399433427762,True,retrospective_origin_airport_association
2019,OGS,51,4,47,3,2019-01-01T00:00:00+00:00,2020-01-01T00:00:00+00:00,4,3,41,51,2.798343299414659e-05,0.411225658648339,0.0004751031928441,3,4,51,41,3,4,0.4125336409073433,0.3420582986317668,0.06382978723404255,0.0784313725490196,False,retrospective_origin_airport_association
2019,OKC,2433,41,2386,77,2019-01-01T00:00:00+00:00,2020-01-01T00:00:00+00:00,28,28,2395,2433,0.0003179928937893,0.5049226441631505,0.0028821539192359,28,28,2433,2395,28,28,0.0727817891037554,0.0744628902419358,0.03227158424140821,0.01685162351006987,True,retrospective_origin_airport_association
2019,OMA,2730,53,2668,65,2019-01-01T00:00:00+00:00,2020-01-01T00:00:00+00:00,33,33,2666,2730,0.0012890065857147,0.5099431818181818,0.0031579631975205,33,33,2730,2666,33,33,0.0603979658924713,0.0613414794058604,0.024362818590704646,0.019413919413919414,True,retrospective_origin_airport_association
2019,OME,70,2,68,0,2019-01-01T00:00:00+00:00,2020-01-01T00:00:00+00:00,2,2,71,70,0.0,0.3320999074930619,0.0008410127132889,2,2,70,71,2,2,0.7975510204081633,0.5048601467962706,0.0,0.02857142857142857,False,retrospective_origin_airport_association
2019,ONT,2365,46,2317,52,2019-01-01T00:00:00+00:00,2020-01-01T00:00:00+00:00,20,20,2340,2365,2.449134842502769e-05,0.4812332439678284,0.0027030840908114,20,20,2365,2340,20,20,0.0946918816961591,0.0948177368690189,0.022442813983599482,0.01945031712473573,True,retrospective_origin_airport_association
2019,ORD,34579,1053,33428,1204,2019-01-01T00:00:00+00:00,2020-01-01T00:00:00+00:00,185,185,34750,34579,0.1563084015622547,0.6635859519408502,0.0439390349237551,185,185,34579,34750,185,185,0.0124751983499947,0.0125192625640494,0.03601770970443939,0.03045200844443159,True,retrospective_origin_airport_association
2019,ORF,2559,67,2487,83,2019-01-01T00:00:00+00:00,2020-01-01T00:00:00+00:00,31,30,2527,2559,0.0005344777832208,0.4972299168975069,0.002864935177564,30,31,2559,2527,30,31,0.0729315699320193,0.0725334570258149,0.03337354242058705,0.02618210238374365,True,retrospective_origin_airport_association
2019,ORH,143,2,141,8,2019-01-01T00:00:00+00:00,2020-01-01T00:00:00+00:00,4,4,114,143,0.0,0.381104033970276,0.0005227362322156,4,4,143,114,4,4,0.2790845518118245,0.2711603570329332,0.05673758865248227,0.013986013986013986,False,retrospective_origin_airport_association
2019,OTH,43,3,40,2,2019-01-01T00:00:00+00:00,2020-01-01T00:00:00+00:00,2,2,48,43,0.0,0.395374449339207,0.0004622712542333,2,2,43,48,2,2,0.8702001081665764,0.8472222222222221,0.05,0.06976744186046512,False,retrospective_origin_airport_association
2019,OTZ,65,0,65,0,2019-01-01T00:00:00+00:00,2020-01-01T00:00:00+00:00,2,2,72,65,0.0,0.3320999074930619,0.0007081438941571,2,2,65,72,2,2,0.5001183431952663,0.8024691358024691,0.0,0.0,False,retrospective_origin_airport_association
2019,OWB,9,0,9,0,2019-01-01T00:00:00+00:00,2020-01-01T00:00:00+00:00,1,1,6,9,0.0,0.289516129032258,0.000432411135304,1,1,9,6,1,1,1.0,1.0,0.0,0.0,False,retrospective_origin_airport_association
2019,PAE,174,4,170,7,2019-01-01T00:00:00+00:00,2020-01-01T00:00:00+00:00,2,2,185,174,0.0,0.395374449339207,0.0006005519817106,2,2,174,185,2,2,0.5517901968555952,0.573644996347699,0.041176470588235294,0.022988505747126436,False,retrospective_origin_airport_association
2019,PAH,134,7,127,9,2019-01-01T00:00:00+00:00,2020-01-01T00:00:00+00:00,2,2,143,134,0.0,0.3997772828507795,0.0009298305456333,2,2,134,143,2,2,0.5010024504343951,0.500611276835053,0.07086614173228346,0.05223880597014925,False,retrospective_origin_airport_association
2019,PBG,133,4,129,5,2019-01-01T00:00:00+00:00,2020-01-01T00:00:00+00:00,6,6,143,133,3.080632958123981e-05,0.3819148936170213,0.0006332387010029,6,6,133,143,6,6,0.3147153598281417,0.2870066995941122,0.03875968992248062,0.03007518796992481,False,retrospective_origin_airport_association
2019,PBI,2628,49,2566,89,2019-01-01T00:00:00+00:00,2020-01-01T00:00:00+00:00,30,29,2638,2628,0.0013349283274594,0.4736147757255937,0.0029813414792949,29,30,2628,2638,29,30,0.0813178068291598,0.0818290558300824,0.034684333593141076,0.018645357686453576,True,retrospective_origin_airport_association
2019,PDX,6359,47,6300,77,2019-01-01T00:00:00+00:00,2020-01-01T00:00:00+00:00,51,51,6290,6359,0.002365215210946,0.5287187039764359,0.0069264718059993,51,51,6359,6290,51,51,0.0411865840988082,0.0413065379978313,0.012222222222222223,0.007391099229438591,True,retrospective_origin_airport_association
2019,PGD,589,3,586,11,2019-01-01T00:00:00+00:00,2020-01-01T00:00:00+00:00,44,45,532,589,0.0052167411467751,0.3806998939554613,0.0016865624957199,45,44,589,532,45,44,0.032563609582585,0.0324212787608118,0.01877133105802048,0.0050933786078098476,False,retrospective_origin_airport_association
2019,PGV,8,0,8,0,2019-01-01T00:00:00+00:00,2020-01-01T00:00:00+00:00,1,1,8,8,0.0,0.3735691987513007,0.0004246455607749,1,1,8,8,1,1,1.0,1.0,0.0,0.0,False,retrospective_origin_airport_association
2019,PHF,254,8,246,8,2019-01-01T00:00:00+00:00,2020-01-01T00:00:00+00:00,3,3,249,254,0.0,0.3966850828729282,0.0006611346331891,3,3,254,249,3,3,0.4490358980717961,0.3829776939081628,0.032520325203252036,0.031496062992125984,False,retrospective_origin_airport_association
2019,PHL,12048,242,11775,357,2019-01-01T00:00:00+00:00,2020-01-01T00:00:00+00:00,88,87,12085,12048,0.0147983779025903,0.5514592933947773,0.0129069215056389,87,88,12048,12085,87,88,0.0239967118026345,0.0246200980539,0.030318471337579617,0.020086321381142098,True,retrospective_origin_airport_association
2019,PHX,17638,246,17368,299,2019-01-01T00:00:00+00:00,2020-01-01T00:00:00+00:00,102,102,18316,17638,0.0207652598493477,0.5744,0.0200551938959726,102,102,17638,18316,102,102,0.0192872209533372,0.0190865538770694,0.01721556886227545,0.013947159541898175,True,retrospective_origin_airport_association
2019,PIA,487,8,478,12,2019-01-01T00:00:00+00:00,2020-01-01T00:00:00+00:00,11,11,478,487,0.0004447839548225,0.4644243208279431,0.0010178531720756,11,11,487,478,11,11,0.1647896647538253,0.1717319374660808,0.02510460251046025,0.01642710472279261,False,retrospective_origin_airport_association
2019,PIB,83,2,81,6,2019-01-01T00:00:00+00:00,2020-01-01T00:00:00+00:00,2,2,67,83,0.0,0.3984461709211986,0.0006217648497597,2,2,83,67,2,2,0.5122659311946581,0.6070394297170862,0.07407407407407407,0.024096385542168676,False,retrospective_origin_airport_association
2019,PIE,744,2,739,17,2019-01-01T00:00:00+00:00,2020-01-01T00:00:00+00:00,54,54,803,744,0.0049631177122602,0.3993325917686318,0.0021538199545339,54,54,744,803,54,54,0.0284823389987281,0.0282703870448458,0.023004059539918808,0.002688172043010753,False,retrospective_origin_airport_association
2019,PIH,100,0,100,3,2019-01-01T00:00:00+00:00,2020-01-01T00:00:00+00:00,1,1,136,100,0.0,0.3626262626262626,0.0005826204642246,1,1,100,136,1,1,1.0,1.0,0.03,0.0,False,retrospective_origin_airport_association
2019,PIR,65,0,65,1,2019-01-01T00:00:00+00:00,2020-01-01T00:00:00+00:00,2,2,67,65,0.0,0.3949394939493949,0.0005930248214922,2,2,65,67,2,2,0.6137278106508877,0.7255513477389173,0.015384615384615385,0.0,False,retrospective_origin_airport_association
2019,PIT,5151,93,5047,137,2019-01-01T00:00:00+00:00,2020-01-01T00:00:00+00:00,46,46,5240,5151,0.001182821443321,0.5195369030390738,0.0054700184332339,46,46,5151,5240,46,46,0.0441813512263556,0.0458933774255579,0.027144838517931445,0.0180547466511357,True,retrospective_origin_airport_association
2019,PLN,93,1,91,3,2019-01-01T00:00:00+00:00,2020-01-01T00:00:00+00:00,2,2,109,93,0.0,0.3674513817809621,0.0006780362430153,2,2,93,109,2,2,0.7442478899294716,0.6889150744886794,0.03296703296703297,0.010752688172043012,False,retrospective_origin_airport_association
2019,PNS,1263,16,1244,38,2019-01-01T00:00:00+00:00,2020-01-01T00:00:00+00:00,16,17,1285,1263,2.577848791113773e-05,0.4674479166666667,0.0016779420977469,17,16,1263,1285,17,16,0.1222848488153919,0.1293942376114702,0.03054662379421222,0.012668250197941409,True,retrospective_origin_airport_association
2019,PPG,9,0,9,0,2019-01-01T00:00:00+00:00,2020-01-01T00:00:00+00:00,1,1,16,9,0.0,0.3361423220973782,0.0004347992163286,1,1,9,16,1,1,1.0,1.0,0.0,0.0,False,retrospective_origin_airport_association
2019,PRC,89,1,87,2,2019-01-01T00:00:00+00:00,2020-01-01T00:00:00+00:00,2,2,68,89,0.0,0.397563676633444,0.0004855906224669,2,2,89,68,2,2,0.5015780835753061,0.5017301038062284,0.022988505747126436,0.011235955056179775,False,retrospective_origin_airport_association
2019,PSC,296,2,294,7,2019-01-01T00:00:00+00:00,2020-01-01T00:00:00+00:00,8,8,341,296,0.0001167020593631,0.4228504122497055,0.0008472832762848,8,8,296,341,8,8,0.1661568663257852,0.1667770315012771,0.023809523809523808,0.006756756756756757,False,retrospective_origin_airport_association
2019,PSE,77,1,74,4,2019-01-01T00:00:00+00:00,2020-01-01T00:00:00+00:00,2,2,78,77,0.0,0.3648373983739837,0.0004865860384863,2,2,77,78,2,2,0.5304435823916344,0.5210387902695595,0.05405405405405406,0.012987012987012988,False,retrospective_origin_airport_association
2019,PSG,65,0,65,1,2019-01-01T00:00:00+00:00,2020-01-01T00:00:00+00:00,2,2,68,65,7.949352380655971e-05,0.268511593118923,0.0010735057411479,2,2,65,68,2,2,0.5029585798816568,0.5,0.015384615384615385,0.0,False,retrospective_origin_airport_association
2019,PSM,38,0,38,5,2019-01-01T00:00:00+00:00,2020-01-01T00:00:00+00:00,5,5,44,38,2.58640955163272e-05,0.3774973711882229,0.0005088055582827,5,5,38,44,5,5,0.2742382271468144,0.2799586776859504,0.13157894736842105,0.0,False,retrospective_origin_airport_association
2019,PSP,1237,19,1208,50,2019-01-01T00:00:00+00:00,2020-01-01T00:00:00+00:00,18,16,1299,1237,0.0002745106919066,0.4812332439678284,0.0017673436733237,16,18,1237,1299,16,18,0.1307600663717537,0.127347915522155,0.041390728476821195,0.015359741309620048,True,retrospective_origin_airport_association
2019,PUB,96,5,90,4,2019-01-01T00:00:00+00:00,2020-01-01T00:00:00+00:00,2,2,89,96,0.0,0.3949394939493949,0.0007530209874017,2,2,96,89,2,2,0.595703125,0.5460169170559274,0.044444444444444446,0.052083333333333336,False,retrospective_origin_airport_association
2019,PVD,1870,37,1829,46,2019-01-01T00:00:00+00:00,2020-01-01T00:00:00+00:00,21,21,1842,1870,0.0001648737231882,0.4662337662337662,0.0021497240604193,21,21,1870,1842,21,21,0.0895078498098315,0.0920074601439921,0.025150355385456534,0.019786096256684493,True,retrospective_origin_airport_association
2019,PVU,76,1,75,1,2019-01-01T00:00:00+00:00,2020-01-01T00:00:00+00:00,3,3,72,76,1.9145869746192988e-05,0.3751306165099268,0.0006289953451674,3,3,76,72,3,3,0.5806786703601108,0.66820987654321,0.013333333333333334,0.013157894736842105,False,retrospective_origin_airport_association
2019,PWM,1112,34,1078,31,2019-01-01T00:00:00+00:00,2020-01-01T00:00:00+00:00,17,17,1074,1112,9.51578154895815e-06,0.4596670934699103,0.0014085470665422,17,17,1112,1074,17,17,0.0953625588737642,0.1037247415637603,0.0287569573283859,0.030575539568345324,True,retrospective_origin_airport_association
2019,RAP,505,11,494,15,2019-01-01T00:00:00+00:00,2020-01-01T00:00:00+00:00,13,13,514,505,0.0002340451693642,0.4717477003942181,0.0010489501298176,13,13,505,514,13,13,0.1853347711008724,0.1848476131357022,0.030364372469635626,0.02178217821782178,False,retrospective_origin_airport_association
2019,RDD,158,4,154,8,2019-01-01T00:00:00+00:00,2020-01-01T00:00:00+00:00,2,2,134,158,0.0,0.370485036119711,0.0005410907479672,2,2,158,134,2,2,0.6551033488223041,0.6443528625529071,0.05194805194805195,0.02531645569620253,False,retrospective_origin_airport_association
2019,RDM,396,6,389,25,2019-01-01T00:00:00+00:00,2020-01-01T00:00:00+00:00,9,9,437,396,0.0001414604907509,0.4437577255871446,0.0008661894177001,9,9,396,437,9,9,0.2479083766962554,0.2218003969230608,0.06426735218508997,0.015151515151515152,False,retrospective_origin_airport_association
2019,RDU,6563,115,6432,193,2019-01-01T00:00:00+00:00,2020-01-01T00:00:00+00:00,58,57,6534,6563,0.0023725200815631,0.5287187039764359,0.0066330670579619,57,58,6563,6534,57,58,0.040833335635628,0.0418796867582242,0.030006218905472636,0.017522474478135,True,retrospective_origin_airport_association
2019,RFD,85,0,85,4,2019-01-01T00:00:00+00:00,2020-01-01T00:00:00+00:00,7,7,82,85,8.263164339959311e-05,0.3889490790899241,0.0006082357779946,7,7,85,82,7,7,0.196401384083045,0.2156454491374182,0.047058823529411764,0.0,False,retrospective_origin_airport_association
2019,RHI,82,3,79,4,2019-01-01T00:00:00+00:00,2020-01-01T00:00:00+00:00,1,1,95,82,0.0,0.3755230125523012,0.0005289759809552,1,1,82,95,1,1,1.0,1.0,0.05063291139240506,0.036585365853658534,False,retrospective_origin_airport_association
2019,RIC,2433,33,2394,71,2019-01-01T00:00:00+00:00,2020-01-01T00:00:00+00:00,22,22,2541,2433,0.000279574691365,0.4884353741496599,0.0029147933784452,22,22,2433,2541,22,22,0.0911215478227934,0.0889991312874215,0.029657477025898077,0.013563501849568433,True,retrospective_origin_airport_association
2019,RKS,67,3,64,2,2019-01-01T00:00:00+00:00,2020-01-01T00:00:00+00:00,1,1,69,67,0.0,0.3945054945054945,0.0004945705239234,1,1,67,69,1,1,1.0,1.0,0.03125,0.04477611940298507,False,retrospective_origin_airport_association
2019,RNO,2030,29,2000,37,2019-01-01T00:00:00+00:00,2020-01-01T00:00:00+00:00,18,20,2077,2030,8.571452686469272e-05,0.4680573663624511,0.0024603429809817,20,18,2030,2077,20,18,0.097793685845325,0.0927810819325028,0.0185,0.014285714285714285,True,retrospective_origin_airport_association
2019,ROA,310,4,304,12,2019-01-01T00:00:00+00:00,2020-01-01T00:00:00+00:00,7,7,283,310,7.246064270620403e-05,0.4304556354916067,0.0007432507050704,7,7,310,283,7,7,0.4174817898022893,0.3836357052778784,0.039473684210526314,0.012903225806451613,False,retrospective_origin_airport_association
2019,ROC,1497,44,1447,55,2019-01-01T00:00:00+00:00,2020-01-01T00:00:00+00:00,18,17,1585,1497,0.0002192362075187,0.4493116395494368,0.0019803908175744,17,18,1497,1585,17,18,0.0999893351610814,0.0981890555185144,0.03800967519004837,0.029392117568470273,True,retrospective_origin_airport_association
2019,ROW,127,1,126,4,2019-01-01T00:00:00+00:00,2020-01-01T00:00:00+00:00,2,2,152,127,0.0,0.4015659955257271,0.0005842174668059,2,2,127,152,2,2,0.5684791369582739,0.6121883656509695,0.031746031746031744,0.007874015748031496,False,retrospective_origin_airport_association
2019,RST,343,18,324,6,2019-01-01T00:00:00+00:00,2020-01-01T00:00:00+00:00,3,3,347,343,0.0,0.4233490566037736,0.0008001585201142,3,3,343,347,3,3,0.3932630111603158,0.3933676054115556,0.018518518518518517,0.052478134110787174,False,retrospective_origin_airport_association
2019,RSW,3574,38,3527,89,2019-01-01T00:00:00+00:00,2020-01-01T00:00:00+00:00,46,47,3581,3574,0.002486770769841,0.5070621468926554,0.0039651246975114,47,46,3574,3581,47,46,0.0476761376464793,0.046446147056968,0.025233909838389565,0.010632344711807499,True,retrospective_origin_airport_association
2019,SAF,173,6,165,4,2019-01-01T00:00:00+00:00,2020-01-01T00:00:00+00:00,2,2,190,173,0.0,0.4015659955257271,0.0006264738141735,2,2,173,190,2,2,0.5939724013498613,0.622382271468144,0.024242424242424242,0.03468208092485549,False,retrospective_origin_airport_association
2019,SAN,9576,135,9419,157,2019-01-01T00:00:00+00:00,2020-01-01T00:00:00+00:00,60,60,9521,9576,0.0040657463906953,0.5302806499261448,0.0098129749375443,60,60,9576,9521,60,60,0.039505091048423,0.0388413095674798,0.016668436139717593,0.014097744360902255,True,retrospective_origin_airport_association
2019,SAT,4222,60,4153,80,2019-01-01T00:00:00+00:00,2020-01-01T00:00:00+00:00,38,38,4195,4222,0.0005932268256743,0.5128571428571429,0.0045527170709116,38,38,4222,4195,38,38,0.0501394535986074,0.0487388215438948,0.01926318324103058,0.014211274277593557,True,retrospective_origin_airport_association
2019,SAV,1840,36,1794,68,2019-01-01T00:00:00+00:00,2020-01-01T00:00:00+00:00,28,30,1829,1840,0.0023367637054409,0.4877717391304347,0.0022438370602656,30,28,1840,1829,30,28,0.1024763705103969,0.1014172073103253,0.0379041248606466,0.01956521739130435,True,retrospective_origin_airport_association
2019,SBA,764,18,745,27,2019-01-01T00:00:00+00:00,2020-01-01T00:00:00+00:00,7,7,717,764,0.0,0.4325301204819277,0.0011426984681342,7,7,764,717,7,7,0.1897083413283627,0.182094929088154,0.036241610738255034,0.02356020942408377,False,retrospective_origin_airport_association
2019,SBN,724,15,704,30,2019-01-01T00:00:00+00:00,2020-01-01T00:00:00+00:00,13,14,710,724,0.0005102163255843,0.4698952879581152,0.0012731175191471,14,13,724,710,14,13,0.1463363450444125,0.1526958936718905,0.04261363636363636,0.020718232044198894,False,retrospective_origin_airport_association
2019,SBP,539,12,525,27,2019-01-01T00:00:00+00:00,2020-01-01T00:00:00+00:00,6,6,576,539,0.0,0.4289127837514934,0.0009815278160019,6,6,539,576,6,6,0.2337834442260628,0.2287326388888889,0.05142857142857143,0.022263450834879406,False,retrospective_origin_airport_association
2019,SCC,111,2,108,0,2019-01-01T00:00:00+00:00,2020-01-01T00:00:00+00:00,2,2,96,111,0.0027855153203342,0.3320999074930619,0.0007225125685503,2,2,111,96,2,2,0.5682168655141628,0.6050347222222221,0.0,0.018018018018018018,False,retrospective_origin_airport_association
2019,SCE,188,1,187,7,2019-01-01T00:00:00+00:00,2020-01-01T00:00:00+00:00,5,5,193,188,4.788102295155155e-05,0.4164733178654292,0.0006343278016248,5,5,188,193,5,5,0.4759506564056133,0.4639856103519557,0.0374331550802139,0.005319148936170213,False,retrospective_origin_airport_association
2019,SCK,97,0,97,3,2019-01-01T00:00:00+00:00,2020-01-01T00:00:00+00:00,4,4,94,97,1.3032233362951752e-05,0.3823216187433439,0.0005248628254309,4,4,97,94,4,4,0.4090764161972579,0.4366229062924399,0.030927835051546393,0.0,False,retrospective_origin_airport_association
2019,SDF,2521,26,2489,68,2019-01-01T00:00:00+00:00,2020-01-01T00:00:00+00:00,32,31,2509,2521,0.0006748051139598,0.4993045897079277,0.0029319014268372,31,32,2521,2509,31,32,0.0624930669641965,0.0634322258919305,0.027320208919244676,0.010313367711225704,True,retrospective_origin_airport_association
2019,SEA,14602,111,14454,237,2019-01-01T00:00:00+00:00,2020-01-01T00:00:00+00:00,80,78,14535,14602,0.0375185547720791,0.5583203732503889,0.0180874138947955,78,80,14602,14535,78,80,0.0300526027762594,0.0294921017308848,0.01639684516396845,0.007601698397479797,True,retrospective_origin_airport_association
2019,SFB,1090,8,1077,23,2019-01-01T00:00:00+00:00,2020-01-01T00:00:00+00:00,73,72,1070,1090,0.0156271199972838,0.4070294784580499,0.0033663165957617,72,73,1090,1070,72,73,0.0214409561484723,0.0212420298716045,0.02135561745589601,0.007339449541284404,True,retrospective_origin_airport_association
2019,SFO,17649,377,17224,540,2019-01-01T00:00:00+00:00,2020-01-01T00:00:00+00:00,88,86,17415,17649,0.0187359330588943,0.5618153364632238,0.0193876161297435,86,88,17649,17415,86,88,0.0293415747762939,0.0288375390282104,0.031351602415234554,0.02136098362513457,True,retrospective_origin_airport_association
2019,SGF,856,13,834,33,2019-01-01T00:00:00+00:00,2020-01-01T00:00:00+00:00,12,12,874,856,0.0004175243683456,0.4742404227212681,0.001429228070317,12,12,856,874,12,12,0.1886873307712464,0.1949478711204436,0.039568345323741004,0.015186915887850467,False,retrospective_origin_airport_association
2019,SGU,272,0,272,5,2019-01-01T00:00:00+00:00,2020-01-01T00:00:00+00:00,6,6,282,272,0.0001104646779395,0.4330518697225573,0.00073015643265,6,6,272,282,6,6,0.28533196366782,0.2617826065087269,0.01838235294117647,0.0,False,retrospective_origin_airport_association
2019,SHD,69,5,64,5,2019-01-01T00:00:00+00:00,2020-01-01T00:00:00+00:00,2,2,59,69,0.0,0.4002229654403567,0.0004775486558455,2,2,69,59,2,2,0.5085066162570888,0.5070382074116633,0.078125,0.07246376811594203,False,retrospective_origin_airport_association
2019,SHV,715,17,697,16,2019-01-01T00:00:00+00:00,2020-01-01T00:00:00+00:00,8,8,723,715,8.392847367066684e-05,0.4567430025445292,0.001178016624027,8,8,715,723,8,8,0.2422671035258448,0.2585527108693032,0.02295552367288379,0.023776223776223775,False,retrospective_origin_airport_association
2019,SIT,139,0,137,4,2019-01-01T00:00:00+00:00,2020-01-01T00:00:00+00:00,3,3,137,139,0.0,0.3608040201005025,0.0010396701218704,3,3,139,137,3,3,0.4029294549971534,0.4059353188768714,0.029197080291970802,0.0,False,retrospective_origin_airport_association
2019,SJC,6379,121,6245,77,2019-01-01T00:00:00+00:00,2020-01-01T00:00:00+00:00,41,44,6397,6379,0.0010705827016417,0.5099431818181818,0.0066665568172197,44,41,6379,6397,44,41,0.055825642421253,0.0556667994164159,0.01232986389111289,0.018968490358990436,True,retrospective_origin_airport_association
2019,SJT,190,3,187,2,2019-01-01T00:00:00+00:00,2020-01-01T00:00:00+00:00,1,1,186,190,0.0,0.3980044345898004,0.0006307180936661,1,1,190,186,1,1,1.0,1.0,0.0106951871657754,0.015789473684210527,False,retrospective_origin_airport_association
2019,SJU,2643,18,2617,96,2019-01-01T00:00:00+00:00,2020-01-01T00:00:00+00:00,26,24,2702,2643,0.0004027204375656,0.4767596281540505,0.002970451187072,24,26,2643,2702,24,26,0.0893432906030807,0.0950999369384522,0.03668322506687046,0.00681044267877412,True,retrospective_origin_airport_association
2019,SLC,11784,49,11685,185,2019-01-01T00:00:00+00:00,2020-01-01T00:00:00+00:00,95,95,11818,11784,0.0500261769945088,0.5680379746835443,0.0169167026159084,95,95,11784,11818,95,95,0.0211708466817745,0.0211884679241755,0.015832263585793753,0.004158180583842499,True,retrospective_origin_airport_association
2019,SLN,99,9,88,3,2019-01-01T00:00:00+00:00,2020-01-01T00:00:00+00:00,2,2,102,99,0.0002134417202108,0.4002229654403567,0.0008663462676053,2,2,99,102,2,2,0.5147433935312723,0.537677816224529,0.03409090909090909,0.09090909090909091,False,retrospective_origin_airport_association
2019,SMF,5240,83,5150,70,2019-01-01T00:00:00+00:00,2020-01-01T00:00:00+00:00,38,37,5287,5240,0.0006498839080932,0.5113960113960114,0.005611918542389,37,38,5240,5287,37,38,0.0581809043762018,0.059115597679753,0.013592233009708738,0.01583969465648855,True,retrospective_origin_airport_association
2019,SMX,17,0,17,1,2019-01-01T00:00:00+00:00,2020-01-01T00:00:00+00:00,1,1,24,17,0.0,0.3667007150153217,0.0004385996846559,1,1,17,24,1,1,1.0,1.0,0.058823529411764705,0.0,False,retrospective_origin_airport_association
2019,SNA,4052,47,3986,66,2019-01-01T00:00:00+00:00,2020-01-01T00:00:00+00:00,21,21,4248,4052,2.6006537483808543e-05,0.4864498644986449,0.0046425629654377,21,21,4052,4248,21,21,0.071966825152582,0.0719342612985483,0.01655795283492223,0.011599210266535044,True,retrospective_origin_airport_association
2019,SPI,179,9,170,5,2019-01-01T00:00:00+00:00,2020-01-01T00:00:00+00:00,3,3,184,179,5.148342318310309e-05,0.4309723889555822,0.0006337083361366,3,3,179,184,3,3,0.4857214194313535,0.4714083175803402,0.029411764705882353,0.05027932960893855,False,retrospective_origin_airport_association
2019,SPN,44,0,44,1,2019-01-01T00:00:00+00:00,2020-01-01T00:00:00+00:00,1,1,58,44,0.0,0.2521067415730337,0.0011593196269273,1,1,44,58,1,1,1.0,1.0,0.022727272727272728,0.0,False,retrospective_origin_airport_association
2019,SPS,135,3,132,6,2019-01-01T00:00:00+00:00,2020-01-01T00:00:00+00:00,1,1,135,135,0.0,0.3980044345898004,0.0005720265733598,1,1,135,135,1,1,1.0,1.0,0.045454545454545456,0.022222222222222223,False,retrospective_origin_airport_association
2019,SRQ,845,4,840,27,2019-01-01T00:00:00+00:00,2020-01-01T00:00:00+00:00,29,32,826,845,0.0019297974668688,0.4662337662337662,0.0012654720860024,32,29,845,826,32,29,0.1101824165820524,0.1224636364169339,0.03214285714285714,0.004733727810650888,False,retrospective_origin_airport_association
2019,STC,13,1,12,0,2019-01-01T00:00:00+00:00,2020-01-01T00:00:00+00:00,2,2,9,13,8.102715336216842e-06,0.2979253112033195,0.0004454574184683,2,2,13,9,2,2,0.6449704142011835,0.654320987654321,0.0,0.07692307692307693,False,retrospective_origin_airport_association
2019,STL,7059,178,6861,150,2019-01-01T00:00:00+00:00,2020-01-01T00:00:00+00:00,57,57,7000,7059,0.0007672710045598,0.5248538011695907,0.0071789914787095,57,57,7059,7000,57,57,0.029406467227704,0.0293249387755102,0.021862702229995628,0.025216036265760022,True,retrospective_origin_airport_association
2019,STS,296,16,280,5,2019-01-01T00:00:00+00:00,2020-01-01T00:00:00+00:00,8,8,283,296,0.0,0.429940119760479,0.0006867305944772,8,8,296,283,8,8,0.2051908327246165,0.2168212863189701,0.017857142857142856,0.05405405405405406,False,retrospective_origin_airport_association
2019,STT,378,3,368,10,2019-01-01T00:00:00+00:00,2020-01-01T00:00:00+00:00,13,13,417,378,1.3245235674770727e-06,0.4383394383394383,0.0008049138985057,13,13,378,417,13,13,0.1225749559082892,0.1216580692280707,0.02717391304347826,0.007936507936507936,False,retrospective_origin_airport_association
2019,STX,86,0,86,0,2019-01-01T00:00:00+00:00,2020-01-01T00:00:00+00:00,4,5,98,86,3.521611770346859e-07,0.4011173184357542,0.0005064633021686,5,4,86,98,5,4,0.5232558139534884,0.5387338608912953,0.0,0.0,False,retrospective_origin_airport_association
2019,SUN,172,27,145,3,2019-01-01T00:00:00+00:00,2020-01-01T00:00:00+00:00,5,5,162,172,0.0,0.429940119760479,0.0005993276978791,5,5,172,162,5,5,0.4142103839913466,0.4083219021490626,0.020689655172413793,0.1569767441860465,False,retrospective_origin_airport_association
2019,SUX,161,10,151,3,2019-01-01T00:00:00+00:00,2020-01-01T00:00:00+00:00,2,2,125,161,0.0,0.4243498817966903,0.0005544090399402,2,2,161,125,2,2,0.5865900235330428,0.570688,0.019867549668874173,0.062111801242236024,False,retrospective_origin_airport_association
2019,SWF,163,4,157,11,2019-01-01T00:00:00+00:00,2020-01-01T00:00:00+00:00,7,7,180,163,5.310548483128324e-05,0.3919213973799126,0.000628470935722,7,7,163,180,7,7,0.2465655463133727,0.2601851851851852,0.07006369426751592,0.024539877300613498,False,retrospective_origin_airport_association
2019,SWO,82,5,77,0,2019-01-01T00:00:00+00:00,2020-01-01T00:00:00+00:00,1,1,82,82,0.0,0.3980044345898004,0.0005110334248062,1,1,82,82,1,1,1.0,1.0,0.0,0.06097560975609756,False,retrospective_origin_airport_association
2019,SYR,1381,49,1327,34,2019-01-01T00:00:00+00:00,2020-01-01T00:00:00+00:00,24,24,1459,1381,0.0004078371990086,0.4748677248677249,0.0018993292757849,24,24,1381,1459,24,24,0.0922035423333425,0.0965053007002928,0.02562170308967596,0.03548153511947864,True,retrospective_origin_airport_association
2019,TLH,663,8,653,12,2019-01-01T00:00:00+00:00,2020-01-01T00:00:00+00:00,5,5,699,663,0.0,0.4233490566037736,0.0011093575895745,5,5,663,699,5,5,0.2423533051693818,0.2467432526744726,0.018376722817764167,0.012066365007541479,False,retrospective_origin_airport_association
2019,TOL,245,12,233,8,2019-01-01T00:00:00+00:00,2020-01-01T00:00:00+00:00,6,6,221,245,9.119124036121548e-05,0.4238488783943329,0.0007049173543467,6,6,245,221,6,6,0.3639983340274885,0.3588173870313875,0.034334763948497854,0.04897959183673469,False,retrospective_origin_airport_association
2019,TPA,7664,104,7544,196,2019-01-01T00:00:00+00:00,2020-01-01T00:00:00+00:00,65,65,7708,7664,0.0040457296844869,0.5310650887573964,0.0078889555347275,65,65,7664,7708,65,65,0.0316098760138772,0.031901361285251,0.025980911983032873,0.013569937369519834,True,retrospective_origin_airport_association
2019,TRI,275,4,271,8,2019-01-01T00:00:00+00:00,2020-01-01T00:00:00+00:00,5,5,330,275,7.20192034330696e-05,0.4325301204819277,0.0007714768216815,5,5,275,330,5,5,0.5676826446280991,0.5651790633608814,0.02952029520295203,0.014545454545454545,False,retrospective_origin_airport_association
2019,TTN,294,9,284,16,2019-01-01T00:00:00+00:00,2020-01-01T00:00:00+00:00,16,16,309,294,3.919555371223291e-05,0.445409429280397,0.0007165820449491,16,16,294,309,16,16,0.0913739645518071,0.0823095694431352,0.056338028169014086,0.030612244897959183,False,retrospective_origin_airport_association
2019,TUL,1824,26,1793,48,2019-01-01T00:00:00+00:00,2020-01-01T00:00:00+00:00,18,18,1758,1824,0.0003330613284711,0.4884353741496599,0.002255018313278,18,18,1824,1758,18,18,0.1059148007079101,0.1015834003113994,0.026770775237032907,0.01425438596491228,True,retrospective_origin_airport_association
2019,TUS,1966,24,1938,44,2019-01-01T00:00:00+00:00,2020-01-01T00:00:00+00:00,23,22,1998,1966,0.0017891228533635,0.4891008174386921,0.0024945146854755,22,23,1966,1998,22,23,0.0898411344846107,0.0894152410668927,0.022703818369453045,0.012207527975584944,True,retrospective_origin_airport_association
2019,TVC,456,10,446,22,2019-01-01T00:00:00+00:00,2020-01-01T00:00:00+00:00,14,14,467,456,0.000618265371238,0.4838274932614555,0.0009364568613358,14,14,456,467,14,14,0.3384791474299785,0.3147935017355299,0.04932735426008968,0.021929824561403508,False,retrospective_origin_airport_association
2019,TWF,128,0,128,4,2019-01-01T00:00:00+00:00,2020-01-01T00:00:00+00:00,1,4,122,128,0.0,0.3626262626262626,0.0005655369850642,4,1,128,122,4,1,0.8382568359375,1.0,0.03125,0.0,False,retrospective_origin_airport_association
2019,TXK,112,6,106,2,2019-01-01T00:00:00+00:00,2020-01-01T00:00:00+00:00,1,1,141,112,0.0,0.3980044345898004,0.0005789314581017,1,1,112,141,1,1,1.0,1.0,0.018867924528301886,0.05357142857142857,False,retrospective_origin_airport_association
2019,TYR,137,2,135,3,2019-01-01T00:00:00+00:00,2020-01-01T00:00:00+00:00,2,2,167,137,0.0,0.4208675263774912,0.0006086131254612,2,2,137,167,2,2,0.9296712664499974,0.8769407293198035,0.022222222222222223,0.014598540145985401,False,retrospective_origin_airport_association
2019,TYS,1813,30,1777,52,2019-01-01T00:00:00+00:00,2020-01-01T00:00:00+00:00,25,23,1863,1813,0.000511552361426,0.4924554183813443,0.0024387436112933,23,25,1813,1863,23,25,0.0876719555310682,0.0874195315216887,0.029262802476083285,0.01654715940430226,True,retrospective_origin_airport_association
2019,UIN,51,5,45,4,2019-01-01T00:00:00+00:00,2020-01-01T00:00:00+00:00,1,1,57,51,0.0,0.3993325917686318,0.0004782138234075,1,1,51,57,1,1,1.0,1.0,0.08888888888888889,0.09803921568627451,False,retrospective_origin_airport_association
2019,USA,153,0,153,1,2019-01-01T00:00:00+00:00,2020-01-01T00:00:00+00:00,7,7,137,153,4.783127413973236e-05,0.3755230125523012,0.0006568154007916,7,7,153,137,7,7,0.2338844034345764,0.2111460386808034,0.006535947712418301,0.0,False,retrospective_origin_airport_association
2019,VEL,69,7,62,1,2019-01-01T00:00:00+00:00,2020-01-01T00:00:00+00:00,1,1,59,69,0.0,0.3945054945054945,0.0004832801098282,1,1,69,59,1,1,1.0,1.0,0.016129032258064516,0.10144927536231885,False,retrospective_origin_airport_association
2019,VLD,111,0,111,6,2019-01-01T00:00:00+00:00,2020-01-01T00:00:00+00:00,1,1,102,111,0.0,0.3914940021810251,0.0005178210468728,1,1,111,102,1,1,1.0,1.0,0.05405405405405406,0.0,False,retrospective_origin_airport_association
2019,VPS,905,13,888,19,2019-01-01T00:00:00+00:00,2020-01-01T00:00:00+00:00,36,35,941,905,0.0038992268787984,0.4818791946308725,0.0016461021160421,35,36,905,941,35,36,0.1497426818473184,0.1440606856612394,0.021396396396396396,0.014364640883977901,False,retrospective_origin_airport_association
2019,WRG,69,1,67,1,2019-01-01T00:00:00+00:00,2020-01-01T00:00:00+00:00,2,2,86,69,7.780769051213022e-06,0.2659259259259259,0.0011253747785745,2,2,69,86,2,2,0.5001050199537913,0.5457003785830179,0.014925373134328358,0.014492753623188406,False,retrospective_origin_airport_association
2019,WYS,32,0,32,0,2019-01-01T00:00:00+00:00,2020-01-01T00:00:00+00:00,1,1,31,32,0.0,0.3626262626262626,0.0004544943705218,1,1,32,31,1,1,1.0,1.0,0.0,0.0,False,retrospective_origin_airport_association
2019,XNA,1402,24,1374,58,2019-01-01T00:00:00+00:00,2020-01-01T00:00:00+00:00,18,18,1384,1402,0.0001744960183582,0.4844804318488529,0.001881243286534,18,18,1402,1384,18,18,0.130199165243864,0.1305704751244612,0.042212518195050945,0.017118402282453638,True,retrospective_origin_airport_association
2019,XWA,20,0,20,0,2019-01-01T00:00:00+00:00,2020-01-01T00:00:00+00:00,2,2,17,20,0.0,0.4061085972850679,0.0004366046372114,2,2,20,17,2,2,0.8200000000000001,0.7093425605536332,0.0,0.0,False,retrospective_origin_airport_association
2019,YAK,60,1,59,1,2019-01-01T00:00:00+00:00,2020-01-01T00:00:00+00:00,2,2,84,60,3.994128112956018e-05,0.268511593118923,0.0011217431547598,2,2,60,84,2,2,0.5005555555555556,0.518140589569161,0.01694915254237288,0.016666666666666666,False,retrospective_origin_airport_association
2019,YUM,225,1,223,4,2019-01-01T00:00:00+00:00,2020-01-01T00:00:00+00:00,2,2,186,225,0.0,0.4015659955257271,0.0006025165727067,2,2,225,186,2,2,0.7251950617283951,0.7081165452653486,0.017937219730941704,0.0044444444444444444,False,retrospective_origin_airport_association
2020,ABE,361,32,328,15,2020-01-01T00:00:00+00:00,2021-01-01T00:00:00+00:00,13,13,380,361,0.0001699442032434,0.4282385085181613,0.0011520823601404,13,13,361,380,13,13,0.1440213012484557,0.1655540166204986,0.04573170731707317,0.0886426592797784,False,retrospective_origin_airport_association
2020,ABI,173,5,168,3,2020-01-01T00:00:00+00:00,2021-01-01T00:00:00+00:00,2,2,177,173,0.0,0.3986886442940166,0.0007174698406022,2,2,173,177,2,2,0.8910755454575829,0.8355517252385967,0.017857142857142856,0.028901734104046242,False,retrospective_origin_airport_association
2020,ABQ,1529,112,1415,9,2020-01-01T00:00:00+00:00,2021-01-01T00:00:00+00:00,24,25,1655,1529,0.0003098849458674,0.488594271463674,0.0030012297303327,25,24,1529,1655,25,24,0.0866093973028961,0.0874803990471061,0.0063604240282685515,0.07325049051667756,True,retrospective_origin_airport_association
2020,ABR,87,2,85,1,2020-01-01T00:00:00+00:00,2021-01-01T00:00:00+00:00,1,1,72,87,0.0,0.3691711280328977,0.0005392707844427,1,1,87,72,1,1,1.0,1.0,0.011764705882352941,0.022988505747126436,False,retrospective_origin_airport_association
2020,ABY,86,4,82,1,2020-01-01T00:00:00+00:00,2021-01-01T00:00:00+00:00,1,1,77,86,0.0,0.3835645229087852,0.0005271442330835,1,1,86,77,1,1,1.0,1.0,0.012195121951219513,0.046511627906976744,False,retrospective_origin_airport_association
2020,ACK,33,1,32,1,2020-01-01T00:00:00+00:00,2021-01-01T00:00:00+00:00,6,5,55,33,6.746960179668014e-07,0.3811546934454839,0.0004868641292855,5,6,33,55,5,6,0.2819100091827364,0.2476033057851239,0.03125,0.030303030303030304,False,retrospective_origin_airport_association
2020,ACT,131,11,120,3,2020-01-01T00:00:00+00:00,2021-01-01T00:00:00+00:00,1,1,120,131,0.0,0.3965171375168161,0.0006205819157872,1,1,131,120,1,1,1.0,1.0,0.025,0.08396946564885496,False,retrospective_origin_airport_association
2020,ACV,113,9,104,4,2020-01-01T00:00:00+00:00,2021-01-01T00:00:00+00:00,3,3,138,113,0.0,0.3969495444279576,0.0006140560980361,3,3,113,138,3,3,0.4521105803116924,0.5180634320520899,0.038461538461538464,0.07964601769911504,False,retrospective_origin_airport_association
2020,ACY,168,5,162,3,2020-01-01T00:00:00+00:00,2021-01-01T00:00:00+00:00,8,7,180,168,1.0038277908293176e-05,0.3947968896317106,0.0006827919775663,7,8,168,180,7,8,0.1887755102040816,0.1883333333333333,0.018518518518518517,0.02976190476190476,False,retrospective_origin_airport_association
2020,ADK,10,0,10,0,2020-01-01T00:00:00+00:00,2021-01-01T00:00:00+00:00,2,2,14,10,0.0,0.3300115432823546,0.0007779778514394,2,2,10,14,2,2,0.5,0.510204081632653,0.0,0.0,False,retrospective_origin_airport_association
2020,ADQ,51,3,48,0,2020-01-01T00:00:00+00:00,2021-01-01T00:00:00+00:00,1,1,57,51,0.0,0.3297126197830047,0.0007108463115386,1,1,51,57,1,1,1.0,1.0,0.0,0.058823529411764705,False,retrospective_origin_airport_association
2020,AEX,229,11,218,5,2020-01-01T00:00:00+00:00,2021-01-01T00:00:00+00:00,3,3,256,229,0.0,0.4145816995904751,0.0008247781379538,3,3,229,256,3,3,0.349859842489655,0.375274658203125,0.022935779816513763,0.048034934497816595,False,retrospective_origin_airport_association
2020,AGS,331,20,311,5,2020-01-01T00:00:00+00:00,2021-01-01T00:00:00+00:00,4,4,356,331,0.0,0.4183939451039507,0.0009700029981567,4,4,331,356,4,4,0.4350361898850868,0.4172295164751926,0.01607717041800643,0.06042296072507553,False,retrospective_origin_airport_association
2020,AKN,19,0,19,0,2020-01-01T00:00:00+00:00,2021-01-01T00:00:00+00:00,1,2,17,19,0.0,0.3297126197830047,0.0004994979081465,2,1,19,17,2,1,0.5678670360110804,1.0,0.0,0.0,False,retrospective_origin_airport_association
2020,ALB,743,84,659,4,2020-01-01T00:00:00+00:00,2021-01-01T00:00:00+00:00,19,18,832,743,0.0003018893926171,0.4654766396936536,0.0017416578653726,18,19,743,832,18,19,0.1061771690556454,0.1066822300295858,0.006069802731411229,0.11305518169582772,False,retrospective_origin_airport_association
2020,ALO,57,5,52,2,2020-01-01T00:00:00+00:00,2021-01-01T00:00:00+00:00,1,1,47,57,0.0,0.3922443235349538,0.0004902276028454,1,1,57,47,1,1,1.0,1.0,0.038461538461538464,0.08771929824561403,False,retrospective_origin_airport_association
2020,ALS,7,1,6,0,2020-01-01T00:00:00+00:00,2021-01-01T00:00:00+00:00,1,1,11,7,0.0,0.393942350909564,0.0004295433269567,1,1,7,11,1,1,1.0,1.0,0.0,0.14285714285714285,False,retrospective_origin_airport_association
2020,AMA,357,22,335,4,2020-01-01T00:00:00+00:00,2021-01-01T00:00:00+00:00,6,6,409,357,6.1226449683185565e-06,0.4302632768799493,0.0010686846656344,6,6,357,409,6,6,0.3535453397045093,0.3506495059211745,0.011940298507462687,0.06162464985994398,False,retrospective_origin_airport_association
2020,ANC,1255,24,1229,5,2020-01-01T00:00:00+00:00,2021-01-01T00:00:00+00:00,27,25,1298,1255,0.0664549040851072,0.4918955841086989,0.0077924380752705,25,27,1255,1298,25,27,0.2024025015475944,0.2030515122233803,0.0040683482506102524,0.019123505976095617,True,retrospective_origin_airport_association
2020,APN,66,0,66,2,2020-01-01T00:00:00+00:00,2021-01-01T00:00:00+00:00,2,2,64,66,0.0,0.3640027322404371,0.0006137904381881,2,2,66,64,2,2,0.6657483930211203,0.58251953125,0.030303030303030304,0.0,False,retrospective_origin_airport_association
2020,ASE,489,52,435,23,2020-01-01T00:00:00+00:00,2021-01-01T00:00:00+00:00,10,11,514,489,1.4306861001972908e-05,0.4590198388908413,0.0012852272639699,11,10,489,514,11,10,0.19250923172787,0.210124301654832,0.052873563218390804,0.10633946830265849,False,retrospective_origin_airport_association
2020,ATL,26082,1206,24830,183,2020-01-01T00:00:00+00:00,2021-01-01T00:00:00+00:00,164,165,26033,26082,0.0990641948029373,0.622226892718696,0.0468392291612411,165,164,26082,26033,165,164,0.0106644630498607,0.0106874492580487,0.007370116794200564,0.04623878536922015,True,retrospective_origin_airport_association
2020,ATW,337,14,323,3,2020-01-01T00:00:00+00:00,2021-01-01T00:00:00+00:00,14,11,377,337,0.0004913023870109,0.4684719848654275,0.0011456925887332,11,14,337,377,11,14,0.1848655883207565,0.1785209211350252,0.009287925696594427,0.04154302670623145,False,retrospective_origin_airport_association
2020,ATY,50,6,44,1,2020-01-01T00:00:00+00:00,2021-01-01T00:00:00+00:00,2,2,49,50,0.0,0.4217876387490581,0.0004967948634664,2,2,50,49,2,2,0.5008,0.5751770095793419,0.022727272727272728,0.12,False,retrospective_origin_airport_association
2020,AUS,3941,260,3675,30,2020-01-01T00:00:00+00:00,2021-01-01T00:00:00+00:00,54,56,3961,3941,0.0022478544119052,0.5222420835587334,0.0064722122874535,56,54,3941,3961,56,54,0.0388167103961302,0.040032770917608,0.00816326530612245,0.06597310327328089,True,retrospective_origin_airport_association
2020,AVL,687,63,624,13,2020-01-01T00:00:00+00:00,2021-01-01T00:00:00+00:00,21,22,691,687,0.0004305139795975,0.4758205650201793,0.001655237180959,22,21,687,691,22,21,0.1637840620888236,0.1585298682041798,0.020833333333333332,0.09170305676855896,False,retrospective_origin_airport_association
2020,AVP,196,5,191,6,2020-01-01T00:00:00+00:00,2021-01-01T00:00:00+00:00,4,4,197,196,0.0,0.4145816995904751,0.0007330574536077,4,4,196,197,4,4,0.4236255726780508,0.3805045221469246,0.031413612565445025,0.025510204081632654,False,retrospective_origin_airport_association
2020,AZA,529,42,482,5,2020-01-01T00:00:00+00:00,2021-01-01T00:00:00+00:00,44,45,532,529,0.011349140867595,0.3909803783463342,0.002792969363024,45,44,529,532,45,44,0.0320789305355541,0.0308949064390299,0.01037344398340249,0.07939508506616257,False,retrospective_origin_airport_association
2020,AZO,186,10,176,4,2020-01-01T00:00:00+00:00,2021-01-01T00:00:00+00:00,3,3,206,186,0.0,0.4048973662296297,0.0007646166410246,3,3,186,206,3,3,0.4214360041623309,0.4338297671788104,0.022727272727272728,0.053763440860215055,False,retrospective_origin_airport_association
2020,BDL,1680,109,1567,17,2020-01-01T00:00:00+00:00,2021-01-01T00:00:00+00:00,27,27,1652,1680,0.0001129018073888,0.4912317574094968,0.0029541316140345,27,27,1680,1652,27,27,0.0643098072562358,0.0608705274698215,0.010848755583918315,0.06488095238095239,True,retrospective_origin_airport_association
2020,BET,54,2,52,1,2020-01-01T00:00:00+00:00,2021-01-01T00:00:00+00:00,1,1,47,54,0.0,0.3297126197830047,0.0006580092106906,1,1,54,47,1,1,1.0,1.0,0.019230769230769232,0.037037037037037035,False,retrospective_origin_airport_association
2020,BFF,65,0,65,3,2020-01-01T00:00:00+00:00,2021-01-01T00:00:00+00:00,2,2,57,65,0.0,0.3943691573569199,0.0005551417304476,2,2,65,57,2,2,0.8324260355029585,0.8116343490304709,0.046153846153846156,0.0,False,retrospective_origin_airport_association
2020,BFL,219,9,210,7,2020-01-01T00:00:00+00:00,2021-01-01T00:00:00+00:00,4,4,215,219,0.0,0.4232589909772525,0.0007582141425176,4,4,219,215,4,4,0.2913408811325868,0.2770146024878313,0.03333333333333333,0.0410958904109589,False,retrospective_origin_airport_association
2020,BFM,5,0,5,0,2020-01-01T00:00:00+00:00,2021-01-01T00:00:00+00:00,2,2,5,5,0.0,0.4035507009317485,0.0004183075125669,2,2,5,5,2,2,0.6800000000000002,0.6800000000000002,0.0,0.0,False,retrospective_origin_airport_association
2020,BGM,53,1,52,5,2020-01-01T00:00:00+00:00,2021-01-01T00:00:00+00:00,1,1,42,53,0.0,0.3636390931472898,0.0004815610094325,1,1,53,42,1,1,1.0,1.0,0.09615384615384616,0.018867924528301886,False,retrospective_origin_airport_association
2020,BGR,230,17,213,9,2020-01-01T00:00:00+00:00,2021-01-01T00:00:00+00:00,10,10,213,230,8.691320319600174e-05,0.4212994586116171,0.0007842121410324,10,10,230,213,10,10,0.1386011342155009,0.1377813044149088,0.04225352112676056,0.07391304347826087,False,retrospective_origin_airport_association
2020,BHM,1225,79,1144,13,2020-01-01T00:00:00+00:00,2021-01-01T00:00:00+00:00,19,19,1171,1225,2.581641212798255e-05,0.4776938743312823,0.0022139434034468,19,19,1225,1171,19,19,0.1040026655560183,0.0986106745641357,0.011363636363636364,0.06448979591836734,True,retrospective_origin_airport_association
2020,BIL,320,9,310,4,2020-01-01T00:00:00+00:00,2021-01-01T00:00:00+00:00,10,9,358,320,0.0001497582608354,0.4444477805133543,0.0010788556028133,9,10,320,358,9,10,0.231015625,0.2274585687088418,0.012903225806451613,0.028125,False,retrospective_origin_airport_association
2020,BIS,314,16,297,7,2020-01-01T00:00:00+00:00,2021-01-01T00:00:00+00:00,8,8,333,314,0.0002758735980966,0.460762952203085,0.0010454522885672,8,8,314,333,8,8,0.3333198101342854,0.3420086753420086,0.02356902356902357,0.050955414012738856,False,retrospective_origin_airport_association
2020,BJI,75,2,73,2,2020-01-01T00:00:00+00:00,2021-01-01T00:00:00+00:00,1,1,71,75,0.0,0.3691711280328977,0.0005374708407241,1,1,75,71,1,1,1.0,1.0,0.0273972602739726,0.02666666666666667,False,retrospective_origin_airport_association
2020,BKG,9,0,9,0,2020-01-01T00:00:00+00:00,2021-01-01T00:00:00+00:00,1,1,6,9,0.0,0.393942350909564,0.0004205121950241,1,1,9,6,1,1,1.0,1.0,0.0,0.0,False,retrospective_origin_airport_association
2020,BLI,87,19,68,3,2020-01-01T00:00:00+00:00,2021-01-01T00:00:00+00:00,7,8,90,87,0.0003719994815247,0.3803581319126825,0.0005801464658544,8,7,87,90,8,7,0.2086140837627163,0.2982716049382716,0.04411764705882353,0.21839080459770116,False,retrospective_origin_airport_association
2020,BLV,119,21,97,5,2020-01-01T00:00:00+00:00,2021-01-01T00:00:00+00:00,11,11,103,119,0.0002132342849038,0.3935164672869591,0.0006682976792794,11,11,119,103,11,11,0.1435633076760115,0.1414836459609765,0.05154639175257732,0.17647058823529413,False,retrospective_origin_airport_association
2020,BMI,203,9,194,5,2020-01-01T00:00:00+00:00,2021-01-01T00:00:00+00:00,9,9,204,203,0.0001760528186883,0.467269232657814,0.0007925730054084,9,9,203,204,9,9,0.2631706666019558,0.2297673971549404,0.02577319587628866,0.04433497536945813,False,retrospective_origin_airport_association
2020,BNA,5976,396,5575,44,2020-01-01T00:00:00+00:00,2021-01-01T00:00:00+00:00,75,75,5906,5976,0.0051416938124648,0.5392633070228698,0.0094562305906391,75,75,5976,5906,75,75,0.0270761761907066,0.0272054259249979,0.00789237668161435,0.06626506024096386,True,retrospective_origin_airport_association
2020,BOI,1497,48,1447,13,2020-01-01T00:00:00+00:00,2021-01-01T00:00:00+00:00,20,20,1511,1497,0.0003717735700888,0.4802146863330305,0.0028664688646459,20,20,1497,1511,20,20,0.0851995685871855,0.0842377605041519,0.008984105044920525,0.03206412825651302,True,retrospective_origin_airport_association
2020,BOS,7517,448,7056,73,2020-01-01T00:00:00+00:00,2021-01-01T00:00:00+00:00,68,69,7561,7517,0.0040827757723192,0.5345120884587916,0.0117987821351655,69,68,7517,7561,69,68,0.0302937128593395,0.0302455078538489,0.010345804988662131,0.05959824398031129,True,retrospective_origin_airport_association
2020,BPT,71,4,67,1,2020-01-01T00:00:00+00:00,2021-01-01T00:00:00+00:00,1,1,64,71,0.0,0.3965171375168161,0.0005221586122154,1,1,71,64,1,1,1.0,1.0,0.014925373134328358,0.056338028169014086,False,retrospective_origin_airport_association
2020,BQK,84,2,82,1,2020-01-01T00:00:00+00:00,2021-01-01T00:00:00+00:00,1,1,80,84,0.0,0.3835645229087852,0.0005317209628125,1,1,84,80,1,1,1.0,1.0,0.012195121951219513,0.023809523809523808,False,retrospective_origin_airport_association
2020,BQN,69,6,63,3,2020-01-01T00:00:00+00:00,2021-01-01T00:00:00+00:00,4,4,64,69,4.059645499873062e-07,0.3691711280328977,0.0005001784836967,4,4,69,64,4,4,0.2833438353287125,0.25537109375,0.047619047619047616,0.08695652173913043,False,retrospective_origin_airport_association
2020,BRD,60,0,60,3,2020-01-01T00:00:00+00:00,2021-01-01T00:00:00+00:00,1,1,57,60,0.0,0.3691711280328977,0.000512271628664,1,1,60,57,1,1,1.0,1.0,0.05,0.0,False,retrospective_origin_airport_association
2020,BRO,169,6,162,1,2020-01-01T00:00:00+00:00,2021-01-01T00:00:00+00:00,2,2,161,169,0.0,0.3986886442940166,0.0006763829543377,2,2,169,161,2,2,0.5050593466615315,0.50017360441341,0.006172839506172839,0.03550295857988166,False,retrospective_origin_airport_association
2020,BRW,46,2,44,0,2020-01-01T00:00:00+00:00,2021-01-01T00:00:00+00:00,2,2,38,46,3.742795119395164e-06,0.3300115432823546,0.0006908160902821,2,2,46,38,2,2,0.5945179584120983,0.5221606648199446,0.0,0.043478260869565216,False,retrospective_origin_airport_association
2020,BTM,85,4,81,2,2020-01-01T00:00:00+00:00,2021-01-01T00:00:00+00:00,1,1,71,85,0.0,0.3596864943087324,0.0005335733459083,1,1,85,71,1,1,1.0,1.0,0.024691358024691357,0.047058823529411764,False,retrospective_origin_airport_association
2020,BTR,429,16,413,10,2020-01-01T00:00:00+00:00,2021-01-01T00:00:00+00:00,4,4,508,429,0.0,0.4179135846618108,0.0012323924596774,4,4,429,508,4,4,0.2689563738514787,0.2599277698555396,0.024213075060532687,0.037296037296037296,False,retrospective_origin_airport_association
2020,BTV,440,32,407,6,2020-01-01T00:00:00+00:00,2021-01-01T00:00:00+00:00,13,12,412,440,3.1825966229510923e-06,0.4533035270740189,0.0010496546460891,12,13,440,412,12,13,0.1316115702479338,0.1372773117164671,0.014742014742014743,0.07272727272727272,False,retrospective_origin_airport_association
2020,BUF,1293,104,1188,17,2020-01-01T00:00:00+00:00,2021-01-01T00:00:00+00:00,24,24,1283,1293,1.6655556111934865e-05,0.4879393193571543,0.0023162778155328,24,24,1293,1283,24,24,0.0703143645149771,0.0647553078843246,0.01430976430976431,0.08043310131477185,True,retrospective_origin_airport_association
2020,BUR,1839,184,1653,17,2020-01-01T00:00:00+00:00,2021-01-01T00:00:00+00:00,17,18,1872,1839,2.1493745771110525e-05,0.460762952203085,0.0032227208313698,18,17,1839,1872,18,17,0.1010458257304058,0.1028055144641683,0.0102843315184513,0.10005437737901034,True,retrospective_origin_airport_association
2020,BWI,7293,510,6775,45,2020-01-01T00:00:00+00:00,2021-01-01T00:00:00+00:00,71,71,7310,7293,0.0028875241031413,0.5337283463936029,0.0116043183356947,71,71,7293,7310,71,71,0.02482204159074,0.0245645921015942,0.006642066420664207,0.06993006993006994,True,retrospective_origin_airport_association
2020,BZN,625,24,600,12,2020-01-01T00:00:00+00:00,2021-01-01T00:00:00+00:00,20,20,642,625,0.0005548396440671,0.4959165289379253,0.0015517863512675,20,20,625,642,20,20,0.12953856,0.142084218903155,0.02,0.0384,False,retrospective_origin_airport_association
2020,CAE,512,29,482,8,2020-01-01T00:00:00+00:00,2021-01-01T00:00:00+00:00,6,6,481,512,0.0,0.4193579864521165,0.0011551700854312,6,6,512,481,6,6,0.2935562133789062,0.3048093671794296,0.016597510373443983,0.056640625,False,retrospective_origin_airport_association
2020,CAK,283,7,276,5,2020-01-01T00:00:00+00:00,2021-01-01T00:00:00+00:00,11,11,274,283,1.0704262291588292e-06,0.4252368367294826,0.0008286589615965,11,11,283,274,11,11,0.2387219218619286,0.2087484682188715,0.018115942028985508,0.024734982332155476,False,retrospective_origin_airport_association
2020,CDB,12,1,11,0,2020-01-01T00:00:00+00:00,2021-01-01T00:00:00+00:00,2,2,10,12,0.0,0.3300115432823546,0.0007668742472165,2,2,12,10,2,2,0.5,0.5,0.0,0.08333333333333333,False,retrospective_origin_airport_association
2020,CDC,48,1,47,2,2020-01-01T00:00:00+00:00,2021-01-01T00:00:00+00:00,1,1,45,48,0.0,0.3596864943087324,0.0004882020608479,1,1,48,45,1,1,1.0,1.0,0.0425531914893617,0.020833333333333332,False,retrospective_origin_airport_association
2020,CDV,73,2,69,1,2020-01-01T00:00:00+00:00,2021-01-01T00:00:00+00:00,2,2,72,73,0.0010458109570072,0.3303110092925927,0.0010640277152004,2,2,73,72,2,2,0.5023456558453744,0.5061728395061729,0.014492753623188406,0.0273972602739726,False,retrospective_origin_airport_association
2020,CGI,72,5,66,3,2020-01-01T00:00:00+00:00,2021-01-01T00:00:00+00:00,2,2,54,72,0.0,0.3926674565700508,0.0005151478121236,2,2,72,54,2,2,0.9726080246913582,0.8950617283950617,0.045454545454545456,0.06944444444444445,False,retrospective_origin_airport_association
2020,CHA,518,28,490,13,2020-01-01T00:00:00+00:00,2021-01-01T00:00:00+00:00,11,11,496,518,0.000142988021728,0.4477278379341171,0.0012217909637508,11,11,518,496,11,11,0.2733560918889104,0.3163859261186264,0.026530612244897958,0.05405405405405406,False,retrospective_origin_airport_association
2020,CHO,322,20,302,5,2020-01-01T00:00:00+00:00,2021-01-01T00:00:00+00:00,5,5,337,322,0.0,0.4113025223055787,0.0009281592303899,5,5,322,337,5,5,0.3201458277072643,0.3317718743671248,0.016556291390728478,0.062111801242236024,False,retrospective_origin_airport_association
2020,CHS,1590,117,1473,18,2020-01-01T00:00:00+00:00,2021-01-01T00:00:00+00:00,31,33,1602,1590,0.0008418992220275,0.4925612073618906,0.0028756786576448,33,31,1590,1602,33,31,0.0790221905779043,0.0732067125830539,0.012219959266802444,0.07358490566037736,True,retrospective_origin_airport_association
2020,CID,645,44,601,13,2020-01-01T00:00:00+00:00,2021-01-01T00:00:00+00:00,14,15,661,645,0.0006732295007791,0.4802146863330305,0.0016699456879885,15,14,645,661,15,14,0.1191202451775734,0.1232099166668573,0.021630615640599003,0.06821705426356589,False,retrospective_origin_airport_association
2020,CIU,74,0,74,3,2020-01-01T00:00:00+00:00,2021-01-01T00:00:00+00:00,2,2,68,74,0.0,0.3835645229087852,0.0005296850687773,2,2,74,68,2,2,0.5178962746530315,0.5211937716262975,0.04054054054054054,0.0,False,retrospective_origin_airport_association
2020,CKB,87,4,83,5,2020-01-01T00:00:00+00:00,2021-01-01T00:00:00+00:00,4,4,73,87,2.1546099888923803e-05,0.4035507009317485,0.0005463799265804,4,4,87,73,4,4,0.3637204386312591,0.3799962469506474,0.060240963855421686,0.04597701149425287,False,retrospective_origin_airport_association
2020,CLE,2826,143,2680,36,2020-01-01T00:00:00+00:00,2021-01-01T00:00:00+00:00,45,45,2828,2826,0.0010752254364653,0.5105227661156202,0.004755588024722,45,45,2826,2828,45,45,0.0450412682957613,0.0448637988672579,0.013432835820895522,0.05060155697098372,True,retrospective_origin_airport_association
2020,CLL,158,12,146,2,2020-01-01T00:00:00+00:00,2021-01-01T00:00:00+00:00,2,2,150,158,0.0,0.3986886442940166,0.0006644589153572,2,2,158,150,2,2,0.5320461464508893,0.5910222222222223,0.0136986301369863,0.0759493670886076,False,retrospective_origin_airport_association
2020,CLT,17187,1033,16125,167,2020-01-01T00:00:00+00:00,2021-01-01T00:00:00+00:00,135,136,17813,17187,0.055633815521868,0.5899558059002223,0.0323546430995037,136,135,17187,17813,136,135,0.0108651841337496,0.0109064564094891,0.010356589147286821,0.06010356664921161,True,retrospective_origin_airport_association
2020,CMH,2785,165,2619,32,2020-01-01T00:00:00+00:00,2021-01-01T00:00:00+00:00,34,36,2778,2785,6.694226483446107e-05,0.5048581584472083,0.0046412344072714,36,34,2785,2778,36,34,0.0483911954591312,0.0492004700099154,0.012218403970981291,0.059245960502693,True,retrospective_origin_airport_association
2020,CMI,132,7,125,0,2020-01-01T00:00:00+00:00,2021-01-01T00:00:00+00:00,3,3,163,132,0.0,0.4252368367294826,0.0006890457311885,3,3,132,163,3,3,0.4049586776859503,0.4041175806390906,0.0,0.05303030303030303,False,retrospective_origin_airport_association
2020,CMX,65,1,64,5,2020-01-01T00:00:00+00:00,2021-01-01T00:00:00+00:00,2,3,64,65,3.742795119395164e-06,0.3926674565700508,0.0005304669830484,3,2,65,64,3,2,0.8286390532544378,0.939453125,0.078125,0.015384615384615385,False,retrospective_origin_airport_association
2020,CNY,50,4,46,2,2020-01-01T00:00:00+00:00,2021-01-01T00:00:00+00:00,2,2,61,50,0.0,0.3943691573569199,0.0005536416539899,2,2,50,61,2,2,0.8872,0.7968288094598226,0.043478260869565216,0.08,False,retrospective_origin_airport_association
2020,COD,63,0,63,3,2020-01-01T00:00:00+00:00,2021-01-01T00:00:00+00:00,2,2,57,63,0.0,0.3969495444279576,0.0005117732632815,2,2,63,57,2,2,0.7329302091206853,0.6294244382887042,0.047619047619047616,0.0,False,retrospective_origin_airport_association
2020,COS,649,25,624,13,2020-01-01T00:00:00+00:00,2021-01-01T00:00:00+00:00,10,10,648,649,0.0,0.4660726405127236,0.0015061436903122,10,10,649,648,10,10,0.1859326069976092,0.1799411294010059,0.020833333333333332,0.03852080123266564,False,retrospective_origin_airport_association
2020,COU,120,11,109,1,2020-01-01T00:00:00+00:00,2021-01-01T00:00:00+00:00,3,3,153,120,0.0,0.4406812738988343,0.0006768558397017,3,3,120,153,3,3,0.4759722222222222,0.4477337776069033,0.009174311926605505,0.09166666666666666,False,retrospective_origin_airport_association
2020,CPR,153,5,148,0,2020-01-01T00:00:00+00:00,2021-01-01T00:00:00+00:00,2,2,159,153,0.0,0.3969495444279576,0.0006930718605736,2,2,153,159,2,2,0.5292408902558845,0.5242276808670543,0.0,0.032679738562091505,False,retrospective_origin_airport_association
2020,CRP,368,32,336,3,2020-01-01T00:00:00+00:00,2021-01-01T00:00:00+00:00,3,3,389,368,4.829413057284083e-07,0.4008840663440938,0.0010324933186035,3,3,368,389,3,3,0.3563327032136105,0.360564627513696,0.008928571428571428,0.08695652173913043,False,retrospective_origin_airport_association
2020,CRW,304,12,291,5,2020-01-01T00:00:00+00:00,2021-01-01T00:00:00+00:00,8,7,280,304,8.392934510158854e-07,0.4212994586116171,0.0008468095838669,7,8,304,280,7,8,0.3352666204986149,0.3599234693877551,0.01718213058419244,0.039473684210526314,False,retrospective_origin_airport_association
2020,CSG,81,5,76,0,2020-01-01T00:00:00+00:00,2021-01-01T00:00:00+00:00,1,1,78,81,0.0,0.3835645229087852,0.0005286698096598,1,1,81,78,1,1,1.0,1.0,0.0,0.06172839506172839,False,retrospective_origin_airport_association
2020,CVG,2841,178,2660,41,2020-01-01T00:00:00+00:00,2021-01-01T00:00:00+00:00,49,49,2949,2841,0.0022762124679133,0.5200039032006245,0.0052557248439082,49,49,2841,2949,49,49,0.0416292035923417,0.041575898445841,0.015413533834586466,0.06265399507215769,True,retrospective_origin_airport_association
2020,CWA,147,10,137,1,2020-01-01T00:00:00+00:00,2021-01-01T00:00:00+00:00,3,3,140,147,0.0,0.4048973662296297,0.0006537688653682,3,3,147,140,3,3,0.3719283631820074,0.3615306122448979,0.0072992700729927005,0.06802721088435375,False,retrospective_origin_airport_association
2020,CYS,9,0,9,1,2020-01-01T00:00:00+00:00,2021-01-01T00:00:00+00:00,2,2,9,9,0.0,0.4217876387490581,0.0004256875372127,2,2,9,9,2,2,0.5555555555555556,0.5061728395061729,0.1111111111111111,0.0,False,retrospective_origin_airport_association
2020,DAB,243,12,231,7,2020-01-01T00:00:00+00:00,2021-01-01T00:00:00+00:00,4,5,253,243,0.0,0.4179135846618108,0.0008047853344647,5,4,243,253,5,4,0.473555860387136,0.4811354653251886,0.030303030303030304,0.04938271604938271,False,retrospective_origin_airport_association
2020,DAL,5439,435,4996,6,2020-01-01T00:00:00+00:00,2021-01-01T00:00:00+00:00,59,58,5463,5439,0.0019102420953028,0.4979517540908852,0.0086862611380337,58,59,5439,5463,58,59,0.0336262847491277,0.0334718753812486,0.0012009607686148918,0.07997793712079426,True,retrospective_origin_airport_association
2020,DAY,742,41,701,20,2020-01-01T00:00:00+00:00,2021-01-01T00:00:00+00:00,17,15,806,742,0.0004025376607813,0.4808490518367729,0.0017470865267691,15,17,742,806,15,17,0.1145407255105673,0.1152276043815305,0.028530670470756064,0.05525606469002695,False,retrospective_origin_airport_association
2020,DBQ,54,1,53,0,2020-01-01T00:00:00+00:00,2021-01-01T00:00:00+00:00,1,1,41,54,0.0,0.3922443235349538,0.0004799442709977,1,1,54,41,1,1,1.0,1.0,0.0,0.018518518518518517,False,retrospective_origin_airport_association
2020,DCA,6656,525,6122,73,2020-01-01T00:00:00+00:00,2021-01-01T00:00:00+00:00,92,92,6658,6656,0.0119652618553909,0.5506849201822044,0.0110123110813534,92,92,6656,6658,92,92,0.026265116132928,0.02574565018032,0.011924207775236851,0.07887620192307693,True,retrospective_origin_airport_association
2020,DDC,51,1,50,1,2020-01-01T00:00:00+00:00,2021-01-01T00:00:00+00:00,2,1,44,51,0.0,0.3943691573569199,0.0005081502621622,1,2,51,44,1,2,1.0,0.8729338842975205,0.02,0.0196078431372549,False,retrospective_origin_airport_association
2020,DEC,45,2,43,1,2020-01-01T00:00:00+00:00,2021-01-01T00:00:00+00:00,1,2,45,45,0.0,0.3922443235349538,0.0004867998255628,2,1,45,45,2,1,0.8024691358024691,1.0,0.023255813953488372,0.044444444444444446,False,retrospective_origin_airport_association
2020,DEN,20345,1101,19209,148,2020-01-01T00:00:00+00:00,2021-01-01T00:00:00+00:00,178,182,20176,20345,0.1927020444427611,0.6500048790007806,0.04323867544931,182,178,20345,20176,182,178,0.012471098664769,0.0124572182714397,0.007704721745015357,0.05411649053821578,True,retrospective_origin_airport_association
2020,DFW,23226,1198,21994,290,2020-01-01T00:00:00+00:00,2021-01-01T00:00:00+00:00,184,183,22950,23226,0.1672992209519308,0.6570446430332801,0.0480491133882044,183,184,23226,22950,183,184,0.0090633802971989,0.0091490091655156,0.013185414203873784,0.05158012572117455,True,retrospective_origin_airport_association
2020,DHN,92,1,91,2,2020-01-01T00:00:00+00:00,2021-01-01T00:00:00+00:00,1,1,91,92,0.0,0.3835645229087852,0.0005485023051523,1,1,92,91,1,1,1.0,1.0,0.02197802197802198,0.010869565217391304,False,retrospective_origin_airport_association
2020,DIK,29,0,29,2,2020-01-01T00:00:00+00:00,2021-01-01T00:00:00+00:00,1,1,28,29,0.0,0.393942350909564,0.0004602491755278,1,1,29,28,1,1,1.0,1.0,0.06896551724137931,0.0,False,retrospective_origin_airport_association
2020,DLG,16,0,16,0,2020-01-01T00:00:00+00:00,2021-01-01T00:00:00+00:00,2,1,16,16,0.0,0.3300115432823546,0.0005966521211217,1,2,16,16,1,2,1.0,0.53125,0.0,0.0,False,retrospective_origin_airport_association
2020,DLH,181,15,165,2,2020-01-01T00:00:00+00:00,2021-01-01T00:00:00+00:00,3,3,203,181,4.835050167316804e-05,0.4008840663440938,0.0007905360757774,3,3,181,203,3,3,0.5921980403528586,0.560484360212575,0.012121212121212121,0.08287292817679558,False,retrospective_origin_airport_association
2020,DRO,258,13,244,4,2020-01-01T00:00:00+00:00,2021-01-01T00:00:00+00:00,4,4,294,258,0.0,0.423751725541836,0.0009160339225011,4,4,258,294,4,4,0.3483865152334595,0.3654727197001249,0.01639344262295082,0.050387596899224806,False,retrospective_origin_airport_association
2020,DRT,47,1,46,2,2020-01-01T00:00:00+00:00,2021-01-01T00:00:00+00:00,1,1,44,47,0.0,0.3965171375168161,0.0004870074323684,1,1,47,44,1,1,1.0,1.0,0.043478260869565216,0.02127659574468085,False,retrospective_origin_airport_association
2020,DSM,1201,67,1132,18,2020-01-01T00:00:00+00:00,2021-01-01T00:00:00+00:00,25,25,1140,1201,0.0010131195265866,0.4952418125720233,0.00239159976023,25,25,1201,1140,25,25,0.0878985802145173,0.0854370575561711,0.015901060070671377,0.05578684429641965,True,retrospective_origin_airport_association
2020,DTW,11128,427,10686,104,2020-01-01T00:00:00+00:00,2021-01-01T00:00:00+00:00,115,114,11217,11128,0.0567844381964164,0.571432860660027,0.0224158411747716,114,115,11128,11217,114,115,0.0151176125301762,0.0149122298567929,0.009732360097323601,0.038371675053918045,True,retrospective_origin_airport_association
2020,DVL,55,1,54,0,2020-01-01T00:00:00+00:00,2021-01-01T00:00:00+00:00,2,2,62,55,0.0,0.3943691573569199,0.0009408942811722,2,2,55,62,2,2,0.5041322314049586,0.9375650364203956,0.0,0.01818181818181818,False,retrospective_origin_airport_association
2020,EAR,68,3,64,1,2020-01-01T00:00:00+00:00,2021-01-01T00:00:00+00:00,3,3,67,68,0.0002035276200517,0.4222769515550315,0.000576296774211,3,3,68,67,3,3,0.4701557093425605,0.4208064156827801,0.015625,0.04411764705882353,False,retrospective_origin_airport_association
2020,EAU,66,1,65,1,2020-01-01T00:00:00+00:00,2021-01-01T00:00:00+00:00,2,2,84,66,0.0,0.3926674565700508,0.0005640885496081,2,2,66,84,2,2,0.9412304866850324,0.9535147392290249,0.015384615384615385,0.015151515151515152,False,retrospective_origin_airport_association
2020,ECP,671,41,628,5,2020-01-01T00:00:00+00:00,2021-01-01T00:00:00+00:00,14,12,698,671,2.238133437096363e-05,0.4613469356659533,0.0014542462792064,12,14,671,698,12,14,0.1374041902003593,0.1361729378248126,0.007961783439490446,0.06110283159463487,False,retrospective_origin_airport_association
2020,EGE,216,17,197,6,2020-01-01T00:00:00+00:00,2021-01-01T00:00:00+00:00,13,14,206,216,1.1497912995245636e-05,0.46369774807699,0.0007557793431563,14,13,216,206,14,13,0.1562071330589849,0.2004430200772928,0.030456852791878174,0.0787037037037037,False,retrospective_origin_airport_association
2020,EKO,62,1,61,1,2020-01-01T00:00:00+00:00,2021-01-01T00:00:00+00:00,1,1,64,62,0.0,0.3596864943087324,0.0005213579999305,1,1,62,64,1,1,1.0,1.0,0.01639344262295082,0.016129032258064516,False,retrospective_origin_airport_association
2020,ELM,141,9,132,2,2020-01-01T00:00:00+00:00,2021-01-01T00:00:00+00:00,5,4,113,141,4.394380761101786e-05,0.4031038009307167,0.0006398424530771,4,5,141,113,4,5,0.7001156883456566,0.6007518208160388,0.015151515151515152,0.06382978723404255,False,retrospective_origin_airport_association
2020,ELP,1112,81,1030,11,2020-01-01T00:00:00+00:00,2021-01-01T00:00:00+00:00,14,14,1061,1112,8.641080547578841e-05,0.4696809448263705,0.002068963346148,14,14,1112,1061,14,14,0.1331226385797836,0.1306460481771238,0.010679611650485437,0.07284172661870504,True,retrospective_origin_airport_association
2020,ERI,60,2,58,2,2020-01-01T00:00:00+00:00,2021-01-01T00:00:00+00:00,3,3,63,60,0.0,0.4080748119287412,0.0005143772952646,3,3,60,63,3,3,0.5088888888888888,0.3801965230536658,0.034482758620689655,0.03333333333333333,False,retrospective_origin_airport_association
2020,ESC,64,1,63,2,2020-01-01T00:00:00+00:00,2021-01-01T00:00:00+00:00,1,1,59,64,0.0,0.3636390931472898,0.0005106577936318,1,1,64,59,1,1,1.0,1.0,0.031746031746031744,0.015625,False,retrospective_origin_airport_association
2020,EUG,489,25,463,5,2020-01-01T00:00:00+00:00,2021-01-01T00:00:00+00:00,12,12,509,489,0.0001822820009174,0.4433650819006542,0.0012716663007534,12,12,489,509,12,12,0.1417315919555371,0.1489302573326488,0.01079913606911447,0.05112474437627812,False,retrospective_origin_airport_association
2020,EVV,289,17,272,1,2020-01-01T00:00:00+00:00,2021-01-01T00:00:00+00:00,7,7,279,289,7.020093936101463e-05,0.4428257083216997,0.0008867097654411,7,7,289,279,7,7,0.2578632918667161,0.2497270076180933,0.003676470588235294,0.058823529411764705,False,retrospective_origin_airport_association
2020,EWN,146,10,136,3,2020-01-01T00:00:00+00:00,2021-01-01T00:00:00+00:00,2,2,147,146,0.0,0.3876493421090917,0.0006424607569909,2,2,146,147,2,2,0.7345655845374368,0.6671757138229442,0.022058823529411766,0.0684931506849315,False,retrospective_origin_airport_association
2020,EWR,6885,433,6440,85,2020-01-01T00:00:00+00:00,2021-01-01T00:00:00+00:00,77,78,6951,6885,0.0052598765210472,0.5416707325006505,0.0111297984883877,78,77,6885,6951,78,77,0.029399244460688,0.0296855098954907,0.013198757763975156,0.06289034132171387,True,retrospective_origin_airport_association
2020,EYW,538,35,501,5,2020-01-01T00:00:00+00:00,2021-01-01T00:00:00+00:00,15,15,568,538,1.8337216199482465e-06,0.4422876454926332,0.0012714774351111,15,15,538,568,15,15,0.156451679772253,0.1593805792501487,0.00998003992015968,0.06505576208178439,False,retrospective_origin_airport_association
2020,FAI,287,2,285,2,2020-01-01T00:00:00+00:00,2021-01-01T00:00:00+00:00,3,3,249,287,0.0001706931255169,0.360398744792512,0.001370154644412,3,3,287,249,3,3,0.4654299554444026,0.4539442912211093,0.007017543859649123,0.006968641114982578,False,retrospective_origin_airport_association
2020,FAR,452,35,416,7,2020-01-01T00:00:00+00:00,2021-01-01T00:00:00+00:00,10,11,514,452,0.0003369836306593,0.4721176812457032,0.0013741892970917,11,10,452,514,11,10,0.2189580233377711,0.2157867643719057,0.016826923076923076,0.07743362831858407,False,retrospective_origin_airport_association
2020,FAT,804,30,771,11,2020-01-01T00:00:00+00:00,2021-01-01T00:00:00+00:00,11,11,801,804,0.0,0.4590198388908413,0.0016890750191575,11,11,804,801,11,11,0.1075963466250835,0.1118000127805287,0.014267185473411154,0.03731343283582089,False,retrospective_origin_airport_association
2020,FAY,324,24,300,5,2020-01-01T00:00:00+00:00,2021-01-01T00:00:00+00:00,2,2,285,324,0.0,0.3876493421090917,0.0008548278597773,2,2,324,285,2,2,0.510078494131992,0.5000554016620499,0.016666666666666666,0.07407407407407407,False,retrospective_origin_airport_association
2020,FCA,297,11,285,3,2020-01-01T00:00:00+00:00,2021-01-01T00:00:00+00:00,11,11,361,297,0.0002219938646626,0.4648821612266119,0.0010785618525845,11,11,297,361,11,11,0.2204650319128433,0.235303596504017,0.010526315789473684,0.037037037037037035,False,retrospective_origin_airport_association
2020,FLG,182,13,169,4,2020-01-01T00:00:00+00:00,2021-01-01T00:00:00+00:00,3,3,160,182,0.0,0.4222769515550315,0.0006681500991606,3,3,182,160,3,3,0.4230769230769231,0.393203125,0.023668639053254437,0.07142857142857142,False,retrospective_origin_airport_association
2020,FLL,6597,402,6178,74,2020-01-01T00:00:00+00:00,2021-01-01T00:00:00+00:00,82,80,6622,6597,0.0189194124946788,0.543287660060354,0.0111632185035131,80,82,6597,6622,80,82,0.0313857574270499,0.0311828605325265,0.011977986403366786,0.06093678944974989,True,retrospective_origin_airport_association
2020,FNT,267,17,250,4,2020-01-01T00:00:00+00:00,2021-01-01T00:00:00+00:00,9,9,241,267,0.0001181990317408,0.4227674009761175,0.0008943174782537,9,9,267,241,9,9,0.2090224298278837,0.1869974690518413,0.016,0.06367041198501873,False,retrospective_origin_airport_association
2020,FSD,572,39,532,11,2020-01-01T00:00:00+00:00,2021-01-01T00:00:00+00:00,13,14,552,572,0.0006174404586974,0.4758205650201793,0.001457541652887,14,13,572,552,14,13,0.1770074331263142,0.1815072988867885,0.020676691729323307,0.06818181818181818,False,retrospective_origin_airport_association
2020,FSM,130,9,121,0,2020-01-01T00:00:00+00:00,2021-01-01T00:00:00+00:00,2,2,144,130,0.0,0.4131699571401103,0.0006560358415394,2,2,130,144,2,2,0.6533727810650888,0.6783371913580247,0.0,0.06923076923076923,False,retrospective_origin_airport_association
2020,FWA,486,24,460,15,2020-01-01T00:00:00+00:00,2021-01-01T00:00:00+00:00,13,13,517,486,0.0005410233316271,0.4619324013203517,0.0013876244980471,13,13,486,517,13,13,0.1611881657606394,0.1537998196708431,0.03260869565217391,0.04938271604938271,False,retrospective_origin_airport_association
2020,GCC,71,3,68,2,2020-01-01T00:00:00+00:00,2021-01-01T00:00:00+00:00,2,2,76,71,0.0,0.3943691573569199,0.0006027051220746,2,2,71,76,2,2,0.822257488593533,0.8327562326869806,0.029411764705882353,0.04225352112676056,False,retrospective_origin_airport_association
2020,GCK,75,1,74,0,2020-01-01T00:00:00+00:00,2021-01-01T00:00:00+00:00,1,1,70,75,0.0,0.3965171375168161,0.0005327039661695,1,1,75,70,1,1,1.0,1.0,0.0,0.013333333333333334,False,retrospective_origin_airport_association
2020,GEG,1128,36,1091,8,2020-01-01T00:00:00+00:00,2021-01-01T00:00:00+00:00,17,17,1151,1128,6.341001966340543e-06,0.4764433668068549,0.0022885727192243,17,17,1128,1151,17,17,0.12193017202354,0.1233928718350907,0.007332722273143905,0.031914893617021274,True,retrospective_origin_airport_association
2020,GFK,137,10,127,2,2020-01-01T00:00:00+00:00,2021-01-01T00:00:00+00:00,4,3,117,137,3.872318215299896e-05,0.3986886442940166,0.0006297478701651,3,4,137,117,3,4,0.740103361926581,0.8102125794433487,0.015748031496062992,0.072992700729927,False,retrospective_origin_airport_association
2020,GGG,64,1,63,3,2020-01-01T00:00:00+00:00,2021-01-01T00:00:00+00:00,1,1,71,64,0.0,0.3965171375168161,0.0005344615251619,1,1,64,71,1,1,1.0,1.0,0.047619047619047616,0.015625,False,retrospective_origin_airport_association
2020,GJT,370,15,355,10,2020-01-01T00:00:00+00:00,2021-01-01T00:00:00+00:00,8,8,335,370,0.0001873237092043,0.4348897637281209,0.001007146744828,8,8,370,335,8,8,0.228663257852447,0.2312764535531298,0.028169014084507043,0.04054054054054054,False,retrospective_origin_airport_association
2020,GNV,322,18,304,5,2020-01-01T00:00:00+00:00,2021-01-01T00:00:00+00:00,4,4,316,322,0.0,0.4169561652238684,0.0009046205090427,4,4,322,316,4,4,0.3442961305505189,0.3175973401698446,0.01644736842105263,0.055900621118012424,False,retrospective_origin_airport_association
2020,GPT,359,19,340,5,2020-01-01T00:00:00+00:00,2021-01-01T00:00:00+00:00,6,6,381,359,5.015327176200086e-05,0.4287429119439778,0.0010253492565368,6,6,359,381,6,6,0.2611633987942365,0.2619643017063812,0.014705882352941176,0.052924791086350974,False,retrospective_origin_airport_association
2020,GRB,346,25,321,4,2020-01-01T00:00:00+00:00,2021-01-01T00:00:00+00:00,6,6,344,346,0.0,0.4493860891857248,0.0010025912462074,6,6,346,344,6,6,0.2932774232349894,0.2936384532179557,0.012461059190031152,0.07225433526011561,False,retrospective_origin_airport_association
2020,GRI,84,3,81,5,2020-01-01T00:00:00+00:00,2021-01-01T00:00:00+00:00,3,3,91,84,4.424728173697908e-05,0.4080748119287412,0.0006029706982852,3,3,84,91,3,3,0.5249433106575964,0.6507668156019805,0.06172839506172839,0.03571428571428571,False,retrospective_origin_airport_association
2020,GRK,235,15,219,5,2020-01-01T00:00:00+00:00,2021-01-01T00:00:00+00:00,2,2,223,235,0.0,0.3986886442940166,0.000792143295971,2,2,235,223,2,2,0.7010049796287912,0.672545194956665,0.0228310502283105,0.06382978723404255,False,retrospective_origin_airport_association
2020,GRR,1354,83,1266,20,2020-01-01T00:00:00+00:00,2021-01-01T00:00:00+00:00,34,34,1353,1354,0.0011656992269717,0.4993178768730276,0.0027830975811892,34,34,1354,1353,34,34,0.0741825195438211,0.0742173779326989,0.01579778830963665,0.061299852289512555,True,retrospective_origin_airport_association
2020,GSO,744,48,695,22,2020-01-01T00:00:00+00:00,2021-01-01T00:00:00+00:00,14,13,765,744,0.0001465386713075,0.4516162931022793,0.0016188002219497,13,14,744,765,13,14,0.1699148745519713,0.1703293605023708,0.031654676258992806,0.06451612903225806,False,retrospective_origin_airport_association
2020,GSP,952,55,896,13,2020-01-01T00:00:00+00:00,2021-01-01T00:00:00+00:00,20,19,994,952,0.0002445179825879,0.4795819924116431,0.0020010270922359,19,20,952,994,19,20,0.1823869253583786,0.1669595034998724,0.014508928571428572,0.05777310924369748,False,retrospective_origin_airport_association
2020,GST,11,2,9,0,2020-01-01T00:00:00+00:00,2021-01-01T00:00:00+00:00,1,1,13,11,0.0,0.2664734496635704,0.0005026884221252,1,1,11,13,1,1,1.0,1.0,0.0,0.18181818181818182,False,retrospective_origin_airport_association
2020,GTF,188,5,183,6,2020-01-01T00:00:00+00:00,2021-01-01T00:00:00+00:00,6,6,183,188,0.0001542243035156,0.415528233151184,0.0007571763985365,6,6,188,183,6,6,0.3222612041647804,0.3048463674639433,0.03278688524590164,0.026595744680851064,False,retrospective_origin_airport_association
2020,GTR,91,1,90,4,2020-01-01T00:00:00+00:00,2021-01-01T00:00:00+00:00,1,1,92,91,0.0,0.3835645229087852,0.0005500278817287,1,1,91,92,1,1,1.0,1.0,0.044444444444444446,0.01098901098901099,False,retrospective_origin_airport_association
2020,GUC,46,1,45,4,2020-01-01T00:00:00+00:00,2021-01-01T00:00:00+00:00,3,3,64,46,0.0,0.4232589909772525,0.0005202172224709,3,3,46,64,3,3,0.4300567107750473,0.37548828125,0.08888888888888889,0.021739130434782608,False,retrospective_origin_airport_association
2020,GUM,58,1,57,1,2020-01-01T00:00:00+00:00,2021-01-01T00:00:00+00:00,2,2,60,58,0.0054569952840781,0.3336413677730863,0.0012043924267266,2,2,58,60,2,2,0.509512485136742,0.5355555555555556,0.017543859649122806,0.017241379310344827,False,retrospective_origin_airport_association
2020,HDN,146,14,132,6,2020-01-01T00:00:00+00:00,2021-01-01T00:00:00+00:00,14,13,142,146,5.646296019124888e-06,0.4751993893478292,0.0006502253291846,13,14,146,142,13,14,0.2212422593357102,0.2382463796865701,0.045454545454545456,0.0958904109589041,False,retrospective_origin_airport_association
2020,HGR,16,1,15,0,2020-01-01T00:00:00+00:00,2021-01-01T00:00:00+00:00,3,3,20,16,5.0259552535072914e-06,0.348327973435825,0.0004679501330345,3,3,16,20,3,3,0.5390625,0.405,0.0,0.0625,False,retrospective_origin_airport_association
2020,HHH,245,11,232,4,2020-01-01T00:00:00+00:00,2021-01-01T00:00:00+00:00,7,8,194,245,3.583731117905252e-07,0.4141100480551048,0.0007136664789284,8,7,245,194,8,7,0.43067055393586,0.4439366563928154,0.017241379310344827,0.044897959183673466,False,retrospective_origin_airport_association
2020,HIB,61,4,57,4,2020-01-01T00:00:00+00:00,2021-01-01T00:00:00+00:00,1,1,64,61,0.0,0.3691711280328977,0.0005248712346941,1,1,61,64,1,1,1.0,1.0,0.07017543859649122,0.06557377049180328,False,retrospective_origin_airport_association
2020,HLN,118,6,112,2,2020-01-01T00:00:00+00:00,2021-01-01T00:00:00+00:00,4,4,104,118,0.0,0.4099129867572491,0.0005946427163698,4,4,118,104,4,4,0.4419706980752657,0.5528846153846153,0.017857142857142856,0.05084745762711865,False,retrospective_origin_airport_association
2020,HNL,3238,133,3102,10,2020-01-01T00:00:00+00:00,2021-01-01T00:00:00+00:00,29,29,3156,3238,0.018411029957633,0.4993178768730276,0.0070483884998158,29,29,3238,3156,29,29,0.1164772022779218,0.1143435321860627,0.003223726627981947,0.04107473749227918,True,retrospective_origin_airport_association
2020,HOB,41,1,40,1,2020-01-01T00:00:00+00:00,2021-01-01T00:00:00+00:00,2,2,44,41,0.0,0.4067069633971365,0.0004804966135935,2,2,41,44,2,2,0.6859012492563952,0.6487603305785123,0.025,0.024390243902439025,False,retrospective_origin_airport_association
2020,HOU,4399,350,4047,20,2020-01-01T00:00:00+00:00,2021-01-01T00:00:00+00:00,67,67,4381,4399,0.0038819466218053,0.5000037530775235,0.0071403921700808,67,67,4399,4381,67,67,0.0380073050763102,0.0395999908509077,0.004941932295527552,0.07956353716753807,True,retrospective_origin_airport_association
2020,HPN,413,45,365,11,2020-01-01T00:00:00+00:00,2021-01-01T00:00:00+00:00,10,10,413,413,4.095873690114428e-06,0.4227674009761175,0.0010431263292273,10,10,413,413,10,10,0.1179874420322567,0.117881912891557,0.030136986301369864,0.1089588377723971,False,retrospective_origin_airport_association
2020,HRL,307,15,290,5,2020-01-01T00:00:00+00:00,2021-01-01T00:00:00+00:00,6,6,326,307,3.149933939858183e-06,0.4359314158568109,0.00091128691232,6,6,307,326,6,6,0.2892656686012583,0.3045466521133652,0.017241379310344827,0.048859934853420196,False,retrospective_origin_airport_association
2020,HSV,640,34,604,8,2020-01-01T00:00:00+00:00,2021-01-01T00:00:00+00:00,10,10,587,640,3.583731117905252e-07,0.4648821612266119,0.0013534507506231,10,10,640,587,10,10,0.199501953125,0.2105964262600524,0.013245033112582781,0.053125,False,retrospective_origin_airport_association
2020,HTS,41,4,37,4,2020-01-01T00:00:00+00:00,2021-01-01T00:00:00+00:00,5,5,54,41,2.0451206057873456e-05,0.3523743777738985,0.0005697568509423,5,5,41,54,5,5,0.3372992266508031,0.345679012345679,0.10810810810810811,0.0975609756097561,False,retrospective_origin_airport_association
2020,HVN,33,2,31,1,2020-01-01T00:00:00+00:00,2021-01-01T00:00:00+00:00,2,2,49,33,0.0,0.3729536190988086,0.0004802982004511,2,2,33,49,2,2,0.8861340679522498,0.8500624739691796,0.03225806451612903,0.06060606060606061,False,retrospective_origin_airport_association
2020,HYS,83,2,81,2,2020-01-01T00:00:00+00:00,2021-01-01T00:00:00+00:00,2,3,90,83,3.742795119395164e-06,0.3943691573569199,0.0007948316899326,3,2,83,90,3,2,0.5148787922775439,0.548395061728395,0.024691358024691357,0.024096385542168676,False,retrospective_origin_airport_association
2020,IAD,4384,257,4123,57,2020-01-01T00:00:00+00:00,2021-01-01T00:00:00+00:00,78,77,4277,4384,0.0161692539823697,0.5424779914164488,0.0082558306149073,77,78,4384,4277,77,78,0.0274195065666791,0.0273024872341354,0.013824884792626729,0.05862226277372263,True,retrospective_origin_airport_association
2020,IAG,55,8,47,3,2020-01-01T00:00:00+00:00,2021-01-01T00:00:00+00:00,6,5,50,55,1.9548032780562536e-05,0.3714313594290175,0.0005587442325551,5,6,55,50,5,6,0.28,0.2744,0.06382978723404255,0.14545454545454545,False,retrospective_origin_airport_association
2020,IAH,10550,577,9955,94,2020-01-01T00:00:00+00:00,2021-01-01T00:00:00+00:00,119,120,10323,10550,0.0421496911695263,0.5759536902538562,0.0192673878617191,120,119,10550,10323,120,119,0.0151251948518676,0.0155217887216274,0.009442491210447011,0.054691943127962085,True,retrospective_origin_airport_association
2020,ICT,744,50,692,9,2020-01-01T00:00:00+00:00,2021-01-01T00:00:00+00:00,14,14,736,744,0.0004409577162354,0.4758205650201793,0.0016571559888844,14,14,744,736,14,14,0.1263368597525725,0.1291167001417769,0.01300578034682081,0.06720430107526881,False,retrospective_origin_airport_association
2020,IDA,235,8,227,3,2020-01-01T00:00:00+00:00,2021-01-01T00:00:00+00:00,6,6,204,235,6.849328207396633e-05,0.4067069633971365,0.0008013070884168,6,6,235,204,6,6,0.4241014033499321,0.3992214532871971,0.013215859030837005,0.03404255319148936,False,retrospective_origin_airport_association
2020,ILM,519,39,480,4,2020-01-01T00:00:00+00:00,2021-01-01T00:00:00+00:00,7,7,482,519,0.0,0.4323072829458874,0.0011683477420816,7,7,519,482,7,7,0.3369938484041861,0.3357466297067888,0.008333333333333333,0.07514450867052024,False,retrospective_origin_airport_association
2020,IMT,80,2,78,2,2020-01-01T00:00:00+00:00,2021-01-01T00:00:00+00:00,2,2,60,80,0.0,0.3835645229087852,0.0005151971508512,2,2,80,60,2,2,0.5050000000000001,0.5022222222222222,0.02564102564102564,0.025,False,retrospective_origin_airport_association
2020,IND,3060,211,2846,24,2020-01-01T00:00:00+00:00,2021-01-01T00:00:00+00:00,47,49,3131,3060,0.0014253729168868,0.5177848253775778,0.0053973967041752,49,47,3060,3131,49,47,0.0470116194625998,0.0449417284894127,0.008432888264230498,0.06895424836601308,True,retrospective_origin_airport_association
2020,INL,66,3,63,2,2020-01-01T00:00:00+00:00,2021-01-01T00:00:00+00:00,1,1,57,66,0.0,0.3691711280328977,0.000512271628664,1,1,66,57,1,1,1.0,1.0,0.031746031746031744,0.045454545454545456,False,retrospective_origin_airport_association
2020,IPT,6,0,6,0,2020-01-01T00:00:00+00:00,2021-01-01T00:00:00+00:00,1,1,11,6,0.0,0.3710527341900481,0.000427264694555,1,1,6,11,1,1,1.0,1.0,0.0,0.0,False,retrospective_origin_airport_association
2020,ISP,365,41,324,6,2020-01-01T00:00:00+00:00,2021-01-01T00:00:00+00:00,7,8,339,365,9.06931935488149e-06,0.3665687132330686,0.0008911466154186,8,7,365,339,8,7,0.2324863951960968,0.2313502318984346,0.018518518518518517,0.11232876712328767,False,retrospective_origin_airport_association
2020,ITH,52,4,48,1,2020-01-01T00:00:00+00:00,2021-01-01T00:00:00+00:00,1,1,47,52,0.0,0.3636390931472898,0.0004901188871382,1,1,52,47,1,1,1.0,1.0,0.020833333333333332,0.07692307692307693,False,retrospective_origin_airport_association
2020,ITO,439,31,408,0,2020-01-01T00:00:00+00:00,2021-01-01T00:00:00+00:00,3,3,422,439,0.0,0.3669382381456019,0.0011866809036538,3,3,439,422,3,3,0.8676221065685628,0.8545293232407178,0.0,0.07061503416856492,False,retrospective_origin_airport_association
2020,JAC,427,13,411,7,2020-01-01T00:00:00+00:00,2021-01-01T00:00:00+00:00,14,13,381,427,5.682545713875601e-06,0.4745798334295139,0.0010579266524947,13,14,427,381,13,14,0.1949278502048494,0.1824801427380633,0.0170316301703163,0.03044496487119438,False,retrospective_origin_airport_association
2020,JAN,523,34,489,7,2020-01-01T00:00:00+00:00,2021-01-01T00:00:00+00:00,6,6,461,523,0.0,0.4328213225213284,0.0011528926456258,6,6,523,461,6,6,0.2524741435094633,0.254031366312035,0.014314928425357873,0.06500956022944551,False,retrospective_origin_airport_association
2020,JAX,1823,120,1702,20,2020-01-01T00:00:00+00:00,2021-01-01T00:00:00+00:00,31,32,1819,1823,0.0010264130243684,0.489250984194136,0.0031914306936637,32,31,1823,1819,32,31,0.0818910796974961,0.0801221363525501,0.011750881316098707,0.06582556226001098,True,retrospective_origin_airport_association
2020,JFK,5803,362,5434,76,2020-01-01T00:00:00+00:00,2021-01-01T00:00:00+00:00,69,69,5854,5803,0.0123141798042656,0.5329468993271408,0.0098058573253331,69,69,5803,5854,69,69,0.0344485101608148,0.0349111724319213,0.013986013986013986,0.06238152679648458,True,retrospective_origin_airport_association
2020,JLN,77,4,73,3,2020-01-01T00:00:00+00:00,2021-01-01T00:00:00+00:00,2,2,92,77,0.0,0.4188754110937137,0.0005707588790864,2,2,77,92,2,2,0.7193455894754597,0.7419659735349717,0.0410958904109589,0.05194805194805195,False,retrospective_origin_airport_association
2020,JMS,93,3,90,0,2020-01-01T00:00:00+00:00,2021-01-01T00:00:00+00:00,2,2,94,93,0.0,0.3943691573569199,0.0009614243076315,2,2,93,94,2,2,0.5421436004162331,0.5654142145767316,0.0,0.03225806451612903,False,retrospective_origin_airport_association
2020,JNU,372,9,357,4,2020-01-01T00:00:00+00:00,2021-01-01T00:00:00+00:00,7,7,359,372,0.0155452928348601,0.3632761798806758,0.0031235455843398,7,7,372,359,7,7,0.2011937796277026,0.2094257493346575,0.011204481792717087,0.024193548387096774,False,retrospective_origin_airport_association
2020,JST,1,0,1,0,2020-01-01T00:00:00+00:00,2021-01-01T00:00:00+00:00,2,1,7,1,0.0,0.3935164672869591,0.0004214452528679,1,2,1,7,1,2,1.0,0.5918367346938775,0.0,0.0,False,retrospective_origin_airport_association
2020,KOA,800,51,749,2,2020-01-01T00:00:00+00:00,2021-01-01T00:00:00+00:00,15,15,867,800,0.000136171863596,0.4433650819006542,0.0019316593222811,15,15,800,867,15,15,0.37311875,0.370236893183218,0.0026702269692923898,0.06375,False,retrospective_origin_airport_association
2020,KTN,173,3,169,2,2020-01-01T00:00:00+00:00,2021-01-01T00:00:00+00:00,4,4,187,173,0.0053591003983997,0.3579181241302233,0.0013851042736665,4,4,173,187,4,4,0.4393397707908717,0.3989533586891247,0.011834319526627219,0.017341040462427744,False,retrospective_origin_airport_association
2020,LAN,189,10,177,6,2020-01-01T00:00:00+00:00,2021-01-01T00:00:00+00:00,4,4,199,189,0.0,0.4080748119287412,0.0007460644945838,4,4,189,199,4,4,0.4541586181797821,0.4357718239438398,0.03389830508474576,0.05291005291005291,False,retrospective_origin_airport_association
2020,LAR,53,5,48,2,2020-01-01T00:00:00+00:00,2021-01-01T00:00:00+00:00,1,1,68,53,0.0,0.393942350909564,0.0005324982309892,1,1,53,68,1,1,1.0,1.0,0.041666666666666664,0.09433962264150944,False,retrospective_origin_airport_association
2020,LAS,11586,912,10656,61,2020-01-01T00:00:00+00:00,2021-01-01T00:00:00+00:00,113,112,11473,11586,0.0337561351796589,0.571432860660027,0.0191604775044835,112,113,11586,11473,112,113,0.0234747473013749,0.0240416281644095,0.005724474474474475,0.07871569135163128,True,retrospective_origin_airport_association
2020,LAW,81,9,72,1,2020-01-01T00:00:00+00:00,2021-01-01T00:00:00+00:00,1,1,86,81,0.0,0.3965171375168161,0.0005608249100472,1,1,81,86,1,1,1.0,1.0,0.013888888888888888,0.1111111111111111,False,retrospective_origin_airport_association
2020,LAX,12658,644,11990,84,2020-01-01T00:00:00+00:00,2021-01-01T00:00:00+00:00,107,103,12615,12658,0.0301221334137418,0.5741368016410681,0.0211580696418135,103,107,12658,12615,103,107,0.0287145391401055,0.0293022433799296,0.007005838198498749,0.05087691578448412,True,retrospective_origin_airport_association
2020,LBB,497,36,460,1,2020-01-01T00:00:00+00:00,2021-01-01T00:00:00+00:00,8,8,505,497,6.1226449683185565e-06,0.4323072829458874,0.0012145450920951,8,8,497,505,8,8,0.2246193458537948,0.244223115380845,0.002173913043478261,0.07243460764587525,False,retrospective_origin_airport_association
2020,LBE,78,1,77,2,2020-01-01T00:00:00+00:00,2021-01-01T00:00:00+00:00,6,5,59,78,3.92574586596488e-06,0.3669382381456019,0.0005024837689238,5,6,78,59,5,6,0.2738330046022354,0.262855501292732,0.025974025974025976,0.01282051282051282,False,retrospective_origin_airport_association
2020,LBF,60,2,58,1,2020-01-01T00:00:00+00:00,2021-01-01T00:00:00+00:00,2,2,56,60,0.0,0.3943691573569199,0.0005486089846244,2,2,60,56,2,2,0.768888888888889,0.78125,0.017241379310344827,0.03333333333333333,False,retrospective_origin_airport_association
2020,LBL,68,1,67,0,2020-01-01T00:00:00+00:00,2021-01-01T00:00:00+00:00,2,2,54,68,0.0,0.3943691573569199,0.0005797669839962,2,2,68,54,2,2,0.625,0.6982167352537723,0.0,0.014705882352941176,False,retrospective_origin_airport_association
2020,LCH,103,17,86,2,2020-01-01T00:00:00+00:00,2021-01-01T00:00:00+00:00,2,2,115,103,0.0,0.3986886442940166,0.0005984165612199,2,2,103,115,2,2,0.5000471297954567,0.5085066162570888,0.023255813953488372,0.1650485436893204,False,retrospective_origin_airport_association
2020,LCK,93,14,79,5,2020-01-01T00:00:00+00:00,2021-01-01T00:00:00+00:00,11,10,106,93,7.699318379404411e-05,0.3752605487014816,0.0006642719409301,10,11,93,106,10,11,0.1198982541334258,0.1185475258098967,0.06329113924050633,0.15053763440860216,False,retrospective_origin_airport_association
2020,LEX,566,29,534,10,2020-01-01T00:00:00+00:00,2021-01-01T00:00:00+00:00,16,15,599,566,0.0002797292671144,0.4538687434419416,0.0014837865108981,15,16,566,599,15,16,0.1983980321891895,0.1832185529025838,0.018726591760299626,0.05123674911660778,False,retrospective_origin_airport_association
2020,LFT,305,15,288,5,2020-01-01T00:00:00+00:00,2021-01-01T00:00:00+00:00,3,3,335,305,0.0,0.4145816995904751,0.0009563768130987,3,3,305,335,3,3,0.3381564095673206,0.3465270661617287,0.017361111111111112,0.04918032786885246,False,retrospective_origin_airport_association
2020,LGA,7323,585,6728,86,2020-01-01T00:00:00+00:00,2021-01-01T00:00:00+00:00,72,73,7006,7323,0.0059758563716397,0.5207478286701532,0.0115234143661967,73,72,7323,7006,73,72,0.0351657671738074,0.0362931442719991,0.012782401902497027,0.07988529291274069,True,retrospective_origin_airport_association
2020,LGB,879,50,829,8,2020-01-01T00:00:00+00:00,2021-01-01T00:00:00+00:00,17,17,867,879,3.43199173304833e-05,0.4257341897548972,0.0016946867666362,17,17,879,867,17,17,0.1252444537631319,0.1224376038494643,0.009650180940892641,0.05688282138794084,False,retrospective_origin_airport_association
2020,LIH,723,56,666,3,2020-01-01T00:00:00+00:00,2021-01-01T00:00:00+00:00,12,12,744,723,1.20710666383402e-06,0.4080748119287412,0.0017062068286627,12,12,723,744,12,12,0.4175375768323548,0.4122586426176436,0.0045045045045045045,0.07745504840940526,False,retrospective_origin_airport_association
2020,LIT,900,54,845,12,2020-01-01T00:00:00+00:00,2021-01-01T00:00:00+00:00,17,16,887,900,0.0001828185002427,0.4795819924116431,0.0018376843164725,16,17,900,887,16,17,0.1297037037037037,0.1325001366347682,0.014201183431952662,0.06,False,retrospective_origin_airport_association
2020,LNK,123,13,109,2,2020-01-01T00:00:00+00:00,2021-01-01T00:00:00+00:00,5,4,128,123,0.0001186201693133,0.4428257083216997,0.0006371419694775,4,5,123,128,4,5,0.3197170996100205,0.322509765625,0.01834862385321101,0.10569105691056911,False,retrospective_origin_airport_association
2020,LRD,158,9,149,2,2020-01-01T00:00:00+00:00,2021-01-01T00:00:00+00:00,3,3,176,158,0.0,0.4080748119287412,0.0007009343164957,3,3,158,176,3,3,0.4391924371094375,0.4551265495867768,0.013422818791946308,0.056962025316455694,False,retrospective_origin_airport_association
2020,LSE,159,3,156,3,2020-01-01T00:00:00+00:00,2021-01-01T00:00:00+00:00,3,3,148,159,0.0,0.4048973662296297,0.0006679125629851,3,3,159,148,3,3,0.3856255686088367,0.3677867056245434,0.019230769230769232,0.018867924528301886,False,retrospective_origin_airport_association
2020,LWB,59,4,55,1,2020-01-01T00:00:00+00:00,2021-01-01T00:00:00+00:00,2,2,62,59,0.0,0.3935164672869591,0.0005143483021832,2,2,59,62,2,2,0.5633438667049698,0.6503642039542143,0.01818181818181818,0.06779661016949153,False,retrospective_origin_airport_association
2020,LWS,85,1,84,1,2020-01-01T00:00:00+00:00,2021-01-01T00:00:00+00:00,1,1,70,85,0.0,0.3596864943087324,0.0005318282964829,1,1,85,70,1,1,1.0,1.0,0.011904761904761904,0.011764705882352941,False,retrospective_origin_airport_association
2020,LYH,98,4,94,0,2020-01-01T00:00:00+00:00,2021-01-01T00:00:00+00:00,1,1,75,98,0.0,0.3710527341900481,0.0005296056856828,1,1,98,75,1,1,1.0,1.0,0.0,0.04081632653061224,False,retrospective_origin_airport_association
2020,MAF,644,53,590,11,2020-01-01T00:00:00+00:00,2021-01-01T00:00:00+00:00,7,7,702,644,6.1226449683185565e-06,0.4307724641898664,0.0015153135427166,7,7,644,702,7,7,0.1948805987423324,0.1952784474151995,0.01864406779661017,0.08229813664596274,False,retrospective_origin_airport_association
2020,MBS,131,9,122,2,2020-01-01T00:00:00+00:00,2021-01-01T00:00:00+00:00,4,3,149,131,7.529605160415849e-05,0.4053482541652975,0.0006987991003214,3,4,131,149,3,4,0.5151797680787832,0.4722760236025404,0.01639344262295082,0.06870229007633588,False,retrospective_origin_airport_association
2020,MCI,3349,269,3078,27,2020-01-01T00:00:00+00:00,2021-01-01T00:00:00+00:00,47,46,3333,3349,0.0010492310892519,0.5177848253775778,0.0055716572823879,46,47,3349,3333,46,47,0.0429052726595273,0.0431901876056192,0.008771929824561403,0.08032248432367871,True,retrospective_origin_airport_association
2020,MCO,9648,561,9079,98,2020-01-01T00:00:00+00:00,2021-01-01T00:00:00+00:00,92,91,9803,9648,0.0170224672651009,0.5515192912733896,0.0159810403426262,91,92,9648,9803,91,92,0.0259588166822053,0.0254277344894045,0.01079414032382421,0.05814676616915423,True,retrospective_origin_airport_association
2020,MDT,397,33,362,6,2020-01-01T00:00:00+00:00,2021-01-01T00:00:00+00:00,12,14,439,397,0.0002234664415049,0.4499415726086986,0.0012202256141145,14,12,397,439,14,12,0.1548325285992551,0.1592509378842991,0.016574585635359115,0.08312342569269521,False,retrospective_origin_airport_association
2020,MDW,6261,576,5675,28,2020-01-01T00:00:00+00:00,2021-01-01T00:00:00+00:00,67,68,6124,6261,0.0024447533180969,0.5062624926848917,0.0095040518936236,68,67,6261,6124,68,67,0.0253074473928282,0.0256400383794781,0.004933920704845815,0.09199808337326305,True,retrospective_origin_airport_association
2020,MEI,68,2,66,4,2020-01-01T00:00:00+00:00,2021-01-01T00:00:00+00:00,3,3,62,68,0.0,0.420326480647156,0.0005114899041688,3,3,68,62,3,3,0.3429930795847751,0.3855359001040582,0.06060606060606061,0.029411764705882353,False,retrospective_origin_airport_association
2020,MEM,1575,94,1480,18,2020-01-01T00:00:00+00:00,2021-01-01T00:00:00+00:00,33,32,1582,1575,0.0009516957090145,0.502072734124741,0.0029403189735616,32,33,1575,1582,32,33,0.0819620055429579,0.0786519008887915,0.012162162162162163,0.059682539682539684,True,retrospective_origin_airport_association
2020,MFE,352,26,326,7,2020-01-01T00:00:00+00:00,2021-01-01T00:00:00+00:00,6,6,385,352,0.0001445571393831,0.4257341897548972,0.0010496071655779,6,6,352,385,6,6,0.4255229855371901,0.405349974700624,0.02147239263803681,0.07386363636363637,False,retrospective_origin_airport_association
2020,MFR,429,19,409,6,2020-01-01T00:00:00+00:00,2021-01-01T00:00:00+00:00,8,9,397,429,0.0001245000775205,0.4131699571401103,0.0010587296986269,9,8,429,397,9,8,0.1635450796289957,0.1652634050085972,0.014669926650366748,0.04428904428904429,False,retrospective_origin_airport_association
2020,MGM,252,7,245,4,2020-01-01T00:00:00+00:00,2021-01-01T00:00:00+00:00,4,4,225,252,0.0,0.4183939451039507,0.0007691584761935,4,4,252,225,4,4,0.4330435878054925,0.4588444444444445,0.0163265306122449,0.027777777777777776,False,retrospective_origin_airport_association
2020,MHK,80,7,72,2,2020-01-01T00:00:00+00:00,2021-01-01T00:00:00+00:00,2,2,99,80,0.0,0.4188754110937137,0.0005827124292243,2,2,80,99,2,2,0.6012500000000001,0.654320987654321,0.027777777777777776,0.0875,False,retrospective_origin_airport_association
2020,MHT,554,45,507,4,2020-01-01T00:00:00+00:00,2021-01-01T00:00:00+00:00,12,12,523,554,5.448130687069899e-06,0.4232589909772525,0.0011757005235636,12,12,554,523,12,12,0.143759204472885,0.1312072942905505,0.007889546351084813,0.0812274368231047,False,retrospective_origin_airport_association
2020,MIA,5847,340,5500,56,2020-01-01T00:00:00+00:00,2021-01-01T00:00:00+00:00,65,69,5711,5847,0.0038960363402054,0.5222420835587334,0.0094007754512009,69,65,5847,5711,69,65,0.0297114355755945,0.0298946933884637,0.010181818181818183,0.05814947836497349,True,retrospective_origin_airport_association
2020,MKE,1973,129,1842,12,2020-01-01T00:00:00+00:00,2021-01-01T00:00:00+00:00,29,30,1993,1973,9.765856120746756e-05,0.4993178768730276,0.0035087988138397,30,29,1973,1993,30,29,0.0562070978996996,0.0570760834017908,0.006514657980456026,0.06538266599087683,True,retrospective_origin_airport_association
2020,MKG,68,0,68,4,2020-01-01T00:00:00+00:00,2021-01-01T00:00:00+00:00,1,2,64,68,0.0,0.3922443235349538,0.0005193637097473,2,1,68,64,2,1,0.8153114186851211,1.0,0.058823529411764705,0.0,False,retrospective_origin_airport_association
2020,MLB,228,15,212,8,2020-01-01T00:00:00+00:00,2021-01-01T00:00:00+00:00,3,3,217,228,0.0,0.388891807949185,0.0007461824210136,3,3,228,217,3,3,0.452485380116959,0.4208413854615728,0.03773584905660377,0.06578947368421052,False,retrospective_origin_airport_association
2020,MLI,297,28,269,5,2020-01-01T00:00:00+00:00,2021-01-01T00:00:00+00:00,11,11,337,297,0.0005696473135014,0.4764433668068549,0.0010390609735961,11,11,297,337,11,11,0.2174041197610221,0.2055226338173269,0.01858736059479554,0.09427609427609428,False,retrospective_origin_airport_association
2020,MLU,244,14,230,5,2020-01-01T00:00:00+00:00,2021-01-01T00:00:00+00:00,3,3,224,244,0.0,0.4145816995904751,0.0007693368926733,3,3,244,224,3,3,0.3872614888470841,0.3670679209183674,0.021739130434782608,0.05737704918032787,False,retrospective_origin_airport_association
2020,MMH,28,5,23,1,2020-01-01T00:00:00+00:00,2021-01-01T00:00:00+00:00,3,3,18,28,0.0,0.3969495444279576,0.0004379644579042,3,3,28,18,3,3,0.3954081632653061,0.3395061728395062,0.043478260869565216,0.17857142857142858,False,retrospective_origin_airport_association
2020,MOB,340,20,319,6,2020-01-01T00:00:00+00:00,2021-01-01T00:00:00+00:00,4,4,317,340,0.0,0.4179135846618108,0.0009153854217921,4,4,340,317,4,4,0.3055882352941176,0.3266526684512733,0.018808777429467086,0.058823529411764705,False,retrospective_origin_airport_association
2020,MOT,232,17,215,6,2020-01-01T00:00:00+00:00,2021-01-01T00:00:00+00:00,4,4,240,232,6.303758030375406e-05,0.4117677966520782,0.0008815794131747,4,4,232,240,4,4,0.4484616527942924,0.4373263888888888,0.027906976744186046,0.07327586206896551,False,retrospective_origin_airport_association
2020,MQT,103,2,101,3,2020-01-01T00:00:00+00:00,2021-01-01T00:00:00+00:00,3,3,105,103,0.0,0.4048973662296297,0.0005917711127432,3,3,103,105,3,3,0.3458384390611744,0.3465759637188209,0.0297029702970297,0.019417475728155338,False,retrospective_origin_airport_association
2020,MRY,301,23,278,6,2020-01-01T00:00:00+00:00,2021-01-01T00:00:00+00:00,7,7,258,301,0.0,0.4302632768799493,0.0008007809475935,7,7,301,258,7,7,0.1971832540479685,0.1823808665344631,0.02158273381294964,0.07641196013289037,False,retrospective_origin_airport_association
2020,MSN,860,48,812,20,2020-01-01T00:00:00+00:00,2021-01-01T00:00:00+00:00,17,18,797,860,7.679176897674462e-06,0.4814850955561338,0.0017417627504077,18,17,860,797,18,17,0.1224580854515954,0.114971607770041,0.024630541871921183,0.05581395348837209,False,retrospective_origin_airport_association
2020,MSO,303,13,290,12,2020-01-01T00:00:00+00:00,2021-01-01T00:00:00+00:00,10,10,307,303,0.0001904217958656,0.4595994093944913,0.0009664876318797,10,10,303,307,10,10,0.2191179513991002,0.2270687222145593,0.041379310344827586,0.0429042904290429,False,retrospective_origin_airport_association
2020,MSP,10322,443,9863,66,2020-01-01T00:00:00+00:00,2021-01-01T00:00:00+00:00,119,117,10405,10322,0.0692523483205244,0.5852133958849473,0.0218624955175763,117,119,10322,10405,117,119,0.0164282474031966,0.0162063898880537,0.006691675960661056,0.04291803913970161,True,retrospective_origin_airport_association
2020,MSY,3350,270,3077,39,2020-01-01T00:00:00+00:00,2021-01-01T00:00:00+00:00,44,46,3357,3350,0.0015347536140538,0.5119588357812056,0.0054821483953915,46,44,3350,3357,46,44,0.0420034751615059,0.0420875057866626,0.012674683132921676,0.08059701492537313,True,retrospective_origin_airport_association
2020,MTJ,186,11,175,4,2020-01-01T00:00:00+00:00,2021-01-01T00:00:00+00:00,12,11,210,186,9.620315527976484e-05,0.4590198388908413,0.0007711837503229,11,12,186,210,11,12,0.243033876748757,0.2241269841269841,0.022857142857142857,0.05913978494623656,False,retrospective_origin_airport_association
2020,MVY,28,0,28,0,2020-01-01T00:00:00+00:00,2021-01-01T00:00:00+00:00,5,5,36,28,6.746960179668014e-07,0.368797094468528,0.0004602091492133,5,5,28,36,5,5,0.298469387755102,0.324074074074074,0.0,0.0,False,retrospective_origin_airport_association
2020,MYR,816,46,766,10,2020-01-01T00:00:00+00:00,2021-01-01T00:00:00+00:00,43,40,842,816,0.0158649757787895,0.49389787278214,0.0020445193790932,40,43,816,842,40,43,0.1124026816608996,0.1074582066226211,0.013054830287206266,0.056372549019607844,False,retrospective_origin_airport_association
2020,OAJ,273,9,263,3,2020-01-01T00:00:00+00:00,2021-01-01T00:00:00+00:00,2,2,234,273,0.0,0.3876493421090917,0.0007763619416934,2,2,273,234,2,2,0.5001677199479397,0.5082182774490467,0.011406844106463879,0.03296703296703297,False,retrospective_origin_airport_association
2020,OAK,3242,249,2990,9,2020-01-01T00:00:00+00:00,2021-01-01T00:00:00+00:00,46,45,3220,3242,0.0028992555699429,0.5048581584472083,0.005461079787994,45,46,3242,3220,45,46,0.0519692378068389,0.0521112225608579,0.0030100334448160534,0.07680444170265269,True,retrospective_origin_airport_association
2020,OGD,6,2,4,1,2020-01-01T00:00:00+00:00,2021-01-01T00:00:00+00:00,1,1,11,6,0.0,0.2810831909192565,0.0004590201840024,1,1,6,11,1,1,1.0,1.0,0.25,0.3333333333333333,False,retrospective_origin_airport_association
2020,OGG,1327,75,1250,5,2020-01-01T00:00:00+00:00,2021-01-01T00:00:00+00:00,19,19,1333,1327,0.0010661308179591,0.4721176812457032,0.0027395573614502,19,19,1327,1333,19,19,0.2403668745304325,0.2591670048044645,0.004,0.05651846269781462,True,retrospective_origin_airport_association
2020,OGS,80,3,74,4,2020-01-01T00:00:00+00:00,2021-01-01T00:00:00+00:00,4,4,63,80,3.404170282827883e-05,0.402212963801588,0.0005217010654958,4,4,80,63,4,4,0.5140625000000001,0.4809775762156714,0.05405405405405406,0.0375,False,retrospective_origin_airport_association
2020,OKC,1595,88,1506,22,2020-01-01T00:00:00+00:00,2021-01-01T00:00:00+00:00,26,28,1610,1595,0.0003504390821242,0.502072734124741,0.002980429117754,28,26,1595,1610,28,26,0.0825082300684938,0.080603371783496,0.014608233731739707,0.05517241379310345,True,retrospective_origin_airport_association
2020,OMA,1770,108,1659,18,2020-01-01T00:00:00+00:00,2021-01-01T00:00:00+00:00,32,32,1728,1770,0.0013558676033312,0.506967593649634,0.0032394374279764,32,32,1770,1728,32,32,0.071722685052188,0.0698563689557613,0.0108499095840868,0.061016949152542375,True,retrospective_origin_airport_association
2020,OME,55,5,50,0,2020-01-01T00:00:00+00:00,2021-01-01T00:00:00+00:00,2,2,45,55,0.0,0.3300115432823546,0.0007295716791847,2,2,55,45,2,2,0.8651239669421487,0.7076543209876542,0.0,0.09090909090909091,False,retrospective_origin_airport_association
2020,ONT,1619,105,1512,12,2020-01-01T00:00:00+00:00,2021-01-01T00:00:00+00:00,20,20,1596,1619,3.47220917743903e-05,0.4795819924116431,0.0028776848266939,20,20,1619,1596,20,20,0.0868481562177981,0.0880357221374237,0.007936507936507936,0.06485484867201977,True,retrospective_origin_airport_association
2020,ORD,19358,1215,18103,218,2020-01-01T00:00:00+00:00,2021-01-01T00:00:00+00:00,174,175,19539,19358,0.1419392747241099,0.6453949153199241,0.0390472670176183,175,174,19358,19539,175,174,0.0121942348135347,0.0121807954847541,0.012042202949787329,0.062764748424424,True,retrospective_origin_airport_association
2020,ORF,1425,79,1344,24,2020-01-01T00:00:00+00:00,2021-01-01T00:00:00+00:00,28,29,1408,1425,0.0007365740538181,0.4932286344721371,0.0025827437786548,29,28,1425,1408,29,28,0.0798704832256078,0.0815480129777892,0.017857142857142856,0.05543859649122807,True,retrospective_origin_airport_association
2020,ORH,64,14,50,1,2020-01-01T00:00:00+00:00,2021-01-01T00:00:00+00:00,4,4,53,64,0.0,0.3779882993150957,0.0004915317248699,4,4,64,53,4,4,0.29833984375,0.2894268422926308,0.02,0.21875,False,retrospective_origin_airport_association
2020,OTH,27,2,25,1,2020-01-01T00:00:00+00:00,2021-01-01T00:00:00+00:00,2,2,34,27,0.0,0.3947968896317106,0.0004615716332923,2,2,27,34,2,2,0.747599451303155,0.7491349480968859,0.04,0.07407407407407407,False,retrospective_origin_airport_association
2020,OTZ,35,3,32,0,2020-01-01T00:00:00+00:00,2021-01-01T00:00:00+00:00,2,2,39,35,0.0,0.3300115432823546,0.0006397453371061,2,2,35,39,2,2,0.6473469387755102,0.8159105851413544,0.0,0.08571428571428572,False,retrospective_origin_airport_association
2020,OWB,11,1,9,0,2020-01-01T00:00:00+00:00,2021-01-01T00:00:00+00:00,1,1,12,11,0.0,0.2861656700003437,0.0004492156038786,1,1,11,12,1,1,1.0,1.0,0.0,0.09090909090909091,False,retrospective_origin_airport_association
2020,PAE,55,4,51,2,2020-01-01T00:00:00+00:00,2021-01-01T00:00:00+00:00,3,2,59,55,0.0,0.3952255507496603,0.0005103814284146,2,3,55,59,2,3,0.5133884297520661,0.5662166044240161,0.0392156862745098,0.07272727272727272,False,retrospective_origin_airport_association
2020,PAH,72,4,68,1,2020-01-01T00:00:00+00:00,2021-01-01T00:00:00+00:00,2,2,56,72,0.0,0.3926674565700508,0.0005100207171029,2,2,72,56,2,2,0.9201388888888892,0.9649234693877552,0.014705882352941176,0.05555555555555555,False,retrospective_origin_airport_association
2020,PBG,129,15,114,6,2020-01-01T00:00:00+00:00,2021-01-01T00:00:00+00:00,5,7,109,129,3.8352319318034025e-05,0.3783812185451529,0.0006254333074784,7,5,129,109,7,5,0.4177032630250586,0.3822068849423449,0.05263157894736842,0.11627906976744186,False,retrospective_origin_airport_association
2020,PBI,1720,119,1598,22,2020-01-01T00:00:00+00:00,2021-01-01T00:00:00+00:00,31,30,1753,1720,0.0017633678388626,0.4846907220245501,0.0031775307494828,30,31,1720,1753,30,31,0.0783822336398053,0.074576091381444,0.01376720901126408,0.06918604651162791,True,retrospective_origin_airport_association
2020,PDX,3641,181,3452,26,2020-01-01T00:00:00+00:00,2021-01-01T00:00:00+00:00,48,48,3785,3641,0.0033096731700758,0.5252564678794187,0.0065219665915909,48,48,3641,3785,48,48,0.049881642597531,0.0486225087208947,0.007531865585168019,0.0497116176874485,True,retrospective_origin_airport_association
2020,PGD,595,69,515,11,2020-01-01T00:00:00+00:00,2021-01-01T00:00:00+00:00,48,49,585,595,0.0065593201950606,0.3872369491919544,0.0024769405212745,49,48,595,585,49,48,0.0318762799237342,0.0290189203009715,0.021359223300970873,0.11596638655462185,False,retrospective_origin_airport_association
2020,PHF,139,4,135,3,2020-01-01T00:00:00+00:00,2021-01-01T00:00:00+00:00,3,3,131,139,0.0,0.388891807949185,0.0006148863679604,3,3,139,131,3,3,0.6754826354743544,0.5479284423984616,0.022222222222222223,0.02877697841726619,False,retrospective_origin_airport_association
2020,PHL,7301,435,6850,83,2020-01-01T00:00:00+00:00,2021-01-01T00:00:00+00:00,90,89,7347,7301,0.0132008317710172,0.549853069849603,0.0122625588148858,89,90,7301,7347,89,90,0.0254154608529946,0.025471647376639,0.012116788321167884,0.05958087933159841,True,retrospective_origin_airport_association
2020,PHX,12372,745,11608,73,2020-01-01T00:00:00+00:00,2021-01-01T00:00:00+00:00,100,100,12561,12372,0.020040096090112,0.567866976974161,0.0211781759088704,100,100,12372,12561,100,100,0.0204701249099867,0.0202669851785653,0.006288766368022054,0.06021661817006143,True,retrospective_origin_airport_association
2020,PIA,323,17,304,7,2020-01-01T00:00:00+00:00,2021-01-01T00:00:00+00:00,12,12,312,323,0.0004611458466855,0.4572898646236648,0.0010225515822918,12,12,323,312,12,12,0.1587190522290063,0.1606056870479947,0.023026315789473683,0.05263157894736842,False,retrospective_origin_airport_association
2020,PIB,56,5,51,4,2020-01-01T00:00:00+00:00,2021-01-01T00:00:00+00:00,2,2,56,56,0.0,0.3986886442940166,0.0005023354992158,2,2,56,56,2,2,0.5,0.5,0.0784313725490196,0.08928571428571429,False,retrospective_origin_airport_association
2020,PIE,775,113,658,7,2020-01-01T00:00:00+00:00,2021-01-01T00:00:00+00:00,53,53,707,775,0.0043518600666507,0.3868254327741096,0.0025960396239338,53,53,775,707,53,53,0.0275895941727367,0.0258418042248759,0.010638297872340425,0.14580645161290323,False,retrospective_origin_airport_association
2020,PIH,94,0,94,3,2020-01-01T00:00:00+00:00,2021-01-01T00:00:00+00:00,1,1,100,94,0.0,0.3596864943087324,0.000584179779245,1,1,94,100,1,1,1.0,1.0,0.031914893617021274,0.0,False,retrospective_origin_airport_association
2020,PIR,53,4,49,0,2020-01-01T00:00:00+00:00,2021-01-01T00:00:00+00:00,2,2,62,53,0.0,0.3943691573569199,0.0005543829005578,2,2,53,62,2,2,0.7992168031327875,0.8251821019771071,0.0,0.07547169811320754,False,retrospective_origin_airport_association
2020,PIT,2958,190,2763,30,2020-01-01T00:00:00+00:00,2021-01-01T00:00:00+00:00,46,46,2992,2958,0.0016366536448681,0.5170493355688027,0.0050578438530253,46,46,2958,2992,46,46,0.0424249156891545,0.041526289356287,0.010857763300760043,0.06423258958755916,True,retrospective_origin_airport_association
2020,PLN,82,3,79,2,2020-01-01T00:00:00+00:00,2021-01-01T00:00:00+00:00,2,2,87,82,0.0,0.3640027322404371,0.0006452864653192,2,2,82,87,2,2,0.6439619274241524,0.729951116395825,0.02531645569620253,0.036585365853658534,False,retrospective_origin_airport_association
2020,PNS,980,52,926,18,2020-01-01T00:00:00+00:00,2021-01-01T00:00:00+00:00,15,15,954,980,2.292819356632606e-05,0.4619324013203517,0.0018753128113904,15,15,980,954,15,15,0.1306518117451062,0.1396195649785302,0.019438444924406047,0.053061224489795916,False,retrospective_origin_airport_association
2020,PPG,2,0,2,1,2020-01-01T00:00:00+00:00,2021-01-01T00:00:00+00:00,1,1,3,2,0.0,0.3330308620681035,0.0004152305682185,1,1,2,3,1,1,1.0,1.0,0.5,0.0,False,retrospective_origin_airport_association
2020,PRC,61,2,59,4,2020-01-01T00:00:00+00:00,2021-01-01T00:00:00+00:00,2,2,67,61,0.0,0.3965171375168161,0.0005218335379308,2,2,61,67,2,2,0.5592582639075517,0.5491200712853642,0.06779661016949153,0.03278688524590164,False,retrospective_origin_airport_association
2020,PSC,308,15,293,4,2020-01-01T00:00:00+00:00,2021-01-01T00:00:00+00:00,8,8,317,308,0.000132948738635,0.4212994586116171,0.0009822319693427,8,8,308,317,8,8,0.2329229212346095,0.2378469285195394,0.013651877133105802,0.048701298701298704,False,retrospective_origin_airport_association
2020,PSE,23,3,20,0,2020-01-01T00:00:00+00:00,2021-01-01T00:00:00+00:00,2,2,9,23,0.0,0.3629139902696282,0.0004223731008842,2,2,23,9,2,2,0.500945179584121,0.8024691358024691,0.0,0.13043478260869565,False,retrospective_origin_airport_association
2020,PSG,77,1,76,0,2020-01-01T00:00:00+00:00,2021-01-01T00:00:00+00:00,2,2,68,77,8.292370520082173e-05,0.2668641731968014,0.0010331568377005,2,2,77,68,2,2,0.5021082813290605,0.500432525951557,0.0,0.012987012987012988,False,retrospective_origin_airport_association
2020,PSM,34,2,31,2,2020-01-01T00:00:00+00:00,2021-01-01T00:00:00+00:00,3,3,32,34,8.122099196802366e-06,0.3503394920504689,0.0005140321101792,3,3,34,32,3,3,0.4480968858131487,0.458984375,0.06451612903225806,0.058823529411764705,False,retrospective_origin_airport_association
2020,PSP,959,43,915,17,2020-01-01T00:00:00+00:00,2021-01-01T00:00:00+00:00,19,20,940,959,0.0005941128459152,0.4795819924116431,0.0019654291697247,20,19,959,940,20,19,0.1248030567120555,0.1232163875056586,0.018579234972677595,0.04483837330552659,False,retrospective_origin_airport_association
2020,PUB,61,3,58,1,2020-01-01T00:00:00+00:00,2021-01-01T00:00:00+00:00,2,2,82,61,0.0,0.3943691573569199,0.0006502842151234,2,2,61,82,2,2,0.7258801397473797,0.6713265913146937,0.017241379310344827,0.04918032786885246,False,retrospective_origin_airport_association
2020,PVD,1004,73,929,13,2020-01-01T00:00:00+00:00,2021-01-01T00:00:00+00:00,18,18,945,1004,9.718524274305967e-05,0.4328213225213284,0.0018212763397152,18,18,1004,945,18,18,0.0997742099331756,0.1007217043195879,0.013993541442411194,0.07270916334661355,False,retrospective_origin_airport_association
2020,PVU,68,9,58,0,2020-01-01T00:00:00+00:00,2021-01-01T00:00:00+00:00,4,4,75,68,6.018503707636136e-05,0.4031038009307167,0.0006729025259006,4,4,68,75,4,4,0.4463667820069204,0.4990222222222222,0.0,0.1323529411764706,False,retrospective_origin_airport_association
2020,PWM,679,38,641,12,2020-01-01T00:00:00+00:00,2021-01-01T00:00:00+00:00,16,15,719,679,3.6101833493860232e-06,0.4460817797064181,0.0014896718559669,15,16,679,719,15,16,0.1054635054149197,0.104640388733386,0.0187207488299532,0.055964653902798235,False,retrospective_origin_airport_association
2020,RAP,430,23,404,12,2020-01-01T00:00:00+00:00,2021-01-01T00:00:00+00:00,11,10,436,430,0.000221443888128,0.4660726405127236,0.0012219543379581,10,11,430,436,10,11,0.1948296376419686,0.1767422775860617,0.0297029702970297,0.053488372093023255,False,retrospective_origin_airport_association
2020,RDD,74,2,70,2,2020-01-01T00:00:00+00:00,2021-01-01T00:00:00+00:00,2,2,61,74,0.0,0.3676795275155931,0.0004995552915879,2,2,74,61,2,2,0.7468955441928414,0.8495028218220908,0.02857142857142857,0.02702702702702703,False,retrospective_origin_airport_association
2020,RDM,429,19,409,8,2020-01-01T00:00:00+00:00,2021-01-01T00:00:00+00:00,9,9,439,429,0.0001267649971989,0.4136394684550422,0.0011447080951499,9,9,429,439,9,9,0.1754663363054971,0.1739665111741844,0.019559902200488997,0.04428904428904429,False,retrospective_origin_airport_association
2020,RDU,3484,240,3239,33,2020-01-01T00:00:00+00:00,2021-01-01T00:00:00+00:00,49,48,3473,3484,0.0014724716130542,0.5192621002003384,0.0056920233307971,48,49,3484,3473,48,49,0.0459701953888598,0.0442030325834712,0.01018832973139858,0.06888633754305395,True,retrospective_origin_airport_association
2020,RFD,83,6,77,5,2020-01-01T00:00:00+00:00,2021-01-01T00:00:00+00:00,7,7,73,83,9.736622493227488e-05,0.3855961146614801,0.0006392333491333,7,7,83,73,7,7,0.2027870518217448,0.1829611559392006,0.06493506493506493,0.07228915662650602,False,retrospective_origin_airport_association
2020,RHI,69,3,66,1,2020-01-01T00:00:00+00:00,2021-01-01T00:00:00+00:00,1,1,67,69,0.0,0.3691711280328977,0.0005302710658498,1,1,69,67,1,1,1.0,1.0,0.015151515151515152,0.043478260869565216,False,retrospective_origin_airport_association
2020,RIC,1306,105,1201,15,2020-01-01T00:00:00+00:00,2021-01-01T00:00:00+00:00,24,26,1285,1306,0.0006456829017843,0.4899094646573851,0.0024067408631274,26,24,1306,1285,26,24,0.105499649397644,0.1073027600720677,0.012489592006661115,0.08039816232771822,True,retrospective_origin_airport_association
2020,RIW,45,2,42,3,2020-01-01T00:00:00+00:00,2021-01-01T00:00:00+00:00,3,3,47,45,7.485590238790329e-06,0.3947968896317106,0.0006083515923463,3,3,45,47,3,3,0.6009876543209876,0.49298325033952,0.07142857142857142,0.044444444444444446,False,retrospective_origin_airport_association
2020,RKS,58,1,57,1,2020-01-01T00:00:00+00:00,2021-01-01T00:00:00+00:00,2,2,51,58,0.0,0.3943691573569199,0.000550217663182,2,2,58,51,2,2,0.7621878715814505,0.8231449442522107,0.017543859649122806,0.017241379310344827,False,retrospective_origin_airport_association
2020,RNO,1338,98,1237,14,2020-01-01T00:00:00+00:00,2021-01-01T00:00:00+00:00,18,20,1285,1338,9.032071492970168e-05,0.4758205650201793,0.002400198636404,20,18,1338,1285,20,18,0.1136593671030317,0.1171826976941361,0.01131770412287793,0.07324364723467862,True,retrospective_origin_airport_association
2020,ROA,176,10,166,6,2020-01-01T00:00:00+00:00,2021-01-01T00:00:00+00:00,6,7,160,176,6.66240077926405e-05,0.4193579864521165,0.0006785556543176,7,6,176,160,7,6,0.3695118801652892,0.450703125,0.03614457831325301,0.056818181818181816,False,retrospective_origin_airport_association
2020,ROC,795,72,723,10,2020-01-01T00:00:00+00:00,2021-01-01T00:00:00+00:00,19,18,736,795,0.0001578994863554,0.4412154330187117,0.0015624919760875,18,19,795,736,18,19,0.1111933863375657,0.1117601016068052,0.013831258644536652,0.09056603773584905,False,retrospective_origin_airport_association
2020,ROW,90,8,82,2,2020-01-01T00:00:00+00:00,2021-01-01T00:00:00+00:00,2,2,86,90,0.0,0.4004430497694578,0.0005590095535575,2,2,90,86,2,2,0.7222222222222223,0.8702001081665764,0.024390243902439025,0.08888888888888889,False,retrospective_origin_airport_association
2020,RST,229,16,213,3,2020-01-01T00:00:00+00:00,2021-01-01T00:00:00+00:00,4,4,209,229,0.0,0.4422876454926332,0.0007764774529271,4,4,229,209,4,4,0.4248774813600046,0.4260204665644101,0.014084507042253521,0.06986899563318777,False,retrospective_origin_airport_association
2020,RSW,3116,175,2934,38,2020-01-01T00:00:00+00:00,2021-01-01T00:00:00+00:00,50,49,3016,3116,0.0029622940880488,0.5090947304062059,0.0051249375742743,49,50,3116,3016,49,50,0.0479256510354442,0.0451370322031394,0.012951601908657124,0.0561617458279846,True,retrospective_origin_airport_association
2020,SAF,128,11,117,4,2020-01-01T00:00:00+00:00,2021-01-01T00:00:00+00:00,3,3,121,128,0.0,0.4222769515550315,0.0006190283234597,3,3,128,121,3,3,0.5704345703125,0.5669694692985452,0.03418803418803419,0.0859375,False,retrospective_origin_airport_association
2020,SAN,5522,403,5115,27,2020-01-01T00:00:00+00:00,2021-01-01T00:00:00+00:00,62,59,5507,5522,0.0058801926188599,0.5275401916528075,0.0089771625192202,59,62,5522,5507,59,62,0.0419879206954736,0.0423335946731909,0.005278592375366569,0.07298080405650127,True,retrospective_origin_airport_association
2020,SAT,2408,176,2225,20,2020-01-01T00:00:00+00:00,2021-01-01T00:00:00+00:00,34,34,2427,2408,0.0004354926536285,0.5076746614232039,0.004166349714221,34,34,2408,2427,34,34,0.0573996837783247,0.0598362162792604,0.008988764044943821,0.07308970099667775,True,retrospective_origin_airport_association
2020,SAV,1158,65,1091,21,2020-01-01T00:00:00+00:00,2021-01-01T00:00:00+00:00,30,29,1066,1158,0.0012630017246738,0.4866346687706379,0.0021099040792246,29,30,1158,1066,29,30,0.1093869783230571,0.1088444114344448,0.01924839596700275,0.05613126079447323,True,retrospective_origin_airport_association
2020,SBA,456,29,427,10,2020-01-01T00:00:00+00:00,2021-01-01T00:00:00+00:00,9,9,440,456,1.5906879257429448e-05,0.4343708021962257,0.0011182322766778,9,9,456,440,9,9,0.1774392120652508,0.1763119834710743,0.0234192037470726,0.06359649122807018,False,retrospective_origin_airport_association
2020,SBN,473,20,451,11,2020-01-01T00:00:00+00:00,2021-01-01T00:00:00+00:00,13,12,510,473,0.0005041840896387,0.4613469356659533,0.0013570865976448,12,13,473,510,12,13,0.1522690397758002,0.148719723183391,0.024390243902439025,0.042283298097251586,False,retrospective_origin_airport_association
2020,SBP,396,15,381,17,2020-01-01T00:00:00+00:00,2021-01-01T00:00:00+00:00,8,8,392,396,1.663464497508962e-06,0.4307724641898664,0.0010250583602817,8,8,396,392,8,8,0.1680058157330884,0.1842982090795502,0.04461942257217848,0.03787878787878788,False,retrospective_origin_airport_association
2020,SCC,60,4,56,1,2020-01-01T00:00:00+00:00,2021-01-01T00:00:00+00:00,2,2,67,60,3.742795119395164e-06,0.3300115432823546,0.0007502643387013,2,2,60,67,2,2,0.625,0.7255513477389173,0.017857142857142856,0.06666666666666667,False,retrospective_origin_airport_association
2020,SCE,106,12,94,3,2020-01-01T00:00:00+00:00,2021-01-01T00:00:00+00:00,4,4,104,106,4.063123448346383e-05,0.4067069633971365,0.0006156076433942,4,4,106,104,4,4,0.5049839800640797,0.3559541420118343,0.031914893617021274,0.11320754716981132,False,retrospective_origin_airport_association
2020,SCK,68,9,59,1,2020-01-01T00:00:00+00:00,2021-01-01T00:00:00+00:00,4,4,73,68,1.3881668068044852e-05,0.3791695127504553,0.0005401737294508,4,4,68,73,4,4,0.3810553633217993,0.396134359166823,0.01694915254237288,0.1323529411764706,False,retrospective_origin_airport_association
2020,SDF,1577,117,1459,22,2020-01-01T00:00:00+00:00,2021-01-01T00:00:00+00:00,33,34,1529,1577,0.0007060714426607,0.4979517540908852,0.0028648402950457,34,33,1577,1529,34,33,0.0724713089919334,0.0734451145308855,0.015078821110349555,0.07419150285351934,True,retrospective_origin_airport_association
2020,SEA,10380,376,9988,78,2020-01-01T00:00:00+00:00,2021-01-01T00:00:00+00:00,77,78,10380,10380,0.0410658719905593,0.5515192912733896,0.0206464957497302,78,77,10380,10380,78,77,0.0278966145804329,0.0274128214552218,0.007809371245494593,0.036223506743737956,True,retrospective_origin_airport_association
2020,SFB,943,154,783,16,2020-01-01T00:00:00+00:00,2021-01-01T00:00:00+00:00,70,73,916,943,0.0155777667422621,0.4008840663440938,0.0036580357568396,73,70,943,916,73,70,0.0217385681625731,0.0225133960069411,0.020434227330779056,0.1633085896076352,False,retrospective_origin_airport_association
2020,SFO,9248,514,8717,94,2020-01-01T00:00:00+00:00,2021-01-01T00:00:00+00:00,83,85,9098,9248,0.0151706518232263,0.5440997492383216,0.0160795315680311,85,83,9248,9098,85,83,0.0328624313047018,0.0324789047484268,0.010783526442583458,0.0555795847750865,True,retrospective_origin_airport_association
2020,SGF,672,44,627,12,2020-01-01T00:00:00+00:00,2021-01-01T00:00:00+00:00,12,12,649,672,0.0004808698199143,0.4715061298451258,0.0015918623597946,12,12,672,649,12,12,0.1765651573129251,0.1698262824637168,0.019138755980861243,0.06547619047619048,False,retrospective_origin_airport_association
2020,SGU,274,4,270,7,2020-01-01T00:00:00+00:00,2021-01-01T00:00:00+00:00,5,5,260,274,0.0,0.4282385085181613,0.0008475156595059,5,5,274,260,5,5,0.308274282060845,0.3497633136094674,0.025925925925925925,0.014598540145985401,False,retrospective_origin_airport_association
2020,SHD,67,4,63,2,2020-01-01T00:00:00+00:00,2021-01-01T00:00:00+00:00,2,2,77,67,0.0,0.3935164672869591,0.0005369947734023,2,2,67,77,2,2,0.5010024504343951,0.5021082813290605,0.031746031746031744,0.05970149253731343,False,retrospective_origin_airport_association
2020,SHR,52,1,51,2,2020-01-01T00:00:00+00:00,2021-01-01T00:00:00+00:00,3,3,51,52,7.485590238790329e-06,0.3947968896317106,0.0005977709503552,3,3,52,51,3,3,0.5480769230769231,0.5878508266051519,0.0392156862745098,0.019230769230769232,False,retrospective_origin_airport_association
2020,SHV,459,19,439,8,2020-01-01T00:00:00+00:00,2021-01-01T00:00:00+00:00,8,8,483,459,0.0001001161092252,0.4555728814022993,0.0012019416771502,8,8,459,483,8,8,0.2549304398593133,0.243393387600787,0.018223234624145785,0.04139433551198257,False,retrospective_origin_airport_association
2020,SIT,74,3,71,0,2020-01-01T00:00:00+00:00,2021-01-01T00:00:00+00:00,3,3,89,74,0.0,0.3575665346173253,0.0009222097607514,3,3,74,89,3,3,0.4116143170197224,0.4611791440474687,0.0,0.04054054054054054,False,retrospective_origin_airport_association
2020,SJC,3509,288,3217,12,2020-01-01T00:00:00+00:00,2021-01-01T00:00:00+00:00,39,39,3437,3509,0.0008986559063534,0.504158908920273,0.0056990411687872,39,39,3509,3437,39,39,0.0637118362171092,0.0648874131473637,0.003730183400683867,0.08207466514676547,True,retrospective_origin_airport_association
2020,SJT,137,4,133,0,2020-01-01T00:00:00+00:00,2021-01-01T00:00:00+00:00,1,1,133,137,0.0,0.3965171375168161,0.0006434301826877,1,1,137,133,1,1,1.0,1.0,0.0,0.029197080291970802,False,retrospective_origin_airport_association
2020,SJU,2080,88,1983,30,2020-01-01T00:00:00+00:00,2021-01-01T00:00:00+00:00,24,24,2052,2080,0.0002296199863368,0.466670169539022,0.0034069363998893,24,24,2080,2052,24,24,0.0896593010355029,0.0941396023087825,0.015128593040847202,0.04230769230769231,True,retrospective_origin_airport_association
2020,SLC,9529,292,9223,67,2020-01-01T00:00:00+00:00,2021-01-01T00:00:00+00:00,93,93,9517,9529,0.0507105801395443,0.561732611482156,0.0195626611280711,93,93,9529,9517,93,93,0.0204913356327213,0.0198430135401177,0.007264447576710398,0.030643299401826005,True,retrospective_origin_airport_association
2020,SLN,66,2,64,2,2020-01-01T00:00:00+00:00,2021-01-01T00:00:00+00:00,3,3,66,66,0.0002035276200517,0.4222769515550315,0.0006977751901238,3,3,66,66,3,3,0.3640955004591368,0.3475665748393021,0.03125,0.030303030303030304,False,retrospective_origin_airport_association
2020,SMF,3428,234,3192,27,2020-01-01T00:00:00+00:00,2021-01-01T00:00:00+00:00,36,33,3485,3428,0.0005756060190651,0.5055593503339405,0.0058020720355329,33,36,3428,3485,33,36,0.0595657424817788,0.0596001309156479,0.008458646616541353,0.06826137689614936,True,retrospective_origin_airport_association
2020,SMX,18,2,16,0,2020-01-01T00:00:00+00:00,2021-01-01T00:00:00+00:00,2,1,14,18,0.0,0.3654645906028486,0.0004324352792992,1,2,18,14,1,2,1.0,0.8673469387755102,0.0,0.1111111111111111,False,retrospective_origin_airport_association
2020,SNA,2440,166,2267,17,2020-01-01T00:00:00+00:00,2021-01-01T00:00:00+00:00,21,21,2425,2440,0.000158682151854,0.4872861208037981,0.0042162349881095,21,21,2440,2425,21,21,0.0784738645525396,0.0785496439579126,0.007498897220996913,0.0680327868852459,True,retrospective_origin_airport_association
2020,SPI,84,6,78,4,2020-01-01T00:00:00+00:00,2021-01-01T00:00:00+00:00,4,3,112,84,0.0001974684665622,0.4267323941857411,0.000660057475493,3,4,84,112,3,4,0.3971088435374149,0.4233099489795918,0.05128205128205128,0.07142857142857142,False,retrospective_origin_airport_association
2020,SPN,22,0,22,1,2020-01-01T00:00:00+00:00,2021-01-01T00:00:00+00:00,1,1,25,22,0.0,0.2501736991343211,0.0008511151700953,1,1,22,25,1,1,1.0,1.0,0.045454545454545456,0.0,False,retrospective_origin_airport_association
2020,SPS,74,2,72,3,2020-01-01T00:00:00+00:00,2021-01-01T00:00:00+00:00,1,1,76,74,0.0,0.3965171375168161,0.0005432493201236,1,1,74,76,1,1,1.0,1.0,0.041666666666666664,0.02702702702702703,False,retrospective_origin_airport_association
2020,SRQ,853,70,780,23,2020-01-01T00:00:00+00:00,2021-01-01T00:00:00+00:00,37,36,812,853,0.0025844188858016,0.4918955841086989,0.0018296546962248,36,37,853,812,36,37,0.0955664374684755,0.0848267368778664,0.029487179487179487,0.08206330597889801,False,retrospective_origin_airport_association
2020,STC,15,2,13,1,2020-01-01T00:00:00+00:00,2021-01-01T00:00:00+00:00,2,2,18,15,1.0956821248956394e-05,0.295456763182173,0.0004856729610133,2,2,15,18,2,2,0.6088888888888888,0.5987654320987654,0.07692307692307693,0.13333333333333333,False,retrospective_origin_airport_association
2020,STL,4648,314,4333,45,2020-01-01T00:00:00+00:00,2021-01-01T00:00:00+00:00,58,57,4654,4648,0.0008510080214441,0.5222420835587334,0.0075385316601097,57,58,4648,4654,57,58,0.02890384997082,0.0288859743128672,0.010385414262635588,0.06755593803786575,True,retrospective_origin_airport_association
2020,STS,186,6,180,2,2020-01-01T00:00:00+00:00,2021-01-01T00:00:00+00:00,9,9,213,186,1.7313610076113686e-06,0.4312828581047833,0.0007310608078943,9,9,186,213,9,9,0.1644698809110879,0.1475677224536578,0.011111111111111112,0.03225806451612903,False,retrospective_origin_airport_association
2020,STT,334,11,322,7,2020-01-01T00:00:00+00:00,2021-01-01T00:00:00+00:00,14,15,357,334,0.000105642078656,0.4449911152083584,0.0009285539752361,15,14,334,357,15,14,0.131252465129621,0.1351677926072389,0.021739130434782608,0.03293413173652695,False,retrospective_origin_airport_association
2020,STX,94,1,92,0,2020-01-01T00:00:00+00:00,2021-01-01T00:00:00+00:00,5,4,76,94,3.855192178648209e-07,0.3926674565700508,0.0005186950551442,4,5,94,76,4,5,0.4502037120869171,0.4529085872576177,0.0,0.010638297872340425,False,retrospective_origin_airport_association
2020,SUN,132,13,119,2,2020-01-01T00:00:00+00:00,2021-01-01T00:00:00+00:00,5,5,119,132,0.0,0.4287429119439778,0.0006091905891656,5,5,132,119,5,5,0.3895775941230487,0.39128592613516,0.01680672268907563,0.09848484848484848,False,retrospective_origin_airport_association
2020,SUX,80,7,71,2,2020-01-01T00:00:00+00:00,2021-01-01T00:00:00+00:00,3,3,66,80,0.0,0.4406812738988343,0.0005236462089157,3,3,80,66,3,3,0.5309375,0.6450872359963269,0.028169014084507043,0.0875,False,retrospective_origin_airport_association
2020,SWF,84,9,75,2,2020-01-01T00:00:00+00:00,2021-01-01T00:00:00+00:00,7,7,82,84,5.21471061425949e-05,0.3855961146614801,0.0006018098996579,7,7,84,82,7,7,0.1564625850340136,0.1528851873884592,0.02666666666666667,0.10714285714285714,False,retrospective_origin_airport_association
2020,SWO,72,4,68,2,2020-01-01T00:00:00+00:00,2021-01-01T00:00:00+00:00,1,1,59,72,0.0,0.3965171375168161,0.0005133708172536,1,1,72,59,1,1,1.0,1.0,0.029411764705882353,0.05555555555555555,False,retrospective_origin_airport_association
2020,SYR,709,70,638,7,2020-01-01T00:00:00+00:00,2021-01-01T00:00:00+00:00,23,24,724,709,0.0004097855282586,0.4727308210914768,0.0016031921067186,24,23,709,724,24,23,0.090982153691904,0.1021145569427062,0.0109717868338558,0.09873060648801128,False,retrospective_origin_airport_association
2020,TLH,426,17,409,7,2020-01-01T00:00:00+00:00,2021-01-01T00:00:00+00:00,6,6,437,426,0.0,0.420326480647156,0.0010891302290392,6,6,426,437,6,6,0.2493001829443011,0.2606025061659222,0.017114914425427872,0.03990610328638498,False,retrospective_origin_airport_association
2020,TOL,125,9,115,1,2020-01-01T00:00:00+00:00,2021-01-01T00:00:00+00:00,5,5,91,125,7.211275147982017e-05,0.4131699571401103,0.0006142834726006,5,5,125,91,5,5,0.277824,0.2640985388238135,0.008695652173913044,0.072,False,retrospective_origin_airport_association
2020,TPA,5208,356,4843,40,2020-01-01T00:00:00+00:00,2021-01-01T00:00:00+00:00,61,62,5377,5208,0.0041944442263658,0.5244996141793042,0.0086196565992317,62,61,5208,5377,62,61,0.0331983643266533,0.0326544267978328,0.008259343382201115,0.06835637480798772,True,retrospective_origin_airport_association
2020,TRI,217,12,203,1,2020-01-01T00:00:00+00:00,2021-01-01T00:00:00+00:00,5,5,228,217,7.109143349064547e-05,0.4262327075414954,0.0007998796633845,5,5,217,228,5,5,0.4595765465395315,0.4437134502923976,0.0049261083743842365,0.055299539170506916,False,retrospective_origin_airport_association
2020,TTN,126,7,119,3,2020-01-01T00:00:00+00:00,2021-01-01T00:00:00+00:00,10,11,119,126,1.7527071093285193e-05,0.4000030024620188,0.000585083631464,11,10,126,119,11,10,0.1646510456034265,0.1877692253371937,0.025210084033613446,0.05555555555555555,False,retrospective_origin_airport_association
2020,TUL,1141,76,1063,11,2020-01-01T00:00:00+00:00,2021-01-01T00:00:00+00:00,18,17,1126,1141,0.0003586653692237,0.4834033628691064,0.0022466646880213,17,18,1141,1126,17,18,0.1088647887172483,0.1095406806343838,0.010348071495766699,0.06660823838737949,True,retrospective_origin_airport_association
2020,TUS,1257,61,1196,9,2020-01-01T00:00:00+00:00,2021-01-01T00:00:00+00:00,20,21,1322,1257,0.0011569657168988,0.4814850955561338,0.0025968400747456,21,20,1257,1322,21,20,0.0932547028604809,0.0884267407609156,0.007525083612040134,0.04852824184566428,True,retrospective_origin_airport_association
2020,TVC,345,10,335,5,2020-01-01T00:00:00+00:00,2021-01-01T00:00:00+00:00,10,10,348,345,0.0005303447038539,0.4721176812457032,0.0010690200130351,10,10,345,348,10,10,0.3086326402016383,0.3142257894041485,0.014925373134328358,0.028985507246376812,False,retrospective_origin_airport_association
2020,TWF,85,1,84,1,2020-01-01T00:00:00+00:00,2021-01-01T00:00:00+00:00,1,3,82,85,0.0,0.3596864943087324,0.0005527688895877,3,1,85,82,3,1,0.8881660899653979,1.0,0.011904761904761904,0.011764705882352941,False,retrospective_origin_airport_association
2020,TXK,89,2,87,1,2020-01-01T00:00:00+00:00,2021-01-01T00:00:00+00:00,1,1,83,89,0.0,0.3965171375168161,0.0005555522330701,1,1,89,83,1,1,1.0,1.0,0.011494252873563218,0.02247191011235955,False,retrospective_origin_airport_association
2020,TYR,107,6,101,1,2020-01-01T00:00:00+00:00,2021-01-01T00:00:00+00:00,2,2,120,107,0.0,0.4217876387490581,0.0006207279179697,2,2,107,120,2,2,0.9633155734125252,0.95125,0.009900990099009901,0.056074766355140186,False,retrospective_origin_airport_association
2020,TYS,1082,70,1009,14,2020-01-01T00:00:00+00:00,2021-01-01T00:00:00+00:00,29,28,1106,1082,0.0005657023472124,0.49389787278214,0.0022903236576531,28,29,1082,1106,28,29,0.0927870275145978,0.1010156666415965,0.013875123885034688,0.06469500924214418,True,retrospective_origin_airport_association
2020,UIN,1,0,1,0,2020-01-01T00:00:00+00:00,2021-01-01T00:00:00+00:00,1,1,2,1,0.0,0.3922443235349538,0.0004131026139874,1,1,1,2,1,1,1.0,1.0,0.0,0.0,False,retrospective_origin_airport_association
2020,USA,117,28,89,2,2020-01-01T00:00:00+00:00,2021-01-01T00:00:00+00:00,7,7,108,117,4.683771087239775e-05,0.3725718856094546,0.0006578172012591,7,7,117,108,7,7,0.2221491708671196,0.1983882030178326,0.02247191011235955,0.23931623931623933,False,retrospective_origin_airport_association
2020,VCT,13,1,12,0,2020-01-01T00:00:00+00:00,2021-01-01T00:00:00+00:00,1,1,9,13,0.0,0.3654645906028486,0.0004236405901522,1,1,13,9,1,1,1.0,1.0,0.0,0.07692307692307693,False,retrospective_origin_airport_association
2020,VEL,67,3,64,1,2020-01-01T00:00:00+00:00,2021-01-01T00:00:00+00:00,2,2,50,67,0.0,0.3943691573569199,0.0005228047302376,2,2,67,50,2,2,0.8128759189128982,0.8872,0.015625,0.04477611940298507,False,retrospective_origin_airport_association
2020,VLD,88,3,85,1,2020-01-01T00:00:00+00:00,2021-01-01T00:00:00+00:00,1,1,76,88,0.0,0.3835645229087852,0.0005256186565071,1,1,88,76,1,1,1.0,1.0,0.011764705882352941,0.03409090909090909,False,retrospective_origin_airport_association
2020,VPS,732,60,670,11,2020-01-01T00:00:00+00:00,2021-01-01T00:00:00+00:00,40,40,750,732,0.004459401117467,0.4821228241595194,0.0018034623252925,40,40,732,750,40,40,0.1367128012183104,0.1409244444444444,0.016417910447761194,0.08196721311475409,False,retrospective_origin_airport_association
2020,WRG,81,3,78,0,2020-01-01T00:00:00+00:00,2021-01-01T00:00:00+00:00,2,2,70,81,7.485590238790329e-06,0.2639613721830581,0.0010525827925885,2,2,81,70,2,2,0.5092211553116903,0.5004081632653061,0.0,0.037037037037037035,False,retrospective_origin_airport_association
2020,WYS,24,1,23,0,2020-01-01T00:00:00+00:00,2021-01-01T00:00:00+00:00,1,1,29,24,0.0,0.3596864943087324,0.0004602812700415,1,1,24,29,1,1,1.0,1.0,0.0,0.041666666666666664,False,retrospective_origin_airport_association
2020,XNA,810,53,756,18,2020-01-01T00:00:00+00:00,2021-01-01T00:00:00+00:00,19,19,846,810,0.0005277869679457,0.4834033628691064,0.0018416312377441,19,19,810,846,19,19,0.1444749276024996,0.1449485550134411,0.023809523809523808,0.0654320987654321,False,retrospective_origin_airport_association
2020,XWA,53,2,51,2,2020-01-01T00:00:00+00:00,2021-01-01T00:00:00+00:00,2,2,51,53,0.0,0.4048973662296297,0.0005016101850475,2,2,53,51,2,2,0.5300818796724813,0.5094194540561322,0.0392156862745098,0.03773584905660377,False,retrospective_origin_airport_association
2020,YAK,73,4,68,0,2020-01-01T00:00:00+00:00,2021-01-01T00:00:00+00:00,2,2,80,73,3.842602989245702e-05,0.2668641731968014,0.0011873039575499,2,2,73,80,2,2,0.507599924939013,0.5003124999999999,0.0,0.0547945205479452,False,retrospective_origin_airport_association
2020,YUM,138,8,130,3,2020-01-01T00:00:00+00:00,2021-01-01T00:00:00+00:00,2,2,132,138,0.0,0.4004430497694578,0.00061383715752,2,2,138,132,2,2,0.5656374711195127,0.5775941230486685,0.023076923076923078,0.057971014492753624,False,retrospective_origin_airport_association
2021,ABE,470,4,465,15,2021-01-01T00:00:00+00:00,2022-01-01T00:00:00+00:00,12,12,446,470,0.000138373451821,0.4302325581395348,0.0011007285379139,12,12,470,446,12,12,0.1603168854685378,0.1587403728206881,0.03225806451612903,0.00851063829787234,False,retrospective_origin_airport_association
2021,ABI,248,10,238,7,2021-01-01T00:00:00+00:00,2022-01-01T00:00:00+00:00,2,2,252,248,0.0,0.4017372421281216,0.000754584419987,2,2,248,252,2,2,0.6732895421436003,0.7169627110103302,0.029411764705882353,0.04032258064516129,False,retrospective_origin_airport_association
2021,ABQ,1719,36,1682,35,2021-01-01T00:00:00+00:00,2022-01-01T00:00:00+00:00,23,22,1692,1719,3.592637605689615e-05,0.4868421052631579,0.0024828317049789,22,23,1719,1692,22,23,0.0883893222279414,0.0841604770607335,0.020808561236623068,0.020942408376963352,True,retrospective_origin_airport_association
2021,ABR,48,0,48,1,2021-01-01T00:00:00+00:00,2022-01-01T00:00:00+00:00,1,1,77,48,0.0,0.3714859437751004,0.0005123123663224,1,1,48,77,1,1,1.0,1.0,0.020833333333333332,0.0,False,retrospective_origin_airport_association
2021,ABY,102,0,102,0,2021-01-01T00:00:00+00:00,2022-01-01T00:00:00+00:00,1,1,105,102,0.0,0.3854166666666667,0.0005303549635102,1,1,102,105,1,1,1.0,1.0,0.0,0.0,False,retrospective_origin_airport_association
2021,ACK,154,3,149,7,2021-01-01T00:00:00+00:00,2022-01-01T00:00:00+00:00,8,9,156,154,1.1678379533087543e-05,0.3882476390346275,0.0005794424318872,9,8,154,156,9,8,0.1995277449822904,0.2055391190006574,0.04697986577181208,0.01948051948051948,False,retrospective_origin_airport_association
2021,ACT,140,4,136,4,2021-01-01T00:00:00+00:00,2022-01-01T00:00:00+00:00,1,1,138,140,0.0,0.3987068965517241,0.0006011483874423,1,1,140,138,1,1,1.0,1.0,0.029411764705882353,0.02857142857142857,False,retrospective_origin_airport_association
2021,ACV,177,7,170,5,2021-01-01T00:00:00+00:00,2022-01-01T00:00:00+00:00,4,4,192,177,0.0,0.4013015184381778,0.0006271569131313,4,4,177,192,4,4,0.3535063359826359,0.31298828125,0.029411764705882353,0.03954802259887006,False,retrospective_origin_airport_association
2021,ACY,328,17,310,7,2021-01-01T00:00:00+00:00,2022-01-01T00:00:00+00:00,9,9,312,328,1.1904995931728592e-05,0.3965702036441586,0.0007603740278567,9,9,328,312,9,9,0.1656751933372992,0.1672830374753451,0.02258064516129032,0.051829268292682924,False,retrospective_origin_airport_association
2021,ADK,8,0,8,0,2021-01-01T00:00:00+00:00,2022-01-01T00:00:00+00:00,2,2,14,8,0.0,0.3366696997270245,0.0006373962801537,2,2,8,14,2,2,0.625,0.5,0.0,0.0,False,retrospective_origin_airport_association
2021,ADQ,108,7,101,0,2021-01-01T00:00:00+00:00,2022-01-01T00:00:00+00:00,1,1,104,108,0.0,0.3363636363636363,0.0007838848962689,1,1,108,104,1,1,1.0,1.0,0.0,0.06481481481481481,False,retrospective_origin_airport_association
2021,AEX,240,10,229,3,2021-01-01T00:00:00+00:00,2022-01-01T00:00:00+00:00,4,3,251,240,0.0,0.4171364148816234,0.0007348852340535,3,4,240,251,3,4,0.4140625,0.3978190822367898,0.013100436681222707,0.041666666666666664,False,retrospective_origin_airport_association
2021,AGS,372,3,368,7,2021-01-01T00:00:00+00:00,2022-01-01T00:00:00+00:00,4,4,378,372,0.0,0.4157303370786517,0.0008711356330805,4,4,372,378,4,4,0.4956642386403052,0.4217827048514879,0.019021739130434784,0.008064516129032258,False,retrospective_origin_airport_association
2021,AKN,52,3,48,0,2021-01-01T00:00:00+00:00,2022-01-01T00:00:00+00:00,2,2,36,52,0.0,0.3366696997270245,0.000567016461549,2,2,52,36,2,2,0.5894970414201184,0.7222222222222223,0.0,0.057692307692307696,False,retrospective_origin_airport_association
2021,ALB,872,14,854,15,2021-01-01T00:00:00+00:00,2022-01-01T00:00:00+00:00,18,19,854,872,0.0002631180496348,0.4636591478696741,0.001468909656194,19,18,872,854,19,18,0.0938920334988637,0.096221665231532,0.01756440281030445,0.016055045871559634,False,retrospective_origin_airport_association
2021,ALO,51,1,50,1,2021-01-01T00:00:00+00:00,2022-01-01T00:00:00+00:00,1,1,58,51,0.0,0.3931987247608927,0.0004834177067838,1,1,51,58,1,1,1.0,1.0,0.02,0.0196078431372549,False,retrospective_origin_airport_association
2021,ALS,53,1,52,2,2021-01-01T00:00:00+00:00,2022-01-01T00:00:00+00:00,1,1,56,53,0.0,0.3957219251336898,0.0004829308742536,1,1,53,56,1,1,1.0,1.0,0.038461538461538464,0.018867924528301886,False,retrospective_origin_airport_association
2021,ALW,89,3,86,3,2021-01-01T00:00:00+00:00,2022-01-01T00:00:00+00:00,1,1,79,89,0.0,0.361328125,0.0005096589863179,1,1,89,79,1,1,1.0,1.0,0.03488372093023256,0.033707865168539325,False,retrospective_origin_airport_association
2021,AMA,451,24,426,23,2021-01-01T00:00:00+00:00,2022-01-01T00:00:00+00:00,6,7,486,451,8.180311760157125e-05,0.4332552693208431,0.0010368989818187,7,6,451,486,7,6,0.287220810123844,0.3140781384951481,0.0539906103286385,0.05321507760532151,False,retrospective_origin_airport_association
2021,ANC,1880,31,1843,26,2021-01-01T00:00:00+00:00,2022-01-01T00:00:00+00:00,32,32,1962,1880,0.0645343371836191,0.506155950752394,0.0080648736457709,32,32,1880,1962,32,32,0.1627772747849706,0.1564984449702346,0.01410743353228432,0.01648936170212766,True,retrospective_origin_airport_association
2021,APN,62,1,61,1,2021-01-01T00:00:00+00:00,2022-01-01T00:00:00+00:00,1,1,73,62,0.0,0.3638151425762045,0.0004987968076299,1,1,62,73,1,1,1.0,1.0,0.01639344262295082,0.016129032258064516,False,retrospective_origin_airport_association
2021,ASE,554,51,500,37,2021-01-01T00:00:00+00:00,2022-01-01T00:00:00+00:00,8,10,604,554,1.9795669103513534e-07,0.4501216545012165,0.0011984039383459,10,8,554,604,10,8,0.2030913996011938,0.2095741414850226,0.074,0.09205776173285199,False,retrospective_origin_airport_association
2021,ATL,32066,223,31781,341,2021-01-01T00:00:00+00:00,2022-01-01T00:00:00+00:00,158,157,31904,32066,0.0785035280379318,0.626057529610829,0.0453089317525469,157,158,32066,31904,157,158,0.0106743817518294,0.0106198500843553,0.01072968125609641,0.006954406536518431,True,retrospective_origin_airport_association
2021,ATW,513,5,508,10,2021-01-01T00:00:00+00:00,2022-01-01T00:00:00+00:00,13,14,541,513,0.0004039845977086,0.4659949622166247,0.0012414591488509,14,13,513,541,14,13,0.1476959672301828,0.1444473676118367,0.01968503937007874,0.009746588693957114,False,retrospective_origin_airport_association
2021,ATY,59,3,56,5,2021-01-01T00:00:00+00:00,2022-01-01T00:00:00+00:00,2,2,66,59,0.0,0.419501133786848,0.0004958493758673,2,2,59,66,2,2,0.5035909221488079,0.5114784205693297,0.08928571428571429,0.05084745762711865,False,retrospective_origin_airport_association
2021,AUS,6379,136,6224,144,2021-01-01T00:00:00+00:00,2022-01-01T00:00:00+00:00,75,73,6238,6379,0.0041963431861256,0.541727672035139,0.0079148904710723,73,75,6379,6238,73,75,0.0334390790482005,0.0319226830230297,0.02313624678663239,0.021319956105972725,True,retrospective_origin_airport_association
2021,AVL,824,16,807,21,2021-01-01T00:00:00+00:00,2022-01-01T00:00:00+00:00,25,25,845,824,0.0004171528594299,0.4855643044619422,0.0016391276696895,25,25,824,845,25,25,0.138573381091526,0.1411981373201218,0.026022304832713755,0.019417475728155338,False,retrospective_origin_airport_association
2021,AVP,165,3,162,2,2021-01-01T00:00:00+00:00,2022-01-01T00:00:00+00:00,2,2,175,165,0.0,0.4061470911086718,0.0006265589228075,2,2,165,175,2,2,0.5925803489439854,0.5823020408163265,0.012345679012345678,0.01818181818181818,False,retrospective_origin_airport_association
2021,AZA,591,11,580,16,2021-01-01T00:00:00+00:00,2022-01-01T00:00:00+00:00,53,53,669,591,0.0131379941520131,0.4180790960451977,0.0028494949456611,53,53,591,669,53,53,0.0344794019714785,0.029741197289308,0.027586206896551724,0.018612521150592216,False,retrospective_origin_airport_association
2021,AZO,180,0,180,1,2021-01-01T00:00:00+00:00,2022-01-01T00:00:00+00:00,2,3,161,180,0.0,0.3982777179763186,0.0006164526374586,3,2,180,161,3,2,0.5069135802469137,0.5541838663631805,0.005555555555555556,0.0,False,retrospective_origin_airport_association
2021,BDL,2053,33,2017,51,2021-01-01T00:00:00+00:00,2022-01-01T00:00:00+00:00,26,26,2038,2053,5.1111581495437e-05,0.4913678618857902,0.0028540179734366,26,26,2053,2038,26,26,0.0567994896091376,0.0560152008790777,0.02528507684680218,0.01607403799318071,True,retrospective_origin_airport_association
2021,BET,76,2,74,0,2021-01-01T00:00:00+00:00,2022-01-01T00:00:00+00:00,1,1,59,76,0.0,0.3363636363636363,0.0006196469130839,1,1,76,59,1,1,1.0,1.0,0.0,0.02631578947368421,False,retrospective_origin_airport_association
2021,BFF,71,1,70,1,2021-01-01T00:00:00+00:00,2022-01-01T00:00:00+00:00,1,1,51,71,0.0,0.3957219251336898,0.0004759113915937,1,1,71,51,1,1,1.0,1.0,0.014285714285714285,0.014084507042253521,False,retrospective_origin_airport_association
2021,BFL,261,5,256,12,2021-01-01T00:00:00+00:00,2022-01-01T00:00:00+00:00,4,4,267,261,0.0,0.4257767548906789,0.0007427832890446,4,4,261,267,4,4,0.2947842809119068,0.3054468431314789,0.046875,0.019157088122605363,False,retrospective_origin_airport_association
2021,BGM,36,0,36,1,2021-01-01T00:00:00+00:00,2022-01-01T00:00:00+00:00,1,1,32,36,0.0,0.3638151425762045,0.0004457303733036,1,1,36,32,1,1,1.0,1.0,0.027777777777777776,0.0,False,retrospective_origin_airport_association
2021,BGR,360,6,354,8,2021-01-01T00:00:00+00:00,2022-01-01T00:00:00+00:00,15,14,390,360,0.0001744401343097,0.4528763769889841,0.0009444522275028,14,15,360,390,14,15,0.1243055555555555,0.1228139381985535,0.022598870056497175,0.016666666666666666,False,retrospective_origin_airport_association
2021,BHM,1418,24,1391,43,2021-01-01T00:00:00+00:00,2022-01-01T00:00:00+00:00,18,18,1464,1418,1.5416641823884858e-05,0.4761904761904761,0.0022121648602744,18,18,1418,1464,18,18,0.1040381474533551,0.1091888381259518,0.030913012221423435,0.01692524682651622,True,retrospective_origin_airport_association
2021,BIH,8,0,8,0,2021-01-01T00:00:00+00:00,2022-01-01T00:00:00+00:00,2,3,4,8,0.0,0.397422126745435,0.0004091698811725,3,2,8,4,3,2,0.34375,0.625,0.0,0.0,False,retrospective_origin_airport_association
2021,BIL,566,10,554,11,2021-01-01T00:00:00+00:00,2022-01-01T00:00:00+00:00,11,12,569,566,0.0001310962405591,0.4671717171717172,0.0012196502246425,12,11,566,569,12,11,0.1679194396234189,0.1710057727768323,0.019855595667870037,0.0176678445229682,False,retrospective_origin_airport_association
2021,BIS,430,3,426,12,2021-01-01T00:00:00+00:00,2022-01-01T00:00:00+00:00,7,7,398,430,0.0001647561744138,0.4506699147381242,0.0010154034620672,7,7,430,398,7,7,0.2950892374256355,0.2948662912552713,0.028169014084507043,0.0069767441860465115,False,retrospective_origin_airport_association
2021,BJI,71,1,70,0,2021-01-01T00:00:00+00:00,2022-01-01T00:00:00+00:00,1,1,77,71,0.0,0.3714859437751004,0.0005123123663224,1,1,71,77,1,1,1.0,1.0,0.0,0.014084507042253521,False,retrospective_origin_airport_association
2021,BKG,3,0,3,0,2021-01-01T00:00:00+00:00,2022-01-01T00:00:00+00:00,1,1,10,3,0.0,0.3957219251336898,0.0004183516337832,1,1,3,10,1,1,1.0,1.0,0.0,0.0,False,retrospective_origin_airport_association
2021,BLI,246,9,237,2,2021-01-01T00:00:00+00:00,2022-01-01T00:00:00+00:00,7,7,271,246,3.0488640729446415e-05,0.3894736842105263,0.0007738036642965,7,7,246,271,7,7,0.3900456077731509,0.3727754251712258,0.008438818565400843,0.036585365853658534,False,retrospective_origin_airport_association
2021,BLV,132,2,129,9,2021-01-01T00:00:00+00:00,2022-01-01T00:00:00+00:00,12,12,131,132,0.000176566618848,0.4034896401308615,0.0006840382830254,12,12,132,131,12,12,0.1658631772268136,0.1667152263854087,0.06976744186046512,0.015151515151515152,False,retrospective_origin_airport_association
2021,BMI,287,3,284,6,2021-01-01T00:00:00+00:00,2022-01-01T00:00:00+00:00,10,10,260,287,0.0001866373795997,0.4683544303797468,0.0007911799655571,10,10,287,260,10,10,0.2148016850999769,0.1976923076923077,0.02112676056338028,0.010452961672473868,False,retrospective_origin_airport_association
2021,BNA,7589,168,7404,130,2021-01-01T00:00:00+00:00,2022-01-01T00:00:00+00:00,84,86,7591,7589,0.0116299519225574,0.5465288035450517,0.0096473075260909,86,84,7589,7591,86,84,0.0268230361158448,0.0268514213899066,0.01755807671528903,0.0221373039926209,True,retrospective_origin_airport_association
2021,BOI,2483,24,2457,41,2021-01-01T00:00:00+00:00,2022-01-01T00:00:00+00:00,28,27,2508,2483,0.0020990378043482,0.4920212765957447,0.0036397670706834,27,28,2483,2508,27,28,0.0892877852116908,0.0904998740871317,0.016687016687016686,0.009665726943213854,True,retrospective_origin_airport_association
2021,BOS,9105,108,8971,173,2021-01-01T00:00:00+00:00,2022-01-01T00:00:00+00:00,73,72,9261,9105,0.0036376350719467,0.5385735080058224,0.011476591013298,72,73,9105,9261,72,73,0.0284927357653298,0.0287403810649195,0.01928436071786869,0.01186161449752883,True,retrospective_origin_airport_association
2021,BPT,100,1,99,7,2021-01-01T00:00:00+00:00,2022-01-01T00:00:00+00:00,1,1,99,100,0.0,0.3987068965517241,0.0005455209016439,1,1,100,99,1,1,1.0,1.0,0.0707070707070707,0.01,False,retrospective_origin_airport_association
2021,BQK,112,0,112,3,2021-01-01T00:00:00+00:00,2022-01-01T00:00:00+00:00,1,1,79,112,0.0,0.3854166666666667,0.0004991444904511,1,1,112,79,1,1,1.0,1.0,0.026785714285714284,0.0,False,retrospective_origin_airport_association
2021,BQN,156,4,151,3,2021-01-01T00:00:00+00:00,2022-01-01T00:00:00+00:00,4,4,175,156,4.802883651344267e-07,0.3779366700715015,0.0005972792791942,4,4,156,175,4,4,0.2959401709401709,0.2984816326530612,0.019867549668874173,0.02564102564102564,False,retrospective_origin_airport_association
2021,BRD,80,1,79,3,2021-01-01T00:00:00+00:00,2022-01-01T00:00:00+00:00,1,1,58,80,0.0,0.3714859437751004,0.0004856630902274,1,1,80,58,1,1,1.0,1.0,0.0379746835443038,0.0125,False,retrospective_origin_airport_association
2021,BRO,152,3,149,7,2021-01-01T00:00:00+00:00,2022-01-01T00:00:00+00:00,2,2,144,152,0.0,0.4017372421281216,0.0006033106104494,2,2,152,144,2,2,0.7164127423822715,0.6701388888888888,0.04697986577181208,0.019736842105263157,False,retrospective_origin_airport_association
2021,BRW,35,1,34,2,2021-01-01T00:00:00+00:00,2022-01-01T00:00:00+00:00,1,1,25,35,0.0,0.3363636363636363,0.0004955559924552,1,1,35,25,1,1,1.0,1.0,0.058823529411764705,0.02857142857142857,False,retrospective_origin_airport_association
2021,BTM,87,1,86,0,2021-01-01T00:00:00+00:00,2022-01-01T00:00:00+00:00,1,1,58,87,0.0,0.3595724003887269,0.0004821143211503,1,1,87,58,1,1,1.0,1.0,0.0,0.011494252873563218,False,retrospective_origin_airport_association
2021,BTR,469,14,454,18,2021-01-01T00:00:00+00:00,2022-01-01T00:00:00+00:00,5,4,465,469,0.0,0.4238258877434135,0.0010056744253734,4,5,469,465,4,5,0.3328635530844104,0.3246756850502948,0.039647577092511016,0.029850746268656716,False,retrospective_origin_airport_association
2021,BTV,491,4,486,12,2021-01-01T00:00:00+00:00,2022-01-01T00:00:00+00:00,13,14,520,491,2.511466518383272e-06,0.4659949622166247,0.0010363472927839,14,13,491,520,14,13,0.1200716771541515,0.120051775147929,0.024691358024691357,0.008146639511201629,False,retrospective_origin_airport_association
2021,BUF,1485,17,1467,32,2021-01-01T00:00:00+00:00,2022-01-01T00:00:00+00:00,25,26,1402,1485,3.282734451648915e-05,0.4849279161205767,0.0020525232007306,26,25,1485,1402,26,25,0.0688678026051763,0.0697302203292219,0.021813224267211998,0.011447811447811448,True,retrospective_origin_airport_association
2021,BUR,1987,59,1925,36,2021-01-01T00:00:00+00:00,2022-01-01T00:00:00+00:00,19,19,1965,1987,0.0001173145613194,0.4551045510455104,0.0027779989717017,19,19,1987,1965,19,19,0.0887239122742719,0.0899887988915434,0.0187012987012987,0.029693004529441368,True,retrospective_origin_airport_association
2021,BWI,7756,195,7553,139,2021-01-01T00:00:00+00:00,2022-01-01T00:00:00+00:00,71,70,7675,7756,0.0028708809219891,0.5346820809248555,0.009721729383075,70,71,7756,7675,70,71,0.0255493692218119,0.0250692357478593,0.018403283463524427,0.025141825683341928,True,retrospective_origin_airport_association
2021,BZN,1176,19,1152,27,2021-01-01T00:00:00+00:00,2022-01-01T00:00:00+00:00,28,28,1213,1176,0.0003134168667381,0.5020352781546812,0.0020104712214669,28,28,1176,1213,28,28,0.0971253297237262,0.0997390865241825,0.0234375,0.016156462585034014,True,retrospective_origin_airport_association
2021,CAE,542,6,536,8,2021-01-01T00:00:00+00:00,2022-01-01T00:00:00+00:00,6,6,579,542,0.0,0.417607223476298,0.0011185546466297,6,6,542,579,6,6,0.3185550305687559,0.3645586309550443,0.014925373134328358,0.01107011070110701,False,retrospective_origin_airport_association
2021,CAK,239,1,238,5,2021-01-01T00:00:00+00:00,2022-01-01T00:00:00+00:00,6,7,211,239,1.6372714362021594e-06,0.3850156087408949,0.0006597902108984,7,6,239,211,7,6,0.4861084364769524,0.5576020305024596,0.02100840336134454,0.0041841004184100415,False,retrospective_origin_airport_association
2021,CDB,16,0,16,0,2021-01-01T00:00:00+00:00,2022-01-01T00:00:00+00:00,2,2,7,16,0.0,0.3366696997270245,0.0005580237534496,2,2,16,7,2,2,0.5078125,0.5918367346938775,0.0,0.0,False,retrospective_origin_airport_association
2021,CDC,69,1,68,4,2021-01-01T00:00:00+00:00,2022-01-01T00:00:00+00:00,1,1,70,69,0.0,0.3595724003887269,0.0004982112148096,1,1,69,70,1,1,1.0,1.0,0.058823529411764705,0.014492753623188406,False,retrospective_origin_airport_association
2021,CDV,75,2,72,1,2021-01-01T00:00:00+00:00,2022-01-01T00:00:00+00:00,2,2,73,75,0.0012110394913609,0.3369763205828779,0.0009913716133877,2,2,75,73,2,2,0.5008,0.5000938262338149,0.013888888888888888,0.02666666666666667,False,retrospective_origin_airport_association
2021,CGI,56,4,52,0,2021-01-01T00:00:00+00:00,2022-01-01T00:00:00+00:00,2,1,54,56,0.0,0.394456289978678,0.0004779013476305,1,2,56,54,1,2,1.0,0.9636488340192044,0.0,0.07142857142857142,False,retrospective_origin_airport_association
2021,CHA,528,4,523,8,2021-01-01T00:00:00+00:00,2022-01-01T00:00:00+00:00,9,9,544,528,0.0001481872643585,0.4484848484848485,0.0011288626347943,9,9,528,544,9,9,0.3084466827364555,0.3099183607266436,0.015296367112810707,0.007575757575757576,False,retrospective_origin_airport_association
2021,CHO,191,0,191,3,2021-01-01T00:00:00+00:00,2022-01-01T00:00:00+00:00,3,3,201,191,0.0,0.3911205073995771,0.0006443590843629,3,3,191,201,3,3,0.4188755790685562,0.4279349521051458,0.015706806282722512,0.0,False,retrospective_origin_airport_association
2021,CHS,2391,59,2328,41,2021-01-01T00:00:00+00:00,2022-01-01T00:00:00+00:00,34,33,2343,2391,0.0011793737929521,0.4986522911051212,0.003253279998129,33,34,2391,2343,33,34,0.0674593366557743,0.0610907910505753,0.01761168384879725,0.0246758678377248,True,retrospective_origin_airport_association
2021,CID,795,16,775,21,2021-01-01T00:00:00+00:00,2022-01-01T00:00:00+00:00,17,16,840,795,0.0005386955366979,0.4849279161205767,0.0016209611183685,16,17,795,840,16,17,0.1144432577825244,0.1172108843537415,0.027096774193548386,0.02012578616352201,False,retrospective_origin_airport_association
2021,CIU,86,0,86,2,2021-01-01T00:00:00+00:00,2022-01-01T00:00:00+00:00,2,2,75,86,0.0,0.3826266804550155,0.000504525830053,2,2,86,75,2,2,0.5270416441319632,0.5256888888888889,0.023255813953488372,0.0,False,retrospective_origin_airport_association
2021,CKB,100,4,96,9,2021-01-01T00:00:00+00:00,2022-01-01T00:00:00+00:00,5,5,92,100,2.986915240283594e-05,0.4074889867841409,0.0005495038316427,5,5,100,92,5,5,0.3158,0.3140359168241966,0.09375,0.04,False,retrospective_origin_airport_association
2021,CLE,3354,45,3296,71,2021-01-01T00:00:00+00:00,2022-01-01T00:00:00+00:00,40,41,3462,3354,0.000754249236352,0.505464480874317,0.0045887505840864,41,40,3354,3462,41,40,0.0455839270583207,0.0448981280960471,0.02154126213592233,0.013416815742397137,True,retrospective_origin_airport_association
2021,CLL,140,4,136,2,2021-01-01T00:00:00+00:00,2022-01-01T00:00:00+00:00,2,2,151,140,0.0,0.4017372421281216,0.000619264492593,2,2,140,151,2,2,0.9858163265306124,0.9738607955791414,0.014705882352941176,0.02857142857142857,False,retrospective_origin_airport_association
2021,CLT,20777,271,20465,256,2021-01-01T00:00:00+00:00,2022-01-01T00:00:00+00:00,141,140,20724,20777,0.0550188849293601,0.5977382875605816,0.0300897635082185,140,141,20777,20724,140,141,0.0105945457119603,0.0107123108535668,0.012509161983874908,0.013043268999374307,True,retrospective_origin_airport_association
2021,CMH,3104,53,3044,43,2021-01-01T00:00:00+00:00,2022-01-01T00:00:00+00:00,34,35,3172,3104,0.0001540806890566,0.504774897680764,0.0042219027463713,35,34,3104,3172,35,34,0.0457833341083005,0.0473772320541179,0.014126149802890934,0.017074742268041235,True,retrospective_origin_airport_association
2021,CMI,147,2,145,2,2021-01-01T00:00:00+00:00,2022-01-01T00:00:00+00:00,2,2,154,147,0.0,0.4209328782707622,0.0006187227913099,2,2,147,154,2,2,0.5027997593595261,0.5041322314049586,0.013793103448275862,0.013605442176870748,False,retrospective_origin_airport_association
2021,CMX,79,4,75,2,2021-01-01T00:00:00+00:00,2022-01-01T00:00:00+00:00,1,1,72,79,0.0,0.3931987247608927,0.0005025120263784,1,1,79,72,1,1,1.0,1.0,0.02666666666666667,0.05063291139240506,False,retrospective_origin_airport_association
2021,CNY,76,2,73,2,2021-01-01T00:00:00+00:00,2022-01-01T00:00:00+00:00,2,2,68,76,0.0,0.3982777179763186,0.0004986528355508,2,2,76,68,2,2,0.5498614958448754,0.6107266435986161,0.0273972602739726,0.02631578947368421,False,retrospective_origin_airport_association
2021,COD,82,0,80,9,2021-01-01T00:00:00+00:00,2022-01-01T00:00:00+00:00,2,3,60,82,0.0,0.3982777179763186,0.0004879840618382,3,2,82,60,3,2,0.6969066032123735,0.7449999999999999,0.1125,0.0,False,retrospective_origin_airport_association
2021,COS,1186,23,1156,31,2021-01-01T00:00:00+00:00,2022-01-01T00:00:00+00:00,13,11,1190,1186,9.659491080042664e-06,0.4642409033877039,0.0019578198466101,11,13,1186,1190,11,13,0.1431256736120393,0.1565482663653696,0.026816608996539794,0.0193929173693086,True,retrospective_origin_airport_association
2021,COU,126,7,119,5,2021-01-01T00:00:00+00:00,2022-01-01T00:00:00+00:00,2,2,129,126,0.0,0.4209328782707622,0.0005856252451325,2,2,126,129,2,2,0.545477450239355,0.5555555555555556,0.04201680672268908,0.05555555555555555,False,retrospective_origin_airport_association
2021,CPR,183,3,180,6,2021-01-01T00:00:00+00:00,2022-01-01T00:00:00+00:00,2,2,190,183,0.0,0.3982777179763186,0.0006672411971885,2,2,183,190,2,2,0.5419391441966019,0.5640443213296399,0.03333333333333333,0.01639344262295082,False,retrospective_origin_airport_association
2021,CRP,372,13,358,11,2021-01-01T00:00:00+00:00,2022-01-01T00:00:00+00:00,3,3,375,372,9.085070060679816e-07,0.4052573932092004,0.0008986608671086,3,3,372,375,3,3,0.4562955254942767,0.4504248888888889,0.030726256983240222,0.03494623655913978,False,retrospective_origin_airport_association
2021,CRW,295,8,287,6,2021-01-01T00:00:00+00:00,2022-01-01T00:00:00+00:00,6,6,275,295,0.0,0.3982777179763186,0.0007345109899691,6,6,295,275,6,6,0.3531513932777937,0.326995041322314,0.020905923344947737,0.02711864406779661,False,retrospective_origin_airport_association
2021,CSG,145,0,145,1,2021-01-01T00:00:00+00:00,2022-01-01T00:00:00+00:00,3,3,165,145,0.0,0.4147982062780269,0.0006072658803072,3,3,145,165,3,3,0.5597621878715814,0.5246280991735537,0.006896551724137931,0.0,False,retrospective_origin_airport_association
2021,CVG,3387,41,3344,64,2021-01-01T00:00:00+00:00,2022-01-01T00:00:00+00:00,44,44,3364,3387,0.0016088815610552,0.5174825174825175,0.0048089455008595,44,44,3387,3364,44,44,0.0393859918204419,0.0393475153439722,0.019138755980861243,0.01210510776498376,True,retrospective_origin_airport_association
2021,CWA,219,2,215,9,2021-01-01T00:00:00+00:00,2022-01-01T00:00:00+00:00,3,3,224,219,0.0,0.4057017543859649,0.0007076540466509,3,3,219,224,3,3,0.3351264569129083,0.3335060586734694,0.04186046511627907,0.0091324200913242,False,retrospective_origin_airport_association
2021,CYS,19,1,18,1,2021-01-01T00:00:00+00:00,2022-01-01T00:00:00+00:00,1,1,23,19,0.0,0.3957219251336898,0.0004366022886987,1,1,19,23,1,1,1.0,1.0,0.05555555555555555,0.05263157894736842,False,retrospective_origin_airport_association
2021,DAB,358,4,353,5,2021-01-01T00:00:00+00:00,2022-01-01T00:00:00+00:00,4,4,334,358,0.0,0.4157303370786517,0.000812764591487,4,4,358,334,4,4,0.3655160575512624,0.4030083545483882,0.014164305949008499,0.0111731843575419,False,retrospective_origin_airport_association
2021,DAL,5991,132,5849,154,2021-01-01T00:00:00+00:00,2022-01-01T00:00:00+00:00,71,71,5912,5991,0.0030298313367865,0.5211267605633803,0.0076228397676177,71,71,5991,5912,71,71,0.0269898811384048,0.0266612161041234,0.026329287057616686,0.022033049574361543,True,retrospective_origin_airport_association
2021,DAY,741,0,738,12,2021-01-01T00:00:00+00:00,2022-01-01T00:00:00+00:00,14,14,740,741,0.000231885676157,0.4596273291925465,0.0013844980158989,14,14,741,740,14,14,0.1566162369486469,0.1538568298027757,0.016260162601626018,0.0,False,retrospective_origin_airport_association
2021,DBQ,47,2,45,0,2021-01-01T00:00:00+00:00,2022-01-01T00:00:00+00:00,1,1,60,47,0.0,0.3931987247608927,0.0004861454667259,1,1,47,60,1,1,1.0,1.0,0.0,0.0425531914893617,False,retrospective_origin_airport_association
2021,DCA,8236,102,8115,195,2021-01-01T00:00:00+00:00,2022-01-01T00:00:00+00:00,96,95,8363,8236,0.0124581278544836,0.5547226386806596,0.0110005435800411,95,96,8236,8363,95,96,0.0227513992868466,0.0226657168398711,0.024029574861367836,0.01238465274405051,True,retrospective_origin_airport_association
2021,DDC,77,3,74,2,2021-01-01T00:00:00+00:00,2022-01-01T00:00:00+00:00,1,1,69,77,0.0,0.3957219251336898,0.0005011815291691,1,1,77,69,1,1,1.0,1.0,0.02702702702702703,0.03896103896103896,False,retrospective_origin_airport_association
2021,DEC,66,2,64,2,2021-01-01T00:00:00+00:00,2022-01-01T00:00:00+00:00,1,1,57,66,0.0,0.3931987247608927,0.0004820538268128,1,1,66,57,1,1,1.0,1.0,0.03125,0.030303030303030304,False,retrospective_origin_airport_association
2021,DEN,26824,564,26186,553,2021-01-01T00:00:00+00:00,2022-01-01T00:00:00+00:00,183,182,26550,26824,0.1855584322711391,0.6537102473498233,0.0443112822413554,182,183,26824,26550,182,183,0.0114151689567786,0.0113501938211312,0.021118154739173604,0.021025946913212048,True,retrospective_origin_airport_association
2021,DFW,28380,942,27363,795,2021-01-01T00:00:00+00:00,2022-01-01T00:00:00+00:00,190,190,28625,28380,0.1661032759797664,0.6618962432915921,0.0476477811265402,190,190,28380,28625,190,190,0.0086726724444901,0.0085967507865982,0.029053831816686766,0.03319238900634249,True,retrospective_origin_airport_association
2021,DHN,103,0,103,1,2021-01-01T00:00:00+00:00,2022-01-01T00:00:00+00:00,1,1,115,103,0.0,0.3854166666666667,0.0005423589916099,1,1,103,115,1,1,1.0,1.0,0.009708737864077669,0.0,False,retrospective_origin_airport_association
2021,DIK,11,0,11,2,2021-01-01T00:00:00+00:00,2022-01-01T00:00:00+00:00,1,1,9,11,0.0,0.3957219251336898,0.0004169477372512,1,1,11,9,1,1,1.0,1.0,0.18181818181818182,0.0,False,retrospective_origin_airport_association
2021,DLG,64,6,58,0,2021-01-01T00:00:00+00:00,2022-01-01T00:00:00+00:00,2,2,49,64,0.0,0.3366696997270245,0.0006674818933711,2,2,64,49,2,2,0.830078125,0.5751770095793419,0.0,0.09375,False,retrospective_origin_airport_association
2021,DLH,213,1,212,6,2021-01-01T00:00:00+00:00,2022-01-01T00:00:00+00:00,2,2,185,213,0.0,0.4026115342763873,0.0006628246243293,2,2,213,185,2,2,0.7191033525094228,0.7662527392257124,0.02830188679245283,0.004694835680751174,False,retrospective_origin_airport_association
2021,DRO,426,5,421,13,2021-01-01T00:00:00+00:00,2022-01-01T00:00:00+00:00,6,6,419,426,0.0,0.4337631887456037,0.0009672000352121,6,6,426,419,6,6,0.3247040931032202,0.3072949003480272,0.030878859857482184,0.011737089201877934,False,retrospective_origin_airport_association
2021,DRT,69,2,67,1,2021-01-01T00:00:00+00:00,2022-01-01T00:00:00+00:00,1,1,66,69,0.0,0.3987068965517241,0.0004984514905838,1,1,69,66,1,1,1.0,1.0,0.014925373134328358,0.028985507246376812,False,retrospective_origin_airport_association
2021,DSM,1475,31,1438,31,2021-01-01T00:00:00+00:00,2022-01-01T00:00:00+00:00,28,30,1384,1475,0.0008459285482962,0.4973118279569892,0.0022779784156143,30,28,1475,1384,30,28,0.0863682849755817,0.0894116074710147,0.021557719054242003,0.021016949152542375,True,retrospective_origin_airport_association
2021,DTW,13289,95,13168,222,2021-01-01T00:00:00+00:00,2022-01-01T00:00:00+00:00,104,105,13005,13289,0.0490125891674964,0.5709876543209876,0.020241807985658,105,104,13289,13005,105,104,0.0154625216964398,0.015493517487507,0.016859052247873634,0.007148769659116563,True,retrospective_origin_airport_association
2021,DVL,52,3,49,2,2021-01-01T00:00:00+00:00,2022-01-01T00:00:00+00:00,1,2,59,52,0.0,0.283960092095165,0.0009349174648733,2,1,52,59,2,1,0.5266272189349113,1.0,0.04081632653061224,0.057692307692307696,False,retrospective_origin_airport_association
2021,EAR,100,1,99,5,2021-01-01T00:00:00+00:00,2022-01-01T00:00:00+00:00,2,2,102,100,0.0,0.419501133786848,0.0005457093694823,2,2,100,102,2,2,0.5338,0.5069204152249135,0.050505050505050504,0.01,False,retrospective_origin_airport_association
2021,EAT,78,2,76,1,2021-01-01T00:00:00+00:00,2022-01-01T00:00:00+00:00,1,1,72,78,0.0,0.361328125,0.0005003245024574,1,1,78,72,1,1,1.0,1.0,0.013157894736842105,0.02564102564102564,False,retrospective_origin_airport_association
2021,EAU,87,3,84,3,2021-01-01T00:00:00+00:00,2022-01-01T00:00:00+00:00,1,1,92,87,0.0,0.3931987247608927,0.0005297896257992,1,1,87,92,1,1,1.0,1.0,0.03571428571428571,0.034482758620689655,False,retrospective_origin_airport_association
2021,ECP,947,17,927,32,2021-01-01T00:00:00+00:00,2022-01-01T00:00:00+00:00,18,18,925,947,1.5011147882202471e-05,0.4665825977301387,0.0015131845398325,18,18,947,925,18,18,0.125454806987887,0.1258717311906501,0.034519956850053934,0.01795142555438226,False,retrospective_origin_airport_association
2021,EGE,295,15,278,11,2021-01-01T00:00:00+00:00,2022-01-01T00:00:00+00:00,13,13,340,295,3.38577398808771e-06,0.4619225967540574,0.0008551555618639,13,13,295,340,13,13,0.1843033611031312,0.204273356401384,0.039568345323741004,0.05084745762711865,False,retrospective_origin_airport_association
2021,EKO,63,1,62,4,2021-01-01T00:00:00+00:00,2022-01-01T00:00:00+00:00,1,1,68,63,0.0,0.3595724003887269,0.0004955283991997,1,1,63,68,1,1,1.0,1.0,0.06451612903225806,0.015873015873015872,False,retrospective_origin_airport_association
2021,ELM,98,0,98,2,2021-01-01T00:00:00+00:00,2022-01-01T00:00:00+00:00,4,4,138,98,2.197375217037584e-05,0.3806584362139917,0.0006539494753873,4,4,98,138,4,4,0.5828821324448147,0.5218441503885738,0.02040816326530612,0.0,False,retrospective_origin_airport_association
2021,ELP,1333,25,1305,30,2021-01-01T00:00:00+00:00,2022-01-01T00:00:00+00:00,17,16,1369,1333,0.0002110327967567,0.4849279161205767,0.0021135798958131,16,17,1333,1369,16,17,0.1100130621552612,0.115807019781118,0.022988505747126436,0.018754688672168042,True,retrospective_origin_airport_association
2021,ERI,61,1,60,2,2021-01-01T00:00:00+00:00,2022-01-01T00:00:00+00:00,1,1,52,61,0.0,0.374493927125506,0.0004682872520749,1,1,61,52,1,1,1.0,1.0,0.03333333333333333,0.01639344262295082,False,retrospective_origin_airport_association
2021,ESC,70,0,70,4,2021-01-01T00:00:00+00:00,2022-01-01T00:00:00+00:00,2,2,72,70,0.0,0.3826266804550155,0.0005011843712365,2,2,70,72,2,2,0.503673469387755,0.5015432098765432,0.05714285714285714,0.0,False,retrospective_origin_airport_association
2021,EUG,888,19,868,12,2021-01-01T00:00:00+00:00,2022-01-01T00:00:00+00:00,13,13,886,888,0.0001236438459148,0.4441776710684273,0.0015828418908563,13,13,888,886,13,13,0.1836346481616752,0.1895270803927663,0.013824884792626729,0.021396396396396396,False,retrospective_origin_airport_association
2021,EVV,237,4,233,1,2021-01-01T00:00:00+00:00,2022-01-01T00:00:00+00:00,5,6,213,237,6.396255760803941e-05,0.4404761904761904,0.0007012465905142,6,5,237,213,6,5,0.3060228951912977,0.3364191408230289,0.004291845493562232,0.016877637130801686,False,retrospective_origin_airport_association
2021,EWN,162,2,160,4,2021-01-01T00:00:00+00:00,2022-01-01T00:00:00+00:00,1,1,144,162,0.0,0.374493927125506,0.0005814730538489,1,1,162,144,1,1,1.0,1.0,0.025,0.012345679012345678,False,retrospective_origin_airport_association
2021,EWR,9280,258,8989,301,2021-01-01T00:00:00+00:00,2022-01-01T00:00:00+00:00,82,81,9258,9280,0.0078567391268206,0.5530642750373692,0.0116098400267178,81,82,9280,9258,81,82,0.030407439060642,0.0298901311628284,0.033485371009011014,0.027801724137931035,True,retrospective_origin_airport_association
2021,EYW,1010,28,977,36,2021-01-01T00:00:00+00:00,2022-01-01T00:00:00+00:00,21,22,1063,1010,0.0002133755898529,0.4579207920792079,0.0016798367434149,22,21,1010,1063,22,21,0.0970669542201744,0.1017505789981849,0.0368474923234391,0.027722772277227723,False,retrospective_origin_airport_association
2021,FAI,471,13,457,5,2021-01-01T00:00:00+00:00,2022-01-01T00:00:00+00:00,7,7,474,471,0.0013163989397934,0.452322738386308,0.001633908555411,7,7,471,474,7,7,0.4169157189158001,0.3971763784293827,0.010940919037199124,0.027600849256900213,False,retrospective_origin_airport_association
2021,FAR,688,17,671,21,2021-01-01T00:00:00+00:00,2022-01-01T00:00:00+00:00,12,12,640,688,0.0003439748693724,0.4719387755102041,0.0013882295112717,12,12,688,640,12,12,0.2125388723634397,0.2058984375,0.03129657228017884,0.024709302325581394,False,retrospective_origin_airport_association
2021,FAT,1259,24,1229,37,2021-01-01T00:00:00+00:00,2022-01-01T00:00:00+00:00,11,11,1271,1259,0.0,0.4601990049751244,0.0019944847190288,11,11,1259,1271,11,11,0.1059889052988459,0.1086904442811591,0.030105777054515868,0.019062748212867357,True,retrospective_origin_airport_association
2021,FAY,316,1,315,7,2021-01-01T00:00:00+00:00,2022-01-01T00:00:00+00:00,3,3,318,316,0.0,0.4147982062780269,0.0007972932554439,3,3,316,318,3,3,0.4406545425412594,0.4511293065938846,0.022222222222222223,0.0031645569620253164,False,retrospective_origin_airport_association
2021,FCA,639,4,630,15,2021-01-01T00:00:00+00:00,2022-01-01T00:00:00+00:00,16,18,553,639,0.0002192252798864,0.4823989569752281,0.0011562900906101,18,16,639,553,18,16,0.1542046576100665,0.1472847430912759,0.023809523809523808,0.006259780907668232,False,retrospective_origin_airport_association
2021,FLG,250,9,241,10,2021-01-01T00:00:00+00:00,2022-01-01T00:00:00+00:00,3,3,241,250,0.0,0.4247990815154994,0.0007061856539617,3,3,250,241,3,3,0.512608,0.4790034606842168,0.04149377593360996,0.036,False,retrospective_origin_airport_association
2021,FLL,8922,153,8748,263,2021-01-01T00:00:00+00:00,2022-01-01T00:00:00+00:00,82,81,8817,8922,0.0146102972605507,0.5433186490455213,0.0113881492881261,81,82,8922,8817,81,82,0.0312251875214724,0.0307590521980405,0.030064014631915867,0.01714862138533961,True,retrospective_origin_airport_association
2021,FNT,273,6,266,9,2021-01-01T00:00:00+00:00,2022-01-01T00:00:00+00:00,10,10,298,273,0.0001915257977073,0.4363207547169811,0.000917029904339,10,10,273,298,10,10,0.2515396691220867,0.2443133192198549,0.03383458646616541,0.02197802197802198,False,retrospective_origin_airport_association
2021,FOD,54,0,54,2,2021-01-01T00:00:00+00:00,2022-01-01T00:00:00+00:00,2,2,50,54,0.0,0.419501133786848,0.0004728668160638,2,2,54,50,2,2,0.8950617283950617,0.7047999999999999,0.037037037037037035,0.0,False,retrospective_origin_airport_association
2021,FSD,756,14,742,22,2021-01-01T00:00:00+00:00,2022-01-01T00:00:00+00:00,16,17,765,756,0.0005415275266113,0.4823989569752281,0.001525391425293,17,16,756,765,17,16,0.14041110271269,0.1420291340937246,0.029649595687331536,0.018518518518518517,False,retrospective_origin_airport_association
2021,FSM,151,7,144,4,2021-01-01T00:00:00+00:00,2022-01-01T00:00:00+00:00,1,1,124,151,0.0,0.3987068965517241,0.0005811795463865,1,1,151,124,1,1,1.0,1.0,0.027777777777777776,0.046357615894039736,False,retrospective_origin_airport_association
2021,FWA,589,17,571,24,2021-01-01T00:00:00+00:00,2022-01-01T00:00:00+00:00,13,13,578,589,0.0003739278202597,0.4613466334164589,0.0012878578382011,13,13,589,578,13,13,0.1589958520815978,0.1541468612684235,0.04203152364273205,0.028862478777589132,False,retrospective_origin_airport_association
2021,GCC,84,2,82,2,2021-01-01T00:00:00+00:00,2022-01-01T00:00:00+00:00,1,1,77,84,0.0,0.3957219251336898,0.0005124127014248,1,1,84,77,1,1,1.0,1.0,0.024390243902439025,0.023809523809523808,False,retrospective_origin_airport_association
2021,GCK,75,3,71,2,2021-01-01T00:00:00+00:00,2022-01-01T00:00:00+00:00,1,1,80,75,0.0,0.3987068965517241,0.0005184203316396,1,1,75,80,1,1,1.0,1.0,0.028169014084507043,0.04,False,retrospective_origin_airport_association
2021,GEG,2056,23,2029,26,2021-01-01T00:00:00+00:00,2022-01-01T00:00:00+00:00,20,21,2116,2056,0.0002244284806708,0.4780361757105943,0.0030987091804406,21,20,2056,2116,21,20,0.1462815485472906,0.1492762854621016,0.012814194184327254,0.011186770428015564,True,retrospective_origin_airport_association
2021,GFK,126,0,126,3,2021-01-01T00:00:00+00:00,2022-01-01T00:00:00+00:00,5,4,123,126,3.463404846114372e-05,0.4061470911086718,0.0005887886194751,4,5,126,123,4,5,0.6855631141345427,0.7385154339348271,0.023809523809523808,0.0,False,retrospective_origin_airport_association
2021,GGG,95,5,90,2,2021-01-01T00:00:00+00:00,2022-01-01T00:00:00+00:00,1,1,88,95,0.0,0.3987068965517241,0.0005298310979572,1,1,95,88,1,1,1.0,1.0,0.022222222222222223,0.05263157894736842,False,retrospective_origin_airport_association
2021,GJT,486,5,479,14,2021-01-01T00:00:00+00:00,2022-01-01T00:00:00+00:00,8,7,474,486,7.89499603055509e-05,0.4358068315665488,0.0010585309079483,7,8,486,474,7,8,0.2251858625886975,0.240372803503712,0.029227557411273485,0.0102880658436214,False,retrospective_origin_airport_association
2021,GNV,381,6,375,15,2021-01-01T00:00:00+00:00,2022-01-01T00:00:00+00:00,4,4,368,381,0.0,0.4157303370786517,0.0008641183954102,4,4,381,368,4,4,0.329241325149317,0.3465855387523629,0.04,0.015748031496062992,False,retrospective_origin_airport_association
2021,GPT,298,6,291,7,2021-01-01T00:00:00+00:00,2022-01-01T00:00:00+00:00,4,4,329,298,4.255115846583705e-05,0.4243119266055046,0.0008330135385644,4,4,298,329,4,4,0.3300076573127336,0.3322123779344241,0.024054982817869417,0.020134228187919462,False,retrospective_origin_airport_association
2021,GRB,423,4,419,8,2021-01-01T00:00:00+00:00,2022-01-01T00:00:00+00:00,6,6,406,423,0.0,0.4495747266099635,0.0009464214316077,6,6,423,406,6,6,0.2497023959224049,0.2592637530636512,0.01909307875894988,0.009456264775413711,False,retrospective_origin_airport_association
2021,GRI,90,6,84,2,2021-01-01T00:00:00+00:00,2022-01-01T00:00:00+00:00,3,3,102,90,2.8744647258937668e-05,0.4101995565410199,0.0005887723441557,3,3,90,102,3,3,0.5350617283950616,0.5530565167243368,0.023809523809523808,0.06666666666666667,False,retrospective_origin_airport_association
2021,GRK,275,12,263,11,2021-01-01T00:00:00+00:00,2022-01-01T00:00:00+00:00,2,2,304,275,0.0,0.4017372421281216,0.0008264092554167,2,2,275,304,2,2,0.6507504132231405,0.7078427977839334,0.04182509505703422,0.04363636363636364,False,retrospective_origin_airport_association
2021,GRR,1611,27,1582,36,2021-01-01T00:00:00+00:00,2022-01-01T00:00:00+00:00,35,35,1560,1611,0.0009246441908251,0.5,0.0025882696701666,35,35,1611,1560,35,35,0.0705573607272472,0.0721112754766601,0.022756005056890013,0.01675977653631285,True,retrospective_origin_airport_association
2021,GSO,818,9,808,12,2021-01-01T00:00:00+00:00,2022-01-01T00:00:00+00:00,15,15,794,818,0.0001642054819008,0.4534313725490196,0.0013989745246723,15,15,818,794,15,15,0.1830303501294229,0.1665958162287686,0.01485148514851485,0.011002444987775062,False,retrospective_origin_airport_association
2021,GSP,1156,17,1138,23,2021-01-01T00:00:00+00:00,2022-01-01T00:00:00+00:00,18,18,1169,1156,0.000259192004099,0.4798962386511025,0.0018707157757427,18,18,1156,1169,18,18,0.146546976209576,0.152213476017536,0.020210896309314587,0.014705882352941176,True,retrospective_origin_airport_association
2021,GST,5,0,5,0,2021-01-01T00:00:00+00:00,2022-01-01T00:00:00+00:00,1,1,6,5,0.0,0.2696793002915452,0.0004420007537574,1,1,5,6,1,1,1.0,1.0,0.0,0.0,False,retrospective_origin_airport_association
2021,GTF,322,6,314,3,2021-01-01T00:00:00+00:00,2022-01-01T00:00:00+00:00,6,6,287,322,6.217534358886136e-05,0.4238258877434135,0.000819264638584,6,6,322,287,6,6,0.245958875043401,0.2681955590088504,0.009554140127388535,0.018633540372670808,False,retrospective_origin_airport_association
2021,GTR,137,0,137,2,2021-01-01T00:00:00+00:00,2022-01-01T00:00:00+00:00,1,1,99,137,0.0,0.3854166666666667,0.0005231525466504,1,1,137,99,1,1,1.0,1.0,0.014598540145985401,0.0,False,retrospective_origin_airport_association
2021,GUC,73,3,70,2,2021-01-01T00:00:00+00:00,2022-01-01T00:00:00+00:00,3,3,53,73,0.0,0.4257767548906789,0.0004773167620663,3,3,73,53,3,3,0.3818727716269469,0.4190103239587041,0.02857142857142857,0.0410958904109589,False,retrospective_origin_airport_association
2021,GUM,53,0,53,0,2021-01-01T00:00:00+00:00,2022-01-01T00:00:00+00:00,3,2,82,53,0.0053980810078371,0.357487922705314,0.0011675279867813,2,3,53,82,2,3,0.5087219651121395,0.4886972040452111,0.0,0.0,False,retrospective_origin_airport_association
2021,HDN,276,8,267,8,2021-01-01T00:00:00+00:00,2022-01-01T00:00:00+00:00,16,16,241,276,9.896407295118755e-06,0.4786545924967658,0.000730724381065,16,16,276,241,16,16,0.5042533081285444,0.4748713004252682,0.0299625468164794,0.028985507246376812,False,retrospective_origin_airport_association
2021,HGR,13,1,12,0,2021-01-01T00:00:00+00:00,2022-01-01T00:00:00+00:00,3,3,17,13,5.597431668039865e-06,0.3533906399235912,0.0004545589097833,3,3,13,17,3,3,0.7278106508875739,0.6193771626297577,0.0,0.07692307692307693,False,retrospective_origin_airport_association
2021,HHH,367,9,355,15,2021-01-01T00:00:00+00:00,2022-01-01T00:00:00+00:00,10,10,368,367,1.407542853049388e-06,0.4358068315665488,0.0008512277886696,10,10,367,368,10,10,0.239240027025221,0.2344045368620038,0.04225352112676056,0.02452316076294278,False,retrospective_origin_airport_association
2021,HIB,71,1,70,4,2021-01-01T00:00:00+00:00,2022-01-01T00:00:00+00:00,1,1,74,71,0.0,0.3714859437751004,0.0005081045858863,1,1,71,74,1,1,1.0,1.0,0.05714285714285714,0.014084507042253521,False,retrospective_origin_airport_association
2021,HLN,146,1,145,4,2021-01-01T00:00:00+00:00,2022-01-01T00:00:00+00:00,3,3,140,146,0.0,0.4048140043763676,0.0005938254285969,3,3,146,140,3,3,0.4386376430850066,0.4237755102040816,0.027586206896551724,0.00684931506849315,False,retrospective_origin_airport_association
2021,HNL,4901,38,4858,46,2021-01-01T00:00:00+00:00,2022-01-01T00:00:00+00:00,34,33,4936,4901,0.0121282489608296,0.509641873278237,0.0075803750539704,33,34,4901,4936,33,34,0.089267642142414,0.0925568508677687,0.009468917249897077,0.007753519689859213,True,retrospective_origin_airport_association
2021,HOB,31,0,31,3,2021-01-01T00:00:00+00:00,2022-01-01T00:00:00+00:00,2,2,45,31,0.0,0.4052573932092004,0.0004602396720032,2,2,31,45,2,2,0.8251821019771071,0.7372839506172839,0.0967741935483871,0.0,False,retrospective_origin_airport_association
2021,HOU,5050,151,4892,103,2021-01-01T00:00:00+00:00,2022-01-01T00:00:00+00:00,75,74,4928,5050,0.0054675428427052,0.5174825174825175,0.0065435520175924,74,75,5050,4928,74,75,0.0312021958631506,0.0306973173437763,0.02105478331970564,0.0299009900990099,True,retrospective_origin_airport_association
2021,HPN,645,10,631,24,2021-01-01T00:00:00+00:00,2022-01-01T00:00:00+00:00,11,11,611,645,7.387911523952829e-05,0.4223744292237443,0.0011395832090355,11,11,645,611,11,11,0.1202307553632594,0.1184315910436326,0.03803486529318542,0.015503875968992248,False,retrospective_origin_airport_association
2021,HRL,296,8,287,7,2021-01-01T00:00:00+00:00,2022-01-01T00:00:00+00:00,8,9,276,296,6.648900502349355e-06,0.4545454545454545,0.0007522887257486,9,8,296,276,9,8,0.2885546018991965,0.3317055240495694,0.024390243902439025,0.02702702702702703,False,retrospective_origin_airport_association
2021,HSV,677,13,664,18,2021-01-01T00:00:00+00:00,2022-01-01T00:00:00+00:00,9,10,671,677,0.0,0.4630788485607008,0.0012598069271973,10,9,677,671,10,9,0.2055750345275991,0.2246552401935852,0.02710843373493976,0.019202363367799114,False,retrospective_origin_airport_association
2021,HTS,55,3,52,2,2021-01-01T00:00:00+00:00,2022-01-01T00:00:00+00:00,5,5,55,55,1.6365301015827976e-05,0.3592233009708738,0.0005482451187862,5,5,55,55,5,5,0.2766942148760331,0.2919008264462809,0.038461538461538464,0.05454545454545454,False,retrospective_origin_airport_association
2021,HVN,15,0,15,0,2021-01-01T00:00:00+00:00,2022-01-01T00:00:00+00:00,1,1,20,15,0.0,0.3537284894837476,0.0004265855036221,1,1,15,20,1,1,1.0,1.0,0.0,0.0,False,retrospective_origin_airport_association
2021,HYA,12,1,11,1,2021-01-01T00:00:00+00:00,2022-01-01T00:00:00+00:00,1,1,11,12,0.0,0.3537284894837476,0.0004167524088543,1,1,12,11,1,1,1.0,1.0,0.09090909090909091,0.08333333333333333,False,retrospective_origin_airport_association
2021,HYS,81,1,80,1,2021-01-01T00:00:00+00:00,2022-01-01T00:00:00+00:00,1,1,68,81,0.0,0.3957219251336898,0.0004997776326371,1,1,81,68,1,1,1.0,1.0,0.0125,0.012345679012345678,False,retrospective_origin_airport_association
2021,IAD,5100,67,5020,135,2021-01-01T00:00:00+00:00,2022-01-01T00:00:00+00:00,70,71,5187,5100,0.0125244745515026,0.5362318840579711,0.0078191897139247,71,70,5100,5187,71,70,0.0234831218762014,0.0242681937303105,0.026892430278884463,0.013137254901960785,True,retrospective_origin_airport_association
2021,IAG,50,2,48,2,2021-01-01T00:00:00+00:00,2022-01-01T00:00:00+00:00,3,3,37,50,4.157541088210301e-06,0.3045267489711934,0.0005139696572369,3,3,50,37,3,3,0.3512,0.3484295105916728,0.041666666666666664,0.04,False,retrospective_origin_airport_association
2021,IAH,13075,281,12767,319,2021-01-01T00:00:00+00:00,2022-01-01T00:00:00+00:00,116,117,13251,13075,0.0472056065651704,0.583596214511041,0.0186650478545984,117,116,13075,13251,117,116,0.0179856790322049,0.0181870104722561,0.024986292786089135,0.021491395793499044,True,retrospective_origin_airport_association
2021,ICT,907,10,897,39,2021-01-01T00:00:00+00:00,2022-01-01T00:00:00+00:00,15,15,893,907,0.000526240500268,0.4842931937172774,0.0016260968477216,15,15,907,893,15,15,0.1442231133812841,0.1441835151840431,0.043478260869565216,0.011025358324145534,False,retrospective_origin_airport_association
2021,IDA,399,3,395,14,2021-01-01T00:00:00+00:00,2022-01-01T00:00:00+00:00,11,11,408,399,0.0001087311529108,0.4431137724550898,0.0010089146873698,11,11,399,408,11,11,0.2619393094264483,0.2682501922337562,0.035443037974683546,0.007518796992481203,False,retrospective_origin_airport_association
2021,ILG,13,0,13,1,2021-01-01T00:00:00+00:00,2022-01-01T00:00:00+00:00,1,1,11,13,0.0,0.3581800580832526,0.0004166254621167,1,1,13,11,1,1,1.0,1.0,0.07692307692307693,0.0,False,retrospective_origin_airport_association
2021,ILM,620,8,611,13,2021-01-01T00:00:00+00:00,2022-01-01T00:00:00+00:00,8,8,586,620,4.651583133093755e-07,0.4337631887456037,0.0011223271745437,8,8,620,586,8,8,0.3025806451612903,0.2658505049563768,0.02127659574468085,0.012903225806451613,False,retrospective_origin_airport_association
2021,IMT,72,0,72,2,2021-01-01T00:00:00+00:00,2022-01-01T00:00:00+00:00,2,2,82,72,0.0,0.3826266804550155,0.0005147771452136,2,2,72,82,2,2,0.5061728395061729,0.5002974419988102,0.027777777777777776,0.0,False,retrospective_origin_airport_association
2021,IND,3737,55,3673,63,2021-01-01T00:00:00+00:00,2022-01-01T00:00:00+00:00,44,45,3743,3737,0.0012487972444389,0.5131761442441054,0.0050762580959946,45,44,3737,3743,45,44,0.0438392832911653,0.0455413824748221,0.017152191668935474,0.014717687985014717,True,retrospective_origin_airport_association
2021,INL,59,2,57,2,2021-01-01T00:00:00+00:00,2022-01-01T00:00:00+00:00,1,1,66,59,0.0,0.3714859437751004,0.0004968838380568,1,1,59,66,1,1,1.0,1.0,0.03508771929824561,0.03389830508474576,False,retrospective_origin_airport_association
2021,ISP,440,12,424,12,2021-01-01T00:00:00+00:00,2022-01-01T00:00:00+00:00,10,10,446,440,9.040468146734213e-06,0.4008667388949079,0.0009009492073972,10,10,440,446,10,10,0.1758987603305785,0.1627018439944499,0.02830188679245283,0.02727272727272727,False,retrospective_origin_airport_association
2021,ITH,50,0,50,1,2021-01-01T00:00:00+00:00,2022-01-01T00:00:00+00:00,2,2,45,50,0.0,0.38662486938349,0.0004620441333174,2,2,50,45,2,2,0.6352,0.7076543209876542,0.02,0.0,False,retrospective_origin_airport_association
2021,ITO,536,4,531,1,2021-01-01T00:00:00+00:00,2022-01-01T00:00:00+00:00,3,3,534,536,0.0,0.3703703703703703,0.0010999392094571,3,3,536,534,3,3,0.855835096903542,0.8720980796476314,0.0018832391713747645,0.007462686567164179,False,retrospective_origin_airport_association
2021,JAC,662,15,644,23,2021-01-01T00:00:00+00:00,2022-01-01T00:00:00+00:00,21,22,671,662,0.0002772255295983,0.4913678618857902,0.0012844984585036,22,21,662,671,22,21,0.1270981462381687,0.1256460428970262,0.03571428571428571,0.022658610271903322,False,retrospective_origin_airport_association
2021,JAN,691,22,669,15,2021-01-01T00:00:00+00:00,2022-01-01T00:00:00+00:00,8,9,724,691,1.137394430077357e-06,0.4247990815154994,0.0013116739886415,9,8,691,724,9,8,0.2872428431707231,0.2582186135954336,0.02242152466367713,0.03183791606367583,False,retrospective_origin_airport_association
2021,JAX,2586,32,2549,62,2021-01-01T00:00:00+00:00,2022-01-01T00:00:00+00:00,33,32,2661,2586,0.000807862075058,0.4887714663143989,0.0035990376462679,32,33,2586,2661,32,33,0.067263251645334,0.0681827971248373,0.024323264025107885,0.01237432327919567,True,retrospective_origin_airport_association
2021,JFK,8459,105,8330,222,2021-01-01T00:00:00+00:00,2022-01-01T00:00:00+00:00,74,72,8465,8459,0.0144749441689188,0.5465288035450517,0.0112561050741438,72,74,8459,8465,72,74,0.033088443228473,0.0324445643068693,0.026650660264105643,0.012412814753516964,True,retrospective_origin_airport_association
2021,JLN,86,2,83,4,2021-01-01T00:00:00+00:00,2022-01-01T00:00:00+00:00,4,4,93,86,0.0,0.4436450839328537,0.0005306467449589,4,4,86,93,4,4,0.2547322877230935,0.2547115273442016,0.04819277108433735,0.023255813953488372,False,retrospective_origin_airport_association
2021,JMS,95,5,90,6,2021-01-01T00:00:00+00:00,2022-01-01T00:00:00+00:00,2,2,111,95,0.0027027027027027,0.3961456102783726,0.0010041489985038,2,2,95,111,2,2,0.5293074792243768,0.5896436977518058,0.06666666666666667,0.05263157894736842,False,retrospective_origin_airport_association
2021,JNU,389,9,377,1,2021-01-01T00:00:00+00:00,2022-01-01T00:00:00+00:00,7,7,383,389,0.0151951227684598,0.3688933200398803,0.0028701335369012,7,7,389,383,7,7,0.2018953086485022,0.1928365453442317,0.002652519893899204,0.02313624678663239,False,retrospective_origin_airport_association
2021,JST,69,2,67,2,2021-01-01T00:00:00+00:00,2022-01-01T00:00:00+00:00,2,2,66,69,0.0,0.394456289978678,0.000492564407746,2,2,69,66,2,2,0.5026254988447806,0.5073461891643709,0.029850746268656716,0.028985507246376812,False,retrospective_origin_airport_association
2021,KOA,1474,14,1459,20,2021-01-01T00:00:00+00:00,2022-01-01T00:00:00+00:00,17,16,1490,1474,0.0001214379547548,0.4695431472081218,0.0022615737680198,16,17,1474,1490,16,17,0.2075799613011788,0.1947353722805279,0.013708019191226868,0.009497964721845319,True,retrospective_origin_airport_association
2021,KTN,207,5,200,4,2021-01-01T00:00:00+00:00,2022-01-01T00:00:00+00:00,4,4,218,207,0.0053031079860348,0.3638151425762045,0.0013979692541252,4,4,207,218,4,4,0.3928446404816915,0.3692870970457031,0.02,0.024154589371980676,False,retrospective_origin_airport_association
2021,LAN,243,3,240,4,2021-01-01T00:00:00+00:00,2022-01-01T00:00:00+00:00,3,3,248,243,0.0,0.4026115342763873,0.0007291900228189,3,3,243,248,3,3,0.4017172179037748,0.4290127471383975,0.016666666666666666,0.012345679012345678,False,retrospective_origin_airport_association
2021,LAR,63,2,61,4,2021-01-01T00:00:00+00:00,2022-01-01T00:00:00+00:00,1,1,66,63,0.0,0.3957219251336898,0.0004969698395732,1,1,63,66,1,1,1.0,1.0,0.06557377049180328,0.031746031746031744,False,retrospective_origin_airport_association
2021,LAS,14397,202,14158,322,2021-01-01T00:00:00+00:00,2022-01-01T00:00:00+00:00,125,124,14593,14397,0.0360682849977867,0.593900481540931,0.0192659968471163,124,125,14397,14593,124,125,0.0218702565264833,0.0226319096141938,0.02274332532843622,0.014030700840452872,True,retrospective_origin_airport_association
2021,LAW,118,6,112,5,2021-01-01T00:00:00+00:00,2022-01-01T00:00:00+00:00,1,1,127,118,0.0,0.3987068965517241,0.0005854585837556,1,1,118,127,1,1,1.0,1.0,0.044642857142857144,0.05084745762711865,False,retrospective_origin_airport_association
2021,LAX,17834,232,17566,355,2021-01-01T00:00:00+00:00,2022-01-01T00:00:00+00:00,113,113,17653,17834,0.0245016653982069,0.5799373040752351,0.0226737915910524,113,113,17834,17653,113,113,0.0254571746223433,0.0250612100002731,0.020209495616531938,0.013008859481888527,True,retrospective_origin_airport_association
2021,LBB,527,14,511,13,2021-01-01T00:00:00+00:00,2022-01-01T00:00:00+00:00,8,8,543,527,3.621468227170156e-06,0.4352941176470588,0.0010974163715655,8,8,527,543,8,8,0.2783180726535579,0.2764838951463291,0.025440313111545987,0.026565464895635674,False,retrospective_origin_airport_association
2021,LBE,91,6,85,2,2021-01-01T00:00:00+00:00,2022-01-01T00:00:00+00:00,5,4,117,91,2.256250899167162e-06,0.367063492063492,0.0005412015644288,4,5,91,117,4,5,0.3370365897838425,0.3163854189495215,0.023529411764705882,0.06593406593406594,False,retrospective_origin_airport_association
2021,LBF,64,1,63,2,2021-01-01T00:00:00+00:00,2022-01-01T00:00:00+00:00,1,1,48,64,0.0,0.3957219251336898,0.0004716997019979,1,1,64,48,1,1,1.0,1.0,0.031746031746031744,0.015625,False,retrospective_origin_airport_association
2021,LBL,57,3,54,1,2021-01-01T00:00:00+00:00,2022-01-01T00:00:00+00:00,1,1,66,57,0.0,0.3957219251336898,0.0004969698395732,1,1,57,66,1,1,1.0,1.0,0.018518518518518517,0.05263157894736842,False,retrospective_origin_airport_association
2021,LCH,111,5,106,3,2021-01-01T00:00:00+00:00,2022-01-01T00:00:00+00:00,2,2,107,111,0.0,0.4017372421281216,0.0005554393025576,2,2,111,107,2,2,0.91396802207613,0.8777185780417505,0.02830188679245283,0.04504504504504504,False,retrospective_origin_airport_association
2021,LCK,107,5,101,8,2021-01-01T00:00:00+00:00,2022-01-01T00:00:00+00:00,11,11,117,107,6.910545327894236e-05,0.3760162601626016,0.0006413407341118,11,11,107,117,11,11,0.1138090662939994,0.1119877273723427,0.07920792079207921,0.04672897196261682,False,retrospective_origin_airport_association
2021,LEX,650,17,631,11,2021-01-01T00:00:00+00:00,2022-01-01T00:00:00+00:00,15,14,660,650,0.000226349842203,0.4584882280049566,0.0013372443822953,14,15,650,660,14,15,0.1976662721893491,0.1998530762167126,0.017432646592709985,0.026153846153846153,False,retrospective_origin_airport_association
2021,LFT,333,6,327,10,2021-01-01T00:00:00+00:00,2022-01-01T00:00:00+00:00,3,3,321,333,0.0,0.4147982062780269,0.0008263362803913,3,3,333,321,3,3,0.4042330618907195,0.3810230878970506,0.03058103975535168,0.018018018018018018,False,retrospective_origin_airport_association
2021,LGA,9083,161,8908,186,2021-01-01T00:00:00+00:00,2022-01-01T00:00:00+00:00,80,76,8961,9083,0.0073280194703822,0.5278174037089871,0.0115606302633911,76,80,9083,8961,76,80,0.032213798326464,0.0323283248476662,0.02088010776829816,0.017725421116371244,True,retrospective_origin_airport_association
2021,LGB,1214,15,1198,13,2021-01-01T00:00:00+00:00,2022-01-01T00:00:00+00:00,16,16,1222,1214,3.057464133055984e-05,0.4431137724550898,0.0018660068364166,16,16,1214,1222,16,16,0.0898075445991168,0.0874903903075369,0.010851419031719533,0.012355848434925865,True,retrospective_origin_airport_association
2021,LIH,1144,17,1126,8,2021-01-01T00:00:00+00:00,2022-01-01T00:00:00+00:00,13,13,1106,1144,1.3978463780411744e-06,0.4171364148816234,0.001780562249499,13,13,1144,1106,13,13,0.2797630690987334,0.2834661504403075,0.007104795737122558,0.01486013986013986,True,retrospective_origin_airport_association
2021,LIT,1083,22,1059,22,2021-01-01T00:00:00+00:00,2022-01-01T00:00:00+00:00,17,18,1018,1083,0.0002782904025693,0.4780361757105943,0.0017337060626135,18,17,1083,1018,18,17,0.1547605954186628,0.1518482636704351,0.02077431539187913,0.020313942751615882,True,retrospective_origin_airport_association
2021,LNK,108,1,107,6,2021-01-01T00:00:00+00:00,2022-01-01T00:00:00+00:00,3,3,95,108,0.0,0.4267589388696655,0.00053650504095,3,3,108,95,3,3,0.3533950617283951,0.36,0.056074766355140186,0.009259259259259259,False,retrospective_origin_airport_association
2021,LRD,144,3,141,5,2021-01-01T00:00:00+00:00,2022-01-01T00:00:00+00:00,2,2,155,144,0.0,0.4083885209713024,0.0006216409946222,2,2,144,155,2,2,0.8828125,0.8463267429760666,0.03546099290780142,0.020833333333333332,False,retrospective_origin_airport_association
2021,LSE,214,4,210,6,2021-01-01T00:00:00+00:00,2022-01-01T00:00:00+00:00,3,3,189,214,0.0,0.4057017543859649,0.0006622451417796,3,3,214,189,3,3,0.3768451393134771,0.3556731334509111,0.02857142857142857,0.018691588785046728,False,retrospective_origin_airport_association
2021,LWB,69,1,68,1,2021-01-01T00:00:00+00:00,2022-01-01T00:00:00+00:00,3,3,76,69,0.0,0.3948772678762006,0.0005116230546795,3,3,69,76,3,3,0.5198487712665406,0.5599030470914128,0.014705882352941176,0.014492753623188406,False,retrospective_origin_airport_association
2021,LWS,107,1,106,1,2021-01-01T00:00:00+00:00,2022-01-01T00:00:00+00:00,2,2,109,107,0.0,0.3982777179763186,0.0005509635402915,2,2,107,109,2,2,0.786531574810027,0.8798080969615354,0.009433962264150943,0.009345794392523364,False,retrospective_origin_airport_association
2021,MAF,760,35,723,28,2021-01-01T00:00:00+00:00,2022-01-01T00:00:00+00:00,7,7,814,760,3.621468227170156e-06,0.4337631887456037,0.0014344714286309,7,7,760,814,7,7,0.1965650969529085,0.205651709337213,0.03872752420470263,0.046052631578947366,False,retrospective_origin_airport_association
2021,MBS,139,0,139,5,2021-01-01T00:00:00+00:00,2022-01-01T00:00:00+00:00,2,2,147,139,0.0,0.3982777179763186,0.0005951318636309,2,2,139,147,2,2,0.8788882563014335,0.8970799204035356,0.03597122302158273,0.0,False,retrospective_origin_airport_association
2021,MCI,3868,70,3787,62,2021-01-01T00:00:00+00:00,2022-01-01T00:00:00+00:00,46,46,3826,3868,0.0011686165888617,0.5167597765363129,0.0050979066289394,46,46,3868,3826,46,46,0.042132219499962,0.043543788899731,0.01637179825719567,0.01809720785935884,True,retrospective_origin_airport_association
2021,MCO,13522,225,13269,411,2021-01-01T00:00:00+00:00,2022-01-01T00:00:00+00:00,96,97,13673,13522,0.0226611608500392,0.5572289156626506,0.0178086400396463,97,96,13522,13673,97,96,0.023894579176914,0.0242822810471297,0.030974451729595297,0.01663955036237243,True,retrospective_origin_airport_association
2021,MCW,44,2,42,0,2021-01-01T00:00:00+00:00,2022-01-01T00:00:00+00:00,1,1,48,44,0.0,0.3931987247608927,0.0004697789070734,1,1,44,48,1,1,1.0,1.0,0.0,0.045454545454545456,False,retrospective_origin_airport_association
2021,MDT,494,7,486,6,2021-01-01T00:00:00+00:00,2022-01-01T00:00:00+00:00,13,13,521,494,0.000200493986312,0.4517704517704518,0.0011750251146773,13,13,494,521,13,13,0.1492156894884361,0.1431213412859516,0.012345679012345678,0.01417004048582996,False,retrospective_origin_airport_association
2021,MDW,6454,160,6281,100,2021-01-01T00:00:00+00:00,2022-01-01T00:00:00+00:00,80,80,6527,6454,0.0033767779089299,0.5233380480905233,0.0081649441349183,80,80,6454,6527,80,80,0.0220705680082131,0.0221843343494345,0.01592103168285305,0.02479082739386427,True,retrospective_origin_airport_association
2021,MEI,48,0,48,1,2021-01-01T00:00:00+00:00,2022-01-01T00:00:00+00:00,1,1,67,48,0.0,0.3688933200398803,0.0004855937675075,1,1,48,67,1,1,1.0,1.0,0.020833333333333332,0.0,False,retrospective_origin_airport_association
2021,MEM,2082,66,2011,54,2021-01-01T00:00:00+00:00,2022-01-01T00:00:00+00:00,30,30,2010,2082,0.0008281757713865,0.4993252361673414,0.0029535568701935,30,30,2082,2010,30,30,0.0754765470650495,0.0739036162471225,0.026852312282446545,0.03170028818443804,True,retrospective_origin_airport_association
2021,MFE,421,11,410,13,2021-01-01T00:00:00+00:00,2022-01-01T00:00:00+00:00,6,6,436,421,5.390330084342967e-05,0.4262672811059907,0.0010002167826985,6,6,421,436,6,6,0.4631828978622328,0.4581053783351569,0.03170731707317073,0.026128266033254157,False,retrospective_origin_airport_association
2021,MFR,780,12,766,24,2021-01-01T00:00:00+00:00,2022-01-01T00:00:00+00:00,11,11,816,780,8.43435367930191e-05,0.417607223476298,0.0014405431394819,11,11,780,816,11,11,0.1841058514135437,0.1787743896578239,0.031331592689295036,0.015384615384615385,False,retrospective_origin_airport_association
2021,MGM,287,6,280,7,2021-01-01T00:00:00+00:00,2022-01-01T00:00:00+00:00,4,4,324,287,0.0,0.4157303370786517,0.0008148550199694,4,4,287,324,4,4,0.3600990663963384,0.3538904130467916,0.025,0.020905923344947737,False,retrospective_origin_airport_association
2021,MHK,150,6,144,6,2021-01-01T00:00:00+00:00,2022-01-01T00:00:00+00:00,2,2,148,150,0.0,0.4209328782707622,0.0006121011569502,2,2,150,148,2,2,0.58,0.5402666179693206,0.041666666666666664,0.04,False,retrospective_origin_airport_association
2021,MHT,513,12,501,5,2021-01-01T00:00:00+00:00,2022-01-01T00:00:00+00:00,10,11,499,513,4.863141160250185e-06,0.417607223476298,0.0009792199400686,11,10,513,499,11,10,0.1627661312692604,0.1659712209991124,0.00998003992015968,0.023391812865497075,False,retrospective_origin_airport_association
2021,MIA,9266,129,9108,253,2021-01-01T00:00:00+00:00,2022-01-01T00:00:00+00:00,83,82,9297,9266,0.0076289464549677,0.5441176470588235,0.0115937127722837,82,83,9266,9297,82,83,0.0295549122561244,0.0301803537069449,0.027777777777777776,0.013921864882365638,True,retrospective_origin_airport_association
2021,MKE,2376,47,2325,41,2021-01-01T00:00:00+00:00,2022-01-01T00:00:00+00:00,30,30,2218,2376,6.682282076032802e-05,0.5034013605442177,0.0031257183516438,30,30,2376,2218,30,30,0.0557326916754526,0.055532608439353,0.01763440860215054,0.01978114478114478,True,retrospective_origin_airport_association
2021,MKG,86,5,81,0,2021-01-01T00:00:00+00:00,2022-01-01T00:00:00+00:00,1,1,65,86,0.0,0.3931987247608927,0.0004929648665811,1,1,86,65,1,1,1.0,1.0,0.0,0.05813953488372093,False,retrospective_origin_airport_association
2021,MLB,242,3,239,3,2021-01-01T00:00:00+00:00,2022-01-01T00:00:00+00:00,7,8,264,242,8.74497634008388e-05,0.4218928164196123,0.0007243330329918,8,7,242,264,8,7,0.4626050133187623,0.4855371900826447,0.012552301255230125,0.012396694214876033,False,retrospective_origin_airport_association
2021,MLI,388,8,379,10,2021-01-01T00:00:00+00:00,2022-01-01T00:00:00+00:00,10,10,426,388,0.0003823131990396,0.4713375796178344,0.001048198784426,10,10,388,426,10,10,0.1909873525348071,0.1744693513191827,0.026385224274406333,0.020618556701030927,False,retrospective_origin_airport_association
2021,MLU,232,4,228,3,2021-01-01T00:00:00+00:00,2022-01-01T00:00:00+00:00,3,3,249,232,0.0,0.4120267260579064,0.0007306703196084,3,3,232,249,3,3,0.406807372175981,0.4118159384526056,0.013157894736842105,0.017241379310344827,False,retrospective_origin_airport_association
2021,MOB,366,9,357,12,2021-01-01T00:00:00+00:00,2022-01-01T00:00:00+00:00,4,4,319,366,0.0,0.4171364148816234,0.0008144735640795,4,4,366,319,4,4,0.367971572755233,0.3796444610410668,0.03361344537815126,0.02459016393442623,False,retrospective_origin_airport_association
2021,MOT,284,3,279,10,2021-01-01T00:00:00+00:00,2022-01-01T00:00:00+00:00,4,4,303,284,2.97879951262002e-05,0.4147982062780269,0.0008523774583757,4,4,284,303,4,4,0.4696984725252927,0.4833404132492456,0.035842293906810034,0.01056338028169014,False,retrospective_origin_airport_association
2021,MQT,154,3,151,10,2021-01-01T00:00:00+00:00,2022-01-01T00:00:00+00:00,3,3,144,154,0.0,0.4057017543859649,0.0005984253560653,3,3,154,144,3,3,0.3502276943835385,0.3406635802469135,0.06622516556291391,0.01948051948051948,False,retrospective_origin_airport_association
2021,MRY,360,6,353,11,2021-01-01T00:00:00+00:00,2022-01-01T00:00:00+00:00,9,9,381,360,0.0,0.4389086595492289,0.0008694084740312,9,9,360,381,9,9,0.1608179012345679,0.1611658778873113,0.031161473087818695,0.016666666666666666,False,retrospective_origin_airport_association
2021,MSN,996,11,983,20,2021-01-01T00:00:00+00:00,2022-01-01T00:00:00+00:00,16,14,964,996,2.1792601869677337e-06,0.4768041237113402,0.0016669549268574,14,16,996,964,14,16,0.1235847002467702,0.119923038515177,0.02034587995930824,0.01104417670682731,False,retrospective_origin_airport_association
2021,MSO,639,7,631,16,2021-01-01T00:00:00+00:00,2022-01-01T00:00:00+00:00,16,15,646,639,0.0001685585556067,0.4768041237113402,0.0012924507204846,15,16,639,646,15,16,0.1471513833479052,0.1392326198851709,0.025356576862123614,0.010954616588419406,False,retrospective_origin_airport_association
2021,MSP,12484,94,12363,171,2021-01-01T00:00:00+00:00,2022-01-01T00:00:00+00:00,119,118,12468,12484,0.0639007730193015,0.5901116427432217,0.020604021240815,118,119,12484,12468,118,119,0.0156450689436146,0.0155842653053221,0.013831594273234651,0.007529637936558795,True,retrospective_origin_airport_association
2021,MSY,3857,206,3643,96,2021-01-01T00:00:00+00:00,2022-01-01T00:00:00+00:00,40,42,3872,3857,0.0010557508388073,0.5103448275862069,0.0050369334434673,42,40,3857,3872,42,40,0.0461696874032237,0.0471848906751588,0.026351907768322812,0.05340938553279751,True,retrospective_origin_airport_association
2021,MTJ,302,14,288,12,2021-01-01T00:00:00+00:00,2022-01-01T00:00:00+00:00,13,13,315,302,4.726268328782315e-06,0.4613466334164589,0.0008319377550189,13,13,302,315,13,13,0.3383623525283978,0.3807810531620055,0.041666666666666664,0.046357615894039736,False,retrospective_origin_airport_association
2021,MVY,100,7,93,5,2021-01-01T00:00:00+00:00,2022-01-01T00:00:00+00:00,5,6,100,100,1.344132402788884e-06,0.3752535496957404,0.0005150726537045,6,5,100,100,6,5,0.2408,0.2474,0.053763440860215055,0.07,False,retrospective_origin_airport_association
2021,MYR,1783,36,1739,46,2021-01-01T00:00:00+00:00,2022-01-01T00:00:00+00:00,51,50,1671,1783,0.0110013984675587,0.5020352781546812,0.002764055912888,50,51,1783,1671,50,51,0.0631108471640775,0.0606921107454549,0.02645198389879241,0.020190689848569827,True,retrospective_origin_airport_association
2021,OAJ,285,4,281,7,2021-01-01T00:00:00+00:00,2022-01-01T00:00:00+00:00,2,2,266,285,0.0,0.390295358649789,0.0007283106060382,2,2,285,266,2,2,0.5172914742997845,0.5162813047656736,0.02491103202846975,0.014035087719298246,False,retrospective_origin_airport_association
2021,OAK,3564,49,3512,44,2021-01-01T00:00:00+00:00,2022-01-01T00:00:00+00:00,42,42,3552,3564,0.001596693857605,0.4907161803713528,0.0047755178679826,42,42,3564,3552,42,42,0.0517160317478312,0.0537834604029705,0.012528473804100227,0.013748597081930415,True,retrospective_origin_airport_association
2021,OGD,6,1,4,0,2021-01-01T00:00:00+00:00,2022-01-01T00:00:00+00:00,1,1,9,6,0.0,0.2950558213716108,0.0004411840985389,1,1,6,9,1,1,1.0,1.0,0.0,0.16666666666666666,False,retrospective_origin_airport_association
2021,OGG,2745,19,2721,21,2021-01-01T00:00:00+00:00,2022-01-01T00:00:00+00:00,21,21,2754,2745,0.0010164898574879,0.4755784061696658,0.0038566190057915,21,21,2745,2754,21,21,0.1475624832034399,0.1426458853801613,0.007717750826901874,0.0069216757741347905,True,retrospective_origin_airport_association
2021,OGS,64,2,62,7,2021-01-01T00:00:00+00:00,2022-01-01T00:00:00+00:00,2,2,61,64,0.0,0.394456289978678,0.0004842240261614,2,2,64,61,2,2,0.75830078125,0.7968288094598226,0.11290322580645161,0.03125,False,retrospective_origin_airport_association
2021,OKC,1935,31,1902,51,2021-01-01T00:00:00+00:00,2022-01-01T00:00:00+00:00,25,24,2008,1935,0.000286218524106,0.4993252361673414,0.0029632650698129,24,25,1935,2008,24,25,0.085845001302005,0.0875928556689576,0.026813880126182965,0.016020671834625324,True,retrospective_origin_airport_association
2021,OMA,2101,48,2047,50,2021-01-01T00:00:00+00:00,2022-01-01T00:00:00+00:00,29,29,2106,2101,0.0009454016494284,0.505464480874317,0.0031366952830019,29,29,2101,2106,29,29,0.070362224103524,0.0750075080559411,0.024425989252564728,0.02284626368396002,True,retrospective_origin_airport_association
2021,OME,48,0,48,0,2021-01-01T00:00:00+00:00,2022-01-01T00:00:00+00:00,1,2,49,48,0.0,0.3363636363636363,0.0005831495834872,2,1,48,49,2,1,0.5217013888888888,1.0,0.0,0.0,False,retrospective_origin_airport_association
2021,ONT,2080,33,2044,35,2021-01-01T00:00:00+00:00,2022-01-01T00:00:00+00:00,21,21,2066,2080,4.597577345738058e-05,0.4855643044619422,0.0029650389219694,21,21,2080,2066,21,21,0.0802491678994082,0.0806629062805445,0.017123287671232876,0.015865384615384615,True,retrospective_origin_airport_association
2021,ORD,24444,481,23908,607,2021-01-01T00:00:00+00:00,2022-01-01T00:00:00+00:00,177,176,24703,24444,0.1450394631039814,0.6468531468531469,0.0392348789541828,176,177,24444,24703,176,177,0.0118556011501722,0.0117230204442999,0.025388991132675256,0.01967763050237277,True,retrospective_origin_airport_association
2021,ORF,1838,30,1807,41,2021-01-01T00:00:00+00:00,2022-01-01T00:00:00+00:00,29,29,1819,1838,0.0007357960932877,0.4894179894179894,0.0026489391646622,29,29,1838,1819,29,29,0.0708332494633306,0.073543843148538,0.022689540675152185,0.01632208922742111,True,retrospective_origin_airport_association
2021,ORH,44,1,43,3,2021-01-01T00:00:00+00:00,2022-01-01T00:00:00+00:00,3,3,26,44,6.236353001994571e-07,0.3729838709677419,0.0004333775990219,3,3,44,26,3,3,0.4721074380165289,0.5769230769230769,0.06976744186046512,0.022727272727272728,False,retrospective_origin_airport_association
2021,OTH,31,1,30,4,2021-01-01T00:00:00+00:00,2022-01-01T00:00:00+00:00,2,2,41,31,0.0,0.397422126745435,0.0004527719452475,2,2,31,41,2,2,0.7752341311134234,0.785841760856633,0.13333333333333333,0.03225806451612903,False,retrospective_origin_airport_association
2021,OTZ,58,4,54,1,2021-01-01T00:00:00+00:00,2022-01-01T00:00:00+00:00,2,1,52,58,0.0,0.3366696997270245,0.0007210516048016,1,2,58,52,1,2,1.0,0.5362426035502958,0.018518518518518517,0.06896551724137931,False,retrospective_origin_airport_association
2021,OWB,11,1,10,0,2021-01-01T00:00:00+00:00,2022-01-01T00:00:00+00:00,1,1,10,11,0.0,0.2895148669796557,0.0004355798446613,1,1,11,10,1,1,1.0,1.0,0.0,0.09090909090909091,False,retrospective_origin_airport_association
2021,PAE,215,4,211,5,2021-01-01T00:00:00+00:00,2022-01-01T00:00:00+00:00,11,11,213,215,6.333436097052874e-06,0.4097452934662237,0.0006643804883911,11,11,215,213,11,11,0.1353596538669551,0.1155194075249619,0.023696682464454975,0.018604651162790697,False,retrospective_origin_airport_association
2021,PAH,83,6,76,0,2021-01-01T00:00:00+00:00,2022-01-01T00:00:00+00:00,1,1,70,83,0.0,0.3931987247608927,0.0004997842664363,1,1,83,70,1,1,1.0,1.0,0.0,0.07228915662650602,False,retrospective_origin_airport_association
2021,PBG,84,3,80,2,2021-01-01T00:00:00+00:00,2022-01-01T00:00:00+00:00,5,5,85,84,2.118132081206288e-05,0.3771661569826707,0.0005662201919874,5,5,84,85,5,5,0.4549319727891157,0.3818685121107266,0.025,0.03571428571428571,False,retrospective_origin_airport_association
2021,PBI,2251,33,2210,66,2021-01-01T00:00:00+00:00,2022-01-01T00:00:00+00:00,33,32,2167,2251,0.0016022688174287,0.4900662251655629,0.0030810417936211,32,33,2251,2167,32,33,0.073790986029014,0.0759223652858915,0.02986425339366516,0.014660151043980453,True,retrospective_origin_airport_association
2021,PDX,5706,98,5598,86,2021-01-01T00:00:00+00:00,2022-01-01T00:00:00+00:00,60,59,5678,5706,0.0053634406199883,0.5339105339105339,0.0076643009100698,59,60,5706,5678,59,60,0.047245266940955,0.0493749256351271,0.015362629510539478,0.01717490361023484,True,retrospective_origin_airport_association
2021,PGD,589,12,573,24,2021-01-01T00:00:00+00:00,2022-01-01T00:00:00+00:00,52,54,616,589,0.0071361690300578,0.4157303370786517,0.0021571338762917,54,52,589,616,54,52,0.0294562739067395,0.0290784702310676,0.041884816753926704,0.02037351443123939,False,retrospective_origin_airport_association
2021,PHF,65,0,65,4,2021-01-01T00:00:00+00:00,2022-01-01T00:00:00+00:00,2,2,71,65,0.0,0.3760162601626016,0.0004909627485253,2,2,65,71,2,2,0.7396449704142012,0.8452687958738345,0.06153846153846154,0.0,False,retrospective_origin_airport_association
2021,PHL,8487,102,8368,223,2021-01-01T00:00:00+00:00,2022-01-01T00:00:00+00:00,86,87,8412,8487,0.0150286459103504,0.5465288035450517,0.0111216637349934,87,86,8487,8412,87,86,0.0257395861390543,0.025493323058855,0.026649139579349904,0.012018381053375752,True,retrospective_origin_airport_association
2021,PHX,16182,201,15953,299,2021-01-01T00:00:00+00:00,2022-01-01T00:00:00+00:00,107,108,16135,16182,0.0225562439684281,0.5745341614906833,0.0216602563511247,108,107,16182,16135,108,107,0.0184898463942497,0.0184408993339337,0.018742556259010845,0.012421208750463477,True,retrospective_origin_airport_association
2021,PIA,336,6,330,7,2021-01-01T00:00:00+00:00,2022-01-01T00:00:00+00:00,13,12,301,336,0.0003939952610319,0.4683544303797468,0.0009202424153863,12,13,336,301,12,13,0.1733630952380952,0.1928124413637818,0.021212121212121213,0.017857142857142856,False,retrospective_origin_airport_association
2021,PIB,67,2,65,6,2021-01-01T00:00:00+00:00,2022-01-01T00:00:00+00:00,1,1,61,67,0.0,0.3688933200398803,0.0004783148631155,1,1,67,61,1,1,1.0,1.0,0.09230769230769231,0.029850746268656716,False,retrospective_origin_airport_association
2021,PIE,768,14,752,30,2021-01-01T00:00:00+00:00,2022-01-01T00:00:00+00:00,59,58,766,768,0.0063158836346924,0.3923647932131495,0.002495740031597,58,59,768,766,58,59,0.0274217393663194,0.0259221891212019,0.0398936170212766,0.018229166666666668,False,retrospective_origin_airport_association
2021,PIH,93,0,93,5,2021-01-01T00:00:00+00:00,2022-01-01T00:00:00+00:00,1,1,98,93,0.0,0.3595724003887269,0.000535770633348,1,1,93,98,1,1,1.0,1.0,0.053763440860215055,0.0,False,retrospective_origin_airport_association
2021,PIR,62,2,60,4,2021-01-01T00:00:00+00:00,2022-01-01T00:00:00+00:00,2,1,72,62,0.0,0.3982777179763186,0.0005058687317767,1,2,62,72,1,2,1.0,0.9726080246913582,0.06666666666666667,0.03225806451612903,False,retrospective_origin_airport_association
2021,PIT,3341,57,3276,62,2021-01-01T00:00:00+00:00,2022-01-01T00:00:00+00:00,47,47,3336,3341,0.0017755815175125,0.5167597765363129,0.0045181182467823,47,47,3341,3336,47,47,0.0407297576543718,0.0415550653002777,0.018925518925518924,0.01706076025142173,True,retrospective_origin_airport_association
2021,PLN,84,1,83,3,2021-01-01T00:00:00+00:00,2022-01-01T00:00:00+00:00,1,1,112,84,0.0,0.3638151425762045,0.0005492746354037,1,1,84,112,1,1,1.0,1.0,0.03614457831325301,0.011904761904761904,False,retrospective_origin_airport_association
2021,PNS,1261,27,1228,33,2021-01-01T00:00:00+00:00,2022-01-01T00:00:00+00:00,22,22,1333,1261,1.8971305137019044e-05,0.4725415070242657,0.0020191252463142,22,22,1261,1333,22,22,0.1152182758419013,0.1131590099325281,0.02687296416938111,0.02141157811260904,True,retrospective_origin_airport_association
2021,PPG,1,0,1,0,2021-01-01T00:00:00+00:00,2022-01-01T00:00:00+00:00,0,1,0,1,0.0,0.0,0.0004043126684636,1,0,1,0,1,0,1.0,0.0,0.0,0.0,False,retrospective_origin_airport_association
2021,PRC,90,2,88,3,2021-01-01T00:00:00+00:00,2022-01-01T00:00:00+00:00,2,2,85,90,0.0,0.3987068965517241,0.0005145971087493,2,2,90,85,2,2,0.5298765432098765,0.5582006920415225,0.03409090909090909,0.022222222222222223,False,retrospective_origin_airport_association
2021,PSC,608,11,597,9,2021-01-01T00:00:00+00:00,2022-01-01T00:00:00+00:00,9,9,627,608,7.510902175716772e-05,0.4257767548906789,0.0012771716213239,9,9,608,627,9,9,0.3382693472991689,0.3385377318895324,0.01507537688442211,0.018092105263157895,False,retrospective_origin_airport_association
2021,PSE,39,0,39,0,2021-01-01T00:00:00+00:00,2022-01-01T00:00:00+00:00,1,2,22,39,0.0,0.3581800580832526,0.0004289382557699,2,1,39,22,2,1,0.9026955950032872,1.0,0.0,0.0,False,retrospective_origin_airport_association
2021,PSG,63,0,63,1,2021-01-01T00:00:00+00:00,2022-01-01T00:00:00+00:00,2,2,65,63,8.032422666569008e-05,0.2700729927007299,0.0010240954257338,2,2,63,65,2,2,0.5152431342907533,0.5057988165680474,0.015873015873015872,0.0,False,retrospective_origin_airport_association
2021,PSM,31,0,31,3,2021-01-01T00:00:00+00:00,2022-01-01T00:00:00+00:00,4,4,26,31,4.157541088210301e-06,0.3714859437751004,0.0004825957375411,4,4,31,26,4,4,0.4131113423517169,0.4349112426035502,0.0967741935483871,0.0,False,retrospective_origin_airport_association
2021,PSP,1387,19,1366,21,2021-01-01T00:00:00+00:00,2022-01-01T00:00:00+00:00,28,27,1447,1387,0.0009606253684199,0.4920212765957447,0.0022669639625827,27,28,1387,1447,27,28,0.105915523121539,0.109608374020744,0.015373352855051245,0.0136986301369863,True,retrospective_origin_airport_association
2021,PUB,62,0,62,2,2021-01-01T00:00:00+00:00,2022-01-01T00:00:00+00:00,1,1,56,62,0.0,0.3957219251336898,0.0004829308742536,1,1,62,56,1,1,1.0,1.0,0.03225806451612903,0.0,False,retrospective_origin_airport_association
2021,PUW,99,3,96,1,2021-01-01T00:00:00+00:00,2022-01-01T00:00:00+00:00,2,2,98,99,0.0,0.3631010794896958,0.0005339504687958,2,2,99,98,2,2,0.8024691358024691,0.7850895460224905,0.010416666666666666,0.030303030303030304,False,retrospective_origin_airport_association
2021,PVD,1031,18,1010,25,2021-01-01T00:00:00+00:00,2022-01-01T00:00:00+00:00,19,19,1127,1031,6.194786643748549e-05,0.4404761904761904,0.0017462711990816,19,19,1031,1127,19,19,0.0874848653901695,0.0890610323833248,0.024752475247524754,0.01745877788554801,True,retrospective_origin_airport_association
2021,PVU,104,6,98,1,2021-01-01T00:00:00+00:00,2022-01-01T00:00:00+00:00,9,10,117,104,0.0001425188386338,0.4214123006833713,0.0007451160377726,10,9,104,117,10,9,0.3585428994082839,0.3754109138724524,0.01020408163265306,0.057692307692307696,False,retrospective_origin_airport_association
2021,PWM,1034,24,1009,25,2021-01-01T00:00:00+00:00,2022-01-01T00:00:00+00:00,21,21,932,1034,1.509173217983382e-05,0.4811443433029909,0.0015047812828455,21,21,1034,932,21,21,0.0834041056683963,0.0855652157895706,0.024777006937561942,0.02321083172147002,True,retrospective_origin_airport_association
2021,RAP,589,10,575,17,2021-01-01T00:00:00+00:00,2022-01-01T00:00:00+00:00,17,18,616,589,0.0008700959075444,0.4842931937172774,0.0013018975515818,18,17,589,616,18,17,0.1801649366858737,0.1924017540900657,0.029565217391304348,0.01697792869269949,False,retrospective_origin_airport_association
2021,RDD,111,0,111,3,2021-01-01T00:00:00+00:00,2022-01-01T00:00:00+00:00,3,3,133,111,0.0,0.3756345177664975,0.0005600559038238,3,3,111,133,3,3,0.4346238130021914,0.3905817174515235,0.02702702702702703,0.0,False,retrospective_origin_airport_association
2021,RDM,866,17,846,17,2021-01-01T00:00:00+00:00,2022-01-01T00:00:00+00:00,10,10,801,866,8.200643879498037e-05,0.4171364148816234,0.0014372854427806,10,10,866,801,10,10,0.2146472593058793,0.2161265334686199,0.02009456264775414,0.019630484988452657,False,retrospective_origin_airport_association
2021,RDU,4470,57,4406,98,2021-01-01T00:00:00+00:00,2022-01-01T00:00:00+00:00,45,46,4533,4470,0.0013671211261612,0.5167597765363129,0.005782544504599,46,45,4470,4533,46,45,0.0422496484142356,0.0413847243896987,0.02224239673172946,0.012751677852348993,True,retrospective_origin_airport_association
2021,RFD,74,2,71,4,2021-01-01T00:00:00+00:00,2022-01-01T00:00:00+00:00,7,7,63,74,7.16486466547052e-05,0.3936170212765957,0.0005833532636923,7,7,74,63,7,7,0.1628926223520818,0.1947593852355757,0.056338028169014086,0.02702702702702703,False,retrospective_origin_airport_association
2021,RHI,94,1,93,3,2021-01-01T00:00:00+00:00,2022-01-01T00:00:00+00:00,2,2,83,94,0.0,0.4026115342763873,0.000520456932641,2,2,94,83,2,2,0.862154821186057,0.8455508782116417,0.03225806451612903,0.010638297872340425,False,retrospective_origin_airport_association
2021,RIC,1558,20,1535,40,2021-01-01T00:00:00+00:00,2022-01-01T00:00:00+00:00,25,24,1605,1558,0.0003829259708948,0.4920212765957447,0.0023756873389361,24,25,1558,1605,24,25,0.0901381086643783,0.0970126454518104,0.026058631921824105,0.012836970474967908,True,retrospective_origin_airport_association
2021,RIW,65,2,63,6,2021-01-01T00:00:00+00:00,2022-01-01T00:00:00+00:00,1,1,60,65,0.0,0.3957219251336898,0.0004885464603814,1,1,65,60,1,1,1.0,1.0,0.09523809523809523,0.03076923076923077,False,retrospective_origin_airport_association
2021,RKS,67,4,63,1,2021-01-01T00:00:00+00:00,2022-01-01T00:00:00+00:00,1,1,59,67,0.0,0.3957219251336898,0.0004871425638495,1,1,67,59,1,1,1.0,1.0,0.015873015873015872,0.05970149253731343,False,retrospective_origin_airport_association
2021,RNO,2207,45,2151,58,2021-01-01T00:00:00+00:00,2022-01-01T00:00:00+00:00,25,25,2150,2207,0.0001480887400514,0.4855643044619422,0.0030031961179392,25,25,2207,2150,25,25,0.1002016280939934,0.0982070308274743,0.02696420269642027,0.020389669234254643,True,retrospective_origin_airport_association
2021,ROA,133,0,133,1,2021-01-01T00:00:00+00:00,2022-01-01T00:00:00+00:00,5,5,161,133,5.635287743465671e-05,0.4190260475651189,0.0006409605083085,5,5,133,161,5,5,0.5818870484481881,0.5080436711546622,0.007518796992481203,0.0,False,retrospective_origin_airport_association
2021,ROC,838,9,829,21,2021-01-01T00:00:00+00:00,2022-01-01T00:00:00+00:00,18,18,818,838,0.0001551888710768,0.4342723004694835,0.0013983017473797,18,18,838,818,18,18,0.1049321888118659,0.1100692846169021,0.025331724969843185,0.010739856801909307,False,retrospective_origin_airport_association
2021,ROW,120,1,118,8,2021-01-01T00:00:00+00:00,2022-01-01T00:00:00+00:00,2,2,99,120,0.0,0.4034896401308615,0.000537150764518,2,2,120,99,2,2,0.6422222222222222,0.5857565554535251,0.06779661016949153,0.008333333333333333,False,retrospective_origin_airport_association
2021,RST,280,4,276,8,2021-01-01T00:00:00+00:00,2022-01-01T00:00:00+00:00,4,4,296,280,0.0,0.4420549581839904,0.0008139520099866,4,4,280,296,4,4,0.3802806122448979,0.3815056610664718,0.028985507246376812,0.014285714285714285,False,retrospective_origin_airport_association
2021,RSW,4158,89,4062,119,2021-01-01T00:00:00+00:00,2022-01-01T00:00:00+00:00,49,50,4171,4158,0.0031401783161259,0.509641873278237,0.0055482658663768,50,49,4158,4171,50,49,0.040870696474352,0.0403105871787371,0.0292959133431807,0.021404521404521405,True,retrospective_origin_airport_association
2021,SAF,172,7,164,9,2021-01-01T00:00:00+00:00,2022-01-01T00:00:00+00:00,3,4,160,172,0.0,0.4247990815154994,0.0006223779917331,4,3,172,160,4,3,0.5430638182801515,0.5352343749999999,0.054878048780487805,0.040697674418604654,False,retrospective_origin_airport_association
2021,SAN,6418,87,6319,104,2021-01-01T00:00:00+00:00,2022-01-01T00:00:00+00:00,68,66,6459,6418,0.0052246036335165,0.5346820809248555,0.0084174261529132,66,68,6418,6459,66,68,0.0379838431584742,0.0370979849530717,0.016458300363981642,0.013555624805235277,True,retrospective_origin_airport_association
2021,SAT,2882,69,2805,63,2021-01-01T00:00:00+00:00,2022-01-01T00:00:00+00:00,34,35,2890,2882,0.0004599096120246,0.5082417582417582,0.0039731405998652,35,34,2882,2890,35,34,0.062726795959125,0.061663054800589,0.022459893048128343,0.023941707147814018,True,retrospective_origin_airport_association
2021,SAV,1824,20,1800,45,2021-01-01T00:00:00+00:00,2022-01-01T00:00:00+00:00,33,32,1787,1824,0.0016396023484914,0.4894179894179894,0.0026044842112164,32,33,1824,1787,32,33,0.0756434672206833,0.0800893977488977,0.025,0.010964912280701754,True,retrospective_origin_airport_association
2021,SBA,685,8,675,24,2021-01-01T00:00:00+00:00,2022-01-01T00:00:00+00:00,11,11,683,685,6.671541064697689e-06,0.4579207920792079,0.001250362713034,11,11,685,683,11,11,0.1262827001971335,0.1304746735721528,0.035555555555555556,0.01167883211678832,False,retrospective_origin_airport_association
2021,SBN,588,5,580,22,2021-01-01T00:00:00+00:00,2022-01-01T00:00:00+00:00,13,14,569,588,0.0003953537494152,0.460772104607721,0.0012406303324237,14,13,588,569,14,13,0.1299458558933777,0.1483161962064609,0.03793103448275862,0.008503401360544218,False,retrospective_origin_airport_association
2021,SBP,370,9,360,8,2021-01-01T00:00:00+00:00,2022-01-01T00:00:00+00:00,8,8,392,370,0.0,0.4363207547169811,0.0008971976077615,8,8,370,392,8,8,0.1644704163623082,0.167521345272803,0.022222222222222223,0.024324324324324326,False,retrospective_origin_airport_association
2021,SCC,39,0,39,0,2021-01-01T00:00:00+00:00,2022-01-01T00:00:00+00:00,2,2,59,39,0.0,0.3366696997270245,0.0006161559445289,2,2,39,59,2,2,0.8159105851413544,0.8448721631715024,0.0,0.0,False,retrospective_origin_airport_association
2021,SCE,56,1,55,1,2021-01-01T00:00:00+00:00,2022-01-01T00:00:00+00:00,6,3,57,56,3.4697153610674795e-05,0.4138702460850111,0.000493888516823,3,6,56,57,3,6,0.5797193877551019,0.644198214835334,0.01818181818181818,0.017857142857142856,False,retrospective_origin_airport_association
2021,SCK,58,1,57,2,2021-01-01T00:00:00+00:00,2022-01-01T00:00:00+00:00,3,3,69,58,4.425432858511439e-06,0.3798767967145791,0.0005064739611987,3,3,58,69,3,3,0.6819262782401901,0.745431632010082,0.03508771929824561,0.017241379310344827,False,retrospective_origin_airport_association
2021,SDF,1922,34,1883,38,2021-01-01T00:00:00+00:00,2022-01-01T00:00:00+00:00,34,34,1921,1922,0.0005966006792074,0.4979811574697174,0.0028426952251737,34,34,1922,1921,34,34,0.0705750058742573,0.0703544836231563,0.0201805629314923,0.01768990634755463,True,retrospective_origin_airport_association
2021,SEA,17208,230,16951,219,2021-01-01T00:00:00+00:00,2022-01-01T00:00:00+00:00,92,92,17102,17208,0.0593942276608428,0.5648854961832062,0.0269850501584152,92,92,17208,17102,92,92,0.0222541111558504,0.0222074037302255,0.01291959176449767,0.013365876336587633,True,retrospective_origin_airport_association
2021,SFB,1007,36,969,33,2021-01-01T00:00:00+00:00,2022-01-01T00:00:00+00:00,71,71,1008,1007,0.0155548515234101,0.407040704070407,0.0037064159531564,71,71,1007,1008,71,71,0.022778978136165,0.0242878401360544,0.034055727554179564,0.03574975173783516,False,retrospective_origin_airport_association
2021,SFO,10069,129,9918,157,2021-01-01T00:00:00+00:00,2022-01-01T00:00:00+00:00,75,77,9969,10069,0.01538439644678,0.5473372781065089,0.013634016433117,77,75,10069,9969,77,75,0.03257674000928,0.0328876574256511,0.01582980439604759,0.012811599960274108,True,retrospective_origin_airport_association
2021,SGF,742,10,732,18,2021-01-01T00:00:00+00:00,2022-01-01T00:00:00+00:00,14,13,764,742,0.000448476401944,0.4737516005121639,0.0015341666114932,13,14,742,764,13,14,0.1887264695839176,0.1928264027850113,0.02459016393442623,0.013477088948787063,False,retrospective_origin_airport_association
2021,SGU,378,3,373,8,2021-01-01T00:00:00+00:00,2022-01-01T00:00:00+00:00,4,4,380,378,0.0,0.4272517321016166,0.0009034459518136,4,4,378,380,4,4,0.3158226253464348,0.3081024930747922,0.021447721179624665,0.007936507936507936,False,retrospective_origin_airport_association
2021,SHD,66,1,65,4,2021-01-01T00:00:00+00:00,2022-01-01T00:00:00+00:00,3,3,67,66,0.0,0.3948772678762006,0.0004983806405155,3,3,66,67,3,3,0.4908172635445362,0.4925373134328358,0.06153846153846154,0.015151515151515152,False,retrospective_origin_airport_association
2021,SHR,69,2,66,0,2021-01-01T00:00:00+00:00,2022-01-01T00:00:00+00:00,1,1,69,69,0.0,0.3957219251336898,0.0005011815291691,1,1,69,69,1,1,1.0,1.0,0.0,0.028985507246376812,False,retrospective_origin_airport_association
2021,SHV,472,24,445,6,2021-01-01T00:00:00+00:00,2022-01-01T00:00:00+00:00,8,8,512,472,7.597539250190954e-05,0.438388625592417,0.0010833547064718,8,8,472,512,8,8,0.3349342861246768,0.3419647216796875,0.01348314606741573,0.05084745762711865,False,retrospective_origin_airport_association
2021,SIT,128,1,127,3,2021-01-01T00:00:00+00:00,2022-01-01T00:00:00+00:00,3,3,115,128,0.0,0.3634577603143418,0.0009532802889294,3,3,128,115,3,3,0.392578125,0.4097542533081285,0.023622047244094488,0.0078125,False,retrospective_origin_airport_association
2021,SJC,3925,64,3852,50,2021-01-01T00:00:00+00:00,2022-01-01T00:00:00+00:00,34,35,3978,3925,0.0004867753022136,0.4966442953020134,0.0052039498851528,35,34,3925,3978,35,34,0.061803464643596,0.0643999513665026,0.012980269989615784,0.01630573248407643,True,retrospective_origin_airport_association
2021,SJT,224,9,215,3,2021-01-01T00:00:00+00:00,2022-01-01T00:00:00+00:00,2,2,231,224,0.0,0.4017372421281216,0.0007276158892111,2,2,224,231,2,2,0.7551020408163265,0.7804388973220142,0.013953488372093023,0.04017857142857143,False,retrospective_origin_airport_association
2021,SJU,3048,38,3001,80,2021-01-01T00:00:00+00:00,2022-01-01T00:00:00+00:00,30,29,2912,3048,0.0002516845239379,0.4689480354879594,0.00370970658838,29,30,3048,2912,29,30,0.0869667989335978,0.0884802654419756,0.026657780739753417,0.012467191601049869,True,retrospective_origin_airport_association
2021,SLC,12101,105,11957,215,2021-01-01T00:00:00+00:00,2022-01-01T00:00:00+00:00,91,90,12244,12101,0.0405006079162678,0.5606060606060606,0.0190965420381265,90,91,12101,12244,90,91,0.0202492107700987,0.0201182484515814,0.01798109893786067,0.008676968845549955,True,retrospective_origin_airport_association
2021,SLN,63,1,62,1,2021-01-01T00:00:00+00:00,2022-01-01T00:00:00+00:00,2,2,65,63,0.0,0.419501133786848,0.0004941653634089,2,2,63,65,2,2,0.5031494079113126,0.5029585798816568,0.016129032258064516,0.015873015873015872,False,retrospective_origin_airport_association
2021,SMF,4311,57,4247,70,2021-01-01T00:00:00+00:00,2022-01-01T00:00:00+00:00,33,35,4434,4311,0.0003168697808969,0.4986522911051212,0.0057931913927321,35,33,4311,4434,35,33,0.0586737352688802,0.0585237622350276,0.01648222274546739,0.013221990257480862,True,retrospective_origin_airport_association
2021,SMX,38,3,35,2,2021-01-01T00:00:00+00:00,2022-01-01T00:00:00+00:00,3,3,29,38,2.4719841793012525e-06,0.3760162601626016,0.0004610016723587,3,3,38,29,3,3,0.4362880886426593,0.3864447086801427,0.05714285714285714,0.07894736842105263,False,retrospective_origin_airport_association
2021,SNA,3722,71,3644,54,2021-01-01T00:00:00+00:00,2022-01-01T00:00:00+00:00,38,36,3762,3722,0.0014989621320024,0.5006765899864682,0.005166887697189,36,38,3722,3762,36,38,0.0647141861814137,0.0652841970729992,0.014818880351262349,0.01907576571735626,True,retrospective_origin_airport_association
2021,SPI,59,5,54,2,2021-01-01T00:00:00+00:00,2022-01-01T00:00:00+00:00,3,2,75,59,3.702188849036391e-05,0.4157303370786517,0.0005324924607885,2,3,59,75,2,3,0.790864694053433,0.7272888888888888,0.037037037037037035,0.0847457627118644,False,retrospective_origin_airport_association
2021,SPN,42,0,42,1,2021-01-01T00:00:00+00:00,2022-01-01T00:00:00+00:00,1,1,23,42,0.0,0.2635327635327635,0.0008350066233006,1,1,42,23,1,1,1.0,1.0,0.023809523809523808,0.0,False,retrospective_origin_airport_association
2021,SPS,143,8,135,4,2021-01-01T00:00:00+00:00,2022-01-01T00:00:00+00:00,1,1,126,143,0.0,0.3987068965517241,0.0005840322379659,1,1,143,126,1,1,1.0,1.0,0.02962962962962963,0.055944055944055944,False,retrospective_origin_airport_association
2021,SRQ,1666,25,1639,45,2021-01-01T00:00:00+00:00,2022-01-01T00:00:00+00:00,46,47,1695,1666,0.0034095219024131,0.4986522911051212,0.0026089595797532,47,46,1666,1695,47,46,0.0604109591015277,0.0635257263685488,0.027455765710799267,0.015006002400960384,True,retrospective_origin_airport_association
2021,STC,9,1,8,0,2021-01-01T00:00:00+00:00,2022-01-01T00:00:00+00:00,3,1,19,9,4.855194889559432e-06,0.3527168732125834,0.0004751779955138,1,3,9,19,1,3,1.0,0.6454293628808865,0.0,0.1111111111111111,False,retrospective_origin_airport_association
2021,STL,4791,93,4685,81,2021-01-01T00:00:00+00:00,2022-01-01T00:00:00+00:00,58,59,4833,4791,0.001004060364637,0.5240793201133145,0.0062394477994085,59,58,4791,4833,59,58,0.0328161308854993,0.0317586490799746,0.01728922091782284,0.019411396368190358,True,retrospective_origin_airport_association
2021,STS,320,8,311,6,2021-01-01T00:00:00+00:00,2022-01-01T00:00:00+00:00,9,9,343,320,3.498237399828283e-06,0.4180790960451977,0.000815876743808,9,9,320,343,9,9,0.13349609375,0.1391852034441431,0.01929260450160772,0.025,False,retrospective_origin_airport_association
2021,STT,691,8,658,11,2021-01-01T00:00:00+00:00,2022-01-01T00:00:00+00:00,15,15,694,691,1.1480052914971485e-06,0.4545454545454545,0.0012070776300043,15,15,691,694,15,15,0.1003998064844465,0.0980574541770133,0.016717325227963525,0.011577424023154847,False,retrospective_origin_airport_association
2021,STX,146,0,146,1,2021-01-01T00:00:00+00:00,2022-01-01T00:00:00+00:00,4,4,143,146,2.2712675151699547e-07,0.394456289978678,0.0005637943068808,4,4,146,143,4,4,0.2850440983298929,0.3236833096972957,0.00684931506849315,0.0,False,retrospective_origin_airport_association
2021,SUN,197,1,196,4,2021-01-01T00:00:00+00:00,2022-01-01T00:00:00+00:00,7,6,221,197,0.0001002626997863,0.4322429906542056,0.000694481819001,6,7,197,221,6,7,0.3522636501842355,0.3261399234249914,0.02040816326530612,0.005076142131979695,False,retrospective_origin_airport_association
2021,SUX,92,0,92,4,2021-01-01T00:00:00+00:00,2022-01-01T00:00:00+00:00,2,2,90,92,0.0,0.419501133786848,0.0005285024620504,2,2,92,90,2,2,0.5151228733459358,0.52,0.043478260869565216,0.0,False,retrospective_origin_airport_association
2021,SWF,49,1,48,6,2021-01-01T00:00:00+00:00,2022-01-01T00:00:00+00:00,7,8,68,49,4.226424311454056e-05,0.3810504634397528,0.0005435859500937,8,7,49,68,8,7,0.1853394418992086,0.1756055363321799,0.125,0.02040816326530612,False,retrospective_origin_airport_association
2021,SWO,58,2,56,0,2021-01-01T00:00:00+00:00,2022-01-01T00:00:00+00:00,1,1,68,58,0.0,0.3987068965517241,0.0005013041821632,1,1,58,68,1,1,1.0,1.0,0.0,0.034482758620689655,False,retrospective_origin_airport_association
2021,SYR,878,8,867,29,2021-01-01T00:00:00+00:00,2022-01-01T00:00:00+00:00,25,25,911,878,0.000385237273417,0.4823989569752281,0.0015786044809757,25,25,878,911,25,25,0.0910642846394528,0.0938872495092906,0.03344867358708189,0.009111617312072893,False,retrospective_origin_airport_association
2021,TBN,14,0,14,0,2021-01-01T00:00:00+00:00,2022-01-01T00:00:00+00:00,1,1,15,14,0.0,0.3931987247608927,0.0004247708680291,1,1,14,15,1,1,1.0,1.0,0.0,0.0,False,retrospective_origin_airport_association
2021,TLH,517,7,509,15,2021-01-01T00:00:00+00:00,2022-01-01T00:00:00+00:00,6,6,536,517,0.0,0.4190260475651189,0.0010568571742016,6,6,517,536,6,6,0.2266722536280954,0.2279252060592559,0.029469548133595286,0.013539651837524178,False,retrospective_origin_airport_association
2021,TOL,65,1,64,1,2021-01-01T00:00:00+00:00,2022-01-01T00:00:00+00:00,4,4,60,65,4.723393249170499e-05,0.4065934065934066,0.0005444083822497,4,4,65,60,4,4,0.28,0.2988888888888888,0.015625,0.015384615384615385,False,retrospective_origin_airport_association
2021,TPA,6890,113,6763,161,2021-01-01T00:00:00+00:00,2022-01-01T00:00:00+00:00,65,65,6984,6890,0.0040843758660774,0.5278174037089871,0.0088164438013595,65,65,6890,6984,65,65,0.0304344657177584,0.030192190232887,0.023806003252994232,0.01640058055152395,True,retrospective_origin_airport_association
2021,TRI,271,3,267,4,2021-01-01T00:00:00+00:00,2022-01-01T00:00:00+00:00,5,5,226,271,7.372246928776667e-05,0.4257767548906789,0.0007023766209843,5,5,271,226,5,5,0.4547187538296047,0.5122170882606312,0.0149812734082397,0.01107011070110701,False,retrospective_origin_airport_association
2021,TTN,196,4,192,8,2021-01-01T00:00:00+00:00,2022-01-01T00:00:00+00:00,10,11,180,196,1.0874618441635876e-05,0.4199772985244041,0.0006124346622484,11,10,196,180,11,10,0.1339546022490629,0.1408024691358024,0.041666666666666664,0.02040816326530612,False,retrospective_origin_airport_association
2021,TUL,1325,24,1300,35,2021-01-01T00:00:00+00:00,2022-01-01T00:00:00+00:00,19,21,1318,1325,0.0004121155568351,0.4798962386511025,0.0021023830176425,21,19,1325,1318,21,19,0.1014641509433962,0.1021205164398166,0.026923076923076925,0.018113207547169812,True,retrospective_origin_airport_association
2021,TUS,1576,25,1543,33,2021-01-01T00:00:00+00:00,2022-01-01T00:00:00+00:00,20,20,1574,1576,0.0003860371012804,0.4817708333333333,0.002403980307464,20,20,1576,1574,20,20,0.0890813020175732,0.0918434729539256,0.02138690861957226,0.015862944162436547,True,retrospective_origin_airport_association
2021,TVC,455,6,449,10,2021-01-01T00:00:00+00:00,2022-01-01T00:00:00+00:00,14,15,449,455,0.0004958610425687,0.4805194805194805,0.0010590313184498,15,14,455,449,15,14,0.2552783480256007,0.2560751186750066,0.022271714922048998,0.013186813186813187,False,retrospective_origin_airport_association
2021,TWF,110,0,108,1,2021-01-01T00:00:00+00:00,2022-01-01T00:00:00+00:00,2,3,125,110,0.0,0.3982777179763186,0.0005737383284381,3,2,110,125,3,2,0.6252892561983471,0.652352,0.009259259259259259,0.0,False,retrospective_origin_airport_association
2021,TXK,99,5,94,6,2021-01-01T00:00:00+00:00,2022-01-01T00:00:00+00:00,1,1,119,99,0.0,0.3987068965517241,0.000574047817438,1,1,99,119,1,1,1.0,1.0,0.06382978723404255,0.050505050505050504,False,retrospective_origin_airport_association
2021,TYR,141,9,132,2,2021-01-01T00:00:00+00:00,2022-01-01T00:00:00+00:00,1,1,154,141,0.0,0.3987068965517241,0.0006239699200775,1,1,141,154,1,1,1.0,1.0,0.015151515151515152,0.06382978723404255,False,retrospective_origin_airport_association
2021,TYS,1202,15,1186,28,2021-01-01T00:00:00+00:00,2022-01-01T00:00:00+00:00,27,27,1181,1202,0.0004205296262898,0.4900662251655629,0.002041468663879,27,27,1202,1181,27,27,0.1185807901971478,0.1214838958072386,0.023608768971332208,0.012479201331114808,True,retrospective_origin_airport_association
2021,USA,133,6,127,9,2021-01-01T00:00:00+00:00,2022-01-01T00:00:00+00:00,9,8,126,133,7.500589684032771e-05,0.374493927125506,0.0006771802601592,8,9,133,126,8,9,0.2398665837526145,0.2108843537414965,0.07086614173228346,0.045112781954887216,False,retrospective_origin_airport_association
2021,VCT,58,4,54,2,2021-01-01T00:00:00+00:00,2022-01-01T00:00:00+00:00,1,1,51,58,0.0,0.3688933200398803,0.0004661833557955,1,1,58,51,1,1,1.0,1.0,0.037037037037037035,0.06896551724137931,False,retrospective_origin_airport_association
2021,VEL,75,3,72,0,2021-01-01T00:00:00+00:00,2022-01-01T00:00:00+00:00,1,1,55,75,0.0,0.3957219251336898,0.0004815269777216,1,1,75,55,1,1,1.0,1.0,0.0,0.04,False,retrospective_origin_airport_association
2021,VLD,133,0,133,5,2021-01-01T00:00:00+00:00,2022-01-01T00:00:00+00:00,1,1,120,133,0.0,0.3854166666666667,0.0005483610056598,1,1,133,120,1,1,1.0,1.0,0.03759398496240601,0.0,False,retrospective_origin_airport_association
2021,VPS,1139,30,1100,37,2021-01-01T00:00:00+00:00,2022-01-01T00:00:00+00:00,51,51,1186,1139,0.0076380891051602,0.4986522911051212,0.0021375636451204,51,51,1139,1186,51,51,0.1015315407674739,0.095996291756837,0.03363636363636364,0.02633889376646181,True,retrospective_origin_airport_association
2021,WRG,58,1,57,0,2021-01-01T00:00:00+00:00,2022-01-01T00:00:00+00:00,2,2,54,58,7.324397568300007e-06,0.2673410404624277,0.0009250749760267,2,2,58,54,2,2,0.5,0.5006858710562414,0.0,0.017241379310344827,False,retrospective_origin_airport_association
2021,WYS,45,0,45,0,2021-01-01T00:00:00+00:00,2022-01-01T00:00:00+00:00,2,2,54,45,0.0,0.3982777179763186,0.000478310908106,2,2,45,54,2,2,0.5298765432098765,0.5027434842249658,0.0,0.0,False,retrospective_origin_airport_association
2021,XNA,905,14,887,19,2021-01-01T00:00:00+00:00,2022-01-01T00:00:00+00:00,22,23,843,905,0.0006197534514879,0.4887714663143989,0.0015682871227037,23,22,905,843,23,22,0.1721009737187509,0.1857274125482481,0.02142051860202931,0.015469613259668509,False,retrospective_origin_airport_association
2021,XWA,107,1,105,6,2021-01-01T00:00:00+00:00,2022-01-01T00:00:00+00:00,2,2,111,107,0.0,0.4083885209713024,0.00056010478886,2,2,107,111,2,2,0.5884356712376626,0.5974352731109487,0.05714285714285714,0.009345794392523364,False,retrospective_origin_airport_association
2021,YAK,72,1,70,2,2021-01-01T00:00:00+00:00,2022-01-01T00:00:00+00:00,2,2,73,72,3.759857418394004e-05,0.2700729927007299,0.0010417370861088,2,2,72,73,2,2,0.5003858024691357,0.5000938262338149,0.02857142857142857,0.013888888888888888,False,retrospective_origin_airport_association
2021,YKM,82,2,80,0,2021-01-01T00:00:00+00:00,2022-01-01T00:00:00+00:00,1,1,79,82,0.0,0.361328125,0.0005096589863179,1,1,82,79,1,1,1.0,1.0,0.0,0.024390243902439025,False,retrospective_origin_airport_association
2021,YUM,221,4,217,8,2021-01-01T00:00:00+00:00,2022-01-01T00:00:00+00:00,2,2,185,221,0.0,0.4034896401308615,0.0006263359539286,2,2,221,185,2,2,0.6128662394299871,0.6610664718772827,0.03686635944700461,0.01809954751131222,False,retrospective_origin_airport_association
2022,ABE,443,8,435,12,2022-01-01T00:00:00+00:00,2023-01-01T00:00:00+00:00,12,11,400,443,0.000133243498932,0.4330985915492957,0.0010574252206718,11,12,443,400,11,12,0.151863194207359,0.1436625,0.027586206896551724,0.01805869074492099,False,retrospective_origin_airport_association
2022,ABI,189,5,184,9,2022-01-01T00:00:00+00:00,2023-01-01T00:00:00+00:00,1,1,192,189,0.0,0.3972012917115177,0.0006560389340467,1,1,189,192,1,1,1.0,1.0,0.04891304347826087,0.026455026455026454,False,retrospective_origin_airport_association
2022,ABQ,2068,39,2024,44,2022-01-01T00:00:00+00:00,2023-01-01T00:00:00+00:00,23,23,1954,2068,7.588287667800087e-05,0.487450462351387,0.0025247663031739,23,23,2068,1954,23,23,0.0785357796243017,0.0775214791797839,0.021739130434782608,0.018858800773694392,True,retrospective_origin_airport_association
2022,ABR,72,0,72,4,2022-01-01T00:00:00+00:00,2023-01-01T00:00:00+00:00,1,1,64,72,0.0,0.3704819277108434,0.0004881485303433,1,1,72,64,1,1,1.0,1.0,0.05555555555555555,0.0,False,retrospective_origin_airport_association
2022,ABY,103,1,102,2,2022-01-01T00:00:00+00:00,2023-01-01T00:00:00+00:00,1,1,84,103,0.0,0.3847758081334723,0.0004975674519676,1,1,103,84,1,1,1.0,1.0,0.0196078431372549,0.009708737864077669,False,retrospective_origin_airport_association
2022,ACK,161,9,151,13,2022-01-01T00:00:00+00:00,2023-01-01T00:00:00+00:00,8,8,147,161,5.863908329206541e-06,0.4141414141414141,0.0005499228556231,8,8,161,147,8,8,0.2186258246209637,0.2215280670091165,0.08609271523178808,0.055900621118012424,False,retrospective_origin_airport_association
2022,ACT,187,9,178,2,2022-01-01T00:00:00+00:00,2023-01-01T00:00:00+00:00,1,1,173,187,0.0,0.3972012917115177,0.0006312366577749,1,1,187,173,1,1,1.0,1.0,0.011235955056179775,0.0481283422459893,False,retrospective_origin_airport_association
2022,ACV,241,8,232,9,2022-01-01T00:00:00+00:00,2023-01-01T00:00:00+00:00,4,4,200,241,0.0,0.4010869565217391,0.0006168564059752,4,4,241,200,4,4,0.3821387372806942,0.34925,0.03879310344827586,0.03319502074688797,False,retrospective_origin_airport_association
2022,ACY,372,17,354,6,2022-01-01T00:00:00+00:00,2023-01-01T00:00:00+00:00,10,10,350,372,1.4506050597432666e-05,0.398488120950324,0.0007684721489324,10,10,372,350,10,10,0.1508266851659151,0.1415510204081632,0.01694915254237288,0.0456989247311828,False,retrospective_origin_airport_association
2022,ADK,9,0,9,0,2022-01-01T00:00:00+00:00,2023-01-01T00:00:00+00:00,1,1,7,9,0.0,0.3342391304347826,0.0004276109935918,1,1,9,7,1,1,1.0,1.0,0.0,0.0,False,retrospective_origin_airport_association
2022,ADQ,97,3,94,2,2022-01-01T00:00:00+00:00,2023-01-01T00:00:00+00:00,1,1,83,97,0.0,0.3342391304347826,0.0006687002367587,1,1,97,83,1,1,1.0,1.0,0.02127659574468085,0.030927835051546393,False,retrospective_origin_airport_association
2022,AEX,233,4,229,6,2022-01-01T00:00:00+00:00,2023-01-01T00:00:00+00:00,4,4,201,233,0.0,0.4178935447338618,0.0006477762980288,4,4,233,201,4,4,0.4332921954723793,0.4316477314917947,0.026200873362445413,0.017167381974248927,False,retrospective_origin_airport_association
2022,AGS,390,7,381,6,2022-01-01T00:00:00+00:00,2023-01-01T00:00:00+00:00,8,7,374,390,2.733868403101655e-07,0.4387633769322235,0.0008250517745097,7,8,390,374,7,8,0.3786324786324786,0.384083044982699,0.015748031496062992,0.017948717948717947,False,retrospective_origin_airport_association
2022,AKN,56,3,53,2,2022-01-01T00:00:00+00:00,2023-01-01T00:00:00+00:00,1,1,49,56,0.0,0.3342391304347826,0.0005608445227104,1,1,56,49,1,1,1.0,1.0,0.03773584905660377,0.05357142857142857,False,retrospective_origin_airport_association
2022,ALB,1224,43,1181,29,2022-01-01T00:00:00+00:00,2023-01-01T00:00:00+00:00,22,21,1211,1224,0.000269968073719,0.4664981036662453,0.0017486020213442,21,22,1224,1211,21,22,0.0879282540903071,0.0882980877873552,0.024555461473327687,0.035130718954248366,True,retrospective_origin_airport_association
2022,ALO,71,5,66,1,2022-01-01T00:00:00+00:00,2023-01-01T00:00:00+00:00,1,1,70,71,0.0,0.3946524064171123,0.000491228414073,1,1,71,70,1,1,1.0,1.0,0.015151515151515152,0.07042253521126761,False,retrospective_origin_airport_association
2022,ALS,27,4,23,1,2022-01-01T00:00:00+00:00,2023-01-01T00:00:00+00:00,1,1,34,27,0.0,0.3950749464668094,0.000448948775994,1,1,27,34,1,1,1.0,1.0,0.043478260869565216,0.14814814814814814,False,retrospective_origin_airport_association
2022,ALW,59,3,56,0,2022-01-01T00:00:00+00:00,2023-01-01T00:00:00+00:00,1,1,69,59,0.0,0.3617647058823529,0.0004885552018582,1,1,59,69,1,1,1.0,1.0,0.0,0.05084745762711865,False,retrospective_origin_airport_association
2022,AMA,503,21,480,17,2022-01-01T00:00:00+00:00,2023-01-01T00:00:00+00:00,7,7,501,503,8.386321563266952e-05,0.4336075205640423,0.0009912013789293,7,7,503,501,7,7,0.238596255469173,0.2385368982593694,0.035416666666666666,0.041749502982107355,False,retrospective_origin_airport_association
2022,ANC,2083,54,2026,32,2022-01-01T00:00:00+00:00,2023-01-01T00:00:00+00:00,30,30,2075,2083,0.0609003202384237,0.501358695652174,0.0077587731337672,30,30,2083,2075,30,30,0.1609953607939728,0.1532964436057483,0.01579466929911155,0.025924147863658185,True,retrospective_origin_airport_association
2022,APN,75,3,71,5,2022-01-01T00:00:00+00:00,2023-01-01T00:00:00+00:00,3,3,56,75,7.364204076823377e-06,0.3621197252208047,0.0005028484504166,3,3,75,56,3,3,0.8040888888888889,0.8054846938775511,0.07042253521126761,0.04,False,retrospective_origin_airport_association
2022,ASE,672,63,607,41,2022-01-01T00:00:00+00:00,2023-01-01T00:00:00+00:00,10,10,677,672,4.2700006832001093e-07,0.4600997506234414,0.0012043691750856,10,10,672,677,10,10,0.2033464427437641,0.2023590041214935,0.06754530477759473,0.09375,False,retrospective_origin_airport_association
2022,ATL,32526,513,31937,587,2022-01-01T00:00:00+00:00,2023-01-01T00:00:00+00:00,155,154,32607,32526,0.0791694140774466,0.6243654822335025,0.0419728625685854,154,155,32526,32607,154,155,0.0109344543247338,0.0110697581955863,0.018379935498011712,0.015771997786386275,True,retrospective_origin_airport_association
2022,ATW,463,14,449,15,2022-01-01T00:00:00+00:00,2023-01-01T00:00:00+00:00,15,15,507,463,0.0003919397382588,0.4700636942675159,0.0011523188319362,15,15,463,507,15,15,0.1392598743288441,0.1339627853055254,0.0334075723830735,0.03023758099352052,False,retrospective_origin_airport_association
2022,AUS,9151,296,8828,237,2022-01-01T00:00:00+00:00,2023-01-01T00:00:00+00:00,80,81,9161,9151,0.0058103177668661,0.5474777448071216,0.0103045756770459,81,80,9151,9161,81,80,0.026080392997435,0.0265695522019282,0.02684639782510195,0.032346191673041196,True,retrospective_origin_airport_association
2022,AVL,964,24,938,28,2022-01-01T00:00:00+00:00,2023-01-01T00:00:00+00:00,24,25,1011,964,0.0003942762886131,0.4861660079051383,0.0017804024625494,25,24,964,1011,25,24,0.0927906716482154,0.0952558454429563,0.029850746268656716,0.024896265560165973,False,retrospective_origin_airport_association
2022,AVP,198,10,187,5,2022-01-01T00:00:00+00:00,2023-01-01T00:00:00+00:00,3,3,177,198,0.0,0.4086378737541528,0.0006155538065747,3,3,198,177,3,3,0.4656157534945414,0.4659261387213125,0.026737967914438502,0.050505050505050504,False,retrospective_origin_airport_association
2022,AZA,591,15,576,21,2022-01-01T00:00:00+00:00,2023-01-01T00:00:00+00:00,52,52,578,591,0.0126932801527843,0.4178935447338618,0.0023055094834473,52,52,591,578,52,52,0.0346340052851429,0.0349253481160426,0.036458333333333336,0.025380710659898477,False,retrospective_origin_airport_association
2022,AZO,165,5,160,4,2022-01-01T00:00:00+00:00,2023-01-01T00:00:00+00:00,2,2,158,165,0.0,0.3993506493506493,0.000596935102363,2,2,165,158,2,2,0.52,0.5157026117609358,0.025,0.030303030303030304,False,retrospective_origin_airport_association
2022,BDL,2367,83,2282,74,2022-01-01T00:00:00+00:00,2023-01-01T00:00:00+00:00,28,28,2358,2367,5.959331287563205e-05,0.4939759036144578,0.0029277381617865,28,28,2367,2358,28,28,0.0577981394291205,0.0585360431814601,0.03242769500438212,0.03506548373468526,True,retrospective_origin_airport_association
2022,BET,63,0,63,1,2022-01-01T00:00:00+00:00,2023-01-01T00:00:00+00:00,1,1,79,63,0.0,0.3342391304347826,0.0006560113292236,1,1,63,79,1,1,1.0,1.0,0.015873015873015872,0.0,False,retrospective_origin_airport_association
2022,BFF,66,3,63,2,2022-01-01T00:00:00+00:00,2023-01-01T00:00:00+00:00,3,3,80,66,7.364204076823377e-06,0.3959227467811159,0.0006341430775559,3,3,66,80,3,3,0.6547291092745638,0.6090625,0.031746031746031744,0.045454545454545456,False,retrospective_origin_airport_association
2022,BFL,259,5,252,15,2022-01-01T00:00:00+00:00,2023-01-01T00:00:00+00:00,4,4,249,259,0.0,0.4236509758897818,0.0006883292306768,4,4,259,249,4,4,0.2862360429927997,0.2812696569410171,0.05952380952380952,0.019305019305019305,False,retrospective_origin_airport_association
2022,BGM,41,0,41,1,2022-01-01T00:00:00+00:00,2023-01-01T00:00:00+00:00,1,1,44,41,0.0,0.3614103819784525,0.0004583174886373,1,1,41,44,1,1,1.0,1.0,0.024390243902439025,0.0,False,retrospective_origin_airport_association
2022,BGR,466,20,445,14,2022-01-01T00:00:00+00:00,2023-01-01T00:00:00+00:00,12,11,486,466,8.60854322325929e-05,0.4260969976905311,0.0009375889453513,11,12,466,486,11,12,0.1428466171784339,0.1544734034445968,0.03146067415730337,0.04291845493562232,False,retrospective_origin_airport_association
2022,BHM,1447,42,1402,42,2022-01-01T00:00:00+00:00,2023-01-01T00:00:00+00:00,19,18,1417,1447,1.8250951102347155e-05,0.4785992217898833,0.0019634005784699,18,19,1447,1417,18,19,0.0930060955894257,0.0963125949691442,0.029957203994293864,0.02902557014512785,True,retrospective_origin_airport_association
2022,BIH,34,3,31,1,2022-01-01T00:00:00+00:00,2023-01-01T00:00:00+00:00,3,3,23,34,0.0,0.3993506493506493,0.000430500816867,3,3,34,23,3,3,0.397923875432526,0.3572778827977315,0.03225806451612903,0.08823529411764706,False,retrospective_origin_airport_association
2022,BIL,456,5,451,11,2022-01-01T00:00:00+00:00,2023-01-01T00:00:00+00:00,10,10,383,456,0.0001307108979596,0.467680608365019,0.0009032116719532,10,10,456,383,10,10,0.1858648815020006,0.1695764508586192,0.024390243902439025,0.010964912280701754,False,retrospective_origin_airport_association
2022,BIS,391,16,374,13,2022-01-01T00:00:00+00:00,2023-01-01T00:00:00+00:00,7,7,407,391,0.0001379047785827,0.4483596597812879,0.0009996453845786,7,7,391,407,7,7,0.297257343947253,0.267149213095159,0.034759358288770054,0.04092071611253197,False,retrospective_origin_airport_association
2022,BJI,74,0,74,5,2022-01-01T00:00:00+00:00,2023-01-01T00:00:00+00:00,2,2,69,74,0.0,0.3708542713567839,0.0005377182261892,2,2,74,69,2,2,0.7662527392257124,0.7319890779248057,0.06756756756756757,0.0,False,retrospective_origin_airport_association
2022,BKG,9,0,9,0,2022-01-01T00:00:00+00:00,2023-01-01T00:00:00+00:00,1,1,4,9,0.0,0.3950749464668094,0.0004105281548864,1,1,9,4,1,1,1.0,1.0,0.0,0.0,False,retrospective_origin_airport_association
2022,BLI,395,6,387,4,2022-01-01T00:00:00+00:00,2023-01-01T00:00:00+00:00,7,7,425,395,3.1654651786441936e-05,0.3908898305084746,0.0008995271748297,7,7,395,425,7,7,0.3243518666880308,0.295601384083045,0.0103359173126615,0.015189873417721518,False,retrospective_origin_airport_association
2022,BLV,122,4,116,10,2022-01-01T00:00:00+00:00,2023-01-01T00:00:00+00:00,11,11,100,122,0.0001357709775941,0.4032786885245901,0.0006150290040068,11,11,122,100,11,11,0.1589626444504165,0.1458,0.08620689655172414,0.03278688524590164,False,retrospective_origin_airport_association
2022,BMI,268,6,261,11,2022-01-01T00:00:00+00:00,2023-01-01T00:00:00+00:00,10,9,287,268,0.0001502450561446,0.4670886075949367,0.0008130355563135,9,10,268,287,9,10,0.2431499220316328,0.2039238062863456,0.0421455938697318,0.022388059701492536,False,retrospective_origin_airport_association
2022,BNA,8991,292,8673,195,2022-01-01T00:00:00+00:00,2023-01-01T00:00:00+00:00,85,84,9017,8991,0.0099990969999589,0.5491071428571429,0.0102094901069351,84,85,8991,9017,84,85,0.0268134643126919,0.0264150415228027,0.022483569699066067,0.032476921365810256,True,retrospective_origin_airport_association
2022,BOI,2691,21,2666,50,2022-01-01T00:00:00+00:00,2023-01-01T00:00:00+00:00,26,26,2612,2691,0.0021660141541265,0.4880952380952381,0.0034462072255428,26,26,2691,2612,26,26,0.0850004301606259,0.084271497552819,0.018754688672168042,0.007803790412486065,True,retrospective_origin_airport_association
2022,BOS,13873,461,13377,451,2022-01-01T00:00:00+00:00,2023-01-01T00:00:00+00:00,81,78,13873,13873,0.0050058432836625,0.5466666666666666,0.01495973387382,78,81,13873,13873,78,81,0.0316397428996839,0.0318086090444218,0.0337145847349929,0.03323001513731709,True,retrospective_origin_airport_association
2022,BPT,92,0,92,6,2022-01-01T00:00:00+00:00,2023-01-01T00:00:00+00:00,1,1,85,92,0.0,0.3972012917115177,0.0005163629571476,1,1,92,85,1,1,1.0,1.0,0.06521739130434782,0.0,False,retrospective_origin_airport_association
2022,BQK,78,1,77,4,2022-01-01T00:00:00+00:00,2023-01-01T00:00:00+00:00,1,1,94,78,0.0,0.3847758081334723,0.0005085391241774,1,1,78,94,1,1,1.0,1.0,0.05194805194805195,0.01282051282051282,False,retrospective_origin_airport_association
2022,BQN,233,9,223,12,2022-01-01T00:00:00+00:00,2023-01-01T00:00:00+00:00,5,5,247,233,4.828986279884182e-07,0.3819875776397515,0.0006451188156468,5,5,233,247,5,5,0.3210410948810993,0.3176744414758478,0.053811659192825115,0.03862660944206009,False,retrospective_origin_airport_association
2022,BRD,88,1,87,3,2022-01-01T00:00:00+00:00,2023-01-01T00:00:00+00:00,2,2,66,88,0.0,0.3708542713567839,0.0005395679619949,2,2,88,66,2,2,0.78125,0.7428833792470158,0.034482758620689655,0.011363636363636364,False,retrospective_origin_airport_association
2022,BRO,133,3,130,2,2022-01-01T00:00:00+00:00,2023-01-01T00:00:00+00:00,2,2,120,133,0.0,0.399783315276273,0.0005610340905266,2,2,133,120,2,2,0.9276386454858953,0.9355555555555556,0.015384615384615385,0.022556390977443608,False,retrospective_origin_airport_association
2022,BRW,40,3,37,0,2022-01-01T00:00:00+00:00,2023-01-01T00:00:00+00:00,1,1,22,40,0.0,0.3342391304347826,0.0004751943968484,1,1,40,22,1,1,1.0,1.0,0.0,0.075,False,retrospective_origin_airport_association
2022,BTM,65,0,65,1,2022-01-01T00:00:00+00:00,2023-01-01T00:00:00+00:00,2,2,60,65,0.0,0.3972012917115177,0.0004792359840549,2,2,65,60,2,2,0.6137278106508877,0.5672222222222222,0.015384615384615385,0.0,False,retrospective_origin_airport_association
2022,BTR,404,6,397,6,2022-01-01T00:00:00+00:00,2023-01-01T00:00:00+00:00,4,4,428,404,0.0,0.4178935447338618,0.0009166318349969,4,4,404,428,4,4,0.337393392804627,0.3195148047864442,0.015113350125944584,0.01485148514851485,False,retrospective_origin_airport_association
2022,BTV,861,41,819,32,2022-01-01T00:00:00+00:00,2023-01-01T00:00:00+00:00,15,15,894,861,1.8441638515673595e-06,0.473076923076923,0.0013377143069503,15,15,861,894,15,15,0.1106848450266483,0.119153791871237,0.03907203907203907,0.047619047619047616,False,retrospective_origin_airport_association
2022,BUF,2014,136,1875,55,2022-01-01T00:00:00+00:00,2023-01-01T00:00:00+00:00,25,24,2044,2014,2.1429328499516083e-05,0.487450462351387,0.0025262277694369,24,25,2014,2044,24,25,0.0672674594620181,0.0677152546137614,0.029333333333333333,0.06752730883813307,True,retrospective_origin_airport_association
2022,BUR,3159,106,3048,48,2022-01-01T00:00:00+00:00,2023-01-01T00:00:00+00:00,21,21,3188,3159,0.0001339691908937,0.4544334975369458,0.0036960271485502,21,21,3159,3188,21,21,0.1005614532750405,0.0981257743514339,0.015748031496062992,0.033554922443811336,True,retrospective_origin_airport_association
2022,BWI,8898,331,8549,224,2022-01-01T00:00:00+00:00,2023-01-01T00:00:00+00:00,68,68,8851,8898,0.0026472438268294,0.5347826086956522,0.0100068563677265,68,68,8898,8851,68,68,0.0240430227930733,0.0239905562662521,0.026201894958474675,0.03719937064508878,True,retrospective_origin_airport_association
2022,BZN,1117,23,1093,20,2022-01-01T00:00:00+00:00,2023-01-01T00:00:00+00:00,24,22,1030,1117,0.0002598446048605,0.5006784260515604,0.0016358985465169,22,24,1117,1030,22,24,0.1246312181962011,0.1242341408238288,0.018298261665141813,0.020590868397493287,True,retrospective_origin_airport_association
2022,CAE,554,8,544,11,2022-01-01T00:00:00+00:00,2023-01-01T00:00:00+00:00,7,6,581,554,1.1329544733574428e-07,0.4188422247446084,0.0010491115529621,6,7,554,581,6,7,0.2734168306637647,0.243881846540329,0.02022058823529412,0.01444043321299639,False,retrospective_origin_airport_association
2022,CAK,223,7,214,10,2022-01-01T00:00:00+00:00,2023-01-01T00:00:00+00:00,13,13,234,223,0.0001395696713844,0.4275782155272306,0.0007063075194218,13,13,223,234,13,13,0.2401616762854672,0.2946891664840382,0.04672897196261682,0.03139013452914798,False,retrospective_origin_airport_association
2022,CDC,60,0,60,0,2022-01-01T00:00:00+00:00,2023-01-01T00:00:00+00:00,1,1,58,60,0.0,0.358252427184466,0.0004754262853969,1,1,60,58,1,1,1.0,1.0,0.0,0.0,False,retrospective_origin_airport_association
2022,CDV,61,3,58,1,2022-01-01T00:00:00+00:00,2023-01-01T00:00:00+00:00,2,2,70,61,0.0011385986768401,0.3348457350272232,0.0009281582808035,2,2,61,70,2,2,0.500134372480516,0.5016326530612245,0.017241379310344827,0.04918032786885246,False,retrospective_origin_airport_association
2022,CGI,59,3,56,1,2022-01-01T00:00:00+00:00,2023-01-01T00:00:00+00:00,3,3,58,59,0.0,0.3954983922829582,0.0006931537856944,3,3,59,58,3,3,0.3519103705831657,0.3513674197384067,0.017857142857142856,0.05084745762711865,False,retrospective_origin_airport_association
2022,CHA,509,9,498,13,2022-01-01T00:00:00+00:00,2023-01-01T00:00:00+00:00,8,9,531,509,0.000109727443934,0.4467312348668281,0.0010378673828384,9,8,509,531,9,8,0.2949077701568235,0.2949450455914116,0.02610441767068273,0.01768172888015717,False,retrospective_origin_airport_association
2022,CHO,296,14,282,12,2022-01-01T00:00:00+00:00,2023-01-01T00:00:00+00:00,3,3,311,296,0.0,0.3929712460063898,0.0007283833024028,3,3,296,311,3,3,0.4183025931336742,0.4104486099192522,0.0425531914893617,0.0472972972972973,False,retrospective_origin_airport_association
2022,CHS,2366,89,2268,59,2022-01-01T00:00:00+00:00,2023-01-01T00:00:00+00:00,31,31,2498,2366,0.0009141412176225,0.4986486486486486,0.0030433458557159,31,31,2366,2498,31,31,0.0628114976252046,0.0620461140730038,0.02601410934744268,0.03761622992392223,True,retrospective_origin_airport_association
2022,CID,814,21,790,28,2022-01-01T00:00:00+00:00,2023-01-01T00:00:00+00:00,17,18,816,814,0.0005280948282058,0.4861660079051383,0.001521126296439,18,17,814,816,18,17,0.1251531853497455,0.1410935697808535,0.035443037974683546,0.025798525798525797,False,retrospective_origin_airport_association
2022,CIU,75,3,72,6,2022-01-01T00:00:00+00:00,2023-01-01T00:00:00+00:00,3,3,97,75,0.000119184328615,0.3815925542916236,0.0005486870102826,3,3,75,97,3,3,0.4456888888888889,0.4524391540014879,0.08333333333333333,0.04,False,retrospective_origin_airport_association
2022,CKB,95,3,92,2,2022-01-01T00:00:00+00:00,2023-01-01T00:00:00+00:00,7,7,87,95,0.0001717493574244,0.4090909090909091,0.0006789860626647,7,7,95,87,7,7,0.2316897506925208,0.2310741181133571,0.021739130434782608,0.031578947368421054,False,retrospective_origin_airport_association
2022,CLE,3984,173,3805,119,2022-01-01T00:00:00+00:00,2023-01-01T00:00:00+00:00,33,33,4069,3984,6.797962124641615e-05,0.5054794520547945,0.0047221438265454,33,33,3984,4069,33,33,0.043301846946017,0.0448697060977083,0.031274638633377136,0.043423694779116465,True,retrospective_origin_airport_association
2022,CLL,138,6,131,5,2022-01-01T00:00:00+00:00,2023-01-01T00:00:00+00:00,1,1,137,138,0.0,0.3972012917115177,0.0005842428711546,1,1,138,137,1,1,1.0,1.0,0.03816793893129771,0.043478260869565216,False,retrospective_origin_airport_association
2022,CLT,19360,511,18805,446,2022-01-01T00:00:00+00:00,2023-01-01T00:00:00+00:00,139,139,19590,19360,0.0670394143721242,0.5980551053484603,0.0267075039397765,139,139,19360,19590,139,139,0.011908184849054,0.0119783379598252,0.023717096516883807,0.026394628099173555,True,retrospective_origin_airport_association
2022,CMH,3932,117,3810,104,2022-01-01T00:00:00+00:00,2023-01-01T00:00:00+00:00,36,34,3948,3932,0.0001050659708889,0.5075653370013755,0.0045615674527797,34,36,3932,3948,34,36,0.0448025901153795,0.0450290196054278,0.027296587926509186,0.0297558494404883,True,retrospective_origin_airport_association
2022,CMI,163,3,160,3,2022-01-01T00:00:00+00:00,2023-01-01T00:00:00+00:00,2,2,151,163,0.0,0.4221967963386727,0.0005952982943737,2,2,163,151,2,2,0.511761827693929,0.5210736371211788,0.01875,0.018404907975460124,False,retrospective_origin_airport_association
2022,CMX,83,10,73,5,2022-01-01T00:00:00+00:00,2023-01-01T00:00:00+00:00,1,1,85,83,0.0,0.3946524064171123,0.0005096190587875,1,1,83,85,1,1,1.0,1.0,0.0684931506849315,0.12048192771084337,False,retrospective_origin_airport_association
2022,CNY,64,1,63,4,2022-01-01T00:00:00+00:00,2023-01-01T00:00:00+00:00,2,2,62,64,0.0,0.3972012917115177,0.0004830456827129,2,2,64,62,2,2,0.595703125,0.5254942767950052,0.06349206349206349,0.015625,False,retrospective_origin_airport_association
2022,COD,56,2,54,2,2022-01-01T00:00:00+00:00,2023-01-01T00:00:00+00:00,1,1,72,56,0.0,0.3950749464668094,0.0004976148960636,1,1,56,72,1,1,1.0,1.0,0.037037037037037035,0.03571428571428571,False,retrospective_origin_airport_association
2022,COS,1185,25,1154,33,2022-01-01T00:00:00+00:00,2023-01-01T00:00:00+00:00,12,14,1268,1185,8.006967256264058e-06,0.4629861982434128,0.0018745552142545,14,12,1185,1268,14,12,0.1532938097527105,0.1564337887729005,0.02859618717504333,0.02109704641350211,True,retrospective_origin_airport_association
2022,COU,154,2,150,10,2022-01-01T00:00:00+00:00,2023-01-01T00:00:00+00:00,2,2,148,154,0.0,0.4221967963386727,0.0005936036649485,2,2,154,148,2,2,0.510204081632653,0.5110482103725347,0.06666666666666667,0.012987012987012988,False,retrospective_origin_airport_association
2022,CPR,142,1,140,5,2022-01-01T00:00:00+00:00,2023-01-01T00:00:00+00:00,2,2,143,142,0.0,0.3972012917115177,0.0005854596049672,2,2,142,143,2,2,0.548006347946836,0.5851141865127879,0.03571428571428571,0.007042253521126761,False,retrospective_origin_airport_association
2022,CRP,398,15,382,12,2022-01-01T00:00:00+00:00,2023-01-01T00:00:00+00:00,3,3,394,398,9.502198808804356e-07,0.4028384279475983,0.000871417011327,3,3,398,394,3,3,0.4523496881391884,0.4473060372593985,0.031413612565445025,0.03768844221105527,False,retrospective_origin_airport_association
2022,CRW,298,6,289,6,2022-01-01T00:00:00+00:00,2023-01-01T00:00:00+00:00,5,5,275,298,0.0,0.4160090191657272,0.0007109348652552,5,5,298,275,5,5,0.3261790009459034,0.272198347107438,0.020761245674740483,0.020134228187919462,False,retrospective_origin_airport_association
2022,CSG,190,3,186,2,2022-01-01T00:00:00+00:00,2023-01-01T00:00:00+00:00,3,3,178,190,0.0,0.4155405405405405,0.0006112442313227,3,3,190,178,3,3,0.4280886426592798,0.4416740310566848,0.010752688172043012,0.015789473684210527,False,retrospective_origin_airport_association
2022,CVG,3634,107,3518,97,2022-01-01T00:00:00+00:00,2023-01-01T00:00:00+00:00,44,45,3716,3634,0.0015046471099444,0.5182584269662921,0.0045968067246266,45,44,3634,3716,45,44,0.0406300005845847,0.0402512742731805,0.027572484366117114,0.029444138690148596,True,retrospective_origin_airport_association
2022,CWA,190,1,189,6,2022-01-01T00:00:00+00:00,2023-01-01T00:00:00+00:00,3,3,185,190,0.0,0.4063876651982379,0.0006358506746684,3,3,190,185,3,3,0.3691412742382271,0.3573119065010957,0.031746031746031744,0.005263157894736842,False,retrospective_origin_airport_association
2022,CYS,74,3,71,2,2022-01-01T00:00:00+00:00,2023-01-01T00:00:00+00:00,1,1,64,74,0.0,0.3950749464668094,0.0004873693971015,1,1,74,64,1,1,1.0,1.0,0.028169014084507043,0.04054054054054054,False,retrospective_origin_airport_association
2022,DAB,275,9,265,10,2022-01-01T00:00:00+00:00,2023-01-01T00:00:00+00:00,5,5,260,275,0.0,0.4236509758897818,0.0007002095024758,5,5,275,260,5,5,0.4148760330578512,0.419112426035503,0.03773584905660377,0.03272727272727273,False,retrospective_origin_airport_association
2022,DAL,6883,244,6621,116,2022-01-01T00:00:00+00:00,2023-01-01T00:00:00+00:00,69,71,6806,6883,0.0030606978431913,0.5204513399153737,0.0077759604557575,71,69,6883,6806,71,69,0.0269912908285091,0.0280138637590433,0.017520012082766954,0.035449658579107944,True,retrospective_origin_airport_association
2022,DAY,680,13,667,21,2022-01-01T00:00:00+00:00,2023-01-01T00:00:00+00:00,11,11,666,680,0.0001851057259054,0.4511002444987775,0.0012116808840912,11,11,680,666,11,11,0.1437932525951557,0.1485404323242161,0.031484257871064465,0.01911764705882353,False,retrospective_origin_airport_association
2022,DBQ,41,0,41,1,2022-01-01T00:00:00+00:00,2023-01-01T00:00:00+00:00,1,1,57,41,0.0,0.3946524064171123,0.0004752898553205,1,1,41,57,1,1,1.0,1.0,0.024390243902439025,0.0,False,retrospective_origin_airport_association
2022,DCA,14546,598,13912,428,2022-01-01T00:00:00+00:00,2023-01-01T00:00:00+00:00,98,97,14452,14546,0.0147405847136979,0.5582450832072617,0.0166690084152475,97,98,14546,14452,97,98,0.0233703235991155,0.0235647555123734,0.03076480736055204,0.04111095833906229,True,retrospective_origin_airport_association
2022,DDC,67,4,63,1,2022-01-01T00:00:00+00:00,2023-01-01T00:00:00+00:00,2,2,60,67,0.0,0.3954983922829582,0.0006314175677657,2,2,67,60,2,2,0.5001113833815994,0.5555555555555556,0.015873015873015872,0.05970149253731343,False,retrospective_origin_airport_association
2022,DEC,109,4,105,2,2022-01-01T00:00:00+00:00,2023-01-01T00:00:00+00:00,5,5,121,109,3.6821020384116885e-05,0.3963480128893663,0.0009873962703774,5,5,109,121,5,5,0.4101506607187947,0.391435011269722,0.01904761904761905,0.03669724770642202,False,retrospective_origin_airport_association
2022,DEN,27667,745,26865,713,2022-01-01T00:00:00+00:00,2023-01-01T00:00:00+00:00,180,180,27603,27667,0.1790661179942299,0.6519434628975265,0.0416774991057124,180,180,27667,27603,180,180,0.0122831441407736,0.0121447460102368,0.026540107947143125,0.02692738641703112,True,retrospective_origin_airport_association
2022,DFW,28081,839,27165,815,2022-01-01T00:00:00+00:00,2023-01-01T00:00:00+00:00,185,187,28179,28081,0.1681846239657498,0.6577540106951871,0.0431066320537071,187,185,28081,28179,187,185,0.009300338831045,0.0092269696617042,0.03000184060371802,0.029877853352800826,True,retrospective_origin_airport_association
2022,DHN,94,1,93,2,2022-01-01T00:00:00+00:00,2023-01-01T00:00:00+00:00,1,1,104,94,0.0,0.3847758081334723,0.0005195107963872,1,1,94,104,1,1,1.0,1.0,0.021505376344086023,0.010638297872340425,False,retrospective_origin_airport_association
2022,DIK,7,1,6,1,2022-01-01T00:00:00+00:00,2023-01-01T00:00:00+00:00,1,1,10,7,0.0,0.3950749464668094,0.0004182122791079,1,1,7,10,1,1,1.0,1.0,0.16666666666666666,0.14285714285714285,False,retrospective_origin_airport_association
2022,DLG,34,0,34,0,2022-01-01T00:00:00+00:00,2023-01-01T00:00:00+00:00,1,1,46,34,0.0,0.3342391304347826,0.000551327842059,1,1,34,46,1,1,1.0,1.0,0.0,0.0,False,retrospective_origin_airport_association
2022,DLH,161,2,159,7,2022-01-01T00:00:00+00:00,2023-01-01T00:00:00+00:00,2,2,149,161,0.0,0.4037199124726477,0.0005975071963821,2,2,161,149,2,2,0.8310250376142896,0.8983829557227152,0.0440251572327044,0.012422360248447204,False,retrospective_origin_airport_association
2022,DRO,344,6,338,13,2022-01-01T00:00:00+00:00,2023-01-01T00:00:00+00:00,4,4,301,344,0.0,0.4285714285714285,0.0007762964863865,4,4,344,301,4,4,0.3447133585722012,0.3591902959128486,0.038461538461538464,0.01744186046511628,False,retrospective_origin_airport_association
2022,DRT,78,3,75,5,2022-01-01T00:00:00+00:00,2023-01-01T00:00:00+00:00,1,1,71,78,0.0,0.3972012917115177,0.0004980875956842,1,1,78,71,1,1,1.0,1.0,0.06666666666666667,0.038461538461538464,False,retrospective_origin_airport_association
2022,DSM,1511,30,1479,40,2022-01-01T00:00:00+00:00,2023-01-01T00:00:00+00:00,32,32,1452,1511,0.0008728596171804,0.501358695652174,0.0022025848062744,32,32,1511,1452,32,32,0.0762924961051122,0.0811742519105404,0.027045300878972278,0.01985440105890139,True,retrospective_origin_airport_association
2022,DTW,12758,250,12492,273,2022-01-01T00:00:00+00:00,2023-01-01T00:00:00+00:00,103,102,13066,12758,0.0450531633343272,0.5650842266462481,0.0180487764246999,102,103,12758,13066,102,103,0.0162213659557254,0.0164592791734806,0.021853986551392892,0.019595547891519047,True,retrospective_origin_airport_association
2022,DVL,58,6,52,1,2022-01-01T00:00:00+00:00,2023-01-01T00:00:00+00:00,2,2,73,58,0.0,0.3954983922829582,0.0008000946778053,2,2,58,73,2,2,0.5053507728894173,0.5271157815725277,0.019230769230769232,0.10344827586206896,False,retrospective_origin_airport_association
2022,EAR,60,2,58,1,2022-01-01T00:00:00+00:00,2023-01-01T00:00:00+00:00,2,2,69,60,0.0,0.4202733485193622,0.0004919149247171,2,2,60,69,2,2,0.5088888888888888,0.5001050199537913,0.017241379310344827,0.03333333333333333,False,retrospective_origin_airport_association
2022,EAT,60,3,57,1,2022-01-01T00:00:00+00:00,2023-01-01T00:00:00+00:00,1,1,69,60,0.0,0.3617647058823529,0.0004885552018582,1,1,60,69,1,1,1.0,1.0,0.017543859649122806,0.05,False,retrospective_origin_airport_association
2022,EAU,56,0,56,3,2022-01-01T00:00:00+00:00,2023-01-01T00:00:00+00:00,1,1,50,56,0.0,0.3946524064171123,0.0004667075544537,1,1,56,50,1,1,1.0,1.0,0.05357142857142857,0.0,False,retrospective_origin_airport_association
2022,ECP,665,11,652,8,2022-01-01T00:00:00+00:00,2023-01-01T00:00:00+00:00,14,15,715,665,6.928048809542688e-06,0.45,0.0011764622650948,15,14,665,715,15,14,0.1594640737181299,0.1674898528045381,0.012269938650306749,0.016541353383458645,False,retrospective_origin_airport_association
2022,EGE,306,8,297,5,2022-01-01T00:00:00+00:00,2023-01-01T00:00:00+00:00,12,12,285,306,4.828986279884182e-07,0.4629861982434128,0.0007461401531579,12,12,306,285,12,12,0.2568029390405399,0.2115727916281933,0.016835016835016835,0.026143790849673203,False,retrospective_origin_airport_association
2022,EKO,31,0,31,2,2022-01-01T00:00:00+00:00,2023-01-01T00:00:00+00:00,1,1,39,31,0.0,0.358252427184466,0.0004524884109169,1,1,31,39,1,1,1.0,1.0,0.06451612903225806,0.0,False,retrospective_origin_airport_association
2022,ELM,101,2,99,3,2022-01-01T00:00:00+00:00,2023-01-01T00:00:00+00:00,4,4,100,101,2.2963299256774838e-05,0.3788501026694045,0.0005793729758512,4,4,101,100,4,4,0.4837761003823155,0.5217999999999999,0.030303030303030304,0.019801980198019802,False,retrospective_origin_airport_association
2022,ELP,1833,37,1792,35,2022-01-01T00:00:00+00:00,2023-01-01T00:00:00+00:00,15,15,1773,1833,1.2000578700414891e-05,0.474293059125964,0.0023217982400945,15,15,1833,1773,15,15,0.0928116970530871,0.0943980475446544,0.01953125,0.020185488270594652,True,retrospective_origin_airport_association
2022,ERI,19,2,17,1,2022-01-01T00:00:00+00:00,2023-01-01T00:00:00+00:00,1,1,19,19,0.0,0.3746192893401015,0.0004276900290797,1,1,19,19,1,1,1.0,1.0,0.058823529411764705,0.10526315789473684,False,retrospective_origin_airport_association
2022,ESC,72,2,70,1,2022-01-01T00:00:00+00:00,2023-01-01T00:00:00+00:00,4,4,79,72,0.0001290032673841,0.3819875776397515,0.0005162231171718,4,4,72,79,4,4,0.4540895061728395,0.4638679698766224,0.014285714285714285,0.027777777777777776,False,retrospective_origin_airport_association
2022,EUG,914,11,902,17,2022-01-01T00:00:00+00:00,2023-01-01T00:00:00+00:00,15,15,933,914,0.0001591835340078,0.4653215636822194,0.0014859743567075,15,15,914,933,15,15,0.1582123926856245,0.17459037391627,0.018847006651884702,0.012035010940919038,False,retrospective_origin_airport_association
2022,EVV,198,7,191,1,2022-01-01T00:00:00+00:00,2023-01-01T00:00:00+00:00,5,5,189,198,4.458825461897392e-05,0.4377224199288256,0.0006566980512764,5,5,198,189,5,5,0.3840934598510356,0.3982811231488479,0.005235602094240838,0.03535353535353535,False,retrospective_origin_airport_association
2022,EWN,105,2,103,4,2022-01-01T00:00:00+00:00,2023-01-01T00:00:00+00:00,2,2,93,105,0.0,0.3761467889908257,0.0005138862989541,2,2,105,93,2,2,0.9811337868480728,0.9375650364203956,0.038834951456310676,0.01904761904761905,False,retrospective_origin_airport_association
2022,EWR,13284,626,12636,516,2022-01-01T00:00:00+00:00,2023-01-01T00:00:00+00:00,90,90,13174,13284,0.011266739286429,0.5616438356164384,0.0147641396861701,90,90,13284,13174,90,90,0.0243331106485142,0.0243085569381188,0.04083570750237417,0.04712436013249021,True,retrospective_origin_airport_association
2022,EYW,881,38,829,36,2022-01-01T00:00:00+00:00,2023-01-01T00:00:00+00:00,20,20,806,881,0.0001639421342142,0.4566831683168317,0.0013016033466842,20,20,881,806,20,20,0.1058942667822784,0.1096798822725341,0.04342581423401689,0.043132803632236094,False,retrospective_origin_airport_association
2022,FAI,503,13,489,6,2022-01-01T00:00:00+00:00,2023-01-01T00:00:00+00:00,4,4,495,503,0.0,0.4202733485193622,0.0015128722650327,4,4,503,495,4,4,0.4536795133769944,0.4617936945209673,0.012269938650306749,0.02584493041749503,False,retrospective_origin_airport_association
2022,FAR,614,17,597,37,2022-01-01T00:00:00+00:00,2023-01-01T00:00:00+00:00,12,12,621,614,0.0002975177117377,0.4718670076726343,0.0012605594211275,12,12,614,621,12,12,0.2090738363271759,0.1959724199449747,0.06197654941373534,0.02768729641693811,False,retrospective_origin_airport_association
2022,FAT,1126,18,1106,33,2022-01-01T00:00:00+00:00,2023-01-01T00:00:00+00:00,11,11,1107,1126,0.0,0.4618272841051314,0.0016287773007575,11,11,1126,1107,11,11,0.107445838552035,0.1075711841129251,0.029837251356238697,0.015985790408525755,True,retrospective_origin_airport_association
2022,FAY,222,6,215,9,2022-01-01T00:00:00+00:00,2023-01-01T00:00:00+00:00,3,3,193,222,0.0,0.4155405405405405,0.0006281935661838,3,3,222,193,3,3,0.3742796850904959,0.3982657252543692,0.04186046511627907,0.02702702702702703,False,retrospective_origin_airport_association
2022,FCA,459,5,452,10,2022-01-01T00:00:00+00:00,2023-01-01T00:00:00+00:00,14,13,472,459,0.0001707417304038,0.4736842105263157,0.0009886268971118,13,14,459,472,13,14,0.1868654506101641,0.171403691467969,0.022123893805309734,0.010893246187363835,False,retrospective_origin_airport_association
2022,FLG,197,3,193,7,2022-01-01T00:00:00+00:00,2023-01-01T00:00:00+00:00,3,3,206,197,0.0,0.422680412371134,0.0006358307843162,3,3,197,206,3,3,0.5467030843361076,0.4994344424545198,0.03626943005181347,0.015228426395939087,False,retrospective_origin_airport_association
2022,FLL,8533,241,8268,348,2022-01-01T00:00:00+00:00,2023-01-01T00:00:00+00:00,88,90,8525,8533,0.0173091935912481,0.5499254843517138,0.0100044132426269,90,88,8533,8525,90,88,0.0315526313219773,0.0315259070699426,0.0420899854862119,0.02824329075354506,True,retrospective_origin_airport_association
2022,FLO,8,0,7,0,2022-01-01T00:00:00+00:00,2023-01-01T00:00:00+00:00,1,1,17,8,0.0,0.3746192893401015,0.0004253442792192,1,1,8,17,1,1,1.0,1.0,0.0,0.0,False,retrospective_origin_airport_association
2022,FNT,244,6,238,10,2022-01-01T00:00:00+00:00,2023-01-01T00:00:00+00:00,13,13,273,244,0.0002264040853931,0.4377224199288256,0.0008863342257128,13,13,244,273,13,13,0.1671257726417629,0.1748178561365374,0.04201680672268908,0.02459016393442623,False,retrospective_origin_airport_association
2022,FOD,48,0,48,2,2022-01-01T00:00:00+00:00,2023-01-01T00:00:00+00:00,3,3,60,48,0.0002423858312681,0.4207525655644242,0.0006645222777898,3,3,48,60,3,3,0.4487847222222222,0.4105555555555555,0.041666666666666664,0.0,False,retrospective_origin_airport_association
2022,FSD,747,25,719,23,2022-01-01T00:00:00+00:00,2023-01-01T00:00:00+00:00,18,17,780,747,0.0004958332054013,0.484251968503937,0.0014659236737957,17,18,747,780,17,18,0.1519133203944739,0.1510289283366206,0.031988873435326845,0.03346720214190094,False,retrospective_origin_airport_association
2022,FSM,133,4,129,6,2022-01-01T00:00:00+00:00,2023-01-01T00:00:00+00:00,1,1,164,133,0.0,0.3972012917115177,0.0006194882111198,1,1,133,164,1,1,1.0,1.0,0.046511627906976744,0.03007518796992481,False,retrospective_origin_airport_association
2022,FWA,495,12,482,19,2022-01-01T00:00:00+00:00,2023-01-01T00:00:00+00:00,14,14,460,495,0.0003720422606228,0.4635678391959799,0.0010776554113238,14,14,495,460,14,14,0.2018283848586879,0.1676275992438563,0.03941908713692946,0.024242424242424242,False,retrospective_origin_airport_association
2022,GCC,49,0,49,3,2022-01-01T00:00:00+00:00,2023-01-01T00:00:00+00:00,1,1,60,49,0.0,0.3950749464668094,0.0004822466476205,1,1,49,60,1,1,1.0,1.0,0.061224489795918366,0.0,False,retrospective_origin_airport_association
2022,GCK,82,2,80,3,2022-01-01T00:00:00+00:00,2023-01-01T00:00:00+00:00,1,1,61,82,0.0,0.3972012917115177,0.0004850337660674,1,1,82,61,1,1,1.0,1.0,0.0375,0.024390243902439025,False,retrospective_origin_airport_association
2022,GEG,2054,26,2024,44,2022-01-01T00:00:00+00:00,2023-01-01T00:00:00+00:00,20,20,2060,2054,0.0003899394152435,0.4823529411764706,0.002798753236239,20,20,2054,2060,20,20,0.148459462098795,0.1341667452163257,0.021739130434782608,0.012658227848101266,True,retrospective_origin_airport_association
2022,GFK,148,7,141,4,2022-01-01T00:00:00+00:00,2023-01-01T00:00:00+00:00,3,4,146,148,1.0541595330077171e-05,0.3900634249471458,0.0005990746429848,4,3,148,146,4,3,0.6748539079620162,0.726121223494089,0.028368794326241134,0.0472972972972973,False,retrospective_origin_airport_association
2022,GGG,91,2,89,3,2022-01-01T00:00:00+00:00,2023-01-01T00:00:00+00:00,1,1,82,91,0.0,0.3972012917115177,0.0005124468082626,1,1,91,82,1,1,1.0,1.0,0.033707865168539325,0.02197802197802198,False,retrospective_origin_airport_association
2022,GJT,338,7,330,10,2022-01-01T00:00:00+00:00,2023-01-01T00:00:00+00:00,7,8,326,338,8.429613247427803e-05,0.4346289752650176,0.000809122019608,8,7,338,326,8,7,0.306379328454886,0.2877225337799691,0.030303030303030304,0.020710059171597635,False,retrospective_origin_airport_association
2022,GNV,377,10,365,11,2022-01-01T00:00:00+00:00,2023-01-01T00:00:00+00:00,4,4,387,377,0.0,0.4160090191657272,0.0008419610160245,4,4,377,387,4,4,0.3610874627978808,0.3329060085865566,0.030136986301369864,0.026525198938992044,False,retrospective_origin_airport_association
2022,GPT,332,7,324,14,2022-01-01T00:00:00+00:00,2023-01-01T00:00:00+00:00,4,4,309,332,3.604000255131888e-05,0.4246260069044879,0.0007750753275176,4,4,332,309,4,4,0.3284402670924662,0.3402038101821305,0.043209876543209874,0.02108433734939759,False,retrospective_origin_airport_association
2022,GRB,415,4,411,12,2022-01-01T00:00:00+00:00,2023-01-01T00:00:00+00:00,8,8,414,415,4.532890766984086e-07,0.4635678391959799,0.0009123698116532,8,8,415,414,8,8,0.2755174916533604,0.2807766809027048,0.029197080291970802,0.00963855421686747,False,retrospective_origin_airport_association
2022,GRI,82,2,79,4,2022-01-01T00:00:00+00:00,2023-01-01T00:00:00+00:00,3,3,100,82,2.9923641042172074e-05,0.41,0.0005495210327888,3,3,82,100,3,3,0.5713860797144557,0.6082,0.05063291139240506,0.024390243902439025,False,retrospective_origin_airport_association
2022,GRK,209,8,201,12,2022-01-01T00:00:00+00:00,2023-01-01T00:00:00+00:00,1,2,202,209,0.0,0.3972012917115177,0.0006690927636634,2,1,209,202,2,1,0.9904764085071311,1.0,0.05970149253731343,0.03827751196172249,False,retrospective_origin_airport_association
2022,GRR,1643,53,1587,38,2022-01-01T00:00:00+00:00,2023-01-01T00:00:00+00:00,35,35,1595,1643,0.0008170126654331,0.5006784260515604,0.0024054838267501,35,35,1643,1595,35,35,0.0642357014338852,0.0649604465364923,0.023944549464398234,0.03225806451612903,True,retrospective_origin_airport_association
2022,GSO,987,39,945,25,2022-01-01T00:00:00+00:00,2023-01-01T00:00:00+00:00,11,12,1021,987,8.729101011499165e-05,0.4472727272727272,0.0015285814010279,12,11,987,1021,12,11,0.1589385414645713,0.1597836232458239,0.026455026455026454,0.03951367781155015,False,retrospective_origin_airport_association
2022,GSP,1297,39,1255,27,2022-01-01T00:00:00+00:00,2023-01-01T00:00:00+00:00,17,18,1196,1297,0.0002100184097152,0.4785992217898833,0.0017695677954646,18,17,1297,1196,18,17,0.1152704568813982,0.121135389984452,0.02151394422310757,0.030069390902081727,True,retrospective_origin_airport_association
2022,GST,8,0,8,0,2022-01-01T00:00:00+00:00,2023-01-01T00:00:00+00:00,1,1,9,8,0.0,0.2699341623994147,0.0004489430918601,1,1,8,9,1,1,1.0,1.0,0.0,0.0,False,retrospective_origin_airport_association
2022,GTF,220,5,215,10,2022-01-01T00:00:00+00:00,2023-01-01T00:00:00+00:00,6,6,217,220,9.332731972128372e-05,0.4403341288782816,0.0006914530402108,6,6,220,217,6,6,0.3029338842975206,0.3282507592006625,0.046511627906976744,0.022727272727272728,False,retrospective_origin_airport_association
2022,GTR,95,0,95,0,2022-01-01T00:00:00+00:00,2023-01-01T00:00:00+00:00,1,1,104,95,0.0,0.3847758081334723,0.0005195107963872,1,1,95,104,1,1,1.0,1.0,0.0,0.0,False,retrospective_origin_airport_association
2022,GUC,104,3,101,12,2022-01-01T00:00:00+00:00,2023-01-01T00:00:00+00:00,3,3,108,104,0.0,0.422680412371134,0.0005397272576732,3,3,104,108,3,3,0.7132026627218936,0.5197187928669411,0.1188118811881188,0.028846153846153848,False,retrospective_origin_airport_association
2022,GUM,64,0,64,0,2022-01-01T00:00:00+00:00,2023-01-01T00:00:00+00:00,2,2,68,64,0.005420054200542,0.3407202216066482,0.0013173781135569,2,2,64,68,2,2,0.50439453125,0.5069204152249135,0.0,0.0,False,retrospective_origin_airport_association
2022,HDN,281,11,270,12,2022-01-01T00:00:00+00:00,2023-01-01T00:00:00+00:00,15,13,227,281,2.1504940267249007e-06,0.48046875,0.0006828955397186,13,15,281,227,13,15,0.457884271982371,0.4340662539540841,0.044444444444444446,0.03914590747330961,False,retrospective_origin_airport_association
2022,HGR,25,0,25,0,2022-01-01T00:00:00+00:00,2023-01-01T00:00:00+00:00,3,3,28,25,4.115287515529076e-06,0.3527724665391969,0.0004807596906209,3,3,25,28,3,3,0.4432,0.3852040816326531,0.0,0.0,False,retrospective_origin_airport_association
2022,HHH,205,4,197,9,2022-01-01T00:00:00+00:00,2023-01-01T00:00:00+00:00,10,7,205,205,3.871608973529558e-07,0.4377224199288256,0.000630690655247,7,10,205,205,7,10,0.3152647233789411,0.2726710291493159,0.04568527918781726,0.01951219512195122,False,retrospective_origin_airport_association
2022,HIB,65,1,64,1,2022-01-01T00:00:00+00:00,2023-01-01T00:00:00+00:00,2,2,71,65,0.0,0.3708542713567839,0.0005412447638016,2,2,65,71,2,2,0.7841420118343194,0.7786153540964094,0.015625,0.015384615384615385,False,retrospective_origin_airport_association
2022,HLN,155,6,149,2,2022-01-01T00:00:00+00:00,2023-01-01T00:00:00+00:00,3,3,146,155,0.0,0.4041621029572836,0.0005850417511294,3,3,155,146,3,3,0.3560041623309053,0.3560705573278289,0.013422818791946308,0.03870967741935484,False,retrospective_origin_airport_association
2022,HNL,5623,55,5561,60,2022-01-01T00:00:00+00:00,2023-01-01T00:00:00+00:00,35,35,5709,5623,0.0185077786434005,0.5146443514644351,0.007581538934919,35,35,5623,5709,35,35,0.0988446533316376,0.0999997207962118,0.010789426362165079,0.009781255557531567,True,retrospective_origin_airport_association
2022,HOB,29,0,29,4,2022-01-01T00:00:00+00:00,2023-01-01T00:00:00+00:00,2,2,25,29,0.0,0.4028384279475983,0.0004335190160278,2,2,29,25,2,2,0.5719381688466112,0.5648000000000001,0.13793103448275862,0.0,False,retrospective_origin_airport_association
2022,HOU,5167,155,5000,91,2022-01-01T00:00:00+00:00,2023-01-01T00:00:00+00:00,71,70,5271,5167,0.0047231499739462,0.5110803324099723,0.0062871270067559,70,71,5167,5271,70,71,0.0294482084332585,0.028642852409822,0.0182,0.029998064640990904,True,retrospective_origin_airport_association
2022,HPN,1263,44,1215,63,2022-01-01T00:00:00+00:00,2023-01-01T00:00:00+00:00,12,12,1281,1263,4.60159856425823e-05,0.4246260069044879,0.0018107692581848,12,12,1263,1281,12,12,0.1138895001093927,0.1144408672722874,0.05185185185185185,0.03483768804433888,True,retrospective_origin_airport_association
2022,HRL,360,9,351,4,2022-01-01T00:00:00+00:00,2023-01-01T00:00:00+00:00,9,9,392,360,7.80851165168436e-06,0.4578163771712158,0.0008436369706306,9,9,360,392,9,9,0.2785185185185185,0.2874193044564764,0.011396011396011397,0.025,False,retrospective_origin_airport_association
2022,HSV,759,19,737,24,2022-01-01T00:00:00+00:00,2023-01-01T00:00:00+00:00,10,9,796,759,0.0,0.4635678391959799,0.0013303803586931,9,10,759,796,9,10,0.1810075319269339,0.1816052624933714,0.032564450474898234,0.025032938076416336,False,retrospective_origin_airport_association
2022,HTS,46,3,43,4,2022-01-01T00:00:00+00:00,2023-01-01T00:00:00+00:00,5,5,37,46,1.7001389239642317e-05,0.3575581395348837,0.0004992888009302,5,5,46,37,5,5,0.3034026465028355,0.2534696859021183,0.09302325581395349,0.06521739130434782,False,retrospective_origin_airport_association
2022,HYA,14,0,14,1,2022-01-01T00:00:00+00:00,2023-01-01T00:00:00+00:00,1,1,10,14,0.0,0.3497630331753554,0.0004150661903101,1,1,14,10,1,1,1.0,1.0,0.07142857142857142,0.0,False,retrospective_origin_airport_association
2022,HYS,68,2,66,1,2022-01-01T00:00:00+00:00,2023-01-01T00:00:00+00:00,3,2,83,68,0.0,0.4207525655644242,0.0008065512254823,2,3,68,83,2,3,0.5038927335640138,0.3816228770503701,0.015151515151515152,0.029411764705882353,False,retrospective_origin_airport_association
2022,IAD,5841,138,5691,183,2022-01-01T00:00:00+00:00,2023-01-01T00:00:00+00:00,67,67,5750,5841,0.0097066493822646,0.5355587808417998,0.007677432750499,67,67,5841,5750,67,67,0.0267029192625285,0.0265731266540642,0.032156035846072746,0.02362609142270159,True,retrospective_origin_airport_association
2022,IAG,37,2,35,3,2022-01-01T00:00:00+00:00,2023-01-01T00:00:00+00:00,4,4,36,37,1.0730100307317034e-05,0.3551491819056785,0.0005119726368842,4,4,37,36,4,4,0.3776479181884588,0.3302469135802469,0.08571428571428572,0.05405405405405406,False,retrospective_origin_airport_association
2022,IAH,12836,247,12566,334,2022-01-01T00:00:00+00:00,2023-01-01T00:00:00+00:00,110,110,12973,12836,0.0385813449283584,0.5783699059561128,0.0158730843549944,110,110,12836,12973,110,110,0.0214451802303839,0.0213968520225723,0.026579659398376573,0.01924275475225927,True,retrospective_origin_airport_association
2022,ICT,895,20,874,17,2022-01-01T00:00:00+00:00,2023-01-01T00:00:00+00:00,14,14,969,895,0.000451834627342,0.4836173001310616,0.001641866060078,14,14,895,969,14,14,0.1524259542461221,0.1504780283739154,0.019450800915331808,0.0223463687150838,False,retrospective_origin_airport_association
2022,IDA,498,9,487,19,2022-01-01T00:00:00+00:00,2023-01-01T00:00:00+00:00,11,12,449,498,0.0001100716469236,0.4424460431654676,0.0009915195576991,12,11,498,449,12,11,0.1873195593619457,0.1924940848507696,0.039014373716632446,0.018072289156626505,False,retrospective_origin_airport_association
2022,ILG,4,1,3,0,2022-01-01T00:00:00+00:00,2023-01-01T00:00:00+00:00,1,1,2,4,0.0,0.3575581395348837,0.0004073518946813,1,1,4,2,1,1,1.0,1.0,0.0,0.25,False,retrospective_origin_airport_association
2022,ILM,680,24,653,20,2022-01-01T00:00:00+00:00,2023-01-01T00:00:00+00:00,8,8,729,680,2.337842564070913e-07,0.4361702127659574,0.0011902353878805,8,8,680,729,8,8,0.2041695501730104,0.2017665178260615,0.030627871362940276,0.03529411764705882,False,retrospective_origin_airport_association
2022,IMT,89,3,86,4,2022-01-01T00:00:00+00:00,2023-01-01T00:00:00+00:00,4,4,76,89,8.540149470146883e-05,0.3819875776397515,0.0005160295465102,4,4,89,76,4,4,0.4697639186971342,0.4629501385041551,0.046511627906976744,0.033707865168539325,False,retrospective_origin_airport_association
2022,IND,4155,141,4004,107,2022-01-01T00:00:00+00:00,2023-01-01T00:00:00+00:00,44,43,4300,4155,0.0011094210417869,0.517531556802244,0.0051252211505299,43,44,4155,4300,43,44,0.041552361051377,0.0398911844240129,0.026723276723276724,0.03393501805054152,True,retrospective_origin_airport_association
2022,INL,72,3,69,1,2022-01-01T00:00:00+00:00,2023-01-01T00:00:00+00:00,2,2,56,72,0.0,0.3708542713567839,0.0005240826182359,2,2,72,56,2,2,0.78125,0.7551020408163265,0.014492753623188406,0.041666666666666664,False,retrospective_origin_airport_association
2022,ISP,465,24,439,8,2022-01-01T00:00:00+00:00,2023-01-01T00:00:00+00:00,10,10,461,465,1.180778881292544e-05,0.4010869565217391,0.0008617824364072,10,10,465,461,10,10,0.1802058041392068,0.187459121686798,0.018223234624145785,0.05161290322580645,False,retrospective_origin_airport_association
2022,ITH,68,3,65,2,2022-01-01T00:00:00+00:00,2023-01-01T00:00:00+00:00,3,3,63,68,0.0,0.3896515311510031,0.0004797394051994,3,3,68,63,3,3,0.5160034602076125,0.4880322499370118,0.03076923076923077,0.04411764705882353,False,retrospective_origin_airport_association
2022,ITO,644,7,637,9,2022-01-01T00:00:00+00:00,2023-01-01T00:00:00+00:00,3,3,641,644,0.0,0.3675298804780876,0.0011315225287522,3,3,644,641,3,3,0.8595009837583426,0.8367653894923349,0.0141287284144427,0.010869565217391304,False,retrospective_origin_airport_association
2022,JAC,485,8,473,22,2022-01-01T00:00:00+00:00,2023-01-01T00:00:00+00:00,15,17,503,485,4.588399124693807e-06,0.4836173001310616,0.0009916340627603,17,15,485,503,17,15,0.1284769901158465,0.1310506740866925,0.046511627906976744,0.016494845360824743,False,retrospective_origin_airport_association
2022,JAN,800,12,784,25,2022-01-01T00:00:00+00:00,2023-01-01T00:00:00+00:00,8,8,788,800,1.8903347828436132e-06,0.422680412371134,0.0013027121151024,8,8,800,788,8,8,0.2365,0.2455261666108376,0.03188775510204082,0.015,False,retrospective_origin_airport_association
2022,JAX,2930,90,2831,74,2022-01-01T00:00:00+00:00,2023-01-01T00:00:00+00:00,33,32,2923,2930,0.0006332015114889,0.4926568758344459,0.0035027488775473,32,33,2930,2923,32,33,0.0623110344907919,0.0626033994430431,0.026139173436948077,0.030716723549488054,True,retrospective_origin_airport_association
2022,JFK,13975,502,13442,571,2022-01-01T00:00:00+00:00,2023-01-01T00:00:00+00:00,72,72,13894,13975,0.0136755622213196,0.537117903930131,0.0158836735783671,72,72,13975,13894,72,72,0.0276772130145512,0.0282232421756543,0.042478797797946735,0.03592128801431127,True,retrospective_origin_airport_association
2022,JLN,71,2,67,3,2022-01-01T00:00:00+00:00,2023-01-01T00:00:00+00:00,3,3,53,71,0.0002423858312681,0.4207525655644242,0.0004973738975364,3,3,71,53,3,3,0.4493156119817496,0.4474902100391598,0.04477611940298507,0.028169014084507043,False,retrospective_origin_airport_association
2022,JMS,82,7,75,4,2022-01-01T00:00:00+00:00,2023-01-01T00:00:00+00:00,2,2,72,82,0.0,0.3954983922829582,0.0007692427167509,2,2,82,72,2,2,0.5047590719809638,0.5385802469135802,0.05333333333333334,0.08536585365853659,False,retrospective_origin_airport_association
2022,JNU,504,15,486,10,2022-01-01T00:00:00+00:00,2023-01-01T00:00:00+00:00,7,7,500,504,0.0153221723968683,0.3693693693693693,0.0028633888721343,7,7,504,500,7,7,0.2320168808264046,0.218112,0.0205761316872428,0.02976190476190476,False,retrospective_origin_airport_association
2022,JST,72,5,67,5,2022-01-01T00:00:00+00:00,2023-01-01T00:00:00+00:00,3,3,83,72,0.0,0.3976293103448275,0.0006287478695219,3,3,72,83,3,3,0.4147376543209876,0.3793003338655828,0.07462686567164178,0.06944444444444445,False,retrospective_origin_airport_association
2022,KOA,1698,13,1680,16,2022-01-01T00:00:00+00:00,2023-01-01T00:00:00+00:00,16,16,1694,1698,9.15581834078108e-05,0.4511002444987775,0.002259954653366,16,16,1698,1694,16,16,0.2375308857784603,0.232882497989292,0.009523809523809525,0.0076560659599528855,True,retrospective_origin_airport_association
2022,KTN,273,12,260,5,2022-01-01T00:00:00+00:00,2023-01-01T00:00:00+00:00,4,4,252,273,0.0053271141685775,0.3642645607107601,0.0013609158011139,4,4,273,252,4,4,0.4080693421352762,0.3715671453766692,0.019230769230769232,0.04395604395604396,False,retrospective_origin_airport_association
2022,LAN,195,8,187,4,2022-01-01T00:00:00+00:00,2023-01-01T00:00:00+00:00,3,3,220,195,0.0,0.4032786885245901,0.0006610825987537,3,3,195,220,3,3,0.3586324786324786,0.3571487603305784,0.0213903743315508,0.041025641025641026,False,retrospective_origin_airport_association
2022,LAR,77,10,67,2,2022-01-01T00:00:00+00:00,2023-01-01T00:00:00+00:00,2,2,64,77,0.0,0.3954983922829582,0.0005011414215585,2,2,77,64,2,2,0.9251138471917691,0.939453125,0.029850746268656716,0.12987012987012986,False,retrospective_origin_airport_association
2022,LAS,17697,373,17291,457,2022-01-01T00:00:00+00:00,2023-01-01T00:00:00+00:00,125,125,17891,17697,0.0433292938579771,0.5970873786407767,0.020888443456496,125,125,17697,17891,125,125,0.0221927532658624,0.0225435932702494,0.02642993464808282,0.021077018703735097,True,retrospective_origin_airport_association
2022,LAW,135,1,134,2,2022-01-01T00:00:00+00:00,2023-01-01T00:00:00+00:00,1,1,112,135,0.0,0.3972012917115177,0.0005516082971128,1,1,135,112,1,1,1.0,1.0,0.014925373134328358,0.007407407407407408,False,retrospective_origin_airport_association
2022,LAX,19739,255,19438,338,2022-01-01T00:00:00+00:00,2023-01-01T00:00:00+00:00,105,104,19665,19739,0.0216269749618402,0.5729813664596274,0.0221485475208426,104,105,19739,19665,104,105,0.0263799157350862,0.0263176293431116,0.017388620228418562,0.012918587567759258,True,retrospective_origin_airport_association
2022,LBB,606,18,586,16,2022-01-01T00:00:00+00:00,2023-01-01T00:00:00+00:00,8,8,593,606,4.257923308663708e-06,0.432590855803048,0.0010715034436622,8,8,606,593,8,8,0.2432713568386541,0.2320524159033581,0.027303754266211604,0.0297029702970297,False,retrospective_origin_airport_association
2022,LBE,111,4,107,2,2022-01-01T00:00:00+00:00,2023-01-01T00:00:00+00:00,5,5,95,111,3.430671508968964e-06,0.3678963110667996,0.000508724742604,5,5,111,95,5,5,0.3154776398019641,0.2664819944598338,0.018691588785046728,0.036036036036036036,False,retrospective_origin_airport_association
2022,LBF,64,0,64,2,2022-01-01T00:00:00+00:00,2023-01-01T00:00:00+00:00,3,3,68,64,7.364204076823377e-06,0.3959227467811159,0.0005992712073429,3,3,64,68,3,3,0.54541015625,0.5795847750865053,0.03125,0.0,False,retrospective_origin_airport_association
2022,LBL,70,4,66,0,2022-01-01T00:00:00+00:00,2023-01-01T00:00:00+00:00,2,2,72,70,0.0,0.3954983922829582,0.0007196928056723,2,2,70,72,2,2,0.5918367346938775,0.5034722222222221,0.0,0.05714285714285714,False,retrospective_origin_airport_association
2022,LCH,120,3,116,5,2022-01-01T00:00:00+00:00,2023-01-01T00:00:00+00:00,2,2,113,120,0.0,0.399783315276273,0.0005521507273648,2,2,120,113,2,2,0.9834722222222224,0.9483123188973296,0.04310344827586207,0.025,False,retrospective_origin_airport_association
2022,LCK,91,0,90,3,2022-01-01T00:00:00+00:00,2023-01-01T00:00:00+00:00,10,10,99,91,6.335390758432298e-05,0.3761467889908257,0.0006024798995511,10,10,91,99,10,10,0.136094674556213,0.1156004489337822,0.03333333333333333,0.0,False,retrospective_origin_airport_association
2022,LEX,703,21,679,16,2022-01-01T00:00:00+00:00,2023-01-01T00:00:00+00:00,14,14,704,703,0.0002336189197749,0.4566831683168317,0.0013187318593365,14,14,703,704,14,14,0.190860546853659,0.1808900439049586,0.023564064801178203,0.029871977240398292,False,retrospective_origin_airport_association
2022,LFT,336,4,330,17,2022-01-01T00:00:00+00:00,2023-01-01T00:00:00+00:00,4,4,341,336,0.0,0.4178935447338618,0.0008169213060221,4,4,336,341,4,4,0.3328195861678004,0.346668845297168,0.051515151515151514,0.011904761904761904,False,retrospective_origin_airport_association
2022,LGA,17378,900,16441,659,2022-01-01T00:00:00+00:00,2023-01-01T00:00:00+00:00,83,84,17231,17378,0.0079756195927344,0.5324675324675324,0.0197560818708966,84,83,17378,17231,84,83,0.0268417990816029,0.0262890652953531,0.0400827200291953,0.05178961905857982,True,retrospective_origin_airport_association
2022,LGB,1651,30,1620,22,2022-01-01T00:00:00+00:00,2023-01-01T00:00:00+00:00,17,17,1554,1651,4.344298253438266e-05,0.4435096153846153,0.0020187647965944,17,17,1651,1554,17,17,0.0896173271636484,0.0855706782347709,0.013580246913580247,0.018170805572380374,True,retrospective_origin_airport_association
2022,LIH,1566,15,1549,24,2022-01-01T00:00:00+00:00,2023-01-01T00:00:00+00:00,13,13,1618,1566,1.408676106197772e-06,0.4183673469387755,0.0021551444640585,13,13,1566,1618,13,13,0.2462489132899138,0.2513907966770617,0.015493867010974823,0.009578544061302681,True,retrospective_origin_airport_association
2022,LIT,1114,28,1084,28,2022-01-01T00:00:00+00:00,2023-01-01T00:00:00+00:00,17,18,1125,1114,0.0002193941920047,0.4792207792207792,0.0017467456686929,18,17,1114,1125,18,17,0.1422486454428539,0.1376924444444444,0.025830258302583026,0.025134649910233394,True,retrospective_origin_airport_association
2022,LNK,20,1,19,2,2022-01-01T00:00:00+00:00,2023-01-01T00:00:00+00:00,2,2,22,20,0.0,0.4037199124726477,0.000432511987679,2,2,20,22,2,2,0.6800000000000002,0.8347107438016528,0.10526315789473684,0.05,False,retrospective_origin_airport_association
2022,LRD,160,3,157,7,2022-01-01T00:00:00+00:00,2023-01-01T00:00:00+00:00,2,2,147,160,0.0,0.4081858407079646,0.0005954846124891,2,2,160,147,2,2,0.8507031249999999,0.9216992919616824,0.044585987261146494,0.01875,False,retrospective_origin_airport_association
2022,LSE,158,3,155,4,2022-01-01T00:00:00+00:00,2023-01-01T00:00:00+00:00,3,3,155,158,0.0,0.4063876651982379,0.000599557640726,3,3,158,155,3,3,0.5011216151257811,0.4881997918834547,0.025806451612903226,0.0189873417721519,False,retrospective_origin_airport_association
2022,LWB,43,2,41,3,2022-01-01T00:00:00+00:00,2023-01-01T00:00:00+00:00,2,2,46,43,0.0,0.3950749464668094,0.0006594976337008,2,2,43,46,2,2,0.5024337479718766,0.5340264650283554,0.07317073170731707,0.046511627906976744,False,retrospective_origin_airport_association
2022,LWS,110,0,109,0,2022-01-01T00:00:00+00:00,2023-01-01T00:00:00+00:00,2,2,120,110,0.0,0.3972012917115177,0.0005532134243418,2,2,110,120,2,2,0.5371900826446281,0.5555555555555556,0.0,0.0,False,retrospective_origin_airport_association
2022,LYH,25,0,25,1,2022-01-01T00:00:00+00:00,2023-01-01T00:00:00+00:00,1,1,25,25,0.0,0.3746192893401015,0.000434727278661,1,1,25,25,1,1,1.0,1.0,0.04,0.0,False,retrospective_origin_airport_association
2022,MAF,879,21,855,29,2022-01-01T00:00:00+00:00,2023-01-01T00:00:00+00:00,8,8,893,879,4.257923308663708e-06,0.432590855803048,0.0013949277152482,8,8,879,893,8,8,0.1702873650246362,0.1745252674465702,0.03391812865497076,0.023890784982935155,False,retrospective_origin_airport_association
2022,MBS,121,3,118,3,2022-01-01T00:00:00+00:00,2023-01-01T00:00:00+00:00,2,2,111,121,0.0,0.3993506493506493,0.0005392875866228,2,2,121,111,2,2,0.7024793388429753,0.7406054703352001,0.025423728813559324,0.024793388429752067,False,retrospective_origin_airport_association
2022,MCI,4477,144,4320,110,2022-01-01T00:00:00+00:00,2023-01-01T00:00:00+00:00,48,47,4575,4477,0.0012099245950377,0.5204513399153737,0.005333695967855,47,48,4477,4575,47,48,0.039336535996231,0.0396319269013706,0.02546296296296296,0.032164395800759436,True,retrospective_origin_airport_association
2022,MCO,15095,533,14531,569,2022-01-01T00:00:00+00:00,2023-01-01T00:00:00+00:00,92,93,14893,15095,0.0187126805550883,0.5557228915662651,0.0172881576327669,93,92,15095,14893,93,92,0.0241813507277142,0.0238930494994196,0.03915766292753424,0.03530970520039748,True,retrospective_origin_airport_association
2022,MCW,54,4,50,1,2022-01-01T00:00:00+00:00,2023-01-01T00:00:00+00:00,2,2,56,54,0.0,0.3950749464668094,0.0007692068600138,2,2,54,56,2,2,0.5685871056241427,0.5,0.02,0.07407407407407407,False,retrospective_origin_airport_association
2022,MDT,513,12,500,16,2022-01-01T00:00:00+00:00,2023-01-01T00:00:00+00:00,15,15,503,513,0.0002688169976984,0.4761290322580645,0.0010915902068769,15,15,513,503,15,15,0.1605318255569615,0.1668833914999071,0.032,0.023391812865497075,False,retrospective_origin_airport_association
2022,MDW,7979,254,7695,205,2022-01-01T00:00:00+00:00,2023-01-01T00:00:00+00:00,79,79,7861,7979,0.0035963326985327,0.5340086830680174,0.0087566325542158,79,79,7979,7861,79,79,0.0213945960822934,0.0208892029220141,0.02664067576348278,0.03183356310314576,True,retrospective_origin_airport_association
2022,MEI,87,3,84,1,2022-01-01T00:00:00+00:00,2023-01-01T00:00:00+00:00,2,2,72,87,0.0,0.3671641791044776,0.0006947140537057,2,2,87,72,2,2,0.5481569560047562,0.5061728395061729,0.011904761904761904,0.034482758620689655,False,retrospective_origin_airport_association
2022,MEM,2127,56,2066,76,2022-01-01T00:00:00+00:00,2023-01-01T00:00:00+00:00,29,29,2123,2127,0.0003507100663076,0.4979757085020243,0.0027874482374241,29,29,2127,2123,29,29,0.0688249605614694,0.0682778327400879,0.036786060019361085,0.026328161730136343,True,retrospective_origin_airport_association
2022,MFE,359,15,344,15,2022-01-01T00:00:00+00:00,2023-01-01T00:00:00+00:00,6,6,343,359,3.513224752369478e-05,0.4260969976905311,0.0008305157017609,6,6,359,343,6,6,0.4002374283253543,0.4302714005218914,0.0436046511627907,0.04178272980501393,False,retrospective_origin_airport_association
2022,MFR,804,10,792,12,2022-01-01T00:00:00+00:00,2023-01-01T00:00:00+00:00,11,11,751,804,8.448912915687466e-05,0.4197952218430034,0.0012682482043517,11,11,804,751,11,11,0.199660899482686,0.2056467984985842,0.015151515151515152,0.012437810945273632,False,retrospective_origin_airport_association
2022,MGM,272,7,265,8,2022-01-01T00:00:00+00:00,2023-01-01T00:00:00+00:00,3,4,248,272,0.0,0.4122905027932961,0.0006915167566526,4,3,272,248,4,3,0.4026005622837371,0.3998764308012487,0.03018867924528302,0.025735294117647058,False,retrospective_origin_airport_association
2022,MHK,188,4,184,12,2022-01-01T00:00:00+00:00,2023-01-01T00:00:00+00:00,2,2,215,188,0.0,0.4221967963386727,0.00067987422367,2,2,188,215,2,2,0.5382526029877773,0.5376527852893456,0.06521739130434782,0.02127659574468085,False,retrospective_origin_airport_association
2022,MHT,686,23,662,14,2022-01-01T00:00:00+00:00,2023-01-01T00:00:00+00:00,12,12,689,686,6.867026488502768e-06,0.422680412371134,0.0011021683977914,12,12,686,689,12,12,0.1323215666941495,0.137556585868331,0.021148036253776436,0.033527696793002916,False,retrospective_origin_airport_association
2022,MIA,10947,306,10610,363,2022-01-01T00:00:00+00:00,2023-01-01T00:00:00+00:00,83,82,10971,10947,0.0066987679523433,0.5434462444771723,0.0122451826390712,82,83,10947,10971,82,83,0.0295430346447225,0.029170522819414,0.03421300659754948,0.027952863798300906,True,retrospective_origin_airport_association
2022,MKE,2650,68,2580,72,2022-01-01T00:00:00+00:00,2023-01-01T00:00:00+00:00,29,29,2697,2650,3.3470585339909446e-05,0.5034106412005457,0.0033520291508792,29,29,2650,2697,29,29,0.0479595585617657,0.0516462557650331,0.027906976744186046,0.025660377358490565,True,retrospective_origin_airport_association
2022,MKG,44,4,40,1,2022-01-01T00:00:00+00:00,2023-01-01T00:00:00+00:00,1,1,46,44,0.0,0.3946524064171123,0.0004618033825298,1,1,44,46,1,1,1.0,1.0,0.025,0.09090909090909091,False,retrospective_origin_airport_association
2022,MLB,247,8,237,4,2022-01-01T00:00:00+00:00,2023-01-01T00:00:00+00:00,6,6,269,247,0.0001734100583317,0.3993506493506493,0.0007184397740317,6,6,247,269,6,6,0.4313625858479897,0.4129710755793866,0.016877637130801686,0.032388663967611336,False,retrospective_origin_airport_association
2022,MLI,417,8,408,13,2022-01-01T00:00:00+00:00,2023-01-01T00:00:00+00:00,10,10,405,417,0.0003545317849872,0.4718670076726343,0.0009580881033951,10,10,417,405,10,10,0.1905295907159164,0.1799786617893613,0.031862745098039214,0.019184652278177457,False,retrospective_origin_airport_association
2022,MLU,222,3,219,6,2022-01-01T00:00:00+00:00,2023-01-01T00:00:00+00:00,2,2,204,222,0.0,0.4086378737541528,0.0006496326610732,2,2,222,204,2,2,0.5010145280415551,0.5007689350249904,0.0273972602739726,0.013513513513513514,False,retrospective_origin_airport_association
2022,MOB,310,4,303,15,2022-01-01T00:00:00+00:00,2023-01-01T00:00:00+00:00,4,4,338,310,0.0,0.4178935447338618,0.0008049615037006,4,4,310,338,4,4,0.3701768990634755,0.3777703861909597,0.04950495049504951,0.012903225806451613,False,retrospective_origin_airport_association
2022,MOT,240,9,230,11,2022-01-01T00:00:00+00:00,2023-01-01T00:00:00+00:00,4,4,240,240,3.1525421784432136e-05,0.4146067415730337,0.0007297540301319,4,4,240,240,4,4,0.4083680555555555,0.4548958333333334,0.04782608695652174,0.0375,False,retrospective_origin_airport_association
2022,MQT,113,8,105,3,2022-01-01T00:00:00+00:00,2023-01-01T00:00:00+00:00,2,2,109,113,0.0,0.3993506493506493,0.0005376343522436,2,2,113,109,2,2,0.5047380374344115,0.5050921639592627,0.02857142857142857,0.07079646017699115,False,retrospective_origin_airport_association
2022,MRY,448,3,443,17,2022-01-01T00:00:00+00:00,2023-01-01T00:00:00+00:00,8,8,420,448,0.0,0.4377224199288256,0.0008661612552572,8,8,448,420,8,8,0.1548947704081632,0.1471995464852608,0.03837471783295711,0.006696428571428571,False,retrospective_origin_airport_association
2022,MSN,1068,24,1044,35,2022-01-01T00:00:00+00:00,2023-01-01T00:00:00+00:00,16,16,1096,1068,1.593427541489142e-06,0.4785992217898833,0.0016956040159656,16,16,1068,1096,16,16,0.1074692449045434,0.109718818264159,0.033524904214559385,0.02247191011235955,True,retrospective_origin_airport_association
2022,MSO,451,9,441,8,2022-01-01T00:00:00+00:00,2023-01-01T00:00:00+00:00,14,13,463,451,0.0001431927662954,0.4706632653061224,0.0009917893569502,13,14,451,463,13,14,0.180495671112728,0.175916293867117,0.018140589569160998,0.019955654101995565,False,retrospective_origin_airport_association
2022,MSP,12327,194,12104,274,2022-01-01T00:00:00+00:00,2023-01-01T00:00:00+00:00,116,116,12331,12327,0.066698395603974,0.5875796178343949,0.0187473147775996,116,116,12327,12331,116,116,0.0163676098983271,0.0163753810408951,0.022637144745538663,0.015737811308509774,True,retrospective_origin_airport_association
2022,MSY,5045,123,4905,130,2022-01-01T00:00:00+00:00,2023-01-01T00:00:00+00:00,40,42,4905,5045,0.0018516036557117,0.5110803324099723,0.0055711012720083,42,40,5045,4905,42,40,0.0414581158080742,0.0415926663694808,0.026503567787971458,0.02438057482656095,True,retrospective_origin_airport_association
2022,MTJ,294,7,286,3,2022-01-01T00:00:00+00:00,2023-01-01T00:00:00+00:00,10,10,310,294,4.27258282424801e-06,0.4583850931677019,0.0007864374721027,10,10,294,310,10,10,0.3180850571521126,0.3517793964620188,0.01048951048951049,0.023809523809523808,False,retrospective_origin_airport_association
2022,MVY,79,0,79,6,2022-01-01T00:00:00+00:00,2023-01-01T00:00:00+00:00,6,7,95,79,7.439167506866954e-07,0.4132138857782755,0.0004973893926434,7,6,79,95,7,6,0.3186989264540939,0.2542936288088643,0.0759493670886076,0.0,False,retrospective_origin_airport_association
2022,MYR,1577,41,1535,45,2022-01-01T00:00:00+00:00,2023-01-01T00:00:00+00:00,48,47,1679,1577,0.0142683227339546,0.5,0.0025290111856639,47,48,1577,1679,47,48,0.0663312060778574,0.0643349990298119,0.029315960912052116,0.02599873176918199,True,retrospective_origin_airport_association
2022,OAJ,202,11,191,10,2022-01-01T00:00:00+00:00,2023-01-01T00:00:00+00:00,2,2,201,202,0.0,0.3917197452229299,0.0006332796646192,2,2,202,201,2,2,0.5176943436917949,0.5006064206331526,0.05235602094240838,0.054455445544554455,False,retrospective_origin_airport_association
2022,OAK,4856,91,4761,72,2022-01-01T00:00:00+00:00,2023-01-01T00:00:00+00:00,38,41,4796,4856,0.0014001405751657,0.4817232375979112,0.0055595547074837,41,38,4856,4796,41,38,0.0575015130995063,0.0574445725900301,0.015122873345935728,0.01873970345963756,True,retrospective_origin_airport_association
2022,OGD,2,0,2,0,2022-01-01T00:00:00+00:00,2023-01-01T00:00:00+00:00,1,1,1,2,0.0,0.2949640287769784,0.0004087227385806,1,1,2,1,1,1,1.0,1.0,0.0,0.0,False,retrospective_origin_airport_association
2022,OGG,3160,26,3130,37,2022-01-01T00:00:00+00:00,2023-01-01T00:00:00+00:00,22,22,3122,3160,0.0012063708339343,0.4855263157894737,0.0037974038399337,22,22,3160,3122,22,22,0.1598654061849062,0.1516659067656904,0.011821086261980831,0.008227848101265823,True,retrospective_origin_airport_association
2022,OGS,29,0,29,1,2022-01-01T00:00:00+00:00,2023-01-01T00:00:00+00:00,3,3,26,29,0.000139726573205,0.3976293103448275,0.0004456661714303,3,3,29,26,3,3,0.7526753864447085,0.7899408284023668,0.034482758620689655,0.0,False,retrospective_origin_airport_association
2022,OKC,2110,48,2058,49,2022-01-01T00:00:00+00:00,2023-01-01T00:00:00+00:00,25,24,2077,2110,0.000249714638892,0.5006784260515604,0.0027483337529508,24,25,2110,2077,24,25,0.0755203162552503,0.0753375866872171,0.023809523809523808,0.022748815165876776,True,retrospective_origin_airport_association
2022,OMA,2174,48,2124,47,2022-01-01T00:00:00+00:00,2023-01-01T00:00:00+00:00,29,30,2199,2174,0.0009406046398675,0.5068681318681318,0.0029370617712599,30,29,2174,2199,30,29,0.0668052394739537,0.0665015579242373,0.022128060263653482,0.02207911683532659,True,retrospective_origin_airport_association
2022,OME,75,2,72,0,2022-01-01T00:00:00+00:00,2023-01-01T00:00:00+00:00,1,2,80,75,0.0,0.3342391304347826,0.0006591835561074,2,1,75,80,2,1,0.5022222222222222,1.0,0.0,0.02666666666666667,False,retrospective_origin_airport_association
2022,ONT,2405,49,2351,36,2022-01-01T00:00:00+00:00,2023-01-01T00:00:00+00:00,21,21,2439,2405,4.439079084396674e-05,0.4718670076726343,0.0030552106795654,21,21,2405,2439,21,21,0.074823500935767,0.0768176890460991,0.015312632922160783,0.020374220374220375,True,retrospective_origin_airport_association
2022,ORD,26510,735,25710,669,2022-01-01T00:00:00+00:00,2023-01-01T00:00:00+00:00,179,180,26690,26510,0.1583446706351819,0.6507936507936508,0.0382305073002101,180,179,26510,26690,180,179,0.0134539893773315,0.0136137389712813,0.02602100350058343,0.027725386646548472,True,retrospective_origin_airport_association
2022,ORF,2229,78,2144,59,2022-01-01T00:00:00+00:00,2023-01-01T00:00:00+00:00,26,27,2203,2229,0.0007554845241227,0.4861660079051383,0.0027738697408519,27,26,2229,2203,27,26,0.0734212200567542,0.072023891820855,0.02751865671641791,0.034993270524899055,True,retrospective_origin_airport_association
2022,ORH,175,11,162,8,2022-01-01T00:00:00+00:00,2023-01-01T00:00:00+00:00,3,3,175,175,6.270246224831498e-07,0.3716012084592145,0.0005752894322906,3,3,175,175,3,3,0.4354938775510204,0.4757224489795918,0.04938271604938271,0.06285714285714286,False,retrospective_origin_airport_association
2022,OTH,27,2,25,2,2022-01-01T00:00:00+00:00,2023-01-01T00:00:00+00:00,2,2,30,27,0.0,0.3967741935483871,0.0004367388580224,2,2,27,30,2,2,0.654320987654321,0.768888888888889,0.08,0.07407407407407407,False,retrospective_origin_airport_association
2022,OTZ,98,6,92,1,2022-01-01T00:00:00+00:00,2023-01-01T00:00:00+00:00,2,1,76,98,0.0,0.3345421577515866,0.0007971188370586,1,2,98,76,1,2,1.0,0.5031163434903048,0.010869565217391304,0.061224489795918366,False,retrospective_origin_airport_association
2022,OWB,12,2,10,0,2022-01-01T00:00:00+00:00,2023-01-01T00:00:00+00:00,1,1,4,12,0.0,0.3,0.000417441667548,1,1,12,4,1,1,1.0,1.0,0.0,0.16666666666666666,False,retrospective_origin_airport_association
2022,PAE,416,10,405,4,2022-01-01T00:00:00+00:00,2023-01-01T00:00:00+00:00,11,11,454,416,7.316902368655396e-05,0.3921360255047821,0.0008910668022534,11,11,416,454,11,11,0.1182738535502958,0.1221545149333385,0.009876543209876543,0.02403846153846154,False,retrospective_origin_airport_association
2022,PAH,80,1,79,2,2022-01-01T00:00:00+00:00,2023-01-01T00:00:00+00:00,3,3,76,80,0.0,0.3954983922829582,0.0006821713186929,3,3,80,76,3,3,0.5184375,0.5637119113573407,0.02531645569620253,0.0125,False,retrospective_origin_airport_association
2022,PBG,71,3,67,3,2022-01-01T00:00:00+00:00,2023-01-01T00:00:00+00:00,5,6,72,71,0.0001559717184085,0.3773006134969325,0.0005573368409759,6,5,71,72,6,5,0.2600674469351319,0.251929012345679,0.04477611940298507,0.04225352112676056,False,retrospective_origin_airport_association
2022,PBI,2497,110,2382,114,2022-01-01T00:00:00+00:00,2023-01-01T00:00:00+00:00,28,30,2577,2497,0.0009013551473446,0.4861660079051383,0.0031886994971077,30,28,2497,2577,30,28,0.0837312343895574,0.0816923355151063,0.04785894206549118,0.04405286343612335,True,retrospective_origin_airport_association
2022,PDX,6201,123,6066,103,2022-01-01T00:00:00+00:00,2023-01-01T00:00:00+00:00,57,58,6078,6201,0.004039782879044,0.5324675324675324,0.0072150552011442,58,57,6201,6078,58,57,0.0477309336288259,0.0477869088273417,0.016979887899769206,0.01983551040154814,True,retrospective_origin_airport_association
2022,PGD,639,27,610,35,2022-01-01T00:00:00+00:00,2023-01-01T00:00:00+00:00,51,50,626,639,0.0070070179243567,0.4146067415730337,0.002288481459773,50,51,639,626,50,51,0.0285829041366963,0.0267074278598332,0.05737704918032787,0.04225352112676056,False,retrospective_origin_airport_association
2022,PGV,6,1,5,1,2022-01-01T00:00:00+00:00,2023-01-01T00:00:00+00:00,1,1,10,6,0.0,0.3746192893401015,0.0004171341547076,1,1,6,10,1,1,1.0,1.0,0.2,0.16666666666666666,False,retrospective_origin_airport_association
2022,PHF,48,1,47,2,2022-01-01T00:00:00+00:00,2023-01-01T00:00:00+00:00,1,1,41,48,0.0,0.3746192893401015,0.0004534932775446,1,1,48,41,1,1,1.0,1.0,0.0425531914893617,0.020833333333333332,False,retrospective_origin_airport_association
2022,PHL,8971,245,8702,278,2022-01-01T00:00:00+00:00,2023-01-01T00:00:00+00:00,81,82,8851,8971,0.0064911561284557,0.5442477876106194,0.0099377464295989,82,81,8971,8851,82,81,0.0278214617926716,0.0280198540721129,0.0319466789243852,0.027310221825883402,True,retrospective_origin_airport_association
2022,PHX,16882,299,16544,328,2022-01-01T00:00:00+00:00,2023-01-01T00:00:00+00:00,107,107,16925,16882,0.0237916004492872,0.5747663551401869,0.0202357938876628,107,107,16882,16925,107,107,0.019183477512243,0.0189027707171049,0.019825918762088973,0.017711171662125342,True,retrospective_origin_airport_association
2022,PIA,333,11,321,16,2022-01-01T00:00:00+00:00,2023-01-01T00:00:00+00:00,13,13,342,333,0.0003728547549743,0.4712643678160919,0.0009171347733726,13,13,333,342,13,13,0.1665539413287161,0.1729079032864812,0.04984423676012461,0.03303303303303303,False,retrospective_origin_airport_association
2022,PIB,70,2,68,4,2022-01-01T00:00:00+00:00,2023-01-01T00:00:00+00:00,2,2,56,70,0.0,0.3671641791044776,0.0006363529045927,2,2,70,56,2,2,0.503673469387755,0.5025510204081632,0.058823529411764705,0.02857142857142857,False,retrospective_origin_airport_association
2022,PIE,764,24,739,28,2022-01-01T00:00:00+00:00,2023-01-01T00:00:00+00:00,59,59,827,764,0.0057757956590431,0.3933901918976545,0.0026362085461642,59,59,764,827,59,59,0.0246943614484252,0.0251385743256975,0.037889039242219216,0.031413612565445025,False,retrospective_origin_airport_association
2022,PIH,42,0,42,2,2022-01-01T00:00:00+00:00,2023-01-01T00:00:00+00:00,1,1,41,42,0.0,0.358252427184466,0.0004549029240201,1,1,42,41,1,1,1.0,1.0,0.047619047619047616,0.0,False,retrospective_origin_airport_association
2022,PIT,4190,142,4033,95,2022-01-01T00:00:00+00:00,2023-01-01T00:00:00+00:00,46,45,4167,4190,0.0019823667550412,0.5168067226890757,0.0048698918140773,45,46,4190,4167,45,46,0.0425525031185741,0.0445412315178932,0.02355566575750062,0.03389021479713604,True,retrospective_origin_airport_association
2022,PLN,71,2,69,2,2022-01-01T00:00:00+00:00,2023-01-01T00:00:00+00:00,3,3,72,71,7.364204076823377e-06,0.3621197252208047,0.0005201504897004,3,3,71,72,3,3,0.9448522118627256,0.8437499999999999,0.028985507246376812,0.028169014084507043,False,retrospective_origin_airport_association
2022,PNS,1076,21,1050,37,2022-01-01T00:00:00+00:00,2023-01-01T00:00:00+00:00,19,19,1146,1076,1.3166301646251093e-05,0.4724711907810499,0.0016548559850266,19,19,1076,1146,19,19,0.1193132350299194,0.1150964428972159,0.035238095238095235,0.019516728624535316,True,retrospective_origin_airport_association
2022,PPG,7,0,7,0,2022-01-01T00:00:00+00:00,2023-01-01T00:00:00+00:00,1,1,7,7,0.0,0.3400921658986175,0.0004134295240396,1,1,7,7,1,1,1.0,1.0,0.0,0.0,False,retrospective_origin_airport_association
2022,PRC,69,1,68,7,2022-01-01T00:00:00+00:00,2023-01-01T00:00:00+00:00,2,2,71,69,0.0,0.398488120950324,0.00048423843495,2,2,69,71,2,2,0.5001050199537913,0.5008926800238047,0.10294117647058823,0.014492753623188406,False,retrospective_origin_airport_association
2022,PSC,608,15,592,18,2022-01-01T00:00:00+00:00,2023-01-01T00:00:00+00:00,9,9,585,608,7.620412680716381e-05,0.4256055363321799,0.0011279130968649,9,9,608,585,9,9,0.3381286790166206,0.3330937248885967,0.030405405405405407,0.024671052631578948,False,retrospective_origin_airport_association
2022,PSE,82,0,82,5,2022-01-01T00:00:00+00:00,2023-01-01T00:00:00+00:00,2,2,77,82,0.0,0.3657086223984143,0.0004801015935132,2,2,82,77,2,2,0.5669244497323023,0.5068308315061562,0.06097560975609756,0.0,False,retrospective_origin_airport_association
2022,PSG,84,5,78,3,2022-01-01T00:00:00+00:00,2023-01-01T00:00:00+00:00,2,2,72,84,7.821162381077546e-05,0.2703296703296703,0.0009966593735173,2,2,84,72,2,2,0.5025510204081632,0.5061728395061729,0.038461538461538464,0.05952380952380952,False,retrospective_origin_airport_association
2022,PSM,40,0,40,3,2022-01-01T00:00:00+00:00,2023-01-01T00:00:00+00:00,5,5,47,40,1.0730100307317034e-05,0.3742393509127789,0.0005384591302008,5,5,40,47,5,5,0.2925,0.3182435491172475,0.075,0.0,False,retrospective_origin_airport_association
2022,PSP,1430,26,1402,30,2022-01-01T00:00:00+00:00,2023-01-01T00:00:00+00:00,29,28,1504,1430,0.0010429162900296,0.4946380697050938,0.002093364354533,28,29,1430,1504,28,29,0.0948907037018925,0.1001938094160253,0.021398002853067047,0.01818181818181818,True,retrospective_origin_airport_association
2022,PUB,40,2,38,1,2022-01-01T00:00:00+00:00,2023-01-01T00:00:00+00:00,1,1,54,40,0.0,0.3950749464668094,0.000474562523399,1,1,40,54,1,1,1.0,1.0,0.02631578947368421,0.05,False,retrospective_origin_airport_association
2022,PUW,145,3,141,2,2022-01-01T00:00:00+00:00,2023-01-01T00:00:00+00:00,2,2,144,145,0.0,0.3635467980295566,0.0005759113253902,2,2,145,144,2,2,0.7056837098692033,0.7040895061728394,0.014184397163120567,0.020689655172413793,False,retrospective_origin_airport_association
2022,PVD,1562,61,1499,54,2022-01-01T00:00:00+00:00,2023-01-01T00:00:00+00:00,22,21,1528,1562,0.0001000742665462,0.4694656488549618,0.0020036022795245,21,22,1562,1528,21,22,0.0878179096696346,0.0822954071982675,0.03602401601067378,0.03905249679897567,True,retrospective_origin_airport_association
2022,PVU,157,3,153,7,2022-01-01T00:00:00+00:00,2023-01-01T00:00:00+00:00,10,12,141,157,9.903182342422793e-05,0.4028384279475983,0.0007008607533685,12,10,157,141,12,10,0.2139234857397866,0.2499371258990996,0.0457516339869281,0.01910828025477707,False,retrospective_origin_airport_association
2022,PWM,1121,53,1065,42,2022-01-01T00:00:00+00:00,2023-01-01T00:00:00+00:00,21,22,1098,1121,8.397195140869947e-06,0.4779792746113989,0.0015251626823441,22,21,1121,1098,22,21,0.0936186229798327,0.0922226535412954,0.03943661971830986,0.04727921498661909,True,retrospective_origin_airport_association
2022,RAP,456,7,449,17,2022-01-01T00:00:00+00:00,2023-01-01T00:00:00+00:00,12,11,448,456,0.0001524896747755,0.4718670076726343,0.001007875512557,11,12,456,448,11,12,0.208593028624192,0.2162089445153061,0.0378619153674833,0.015350877192982455,False,retrospective_origin_airport_association
2022,RDD,180,0,180,3,2022-01-01T00:00:00+00:00,2023-01-01T00:00:00+00:00,3,3,171,180,0.0,0.3738601823708207,0.000583571311044,3,3,180,171,3,3,0.396358024691358,0.4156834581580657,0.016666666666666666,0.0,False,retrospective_origin_airport_association
2022,RDM,784,8,771,16,2022-01-01T00:00:00+00:00,2023-01-01T00:00:00+00:00,8,8,792,784,0.0,0.4164785553047404,0.0012968163740949,8,8,784,792,8,8,0.2394835485214494,0.2263161922252831,0.020752269779507133,0.01020408163265306,False,retrospective_origin_airport_association
2022,RDU,5539,170,5359,176,2022-01-01T00:00:00+00:00,2023-01-01T00:00:00+00:00,49,49,5598,5539,0.0016634185275872,0.5197183098591549,0.0062667839351226,49,49,5539,5598,49,49,0.0443475193918643,0.0440035556004856,0.03284194812465012,0.03069146055244629,True,retrospective_origin_airport_association
2022,RFD,79,2,77,5,2022-01-01T00:00:00+00:00,2023-01-01T00:00:00+00:00,6,6,68,79,4.616540240639799e-05,0.3929712460063898,0.0005692903423203,6,6,79,68,6,6,0.1930780323666079,0.2071799307958477,0.06493506493506493,0.02531645569620253,False,retrospective_origin_airport_association
2022,RHI,63,2,61,3,2022-01-01T00:00:00+00:00,2023-01-01T00:00:00+00:00,2,2,73,63,0.0,0.3708542713567839,0.0005034193804213,2,2,63,73,2,2,0.9385235575711766,0.9729780446612872,0.04918032786885246,0.031746031746031744,False,retrospective_origin_airport_association
2022,RIC,1897,47,1845,62,2022-01-01T00:00:00+00:00,2023-01-01T00:00:00+00:00,22,23,1912,1897,0.0003625294456291,0.4829842931937173,0.0024755967925499,23,22,1897,1912,23,22,0.0959062237659051,0.097445007090212,0.03360433604336043,0.024775962045334738,True,retrospective_origin_airport_association
2022,RIW,37,2,35,0,2022-01-01T00:00:00+00:00,2023-01-01T00:00:00+00:00,1,1,32,37,0.0,0.3950749464668094,0.0004463874012535,1,1,37,32,1,1,1.0,1.0,0.0,0.05405405405405406,False,retrospective_origin_airport_association
2022,RKS,39,0,39,1,2022-01-01T00:00:00+00:00,2023-01-01T00:00:00+00:00,1,1,42,39,0.0,0.3950749464668094,0.000459194274956,1,1,39,42,1,1,1.0,1.0,0.02564102564102564,0.0,False,retrospective_origin_airport_association
2022,RNO,2022,32,1984,44,2022-01-01T00:00:00+00:00,2023-01-01T00:00:00+00:00,20,22,1979,2022,9.793431910378436e-05,0.4724711907810499,0.0025216165945131,22,20,2022,1979,22,20,0.0952871528909004,0.0938303423950469,0.02217741935483871,0.01582591493570722,True,retrospective_origin_airport_association
2022,ROA,242,4,238,13,2022-01-01T00:00:00+00:00,2023-01-01T00:00:00+00:00,6,5,208,242,4.621466199636977e-05,0.4221967963386727,0.0006551312055318,5,6,242,208,5,6,0.3885322040844204,0.373751849112426,0.0546218487394958,0.01652892561983471,False,retrospective_origin_airport_association
2022,ROC,1259,51,1206,48,2022-01-01T00:00:00+00:00,2023-01-01T00:00:00+00:00,20,21,1291,1259,0.0002134999883381,0.4653215636822194,0.0017846850062423,21,20,1259,1291,21,20,0.0948702306065115,0.0943821883131805,0.03980099502487562,0.04050833995234313,True,retrospective_origin_airport_association
2022,ROW,141,2,139,10,2022-01-01T00:00:00+00:00,2023-01-01T00:00:00+00:00,2,2,128,141,0.0,0.4019607843137255,0.0005607528932892,2,2,141,128,2,2,0.5760776620894321,0.5645751953125,0.07194244604316546,0.014184397163120567,False,retrospective_origin_airport_association
2022,RST,175,2,173,4,2022-01-01T00:00:00+00:00,2023-01-01T00:00:00+00:00,2,2,159,175,0.0,0.4037199124726477,0.0006069612556518,2,2,175,159,2,2,0.5493877551020409,0.5300818796724813,0.023121387283236993,0.011428571428571429,False,retrospective_origin_airport_association
2022,RSW,3767,202,3556,144,2022-01-01T00:00:00+00:00,2023-01-01T00:00:00+00:00,49,48,3679,3767,0.0025954302956061,0.5103734439834025,0.0044158886194064,48,49,3767,3679,48,49,0.0428066687013914,0.040984360520223,0.04049493813273341,0.05362357313512078,True,retrospective_origin_airport_association
2022,SAF,190,5,184,7,2022-01-01T00:00:00+00:00,2023-01-01T00:00:00+00:00,3,3,179,190,0.0,0.422680412371134,0.0006235057174387,3,3,190,179,3,3,0.5638781163434904,0.5484535438968822,0.03804347826086957,0.02631578947368421,False,retrospective_origin_airport_association
2022,SAN,8795,178,8595,162,2022-01-01T00:00:00+00:00,2023-01-01T00:00:00+00:00,68,66,8891,8795,0.0059433362124574,0.5355587808417998,0.0099859754883217,66,68,8795,8891,66,68,0.0433339527956766,0.0431865925263062,0.018848167539267015,0.02023877202956225,True,retrospective_origin_airport_association
2022,SAT,3542,78,3453,73,2022-01-01T00:00:00+00:00,2023-01-01T00:00:00+00:00,35,36,3601,3542,0.0001817980685297,0.5068681318681318,0.0043171290621406,36,35,3542,3601,36,35,0.0522742178156706,0.0508479046480424,0.021141036779611933,0.0220214568040655,True,retrospective_origin_airport_association
2022,SAV,1885,70,1806,58,2022-01-01T00:00:00+00:00,2023-01-01T00:00:00+00:00,32,33,1798,1885,0.0015962917385895,0.4887417218543046,0.002422042954979,33,32,1885,1798,33,32,0.0737620049391749,0.0754799857956127,0.03211517165005537,0.03713527851458886,True,retrospective_origin_airport_association
2022,SBA,757,16,740,14,2022-01-01T00:00:00+00:00,2023-01-01T00:00:00+00:00,12,12,764,757,8.210961317769233e-06,0.4600997506234414,0.0012420593479714,12,12,757,764,12,12,0.1316868191027294,0.1220189961897974,0.01891891891891892,0.021136063408190225,False,retrospective_origin_airport_association
2022,SBN,554,10,543,20,2022-01-01T00:00:00+00:00,2023-01-01T00:00:00+00:00,14,14,550,554,0.0003675616289021,0.4635678391959799,0.0011671877582295,14,14,554,550,14,14,0.1561860574228779,0.1600595041322314,0.03683241252302026,0.018050541516245487,False,retrospective_origin_airport_association
2022,SBP,503,10,491,11,2022-01-01T00:00:00+00:00,2023-01-01T00:00:00+00:00,8,8,538,503,0.0,0.4341176470588235,0.0009977354581204,8,8,503,538,8,8,0.1466943863657024,0.1540470695540415,0.02240325865580448,0.019880715705765408,False,retrospective_origin_airport_association
2022,SCC,41,0,41,1,2022-01-01T00:00:00+00:00,2023-01-01T00:00:00+00:00,1,1,41,41,0.0,0.3342391304347826,0.0005354667076402,1,1,41,41,1,1,1.0,1.0,0.024390243902439025,0.0,False,retrospective_origin_airport_association
2022,SCE,67,3,64,1,2022-01-01T00:00:00+00:00,2023-01-01T00:00:00+00:00,4,4,62,67,3.968019685635143e-05,0.4095449500554939,0.0004928329116742,4,4,67,62,4,4,0.4595678324793941,0.4375650364203954,0.015625,0.04477611940298507,False,retrospective_origin_airport_association
2022,SCK,61,2,59,4,2022-01-01T00:00:00+00:00,2023-01-01T00:00:00+00:00,2,2,76,61,0.0,0.3796296296296296,0.000481880294902,2,2,61,76,2,2,0.8226283257188929,0.6994459833795013,0.06779661016949153,0.03278688524590164,False,retrospective_origin_airport_association
2022,SDF,2202,72,2124,63,2022-01-01T00:00:00+00:00,2023-01-01T00:00:00+00:00,36,35,2234,2202,0.0005373536221115,0.5006784260515604,0.0029405407147109,35,36,2202,2234,35,36,0.0618185432943876,0.060250190552293,0.029661016949152543,0.0326975476839237,True,retrospective_origin_airport_association
2022,SEA,17813,349,17426,279,2022-01-01T00:00:00+00:00,2023-01-01T00:00:00+00:00,93,93,17800,17813,0.0611794550083953,0.5659509202453987,0.0252372396355181,93,93,17813,17800,93,93,0.0224441423364053,0.0224303307663173,0.016010558934924826,0.019592432493123,True,retrospective_origin_airport_association
2022,SFB,921,32,887,37,2022-01-01T00:00:00+00:00,2023-01-01T00:00:00+00:00,70,67,904,921,0.0150061113729644,0.4280742459396752,0.0032584535303103,67,70,921,904,67,70,0.0239566349657703,0.0237391338397681,0.04171364148816235,0.03474484256243214,False,retrospective_origin_airport_association
2022,SFO,13449,230,13192,236,2022-01-01T00:00:00+00:00,2023-01-01T00:00:00+00:00,79,80,13360,13449,0.0126602971505164,0.5507462686567164,0.0159489149277753,80,79,13449,13360,80,79,0.0313368246942272,0.031801079726774,0.017889630078835657,0.017101643244850917,True,retrospective_origin_airport_association
2022,SGF,670,11,659,26,2022-01-01T00:00:00+00:00,2023-01-01T00:00:00+00:00,13,14,633,670,0.000423495711572,0.4736842105263157,0.0012665694618803,14,13,670,633,14,13,0.2077433726887948,0.1856676874084389,0.03945371775417299,0.016417910447761194,False,retrospective_origin_airport_association
2022,SGU,316,0,316,7,2022-01-01T00:00:00+00:00,2023-01-01T00:00:00+00:00,4,4,296,316,0.0,0.4251152073732719,0.0007584306813457,4,4,316,296,4,4,0.3168963307162313,0.3323365595325055,0.022151898734177215,0.0,False,retrospective_origin_airport_association
2022,SHD,47,1,46,1,2022-01-01T00:00:00+00:00,2023-01-01T00:00:00+00:00,3,3,59,47,1.1248065131038446e-05,0.3963480128893663,0.0007107782822747,3,3,47,59,3,3,0.4649162516976007,0.3852341281241023,0.021739130434782608,0.02127659574468085,False,retrospective_origin_airport_association
2022,SHR,67,0,67,1,2022-01-01T00:00:00+00:00,2023-01-01T00:00:00+00:00,1,1,62,67,0.0,0.3950749464668094,0.000484808022361,1,1,67,62,1,1,1.0,1.0,0.014925373134328358,0.0,False,retrospective_origin_airport_association
2022,SHV,413,5,405,12,2022-01-01T00:00:00+00:00,2023-01-01T00:00:00+00:00,7,8,428,413,5.046188730487255e-05,0.4361702127659574,0.0009212485005639,8,7,413,428,8,7,0.3552286757851661,0.3222115468599877,0.02962962962962963,0.012106537530266344,False,retrospective_origin_airport_association
2022,SIT,149,6,139,2,2022-01-01T00:00:00+00:00,2023-01-01T00:00:00+00:00,3,3,153,149,0.0,0.363905325443787,0.0009819473577253,3,3,149,153,3,3,0.370208549164452,0.396642317057542,0.014388489208633094,0.040268456375838924,False,retrospective_origin_airport_association
2022,SJC,5554,101,5448,71,2022-01-01T00:00:00+00:00,2023-01-01T00:00:00+00:00,35,35,5409,5554,0.0006645894238403,0.5034106412005457,0.0061292472344956,35,35,5554,5409,35,35,0.0664690758713123,0.0658287077326153,0.013032305433186491,0.018185091825711198,True,retrospective_origin_airport_association
2022,SJT,153,4,149,5,2022-01-01T00:00:00+00:00,2023-01-01T00:00:00+00:00,1,1,150,153,0.0,0.3972012917115177,0.0006012128496564,1,1,153,150,1,1,1.0,1.0,0.03355704697986577,0.026143790849673203,False,retrospective_origin_airport_association
2022,SJU,2997,70,2915,113,2022-01-01T00:00:00+00:00,2023-01-01T00:00:00+00:00,28,29,2987,2997,0.0002183620638691,0.4659090909090909,0.0034248381639877,29,28,2997,2987,29,28,0.0866519951160147,0.0924188950018767,0.03876500857632933,0.02335669002335669,True,retrospective_origin_airport_association
2022,SLC,11145,106,11012,188,2022-01-01T00:00:00+00:00,2023-01-01T00:00:00+00:00,87,87,11051,11145,0.0384463080921407,0.5574018126888217,0.0158275411214514,87,87,11145,11051,87,87,0.0214531761572694,0.0223266973048288,0.017072284780239737,0.009510991475998206,True,retrospective_origin_airport_association
2022,SLN,82,0,82,1,2022-01-01T00:00:00+00:00,2023-01-01T00:00:00+00:00,3,3,99,82,0.0001082110072427,0.4207525655644242,0.0008038256204655,3,3,82,99,3,3,0.4173111243307555,0.3586368737883889,0.012195121951219513,0.0,False,retrospective_origin_airport_association
2022,SMF,5488,108,5368,76,2022-01-01T00:00:00+00:00,2023-01-01T00:00:00+00:00,35,35,5458,5488,0.0004963931924918,0.502724795640327,0.0062237079095226,35,35,5488,5458,35,35,0.0640678920985303,0.0656426146914087,0.014157973174366617,0.01967930029154519,True,retrospective_origin_airport_association
2022,SMX,12,1,11,1,2022-01-01T00:00:00+00:00,2023-01-01T00:00:00+00:00,2,2,6,12,0.0,0.376530612244898,0.0004137395798204,2,2,12,6,2,2,0.8472222222222221,0.7222222222222223,0.09090909090909091,0.08333333333333333,False,retrospective_origin_airport_association
2022,SNA,4689,138,4539,83,2022-01-01T00:00:00+00:00,2023-01-01T00:00:00+00:00,40,38,4752,4689,0.002014233718131,0.5068681318681318,0.0057024341905385,38,40,4689,4752,38,40,0.0635969774665353,0.0642891633790202,0.018285966071821987,0.02943058221369162,True,retrospective_origin_airport_association
2022,SPI,117,1,116,6,2022-01-01T00:00:00+00:00,2023-01-01T00:00:00+00:00,4,4,124,117,9.764152988771572e-05,0.4346289752650176,0.0006142115962204,4,4,117,124,4,4,0.5245817809920373,0.504032258064516,0.05172413793103448,0.008547008547008548,False,retrospective_origin_airport_association
2022,SPN,30,0,30,0,2022-01-01T00:00:00+00:00,2023-01-01T00:00:00+00:00,1,1,35,30,0.0,0.2543073742246726,0.001021458377299,1,1,30,35,1,1,1.0,1.0,0.0,0.0,False,retrospective_origin_airport_association
2022,SPS,117,6,111,3,2022-01-01T00:00:00+00:00,2023-01-01T00:00:00+00:00,1,1,110,117,0.0,0.3972012917115177,0.0005489975311894,1,1,117,110,1,1,1.0,1.0,0.02702702702702703,0.05128205128205128,False,retrospective_origin_airport_association
2022,SRQ,1568,52,1508,63,2022-01-01T00:00:00+00:00,2023-01-01T00:00:00+00:00,48,48,1581,1568,0.0033646388503162,0.5,0.0022559335180804,48,48,1568,1581,48,48,0.0601198068513119,0.0593852280460448,0.04177718832891247,0.03316326530612245,True,retrospective_origin_airport_association
2022,STC,10,0,10,0,2022-01-01T00:00:00+00:00,2023-01-01T00:00:00+00:00,2,2,17,10,5.397818208523269e-06,0.3075,0.0004609862102149,2,2,10,17,2,2,0.58,0.7093425605536332,0.0,0.0,False,retrospective_origin_airport_association
2022,STL,6205,216,5966,148,2022-01-01T00:00:00+00:00,2023-01-01T00:00:00+00:00,59,59,5923,6205,0.0010564432398819,0.5263908701854494,0.006765739576461,59,59,6205,5923,59,59,0.0319612020406718,0.0313418056344621,0.0248072410325176,0.03481063658340049,True,retrospective_origin_airport_association
2022,STS,443,5,436,6,2022-01-01T00:00:00+00:00,2023-01-01T00:00:00+00:00,9,9,440,443,3.3108685430612137e-06,0.4164785553047404,0.0008726726812267,9,9,443,440,9,9,0.1321331573664069,0.1260330578512396,0.013761467889908258,0.011286681715575621,False,retrospective_origin_airport_association
2022,STT,512,15,465,20,2022-01-01T00:00:00+00:00,2023-01-01T00:00:00+00:00,14,14,567,512,7.095431663376226e-07,0.4451145958986731,0.0009831029670943,14,14,512,567,14,14,0.1126251220703125,0.1018666268519296,0.043010752688172046,0.029296875,False,retrospective_origin_airport_association
2022,STX,118,1,117,3,2022-01-01T00:00:00+00:00,2023-01-01T00:00:00+00:00,4,4,122,118,2.266445383492043e-07,0.3950749464668094,0.0005255970144883,4,4,118,122,4,4,0.3886814133869577,0.4341574845471647,0.02564102564102564,0.00847457627118644,False,retrospective_origin_airport_association
2022,SUN,199,4,192,4,2022-01-01T00:00:00+00:00,2023-01-01T00:00:00+00:00,6,6,205,199,0.0,0.4336075205640423,0.0006454324419702,6,6,199,205,6,6,0.2491098709628544,0.2721951219512195,0.020833333333333332,0.020100502512562814,False,retrospective_origin_airport_association
2022,SUX,82,1,80,1,2022-01-01T00:00:00+00:00,2023-01-01T00:00:00+00:00,3,3,69,82,0.0002170195812135,0.4207525655644242,0.0005118402666617,3,3,82,69,3,3,0.4351576442593694,0.4631379962192816,0.0125,0.012195121951219513,False,retrospective_origin_airport_association
2022,SWF,89,3,86,5,2022-01-01T00:00:00+00:00,2023-01-01T00:00:00+00:00,11,11,83,89,8.57182834781815e-05,0.4050493962678375,0.0005621116943245,11,11,89,83,11,11,0.1326852670117409,0.1212077224560894,0.05813953488372093,0.033707865168539325,False,retrospective_origin_airport_association
2022,SWO,66,1,65,1,2022-01-01T00:00:00+00:00,2023-01-01T00:00:00+00:00,1,1,78,66,0.0,0.3972012917115177,0.0005072252764159,1,1,66,78,1,1,1.0,1.0,0.015384615384615385,0.015151515151515152,False,retrospective_origin_airport_association
2022,SYR,1346,55,1287,49,2022-01-01T00:00:00+00:00,2023-01-01T00:00:00+00:00,26,26,1384,1346,0.0003696198294161,0.4836173001310616,0.0019354166203296,26,26,1346,1384,26,26,0.0735634061850753,0.0771951952955327,0.03807303807303807,0.04086181277860327,True,retrospective_origin_airport_association
2022,TBN,53,3,50,1,2022-01-01T00:00:00+00:00,2023-01-01T00:00:00+00:00,2,2,49,53,0.0,0.3950749464668094,0.0006208534695974,2,2,53,49,2,2,0.5044499822000712,0.5002082465639317,0.02,0.05660377358490566,False,retrospective_origin_airport_association
2022,TLH,544,12,530,14,2022-01-01T00:00:00+00:00,2023-01-01T00:00:00+00:00,5,5,544,544,0.0,0.4169491525423728,0.0010080246161137,5,5,544,544,5,5,0.2436878243944636,0.2405858023356401,0.026415094339622643,0.022058823529411766,False,retrospective_origin_airport_association
2022,TOL,84,2,81,3,2022-01-01T00:00:00+00:00,2023-01-01T00:00:00+00:00,5,5,76,84,9.87560596326516e-05,0.413677130044843,0.000570310295237,5,5,84,76,5,5,0.272392290249433,0.3071329639889196,0.037037037037037035,0.023809523809523808,False,retrospective_origin_airport_association
2022,TPA,7486,259,7208,249,2022-01-01T00:00:00+00:00,2023-01-01T00:00:00+00:00,64,66,7599,7486,0.0043598354359185,0.5278969957081545,0.0085278062669918,66,64,7486,7599,66,64,0.030560742507039,0.0299219491638736,0.0345449500554939,0.03459791611007213,True,retrospective_origin_airport_association
2022,TRI,315,3,311,10,2022-01-01T00:00:00+00:00,2023-01-01T00:00:00+00:00,5,5,337,315,6.322096367889795e-05,0.4256055363321799,0.0008393664564594,5,5,315,337,5,5,0.403718820861678,0.3491709885620195,0.03215434083601286,0.009523809523809525,False,retrospective_origin_airport_association
2022,TTN,221,13,206,7,2022-01-01T00:00:00+00:00,2023-01-01T00:00:00+00:00,9,9,223,221,6.0476424855538005e-06,0.4010869565217391,0.0006328322260984,9,9,221,223,9,9,0.1801560164615794,0.1816847312433389,0.03398058252427184,0.058823529411764705,False,retrospective_origin_airport_association
2022,TUL,1578,37,1535,45,2022-01-01T00:00:00+00:00,2023-01-01T00:00:00+00:00,23,23,1568,1578,0.0005184765599437,0.4848883048620236,0.0022011817847375,23,23,1578,1568,23,23,0.0825530383713963,0.0851500676801332,0.029315960912052116,0.023447401774397972,True,retrospective_origin_airport_association
2022,TUS,1643,25,1614,39,2022-01-01T00:00:00+00:00,2023-01-01T00:00:00+00:00,18,18,1776,1643,0.0002374221742304,0.4817232375979112,0.0023937603279996,18,18,1643,1776,18,18,0.0954428107365614,0.0927196199577956,0.024163568773234202,0.015216068167985392,True,retrospective_origin_airport_association
2022,TVC,420,9,410,15,2022-01-01T00:00:00+00:00,2023-01-01T00:00:00+00:00,16,16,429,420,0.0004934686555188,0.4817232375979112,0.0009558768178885,16,16,420,429,16,16,0.2445124716553288,0.2556984584956612,0.036585365853658534,0.02142857142857143,False,retrospective_origin_airport_association
2022,TWF,45,0,45,1,2022-01-01T00:00:00+00:00,2023-01-01T00:00:00+00:00,1,1,46,45,0.0,0.358252427184466,0.000460939206778,1,1,45,46,1,1,1.0,1.0,0.022222222222222223,0.0,False,retrospective_origin_airport_association
2022,TXK,85,2,83,2,2022-01-01T00:00:00+00:00,2023-01-01T00:00:00+00:00,1,1,109,85,0.0,0.3972012917115177,0.0005476921482278,1,1,85,109,1,1,1.0,1.0,0.024096385542168676,0.023529411764705882,False,retrospective_origin_airport_association
2022,TYR,136,4,132,3,2022-01-01T00:00:00+00:00,2023-01-01T00:00:00+00:00,1,1,112,136,0.0,0.3972012917115177,0.0005516082971128,1,1,136,112,1,1,1.0,1.0,0.022727272727272728,0.029411764705882353,False,retrospective_origin_airport_association
2022,TYS,1336,23,1307,34,2022-01-01T00:00:00+00:00,2023-01-01T00:00:00+00:00,29,27,1329,1336,0.0004266909017701,0.4946380697050938,0.0020685125803249,27,29,1336,1329,27,29,0.0974308867295349,0.0995917318191571,0.026013771996939557,0.01721556886227545,True,retrospective_origin_airport_association
2022,USA,98,3,95,6,2022-01-01T00:00:00+00:00,2023-01-01T00:00:00+00:00,6,6,96,98,8.136898124278541e-05,0.3738601823708207,0.0006443377109182,6,6,98,96,6,6,0.2301124531445231,0.2209201388888888,0.06315789473684211,0.030612244897959183,False,retrospective_origin_airport_association
2022,VCT,58,2,56,0,2022-01-01T00:00:00+00:00,2023-01-01T00:00:00+00:00,1,1,55,58,0.0,0.3667992047713718,0.0004632140019538,1,1,58,55,1,1,1.0,1.0,0.0,0.034482758620689655,False,retrospective_origin_airport_association
2022,VEL,49,2,45,0,2022-01-01T00:00:00+00:00,2023-01-01T00:00:00+00:00,1,1,52,49,0.0,0.3950749464668094,0.0004720011486585,1,1,49,52,1,1,1.0,1.0,0.0,0.04081632653061224,False,retrospective_origin_airport_association
2022,VLD,94,2,92,4,2022-01-01T00:00:00+00:00,2023-01-01T00:00:00+00:00,1,1,103,94,0.0,0.3847758081334723,0.0005184136291663,1,1,94,103,1,1,1.0,1.0,0.043478260869565216,0.02127659574468085,False,retrospective_origin_airport_association
2022,VPS,880,21,858,18,2022-01-01T00:00:00+00:00,2023-01-01T00:00:00+00:00,46,44,957,880,0.0044398360047911,0.4973045822102426,0.0016848771979284,44,46,880,957,44,46,0.109194214876033,0.1075537561322881,0.02097902097902098,0.023863636363636365,False,retrospective_origin_airport_association
2022,WRG,75,2,72,2,2022-01-01T00:00:00+00:00,2023-01-01T00:00:00+00:00,2,2,77,75,7.364204076823377e-06,0.2675852066715011,0.0009610671092036,2,2,75,77,2,2,0.5022222222222222,0.5000843312531624,0.027777777777777776,0.02666666666666667,False,retrospective_origin_airport_association
2022,WYS,26,0,26,1,2022-01-01T00:00:00+00:00,2023-01-01T00:00:00+00:00,2,2,21,26,0.0,0.3972012917115177,0.0004309046546259,2,2,26,21,2,2,0.7958579881656804,0.8276643990929706,0.038461538461538464,0.0,False,retrospective_origin_airport_association
2022,XNA,1096,22,1069,43,2022-01-01T00:00:00+00:00,2023-01-01T00:00:00+00:00,23,24,1096,1096,0.0006277602312803,0.4906914893617021,0.0017670665092484,24,23,1096,1096,24,23,0.1322826202781181,0.1289160317544888,0.040224508886810104,0.020072992700729927,True,retrospective_origin_airport_association
2022,XWA,133,8,125,7,2022-01-01T00:00:00+00:00,2023-01-01T00:00:00+00:00,2,2,160,133,0.0,0.4054945054945055,0.0006110579960169,2,2,133,160,2,2,0.5013850415512464,0.528203125,0.056,0.06015037593984962,False,retrospective_origin_airport_association
2022,YAK,73,0,72,1,2022-01-01T00:00:00+00:00,2023-01-01T00:00:00+00:00,2,2,66,73,3.780291426102667e-05,0.2703296703296703,0.0009679508198276,2,2,73,66,2,2,0.5000938262338149,0.5041322314049586,0.013888888888888888,0.0,False,retrospective_origin_airport_association
2022,YKM,70,2,68,1,2022-01-01T00:00:00+00:00,2023-01-01T00:00:00+00:00,1,1,60,70,0.0,0.3617647058823529,0.000477709576234,1,1,70,60,1,1,1.0,1.0,0.014705882352941176,0.02857142857142857,False,retrospective_origin_airport_association
2022,YUM,172,2,170,2,2022-01-01T00:00:00+00:00,2023-01-01T00:00:00+00:00,2,2,160,172,0.0,0.4019607843137255,0.000579901222072,2,2,172,160,2,2,0.6368983234180638,0.625,0.011764705882352941,0.011627906976744186,False,retrospective_origin_airport_association
2023,ABE,260,3,256,9,2023-01-01T00:00:00+00:00,2024-01-01T00:00:00+00:00,11,11,291,260,0.0002970527972159,0.4541884816753926,0.0011505518779899,11,11,260,291,11,11,0.1911538461538461,0.1686682963120416,0.03515625,0.011538461538461539,False,retrospective_origin_airport_association
2023,ABI,76,2,74,0,2023-01-01T00:00:00+00:00,2024-01-01T00:00:00+00:00,1,1,95,76,0.0,0.4020857473928158,0.0006190019017266,1,1,76,95,1,1,1.0,1.0,0.0,0.02631578947368421,False,retrospective_origin_airport_association
2023,ABQ,1501,14,1483,31,2023-01-01T00:00:00+00:00,2024-01-01T00:00:00+00:00,25,24,1562,1501,9.436769595783608e-05,0.4928977272727273,0.0029446104609648,24,25,1501,1562,24,25,0.0765374715767991,0.075667952541228,0.020903573836817263,0.009327115256495669,True,retrospective_origin_airport_association
2023,ABR,57,0,57,3,2023-01-01T00:00:00+00:00,2024-01-01T00:00:00+00:00,1,1,44,57,0.0,0.3735199138858988,0.0005146816852125,1,1,57,44,1,1,1.0,1.0,0.05263157894736842,0.0,False,retrospective_origin_airport_association
2023,ABY,51,0,51,2,2023-01-01T00:00:00+00:00,2024-01-01T00:00:00+00:00,1,1,59,51,0.0,0.386845039018952,0.0005272910608722,1,1,51,59,1,1,1.0,1.0,0.0392156862745098,0.0,False,retrospective_origin_airport_association
2023,ACK,142,9,132,14,2023-01-01T00:00:00+00:00,2024-01-01T00:00:00+00:00,8,7,147,142,7.144361590333255e-06,0.4091981132075472,0.0006500483525752,7,8,142,147,7,8,0.2227732592739535,0.2072747466333472,0.10606060606060606,0.06338028169014084,False,retrospective_origin_airport_association
2023,ACT,73,2,71,7,2023-01-01T00:00:00+00:00,2024-01-01T00:00:00+00:00,1,1,77,73,0.0,0.4020857473928158,0.0005833870223432,1,1,73,77,1,1,1.0,1.0,0.09859154929577464,0.0273972602739726,False,retrospective_origin_airport_association
2023,ACV,103,3,100,5,2023-01-01T00:00:00+00:00,2024-01-01T00:00:00+00:00,3,3,110,103,0.0,0.3970251716247139,0.0006080500339312,3,3,103,110,3,3,0.4589499481572249,0.4213223140495868,0.05,0.02912621359223301,False,retrospective_origin_airport_association
2023,ACY,179,3,176,6,2023-01-01T00:00:00+00:00,2024-01-01T00:00:00+00:00,6,6,205,179,1.068753794967368e-05,0.3668076109936575,0.000748528546259,6,6,179,205,6,6,0.1923473050154489,0.2039976204640095,0.03409090909090909,0.01675977653631285,False,retrospective_origin_airport_association
2023,ADK,7,0,7,0,2023-01-01T00:00:00+00:00,2024-01-01T00:00:00+00:00,1,1,6,7,0.0,0.3339749759384023,0.0004605088656499,1,1,7,6,1,1,1.0,1.0,0.0,0.0,False,retrospective_origin_airport_association
2023,ADQ,67,3,64,1,2023-01-01T00:00:00+00:00,2024-01-01T00:00:00+00:00,1,1,66,67,0.0,0.3339749759384023,0.0007552526945637,1,1,67,66,1,1,1.0,1.0,0.015625,0.04477611940298507,False,retrospective_origin_airport_association
2023,AEX,117,0,117,3,2023-01-01T00:00:00+00:00,2024-01-01T00:00:00+00:00,2,2,113,117,0.0,0.4121140142517814,0.0006365656579142,2,2,117,113,2,2,0.539776462853386,0.5031717440676637,0.02564102564102564,0.0,False,retrospective_origin_airport_association
2023,AGS,273,2,271,12,2023-01-01T00:00:00+00:00,2024-01-01T00:00:00+00:00,8,9,239,273,7.572584532592761e-07,0.43375,0.0008240451119397,9,8,273,239,9,8,0.3200499134565068,0.3051592234029516,0.04428044280442804,0.007326007326007326,False,retrospective_origin_airport_association
2023,AKN,21,1,20,1,2023-01-01T00:00:00+00:00,2024-01-01T00:00:00+00:00,1,1,17,21,0.0,0.3339749759384023,0.0005145452342841,1,1,21,17,1,1,1.0,1.0,0.05,0.047619047619047616,False,retrospective_origin_airport_association
2023,ALB,808,11,795,30,2023-01-01T00:00:00+00:00,2024-01-01T00:00:00+00:00,20,19,830,808,0.0004404471667435,0.4651474530831099,0.0017879667262668,19,20,808,830,19,20,0.0903924860307813,0.0936971984322833,0.03773584905660377,0.013613861386138614,False,retrospective_origin_airport_association
2023,ALO,4,1,3,0,2023-01-01T00:00:00+00:00,2024-01-01T00:00:00+00:00,1,1,5,4,0.0,0.391206313416009,0.0004399443238567,1,1,4,5,1,1,1.0,1.0,0.0,0.25,False,retrospective_origin_airport_association
2023,ALW,14,0,14,0,2023-01-01T00:00:00+00:00,2024-01-01T00:00:00+00:00,1,1,10,14,0.0,0.3607068607068607,0.0004486344462357,1,1,14,10,1,1,1.0,1.0,0.0,0.0,False,retrospective_origin_airport_association
2023,AMA,357,10,345,9,2023-01-01T00:00:00+00:00,2024-01-01T00:00:00+00:00,6,6,413,357,4.224870290446555e-06,0.4342928660826032,0.0011380590715896,6,6,357,413,6,6,0.2318025249315412,0.2478820887734582,0.02608695652173913,0.028011204481792718,False,retrospective_origin_airport_association
2023,ANC,1313,18,1294,21,2023-01-01T00:00:00+00:00,2024-01-01T00:00:00+00:00,29,29,1344,1313,0.0646152218870169,0.5007215007215007,0.0075789980197587,29,29,1313,1344,29,29,0.1829621066272073,0.1753981540532879,0.01622874806800618,0.013709063214013708,True,retrospective_origin_airport_association
2023,APN,26,2,24,1,2023-01-01T00:00:00+00:00,2024-01-01T00:00:00+00:00,2,2,23,26,0.0,0.3603322949117342,0.000556279226586,2,2,26,23,2,2,0.6065088757396448,0.500945179584121,0.041666666666666664,0.07692307692307693,False,retrospective_origin_airport_association
2023,ASE,459,36,421,18,2023-01-01T00:00:00+00:00,2024-01-01T00:00:00+00:00,9,9,469,459,0.0,0.456578947368421,0.0012507230479316,9,9,459,469,9,9,0.1899127116351261,0.1842190206445688,0.04275534441805225,0.0784313725490196,False,retrospective_origin_airport_association
2023,ATL,22750,269,22425,650,2023-01-01T00:00:00+00:00,2024-01-01T00:00:00+00:00,152,152,22803,22750,0.0860331794858766,0.6297640653357531,0.043656849238149,152,152,22750,22803,152,152,0.0114313189228354,0.0114733443814029,0.028985507246376812,0.011824175824175824,True,retrospective_origin_airport_association
2023,ATW,301,2,299,13,2023-01-01T00:00:00+00:00,2024-01-01T00:00:00+00:00,16,16,349,301,0.0005151111153392,0.4689189189189189,0.001156881846971,16,16,301,349,16,16,0.1505833268948466,0.134062938727925,0.043478260869565216,0.006644518272425249,False,retrospective_origin_airport_association
2023,AUS,6283,100,6171,185,2023-01-01T00:00:00+00:00,2024-01-01T00:00:00+00:00,79,77,6230,6283,0.0062411097196662,0.5499207606973059,0.010448273471552,77,79,6283,6230,77,79,0.0264821826701221,0.0260306753682409,0.029978933722249232,0.015915963711602737,True,retrospective_origin_airport_association
2023,AVL,704,13,687,24,2023-01-01T00:00:00+00:00,2024-01-01T00:00:00+00:00,26,25,707,704,0.0007169644108994,0.4901129943502825,0.0018458723832165,25,26,704,707,25,26,0.1168525632747933,0.1073904319104369,0.034934497816593885,0.018465909090909092,False,retrospective_origin_airport_association
2023,AVP,133,1,132,7,2023-01-01T00:00:00+00:00,2024-01-01T00:00:00+00:00,3,3,132,133,0.0,0.4039580908032596,0.0006535296031748,3,3,133,132,3,3,0.4410085363785402,0.482208448117539,0.05303030303030303,0.007518796992481203,False,retrospective_origin_airport_association
2023,AZA,391,1,390,6,2023-01-01T00:00:00+00:00,2024-01-01T00:00:00+00:00,42,42,386,391,0.0053423651214953,0.4155688622754491,0.0018363090032418,42,42,391,386,42,42,0.0410711599217692,0.0400547665709146,0.015384615384615385,0.0025575447570332483,False,retrospective_origin_airport_association
2023,AZO,53,1,52,3,2023-01-01T00:00:00+00:00,2024-01-01T00:00:00+00:00,2,2,79,53,0.0,0.3956670467502851,0.0005641597616034,2,2,53,79,2,2,0.7992168031327875,0.7981092773593974,0.057692307692307696,0.018867924528301886,False,retrospective_origin_airport_association
2023,BDL,1459,33,1423,62,2023-01-01T00:00:00+00:00,2024-01-01T00:00:00+00:00,25,25,1504,1459,6.588840417768331e-05,0.4901129943502825,0.0027955542546318,25,25,1459,1504,25,25,0.0628074380332233,0.0601092123132639,0.04356992269852424,0.022618231665524333,True,retrospective_origin_airport_association
2023,BET,40,0,40,0,2023-01-01T00:00:00+00:00,2024-01-01T00:00:00+00:00,1,1,37,40,0.0,0.3339749759384023,0.0006127931772554,1,1,40,37,1,1,1.0,1.0,0.0,0.0,False,retrospective_origin_airport_association
2023,BFF,36,2,34,0,2023-01-01T00:00:00+00:00,2024-01-01T00:00:00+00:00,1,1,39,36,0.0,0.3929784824462061,0.0005039163708738,1,1,36,39,1,1,1.0,1.0,0.0,0.05555555555555555,False,retrospective_origin_airport_association
2023,BFL,186,2,184,7,2023-01-01T00:00:00+00:00,2024-01-01T00:00:00+00:00,4,4,179,186,0.0,0.4268142681426814,0.0007313990707992,4,4,186,179,4,4,0.2736732570239334,0.3049530289316812,0.03804347826086957,0.010752688172043012,False,retrospective_origin_airport_association
2023,BGM,39,2,37,2,2023-01-01T00:00:00+00:00,2024-01-01T00:00:00+00:00,2,2,60,39,0.0,0.3687566418703507,0.000521957947123,2,2,39,60,2,2,0.9500328731097962,0.9672222222222222,0.05405405405405406,0.05128205128205128,False,retrospective_origin_airport_association
2023,BGR,332,16,315,8,2023-01-01T00:00:00+00:00,2024-01-01T00:00:00+00:00,9,10,299,332,0.0001280222501783,0.4211165048543689,0.0009567092957151,10,9,332,299,10,9,0.1655537813906227,0.1648415565821411,0.025396825396825397,0.04819277108433735,False,retrospective_origin_airport_association
2023,BHM,993,15,974,38,2023-01-01T00:00:00+00:00,2024-01-01T00:00:00+00:00,18,18,1030,993,1.916141626699695e-05,0.4773039889958734,0.0021055522725669,18,18,993,1030,18,18,0.0930146473451116,0.0867716090112168,0.039014373716632446,0.015105740181268883,False,retrospective_origin_airport_association
2023,BIH,26,1,25,1,2023-01-01T00:00:00+00:00,2024-01-01T00:00:00+00:00,2,2,24,26,0.0,0.3938706015891033,0.000471110067372,2,2,26,24,2,2,0.5266272189349113,0.53125,0.04,0.038461538461538464,False,retrospective_origin_airport_association
2023,BIL,241,4,237,6,2023-01-01T00:00:00+00:00,2024-01-01T00:00:00+00:00,8,8,261,241,7.516113551487716e-05,0.4608233731739707,0.000936011492774,8,8,241,261,8,8,0.223601522012362,0.2133996858531142,0.02531645569620253,0.016597510373443983,False,retrospective_origin_airport_association
2023,BIS,207,5,200,6,2023-01-01T00:00:00+00:00,2024-01-01T00:00:00+00:00,6,6,238,207,0.0001454086441374,0.4512353706111833,0.0009266088666508,6,6,207,238,6,6,0.288524819715746,0.2832074006073017,0.03,0.024154589371980676,False,retrospective_origin_airport_association
2023,BJI,47,0,47,2,2023-01-01T00:00:00+00:00,2024-01-01T00:00:00+00:00,1,1,46,47,0.0,0.3735199138858988,0.0005184838307786,1,1,47,46,1,1,1.0,1.0,0.0425531914893617,0.0,False,retrospective_origin_airport_association
2023,BLI,201,0,200,3,2023-01-01T00:00:00+00:00,2024-01-01T00:00:00+00:00,7,8,176,201,3.6946965742614406e-05,0.390326209223847,0.0007246879662621,8,7,201,176,8,7,0.258384693448182,0.2737603305785124,0.015,0.0,False,retrospective_origin_airport_association
2023,BLV,72,0,72,2,2023-01-01T00:00:00+00:00,2024-01-01T00:00:00+00:00,10,9,79,72,0.0001018055842608,0.4044289044289044,0.0006915617289038,9,10,72,79,9,10,0.1720679012345679,0.1488543502643807,0.027777777777777776,0.0,False,retrospective_origin_airport_association
2023,BMI,124,1,123,3,2023-01-01T00:00:00+00:00,2024-01-01T00:00:00+00:00,8,8,130,124,0.0002485496534583,0.4689189189189189,0.0007351381455393,8,8,124,130,8,8,0.2492195629552549,0.2188165680473372,0.024390243902439025,0.008064516129032258,False,retrospective_origin_airport_association
2023,BNA,6555,105,6437,183,2023-01-01T00:00:00+00:00,2024-01-01T00:00:00+00:00,88,86,6412,6555,0.0154150464733946,0.5560897435897436,0.0108572551377506,86,88,6555,6412,86,88,0.0255252364985358,0.0253041416028664,0.02842939257418052,0.016018306636155607,True,retrospective_origin_airport_association
2023,BOI,1433,14,1416,32,2023-01-01T00:00:00+00:00,2024-01-01T00:00:00+00:00,22,22,1423,1433,0.0002292725072702,0.4839609483960948,0.0028127112344383,22,22,1433,1423,22,22,0.0876035858969782,0.0839777592201998,0.022598870056497175,0.009769713886950453,True,retrospective_origin_airport_association
2023,BOS,9529,207,9300,385,2023-01-01T00:00:00+00:00,2024-01-01T00:00:00+00:00,74,72,9665,9529,0.0043359829325145,0.543035993740219,0.0155078102868194,72,74,9529,9665,72,74,0.0295202494848094,0.0281146605810963,0.04139784946236559,0.02172316087732186,True,retrospective_origin_airport_association
2023,BPT,54,2,52,2,2023-01-01T00:00:00+00:00,2024-01-01T00:00:00+00:00,1,1,45,54,0.0,0.4020857473928158,0.0005200716812171,1,1,54,45,1,1,1.0,1.0,0.038461538461538464,0.037037037037037035,False,retrospective_origin_airport_association
2023,BQK,52,1,51,1,2023-01-01T00:00:00+00:00,2024-01-01T00:00:00+00:00,1,1,48,52,0.0,0.386845039018952,0.00050934491919,1,1,52,48,1,1,1.0,1.0,0.0196078431372549,0.019230769230769232,False,retrospective_origin_airport_association
2023,BQN,197,5,192,13,2023-01-01T00:00:00+00:00,2024-01-01T00:00:00+00:00,5,5,196,197,1.0434885373326951e-06,0.3817381738173817,0.0007119031831444,5,5,197,196,5,5,0.2769718364296941,0.2876405664306539,0.06770833333333333,0.025380710659898477,False,retrospective_origin_airport_association
2023,BRD,37,0,37,1,2023-01-01T00:00:00+00:00,2024-01-01T00:00:00+00:00,1,1,37,37,0.0,0.3735199138858988,0.0005013741757312,1,1,37,37,1,1,1.0,1.0,0.02702702702702703,0.0,False,retrospective_origin_airport_association
2023,BRO,84,1,82,2,2023-01-01T00:00:00+00:00,2024-01-01T00:00:00+00:00,2,1,87,84,0.0,0.4044289044289044,0.0006027176510349,1,2,84,87,1,2,1.0,0.9772757299511164,0.024390243902439025,0.011904761904761904,False,retrospective_origin_airport_association
2023,BRW,20,1,19,0,2023-01-01T00:00:00+00:00,2024-01-01T00:00:00+00:00,1,1,26,20,0.0,0.3339749759384023,0.0005587568086212,1,1,20,26,1,1,1.0,1.0,0.0,0.05,False,retrospective_origin_airport_association
2023,BTM,48,2,46,0,2023-01-01T00:00:00+00:00,2024-01-01T00:00:00+00:00,1,1,46,48,0.0,0.3592132505175983,0.000516613922945,1,1,48,46,1,1,1.0,1.0,0.0,0.041666666666666664,False,retrospective_origin_airport_association
2023,BTR,285,4,281,11,2023-01-01T00:00:00+00:00,2024-01-01T00:00:00+00:00,5,5,252,285,0.0,0.4200968523002421,0.0008684869673514,5,5,285,252,5,5,0.3100892582333026,0.2870055429579239,0.03914590747330961,0.014035087719298246,False,retrospective_origin_airport_association
2023,BTV,553,17,536,20,2023-01-01T00:00:00+00:00,2024-01-01T00:00:00+00:00,13,14,550,553,3.489196544550019e-06,0.4689189189189189,0.0012702963572011,14,13,553,550,14,13,0.1274292123515004,0.1316628099173553,0.03731343283582089,0.03074141048824593,False,retrospective_origin_airport_association
2023,BUF,1354,33,1317,47,2023-01-01T00:00:00+00:00,2024-01-01T00:00:00+00:00,24,24,1301,1354,1.6273683569186808e-05,0.4873595505617977,0.0024222240582361,24,24,1354,1301,24,24,0.0768530902473987,0.0768598151602179,0.03568716780561883,0.024372230428360415,True,retrospective_origin_airport_association
2023,BUR,2009,39,1962,36,2023-01-01T00:00:00+00:00,2024-01-01T00:00:00+00:00,22,21,2012,2009,0.0001771329466544,0.4614361702127659,0.0036152151571553,21,22,2009,2012,21,22,0.0930335639943796,0.0971482239762221,0.01834862385321101,0.019412643106022896,True,retrospective_origin_airport_association
2023,BWI,6321,80,6225,191,2023-01-01T00:00:00+00:00,2024-01-01T00:00:00+00:00,66,66,6477,6321,0.0035951682737406,0.5363214837712519,0.0107886116302744,66,66,6321,6477,66,66,0.0257183818182041,0.0260429363611514,0.03068273092369478,0.012656225280809999,True,retrospective_origin_airport_association
2023,BZN,699,7,691,25,2023-01-01T00:00:00+00:00,2024-01-01T00:00:00+00:00,20,19,686,699,0.000161608851958,0.4915014164305949,0.0016482546254706,19,20,699,686,19,20,0.1214180896068571,0.1122788973981929,0.0361794500723589,0.010014306151645207,False,retrospective_origin_airport_association
2023,CAE,423,9,414,19,2023-01-01T00:00:00+00:00,2024-01-01T00:00:00+00:00,7,7,422,423,0.0,0.4332084893882647,0.001126264582827,7,7,423,422,7,7,0.2307898663715775,0.2179982480177893,0.04589371980676329,0.02127659574468085,False,retrospective_origin_airport_association
2023,CAK,219,5,213,9,2023-01-01T00:00:00+00:00,2024-01-01T00:00:00+00:00,11,11,232,219,0.0001659267328987,0.4236874236874237,0.0008861355134975,11,11,219,232,11,11,0.2431767477742332,0.2450208085612366,0.04225352112676056,0.0228310502283105,False,retrospective_origin_airport_association
2023,CDC,40,0,39,1,2023-01-01T00:00:00+00:00,2024-01-01T00:00:00+00:00,1,1,40,40,0.0,0.3592132505175983,0.0005054513872685,1,1,40,40,1,1,1.0,1.0,0.02564102564102564,0.0,False,retrospective_origin_airport_association
2023,CDV,46,0,46,1,2023-01-01T00:00:00+00:00,2024-01-01T00:00:00+00:00,2,2,48,46,0.0012352505495387,0.3346190935390549,0.0009734006685973,2,2,46,48,2,2,0.500945179584121,0.513888888888889,0.021739130434782608,0.0,False,retrospective_origin_airport_association
2023,CHA,391,2,389,12,2023-01-01T00:00:00+00:00,2024-01-01T00:00:00+00:00,9,8,390,391,0.0001879511253527,0.4471649484536082,0.0011362720243417,8,9,391,390,8,9,0.2285503103721194,0.2385272846811308,0.030848329048843187,0.005115089514066497,False,retrospective_origin_airport_association
2023,CHO,183,6,177,6,2023-01-01T00:00:00+00:00,2024-01-01T00:00:00+00:00,4,4,215,183,0.0,0.4101654846335697,0.0007699146145928,4,4,183,215,4,4,0.408044432500224,0.4140400216333153,0.03389830508474576,0.03278688524590164,False,retrospective_origin_airport_association
2023,CHS,1642,25,1612,46,2023-01-01T00:00:00+00:00,2024-01-01T00:00:00+00:00,31,31,1734,1642,0.0009554816800646,0.4978479196556671,0.0031326276822672,31,31,1642,1734,31,31,0.0606179742775291,0.0625172112402868,0.028535980148883373,0.015225334957369063,True,retrospective_origin_airport_association
2023,CID,412,6,406,20,2023-01-01T00:00:00+00:00,2024-01-01T00:00:00+00:00,16,17,460,412,0.0006482969448248,0.4839609483960948,0.0013959467738335,17,16,412,460,17,16,0.1352036007163728,0.1389130434782608,0.04926108374384237,0.014563106796116505,False,retrospective_origin_airport_association
2023,CIU,49,3,46,3,2023-01-01T00:00:00+00:00,2024-01-01T00:00:00+00:00,2,2,41,49,0.0,0.3838495575221239,0.0005028118481704,2,2,49,41,2,2,0.5018742190753853,0.5502676977989293,0.06521739130434782,0.061224489795918366,False,retrospective_origin_airport_association
2023,CKB,12,0,12,0,2023-01-01T00:00:00+00:00,2024-01-01T00:00:00+00:00,3,4,14,12,1.03880541508383e-05,0.3385365853658537,0.0004948859166564,4,3,12,14,4,3,0.2777777777777778,0.5000000000000001,0.0,0.0,False,retrospective_origin_airport_association
2023,CLE,2784,66,2713,87,2023-01-01T00:00:00+00:00,2024-01-01T00:00:00+00:00,34,34,2656,2784,0.0004816931043973,0.50509461426492,0.0045879551172802,34,34,2784,2656,34,34,0.04355399078478,0.0438275126106837,0.03206782159970512,0.023706896551724137,True,retrospective_origin_airport_association
2023,CLL,50,3,47,3,2023-01-01T00:00:00+00:00,2024-01-01T00:00:00+00:00,1,1,71,50,0.0,0.4020857473928158,0.0005715153958821,1,1,50,71,1,1,1.0,1.0,0.06382978723404255,0.06,False,retrospective_origin_airport_association
2023,CLT,12983,142,12804,465,2023-01-01T00:00:00+00:00,2024-01-01T00:00:00+00:00,128,127,13075,12983,0.046247419477392,0.5901360544217688,0.025019268714351,127,128,12983,13075,127,128,0.0125425513781763,0.0125741343696646,0.03631677600749766,0.010937379650311947,True,retrospective_origin_airport_association
2023,CMH,2813,51,2759,71,2023-01-01T00:00:00+00:00,2024-01-01T00:00:00+00:00,34,34,2786,2813,9.368779674368996e-05,0.50509461426492,0.0047795101536619,34,34,2813,2786,34,34,0.0452455961851992,0.0450960061305398,0.02573396158028271,0.018130110202630643,True,retrospective_origin_airport_association
2023,CMI,95,1,94,2,2023-01-01T00:00:00+00:00,2024-01-01T00:00:00+00:00,2,2,91,95,0.0,0.4221411192214112,0.000604205217416,2,2,95,91,2,2,0.5004986149584488,0.5266272189349113,0.02127659574468085,0.010526315789473684,False,retrospective_origin_airport_association
2023,CMX,50,1,49,0,2023-01-01T00:00:00+00:00,2024-01-01T00:00:00+00:00,1,1,44,50,0.0,0.391206313416009,0.000509441084422,1,1,50,44,1,1,1.0,1.0,0.0,0.02,False,retrospective_origin_airport_association
2023,CNY,41,2,39,2,2023-01-01T00:00:00+00:00,2024-01-01T00:00:00+00:00,2,2,34,41,0.0,0.3956670467502851,0.0004944223515789,2,2,41,34,2,2,0.535990481856038,0.5017301038062284,0.05128205128205128,0.04878048780487805,False,retrospective_origin_airport_association
2023,COS,710,10,700,18,2023-01-01T00:00:00+00:00,2024-01-01T00:00:00+00:00,13,13,797,710,7.610379136403794e-05,0.4721088435374149,0.0018193895076691,13,13,710,797,13,13,0.2042015473120412,0.1955561083045108,0.025714285714285714,0.014084507042253521,False,retrospective_origin_airport_association
2023,COU,83,1,82,2,2023-01-01T00:00:00+00:00,2024-01-01T00:00:00+00:00,2,2,92,83,0.0,0.4221411192214112,0.0006071670027791,2,2,83,92,2,2,0.516330381768036,0.5604914933837429,0.024390243902439025,0.012048192771084338,False,retrospective_origin_airport_association
2023,CPR,130,5,125,5,2023-01-01T00:00:00+00:00,2024-01-01T00:00:00+00:00,2,2,117,130,0.0,0.3956670467502851,0.0006494548658764,2,2,130,117,2,2,0.6288757396449705,0.6449704142011835,0.04,0.038461538461538464,False,retrospective_origin_airport_association
2023,CRP,264,7,257,1,2023-01-01T00:00:00+00:00,2024-01-01T00:00:00+00:00,3,3,249,264,1.2813892309486253e-06,0.406799531066823,0.0008699740028121,3,3,264,249,3,3,0.4590507346189164,0.4746536346187965,0.0038910505836575876,0.026515151515151516,False,retrospective_origin_airport_association
2023,CRW,241,4,236,15,2023-01-01T00:00:00+00:00,2024-01-01T00:00:00+00:00,5,5,240,241,0.0,0.413095238095238,0.0008243366202147,5,5,241,240,5,5,0.2654052099653931,0.2549652777777778,0.0635593220338983,0.016597510373443983,False,retrospective_origin_airport_association
2023,CSG,71,0,71,1,2023-01-01T00:00:00+00:00,2024-01-01T00:00:00+00:00,2,2,67,71,0.0,0.4121140142517814,0.000540689937262,2,2,71,67,2,2,0.9722277325927396,0.970594787257741,0.014084507042253521,0.0,False,retrospective_origin_airport_association
2023,CVG,2725,49,2671,79,2023-01-01T00:00:00+00:00,2024-01-01T00:00:00+00:00,42,44,2641,2725,0.0020124162257721,0.517910447761194,0.0049440656192621,44,42,2725,2641,44,42,0.0394413938220688,0.0395228248338573,0.029576937476600524,0.01798165137614679,True,retrospective_origin_airport_association
2023,CWA,92,0,92,1,2023-01-01T00:00:00+00:00,2024-01-01T00:00:00+00:00,2,2,79,92,0.0,0.4016203703703703,0.0005772887820261,2,2,92,79,2,2,0.5191398865784499,0.5135394968755007,0.010869565217391304,0.0,False,retrospective_origin_airport_association
2023,CYS,11,0,11,1,2023-01-01T00:00:00+00:00,2024-01-01T00:00:00+00:00,1,1,24,11,0.0,0.3929784824462061,0.0004758848754449,1,1,11,24,1,1,1.0,1.0,0.09090909090909091,0.0,False,retrospective_origin_airport_association
2023,DAB,208,4,203,9,2023-01-01T00:00:00+00:00,2024-01-01T00:00:00+00:00,5,5,212,208,0.0,0.4185765983112183,0.0007798684043004,5,5,208,212,5,5,0.4253420857988166,0.3853684585261659,0.04433497536945813,0.019230769230769232,False,retrospective_origin_airport_association
2023,DAL,5055,125,4920,87,2023-01-01T00:00:00+00:00,2024-01-01T00:00:00+00:00,70,70,5023,5055,0.0036239456293961,0.52023988005997,0.0085831030278491,70,70,5055,5023,70,70,0.0277112005330093,0.027782889530378,0.01768292682926829,0.024727992087042534,True,retrospective_origin_airport_association
2023,DAY,470,4,465,16,2023-01-01T00:00:00+00:00,2024-01-01T00:00:00+00:00,10,10,438,470,0.0002980154043523,0.447741935483871,0.0012163842001611,10,10,470,438,10,10,0.1539791760977818,0.1550217885365192,0.034408602150537634,0.00851063829787234,False,retrospective_origin_airport_association
2023,DCA,9622,192,9401,283,2023-01-01T00:00:00+00:00,2024-01-01T00:00:00+00:00,99,100,9650,9622,0.0173726616441697,0.5623987034035657,0.016574109093772,100,99,9622,9650,100,99,0.0219944325778401,0.0221956455206851,0.030103180512711415,0.01995427146123467,True,retrospective_origin_airport_association
2023,DDC,41,2,38,2,2023-01-01T00:00:00+00:00,2024-01-01T00:00:00+00:00,2,2,32,41,0.0,0.3934240362811791,0.0008304111083447,2,2,41,32,2,2,0.5145746579417013,0.53125,0.05263157894736842,0.04878048780487805,False,retrospective_origin_airport_association
2023,DEC,62,2,60,4,2023-01-01T00:00:00+00:00,2024-01-01T00:00:00+00:00,2,2,59,62,0.000192944486959,0.392090395480226,0.000845356896217,2,2,62,59,2,2,0.5332986472424558,0.6047112898592357,0.06666666666666667,0.03225806451612903,False,retrospective_origin_airport_association
2023,DEN,19370,349,18966,659,2023-01-01T00:00:00+00:00,2024-01-01T00:00:00+00:00,166,166,19605,19370,0.1656781137102145,0.6461824953445066,0.0425791059345082,166,166,19370,19605,166,166,0.0130067172729838,0.01291585581363,0.03474638827375303,0.018017552916881775,True,retrospective_origin_airport_association
2023,DFW,19282,418,18803,802,2023-01-01T00:00:00+00:00,2024-01-01T00:00:00+00:00,186,186,19161,19282,0.1964630195520181,0.6711798839458414,0.04486989248062,186,186,19282,19161,186,186,0.0097576645382099,0.0096163515124631,0.04265276817529118,0.02167824914427964,True,retrospective_origin_airport_association
2023,DHN,60,1,59,0,2023-01-01T00:00:00+00:00,2024-01-01T00:00:00+00:00,1,1,39,60,0.0,0.386845039018952,0.0004946617123591,1,1,60,39,1,1,1.0,1.0,0.0,0.016666666666666666,False,retrospective_origin_airport_association
2023,DIK,40,1,38,0,2023-01-01T00:00:00+00:00,2024-01-01T00:00:00+00:00,1,1,44,40,0.0,0.3929784824462061,0.0005132602026834,1,1,40,44,1,1,1.0,1.0,0.0,0.025,False,retrospective_origin_airport_association
2023,DLG,13,1,12,0,2023-01-01T00:00:00+00:00,2024-01-01T00:00:00+00:00,1,1,17,13,0.0,0.3339749759384023,0.0005145452342841,1,1,13,17,1,1,1.0,1.0,0.0,0.07692307692307693,False,retrospective_origin_airport_association
2023,DLH,116,3,113,5,2023-01-01T00:00:00+00:00,2024-01-01T00:00:00+00:00,2,2,128,116,0.0,0.4016203703703703,0.0006684165708171,2,2,116,128,2,2,0.5786266349583828,0.52392578125,0.04424778761061947,0.02586206896551724,False,retrospective_origin_airport_association
2023,DRO,248,3,244,11,2023-01-01T00:00:00+00:00,2024-01-01T00:00:00+00:00,3,3,226,248,0.0,0.4257668711656441,0.000840223241735,3,3,248,226,3,3,0.3535704994797086,0.3372621191949252,0.045081967213114756,0.012096774193548387,False,retrospective_origin_airport_association
2023,DRT,18,1,17,1,2023-01-01T00:00:00+00:00,2024-01-01T00:00:00+00:00,1,1,10,18,0.0,0.4020857473928158,0.0004508205268605,1,1,18,10,1,1,1.0,1.0,0.058823529411764705,0.05555555555555555,False,retrospective_origin_airport_association
2023,DSM,1010,9,996,32,2023-01-01T00:00:00+00:00,2024-01-01T00:00:00+00:00,31,31,988,1010,0.0011479617277784,0.5,0.0022526486015313,31,31,1010,988,31,31,0.0811508675620037,0.0836761789244209,0.0321285140562249,0.00891089108910891,False,retrospective_origin_airport_association
2023,DTW,8646,153,8477,231,2023-01-01T00:00:00+00:00,2024-01-01T00:00:00+00:00,95,92,8629,8646,0.0395929234037001,0.5614886731391586,0.0170142569922687,92,95,8646,8629,92,95,0.0177787430861261,0.0182750411058253,0.027250206440957887,0.017696044413601664,True,retrospective_origin_airport_association
2023,DVL,43,7,34,2,2023-01-01T00:00:00+00:00,2024-01-01T00:00:00+00:00,2,2,55,43,0.0,0.3934240362811791,0.0008289095718473,2,2,43,55,2,2,0.5457003785830179,0.5041322314049586,0.058823529411764705,0.16279069767441862,False,retrospective_origin_airport_association
2023,ECP,453,3,450,13,2023-01-01T00:00:00+00:00,2024-01-01T00:00:00+00:00,16,15,458,453,1.2425670085119684e-05,0.4626666666666666,0.0011539253346501,15,16,453,458,15,16,0.1389558937473502,0.1378787589862893,0.028888888888888888,0.006622516556291391,False,retrospective_origin_airport_association
2023,EGE,258,7,247,14,2023-01-01T00:00:00+00:00,2024-01-01T00:00:00+00:00,13,13,247,258,4.3683058572723005e-06,0.4632843791722296,0.0008685913833058,13,13,258,247,13,13,0.2262484225707589,0.2115261682702552,0.05668016194331984,0.027131782945736434,False,retrospective_origin_airport_association
2023,EKO,23,0,23,0,2023-01-01T00:00:00+00:00,2024-01-01T00:00:00+00:00,1,1,21,23,0.0,0.3592132505175983,0.0004701033576263,1,1,23,21,1,1,1.0,1.0,0.0,0.0,False,retrospective_origin_airport_association
2023,ELM,73,1,72,2,2023-01-01T00:00:00+00:00,2024-01-01T00:00:00+00:00,4,4,66,73,3.933626945451436e-05,0.3809001097694841,0.0006086468018248,4,4,73,66,4,4,0.5421279789829236,0.4963269054178145,0.027777777777777776,0.0136986301369863,False,retrospective_origin_airport_association
2023,ELP,1073,14,1055,26,2023-01-01T00:00:00+00:00,2024-01-01T00:00:00+00:00,16,16,1135,1073,8.50817231877151e-05,0.4733969986357435,0.0022518033225139,16,16,1073,1135,16,16,0.097701873226506,0.0987226610258301,0.024644549763033177,0.0130475302889096,True,retrospective_origin_airport_association
2023,ERI,22,1,21,1,2023-01-01T00:00:00+00:00,2024-01-01T00:00:00+00:00,1,1,28,22,0.0,0.391206313416009,0.000480929592908,1,1,22,28,1,1,1.0,1.0,0.047619047619047616,0.045454545454545456,False,retrospective_origin_airport_association
2023,ESC,44,0,44,2,2023-01-01T00:00:00+00:00,2024-01-01T00:00:00+00:00,3,3,46,44,0.0,0.3842746400885936,0.0006541596660246,3,3,44,46,3,3,0.4721074380165289,0.4810964083175804,0.045454545454545456,0.0,False,retrospective_origin_airport_association
2023,EUG,482,1,481,12,2023-01-01T00:00:00+00:00,2024-01-01T00:00:00+00:00,14,14,513,482,0.0001055464590956,0.4465894465894466,0.0012985971890435,14,14,482,513,14,14,0.1137204937931509,0.1104347396539865,0.02494802494802495,0.002074688796680498,False,retrospective_origin_airport_association
2023,EVV,131,2,129,3,2023-01-01T00:00:00+00:00,2024-01-01T00:00:00+00:00,4,4,143,131,5.372667773952526e-05,0.4247246022031823,0.0007191187514179,4,4,131,143,4,4,0.4629683584872676,0.4313658369602425,0.023255813953488372,0.015267175572519083,False,retrospective_origin_airport_association
2023,EWN,13,0,13,0,2023-01-01T00:00:00+00:00,2024-01-01T00:00:00+00:00,2,1,11,13,0.0,0.3731182795698924,0.0004487080966564,1,2,13,11,1,2,1.0,0.7024793388429753,0.0,0.0,False,retrospective_origin_airport_association
2023,EWR,9594,341,9229,451,2023-01-01T00:00:00+00:00,2024-01-01T00:00:00+00:00,86,86,9629,9594,0.0123661261110712,0.5614886731391586,0.0160253518922543,86,86,9594,9629,86,86,0.0233371049734935,0.0229551245808766,0.04886769964243146,0.035543047738169686,True,retrospective_origin_airport_association
2023,EYW,491,6,481,15,2023-01-01T00:00:00+00:00,2024-01-01T00:00:00+00:00,17,17,471,491,0.0002123905673513,0.4541884816753926,0.0012255574274878,17,17,491,471,17,17,0.1260530693003596,0.1374903647206783,0.031185031185031187,0.012219959266802444,False,retrospective_origin_airport_association
2023,FAI,248,2,246,1,2023-01-01T00:00:00+00:00,2024-01-01T00:00:00+00:00,4,4,207,248,0.0,0.4180722891566265,0.0009324275848848,4,4,248,207,4,4,0.5007479188345473,0.5641905295339448,0.0040650406504065045,0.008064516129032258,False,retrospective_origin_airport_association
2023,FAR,420,11,409,10,2023-01-01T00:00:00+00:00,2024-01-01T00:00:00+00:00,11,11,463,420,0.0003386375952726,0.4721088435374149,0.0013752406039551,11,11,420,463,11,11,0.2057482993197279,0.2101376598295462,0.02444987775061125,0.02619047619047619,False,retrospective_origin_airport_association
2023,FAT,777,4,771,19,2023-01-01T00:00:00+00:00,2024-01-01T00:00:00+00:00,11,11,748,777,0.0,0.4614361702127659,0.0016856403643643,11,11,777,748,11,11,0.1116345247619378,0.1125032171351768,0.02464332036316472,0.005148005148005148,False,retrospective_origin_airport_association
2023,FAY,84,4,80,6,2023-01-01T00:00:00+00:00,2024-01-01T00:00:00+00:00,3,3,85,84,0.0,0.4165666266506602,0.0005781508763652,3,3,84,85,3,3,0.4107142857142857,0.3954325259515571,0.075,0.047619047619047616,False,retrospective_origin_airport_association
2023,FCA,279,3,276,10,2023-01-01T00:00:00+00:00,2024-01-01T00:00:00+00:00,13,12,228,279,0.000125302893889,0.4721088435374149,0.0008516203934713,12,13,279,228,12,13,0.1955653190478026,0.1770160049245922,0.036231884057971016,0.010752688172043012,False,retrospective_origin_airport_association
2023,FLG,112,6,105,1,2023-01-01T00:00:00+00:00,2024-01-01T00:00:00+00:00,2,2,107,112,0.0,0.406799531066823,0.0006071219812434,2,2,112,107,2,2,0.6434948979591837,0.613590706611931,0.009523809523809525,0.05357142857142857,False,retrospective_origin_airport_association
2023,FLL,6234,167,6053,384,2023-01-01T00:00:00+00:00,2024-01-01T00:00:00+00:00,85,83,6191,6234,0.0229523957968344,0.5499207606973059,0.0107375826301269,83,85,6234,6191,83,85,0.0323234409829297,0.0324963308616378,0.06343961671898232,0.026788578761629774,True,retrospective_origin_airport_association
2023,FNT,158,1,156,10,2023-01-01T00:00:00+00:00,2024-01-01T00:00:00+00:00,11,11,134,158,0.0001954658782976,0.4262899262899263,0.000825550831166,11,11,158,134,11,11,0.1647973081236981,0.2193138783693473,0.0641025641025641,0.006329113924050633,False,retrospective_origin_airport_association
2023,FOD,43,4,38,4,2023-01-01T00:00:00+00:00,2024-01-01T00:00:00+00:00,2,2,38,43,0.0,0.391647855530474,0.000838544456742,2,2,43,38,2,2,0.5608436992969172,0.5013850415512464,0.10526315789473684,0.09302325581395349,False,retrospective_origin_airport_association
2023,FSD,474,15,458,16,2023-01-01T00:00:00+00:00,2024-01-01T00:00:00+00:00,16,16,496,474,0.0005986311933227,0.4806094182825485,0.0014511188410716,16,16,474,496,16,16,0.146602218305471,0.1465351847034339,0.034934497816593885,0.03164556962025317,False,retrospective_origin_airport_association
2023,FSM,74,1,73,2,2023-01-01T00:00:00+00:00,2024-01-01T00:00:00+00:00,1,1,64,74,0.0,0.4020857473928158,0.0005576651650107,1,1,74,64,1,1,1.0,1.0,0.0273972602739726,0.013513513513513514,False,retrospective_origin_airport_association
2023,FWA,276,7,269,17,2023-01-01T00:00:00+00:00,2024-01-01T00:00:00+00:00,11,11,262,276,0.0003710939713267,0.4583883751651255,0.001034497758458,11,11,276,262,11,11,0.2054452846040747,0.1760969640463842,0.06319702602230483,0.025362318840579712,False,retrospective_origin_airport_association
2023,GCC,40,2,38,2,2023-01-01T00:00:00+00:00,2024-01-01T00:00:00+00:00,1,1,35,40,0.0,0.3929784824462061,0.0004964413054261,1,1,40,35,1,1,1.0,1.0,0.05263157894736842,0.05,False,retrospective_origin_airport_association
2023,GCK,51,2,49,1,2023-01-01T00:00:00+00:00,2024-01-01T00:00:00+00:00,1,1,57,51,0.0,0.4020857473928158,0.0005438149341394,1,1,51,57,1,1,1.0,1.0,0.02040816326530612,0.0392156862745098,False,retrospective_origin_airport_association
2023,GEG,1094,4,1089,25,2023-01-01T00:00:00+00:00,2024-01-01T00:00:00+00:00,19,19,1086,1094,0.0001570307911176,0.4799446749654218,0.0023041095718116,19,19,1094,1086,19,19,0.1301214201444475,0.135469341934346,0.02295684113865932,0.003656307129798903,True,retrospective_origin_airport_association
2023,GFK,74,0,73,2,2023-01-01T00:00:00+00:00,2024-01-01T00:00:00+00:00,4,4,86,74,2.294923332606425e-05,0.4058479532163743,0.0006098633570368,4,4,74,86,4,4,0.6932067202337473,0.6936181719848568,0.0273972602739726,0.0,False,retrospective_origin_airport_association
2023,GGG,61,2,59,6,2023-01-01T00:00:00+00:00,2024-01-01T00:00:00+00:00,1,1,51,61,0.0,0.4020857473928158,0.0005319433076783,1,1,61,51,1,1,1.0,1.0,0.1016949152542373,0.03278688524590164,False,retrospective_origin_airport_association
2023,GJT,207,1,205,9,2023-01-01T00:00:00+00:00,2024-01-01T00:00:00+00:00,5,6,222,207,2.822688101141908e-05,0.4332084893882647,0.0008289538503148,6,5,207,222,6,5,0.2842773460290788,0.3081324567811054,0.04390243902439024,0.004830917874396135,False,retrospective_origin_airport_association
2023,GNV,199,2,197,8,2023-01-01T00:00:00+00:00,2024-01-01T00:00:00+00:00,4,4,188,199,0.0,0.4170673076923077,0.0007457175755964,4,4,199,188,4,4,0.4082472664831696,0.417779538252603,0.04060913705583756,0.010050251256281407,False,retrospective_origin_airport_association
2023,GPT,220,5,215,6,2023-01-01T00:00:00+00:00,2024-01-01T00:00:00+00:00,4,4,194,220,6.088038973838037e-05,0.4273399014778325,0.0007894208642662,4,4,220,194,4,4,0.3307851239669421,0.3346264215113189,0.027906976744186046,0.022727272727272728,False,retrospective_origin_airport_association
2023,GRB,269,5,264,9,2023-01-01T00:00:00+00:00,2024-01-01T00:00:00+00:00,6,6,248,269,0.0,0.447741935483871,0.0008705324797147,6,6,269,248,6,6,0.267091389007891,0.2745512486992716,0.03409090909090909,0.01858736059479554,False,retrospective_origin_airport_association
2023,GRI,60,2,57,4,2023-01-01T00:00:00+00:00,2024-01-01T00:00:00+00:00,3,3,60,60,2.306957846738473e-05,0.4145758661887694,0.0005643377083195,3,3,60,60,3,3,0.5022222222222222,0.6872222222222222,0.07017543859649122,0.03333333333333333,False,retrospective_origin_airport_association
2023,GRK,94,1,93,0,2023-01-01T00:00:00+00:00,2024-01-01T00:00:00+00:00,1,1,99,94,0.0,0.4020857473928158,0.0006269163193674,1,1,94,99,1,1,1.0,1.0,0.0,0.010638297872340425,False,retrospective_origin_airport_association
2023,GRR,1123,25,1093,25,2023-01-01T00:00:00+00:00,2024-01-01T00:00:00+00:00,32,32,1060,1123,0.001024994018415,0.5007215007215007,0.0024417370658645,32,32,1123,1060,32,32,0.0665728882612326,0.0705500177999288,0.022872827081427266,0.02226179875333927,True,retrospective_origin_airport_association
2023,GSO,691,16,673,15,2023-01-01T00:00:00+00:00,2024-01-01T00:00:00+00:00,10,11,672,691,0.0001591587083196,0.447741935483871,0.0015370795048579,11,10,691,672,11,10,0.151497127634398,0.140531994047619,0.022288261515601784,0.023154848046309694,False,retrospective_origin_airport_association
2023,GSP,879,9,868,18,2023-01-01T00:00:00+00:00,2024-01-01T00:00:00+00:00,17,17,859,879,0.000357340799615,0.4806094182825485,0.0018676548631203,17,17,879,859,17,17,0.1253065783462177,0.1204408298899145,0.020737327188940093,0.010238907849829351,False,retrospective_origin_airport_association
2023,GST,7,0,7,0,2023-01-01T00:00:00+00:00,2024-01-01T00:00:00+00:00,1,1,14,7,0.0,0.2694099378881988,0.0005463740113848,1,1,7,14,1,1,1.0,1.0,0.0,0.0,False,retrospective_origin_airport_association
2023,GTF,186,2,182,6,2023-01-01T00:00:00+00:00,2024-01-01T00:00:00+00:00,7,7,169,186,6.350964128553968e-05,0.4431673052362707,0.0007415012237594,7,7,186,169,7,7,0.3024627124523066,0.2698434928748993,0.03296703296703297,0.010752688172043012,False,retrospective_origin_airport_association
2023,GTR,61,0,61,2,2023-01-01T00:00:00+00:00,2024-01-01T00:00:00+00:00,1,1,65,61,0.0,0.386845039018952,0.0005370798654261,1,1,61,65,1,1,1.0,1.0,0.03278688524590164,0.0,False,retrospective_origin_airport_association
2023,GUC,61,3,58,2,2023-01-01T00:00:00+00:00,2024-01-01T00:00:00+00:00,2,2,47,61,0.0,0.4236874236874237,0.0005196353681071,2,2,61,47,2,2,0.7043805428648213,0.74649162516976,0.034482758620689655,0.04918032786885246,False,retrospective_origin_airport_association
2023,GUM,49,2,47,0,2023-01-01T00:00:00+00:00,2024-01-01T00:00:00+00:00,2,2,53,49,0.0057636887608069,0.3378773125608568,0.0014331748884568,2,2,49,53,2,2,0.510204081632653,0.5087219651121395,0.0,0.04081632653061224,False,retrospective_origin_airport_association
2023,HDN,214,8,206,6,2023-01-01T00:00:00+00:00,2024-01-01T00:00:00+00:00,14,14,180,214,5.447036277986864e-06,0.4721088435374149,0.0007527515330172,14,14,214,180,14,14,0.4279413049174601,0.4062345679012346,0.02912621359223301,0.037383177570093455,False,retrospective_origin_airport_association
2023,HGR,22,0,22,2,2023-01-01T00:00:00+00:00,2024-01-01T00:00:00+00:00,2,3,11,22,4.753908051389367e-06,0.3027923211169284,0.0004823204489807,3,2,22,11,3,2,0.3512396694214876,0.5041322314049586,0.09090909090909091,0.0,False,retrospective_origin_airport_association
2023,HHH,134,1,132,5,2023-01-01T00:00:00+00:00,2024-01-01T00:00:00+00:00,7,9,125,134,9.252078711755287e-07,0.4126040428061831,0.0006266562086708,9,7,134,125,9,7,0.2695477834707062,0.296512,0.03787878787878788,0.007462686567164179,False,retrospective_origin_airport_association
2023,HIB,51,3,48,2,2023-01-01T00:00:00+00:00,2024-01-01T00:00:00+00:00,2,2,49,51,0.0,0.3739224137931034,0.0006974969758813,2,2,51,49,2,2,0.6847366397539408,0.6518117451062058,0.041666666666666664,0.058823529411764705,False,retrospective_origin_airport_association
2023,HLN,101,1,100,4,2023-01-01T00:00:00+00:00,2024-01-01T00:00:00+00:00,3,3,96,101,0.0,0.4011560693641618,0.0006091570496802,3,3,101,96,3,3,0.4424076070973434,0.4325086805555554,0.04,0.009900990099009901,False,retrospective_origin_airport_association
2023,HNL,4130,48,4076,59,2023-01-01T00:00:00+00:00,2024-01-01T00:00:00+00:00,33,33,4174,4130,0.0193932973636385,0.5080527086383602,0.0083972161245147,33,33,4130,4174,33,33,0.1075244622410872,0.109219713888128,0.014474975466143278,0.01162227602905569,True,retrospective_origin_airport_association
2023,HOU,3651,33,3614,55,2023-01-01T00:00:00+00:00,2024-01-01T00:00:00+00:00,62,63,3470,3651,0.0039539055528541,0.4992805755395683,0.0062932285938044,63,62,3651,3470,63,62,0.0330059691063655,0.0323837919092426,0.015218594355285003,0.009038619556285949,True,retrospective_origin_airport_association
2023,HPN,919,14,902,30,2023-01-01T00:00:00+00:00,2024-01-01T00:00:00+00:00,15,15,865,919,0.000219908795945,0.4236874236874237,0.0018397521585657,15,15,919,865,15,15,0.09412345585458,0.099671890139998,0.03325942350332594,0.015233949945593036,False,retrospective_origin_airport_association
2023,HRL,208,2,205,0,2023-01-01T00:00:00+00:00,2024-01-01T00:00:00+00:00,7,6,243,208,1.1471814230618864e-05,0.4381313131313131,0.0008357101103261,6,7,208,243,6,7,0.3072300295857987,0.3269996104929804,0.0,0.009615384615384616,False,retrospective_origin_airport_association
2023,HSV,534,10,524,13,2023-01-01T00:00:00+00:00,2024-01-01T00:00:00+00:00,8,8,537,534,0.0,0.4571805006587615,0.0013467802157292,8,8,534,537,8,8,0.1743045911711484,0.1905718021007805,0.02480916030534351,0.018726591760299626,False,retrospective_origin_airport_association
2023,HTS,20,1,19,2,2023-01-01T00:00:00+00:00,2024-01-01T00:00:00+00:00,6,5,28,20,5.180492091950689e-05,0.3890134529147982,0.0005438339958609,5,6,20,28,5,6,0.38,0.3341836734693877,0.10526315789473684,0.05,False,retrospective_origin_airport_association
2023,HYA,18,2,16,1,2023-01-01T00:00:00+00:00,2024-01-01T00:00:00+00:00,2,2,20,18,6.403396164964339e-07,0.3648790746582545,0.0004606433998263,2,2,18,20,2,2,0.5246913580246915,0.5050000000000001,0.0625,0.1111111111111111,False,retrospective_origin_airport_association
2023,HYS,58,2,56,6,2023-01-01T00:00:00+00:00,2024-01-01T00:00:00+00:00,2,2,39,58,0.0002165507686477,0.392090395480226,0.000766185667377,2,2,58,39,2,2,0.5023781212841855,0.5266272189349113,0.10714285714285714,0.034482758620689655,False,retrospective_origin_airport_association
2023,IAD,3389,44,3335,96,2023-01-01T00:00:00+00:00,2024-01-01T00:00:00+00:00,54,55,3305,3389,0.0027989570240273,0.5249621785173979,0.0058221262215941,55,54,3389,3305,55,54,0.0314889762332284,0.0325678097413491,0.0287856071964018,0.012983180879315432,True,retrospective_origin_airport_association
2023,IAG,19,0,19,2,2023-01-01T00:00:00+00:00,2024-01-01T00:00:00+00:00,3,3,16,19,7.413369580814137e-06,0.3114901256732496,0.0005133877945161,3,3,19,16,3,3,0.445983379501385,0.4609375,0.10526315789473684,0.0,False,retrospective_origin_airport_association
2023,IAH,7784,98,7655,313,2023-01-01T00:00:00+00:00,2024-01-01T00:00:00+00:00,94,97,7698,7784,0.0301463348559275,0.5679214402618658,0.0139502142636772,97,94,7784,7698,97,94,0.0232681422033126,0.0239510473343516,0.04088830829523187,0.012589928057553957,True,retrospective_origin_airport_association
2023,ICT,582,7,574,16,2023-01-01T00:00:00+00:00,2024-01-01T00:00:00+00:00,14,14,586,582,0.0004547120870518,0.477961432506887,0.0015030299721,14,14,582,586,14,14,0.1607562499261935,0.165156262740393,0.027874564459930314,0.012027491408934709,False,retrospective_origin_airport_association
2023,IDA,203,2,198,11,2023-01-01T00:00:00+00:00,2024-01-01T00:00:00+00:00,10,10,226,203,6.784840924224783e-05,0.4381313131313131,0.0008710224183135,10,10,203,226,10,10,0.187604649469776,0.206633252408176,0.05555555555555555,0.009852216748768473,False,retrospective_origin_airport_association
2023,ILM,496,21,474,16,2023-01-01T00:00:00+00:00,2024-01-01T00:00:00+00:00,9,8,541,496,7.171604475095198e-07,0.4353826850690088,0.0012863303283335,8,9,496,541,8,9,0.2045558012486992,0.2026745842743464,0.03375527426160337,0.04233870967741935,False,retrospective_origin_airport_association
2023,IMT,48,0,48,0,2023-01-01T00:00:00+00:00,2024-01-01T00:00:00+00:00,3,3,39,48,0.0,0.3842746400885936,0.0006422276677788,3,3,48,39,3,3,0.3967013888888889,0.3385930309007232,0.0,0.0,False,retrospective_origin_airport_association
2023,IND,3049,63,2980,84,2023-01-01T00:00:00+00:00,2024-01-01T00:00:00+00:00,43,41,3010,3049,0.0015209193750728,0.5148367952522255,0.0053039358453319,41,43,3049,3010,41,43,0.0424051200028914,0.0411626803236167,0.028187919463087248,0.020662512299114463,True,retrospective_origin_airport_association
2023,INL,29,0,29,0,2023-01-01T00:00:00+00:00,2024-01-01T00:00:00+00:00,2,2,39,29,0.0,0.3739224137931034,0.0006024124838954,2,2,29,39,2,2,0.5291319857312723,0.6186719263642342,0.0,0.0,False,retrospective_origin_airport_association
2023,ISP,334,6,327,12,2023-01-01T00:00:00+00:00,2024-01-01T00:00:00+00:00,8,8,316,334,1.022191140633072e-05,0.3767643865363735,0.0008970891371065,8,8,334,316,8,8,0.2490229122593137,0.2455135394968755,0.03669724770642202,0.017964071856287425,False,retrospective_origin_airport_association
2023,ITH,59,2,57,2,2023-01-01T00:00:00+00:00,2024-01-01T00:00:00+00:00,1,2,40,59,2.1418896554722785e-07,0.3501513622603431,0.0004891959029864,2,1,59,40,2,1,0.9666762424590636,1.0,0.03508771929824561,0.03389830508474576,False,retrospective_origin_airport_association
2023,ITO,467,3,464,2,2023-01-01T00:00:00+00:00,2024-01-01T00:00:00+00:00,3,3,478,467,0.0,0.3687566418703507,0.0012513322544293,3,3,467,478,3,3,0.8151305201087629,0.835900982125663,0.004310344827586207,0.006423982869379015,False,retrospective_origin_airport_association
2023,JAC,405,3,397,22,2023-01-01T00:00:00+00:00,2024-01-01T00:00:00+00:00,16,15,405,405,1.5282900396285387e-05,0.4799446749654218,0.0011467501703753,15,16,405,405,15,16,0.1376924249352233,0.1351684194482548,0.055415617128463476,0.007407407407407408,False,retrospective_origin_airport_association
2023,JAN,473,5,467,7,2023-01-01T00:00:00+00:00,2024-01-01T00:00:00+00:00,8,8,458,473,1.554472181806529e-06,0.4289245982694685,0.0011940689694118,8,8,473,458,8,8,0.2939761944137773,0.2922617799050361,0.014989293361884369,0.010570824524312896,False,retrospective_origin_airport_association
2023,JAX,1881,37,1835,89,2023-01-01T00:00:00+00:00,2024-01-01T00:00:00+00:00,32,31,1864,1881,0.0008075491314961,0.4928977272727273,0.0033687791164458,31,32,1881,1864,31,32,0.0632749612015959,0.0676771537512203,0.048501362397820165,0.019670388091440724,True,retrospective_origin_airport_association
2023,JFK,9217,252,8930,385,2023-01-01T00:00:00+00:00,2024-01-01T00:00:00+00:00,70,70,9204,9217,0.0161297191414547,0.537984496124031,0.0157667261106931,70,70,9217,9204,70,70,0.0267965888797757,0.0270250298369981,0.04311310190369541,0.027340783335141585,True,retrospective_origin_airport_association
2023,JLN,29,0,29,1,2023-01-01T00:00:00+00:00,2024-01-01T00:00:00+00:00,2,2,35,29,0.0002434657348354,0.3938706015891033,0.000719999825126,2,2,29,35,2,2,0.5053507728894173,0.5493877551020409,0.034482758620689655,0.0,False,retrospective_origin_airport_association
2023,JMS,52,0,52,0,2023-01-01T00:00:00+00:00,2024-01-01T00:00:00+00:00,2,2,36,52,0.0,0.3934240362811791,0.000716073631497,2,2,52,36,2,2,0.5118343195266272,0.513888888888889,0.0,0.0,False,retrospective_origin_airport_association
2023,JNU,329,6,322,3,2023-01-01T00:00:00+00:00,2024-01-01T00:00:00+00:00,7,7,346,329,0.016277367930913,0.3683651804670912,0.0031808083475608,7,7,329,346,7,7,0.220443270110217,0.2667980888101841,0.009316770186335404,0.0182370820668693,False,retrospective_origin_airport_association
2023,JST,47,1,46,3,2023-01-01T00:00:00+00:00,2024-01-01T00:00:00+00:00,2,2,54,47,0.0,0.392090395480226,0.0005172811859187,2,2,47,54,2,2,0.5020371208691715,0.5109739368998628,0.06521739130434782,0.02127659574468085,False,retrospective_origin_airport_association
2023,KOA,1189,12,1175,17,2023-01-01T00:00:00+00:00,2024-01-01T00:00:00+00:00,15,15,1184,1189,0.0001044495642241,0.4483204134366925,0.0023892467177949,15,15,1189,1184,15,15,0.2446784054279451,0.2570064257669832,0.01446808510638298,0.010092514718250631,True,retrospective_origin_airport_association
2023,KTN,172,3,169,3,2023-01-01T00:00:00+00:00,2024-01-01T00:00:00+00:00,4,4,171,172,0.0056598535201257,0.3633507853403141,0.0014472418589294,4,4,172,171,4,4,0.3640481341265548,0.4698539721623747,0.01775147928994083,0.01744186046511628,False,retrospective_origin_airport_association
2023,LAN,97,5,92,4,2023-01-01T00:00:00+00:00,2024-01-01T00:00:00+00:00,3,3,87,97,0.0,0.3997695852534562,0.0005733218827399,3,3,97,87,3,3,0.4086512913168243,0.3642489100277447,0.043478260869565216,0.05154639175257732,False,retrospective_origin_airport_association
2023,LAR,32,1,31,2,2023-01-01T00:00:00+00:00,2024-01-01T00:00:00+00:00,1,1,44,32,0.0,0.3929784824462061,0.0005132602026834,1,1,32,44,1,1,1.0,1.0,0.06451612903225806,0.03125,False,retrospective_origin_airport_association
2023,LAS,12865,193,12644,376,2023-01-01T00:00:00+00:00,2024-01-01T00:00:00+00:00,122,123,12629,12865,0.049825626292854,0.6003460207612457,0.0221906874710422,123,122,12865,12629,123,122,0.0224556755412004,0.0226984497576271,0.029737424865548878,0.015001943256898562,True,retrospective_origin_airport_association
2023,LAW,53,2,51,3,2023-01-01T00:00:00+00:00,2024-01-01T00:00:00+00:00,1,1,73,53,0.0,0.4020857473928158,0.0005754726047025,1,1,53,73,1,1,1.0,1.0,0.058823529411764705,0.03773584905660377,False,retrospective_origin_airport_association
2023,LAX,13173,146,12983,321,2023-01-01T00:00:00+00:00,2024-01-01T00:00:00+00:00,102,103,13276,13173,0.0234848341754535,0.5754560530679934,0.0223794018563544,103,102,13173,13276,103,102,0.0256117907106469,0.0263433456844243,0.024724639913733342,0.0110832763986943,True,retrospective_origin_airport_association
2023,LBB,391,11,378,7,2023-01-01T00:00:00+00:00,2024-01-01T00:00:00+00:00,8,8,397,391,5.506259521395178e-06,0.4353826850690088,0.0010951460407031,8,8,391,397,8,8,0.2678750138996998,0.239891122968866,0.018518518518518517,0.028132992327365727,False,retrospective_origin_airport_association
2023,LBE,38,0,37,3,2023-01-01T00:00:00+00:00,2024-01-01T00:00:00+00:00,2,2,44,38,0.0,0.3592132505175983,0.0005048736575356,2,2,38,44,2,2,0.5678670360110804,0.5506198347107438,0.08108108108108109,0.0,False,retrospective_origin_airport_association
2023,LBF,48,5,43,1,2023-01-01T00:00:00+00:00,2024-01-01T00:00:00+00:00,2,2,46,48,0.0,0.3934240362811791,0.0005518045136445,2,2,48,46,2,2,0.8133680555555556,0.8412098298676747,0.023255813953488372,0.10416666666666667,False,retrospective_origin_airport_association
2023,LBL,35,1,34,2,2023-01-01T00:00:00+00:00,2024-01-01T00:00:00+00:00,2,2,45,35,0.0,0.3934240362811791,0.0007760877785466,2,2,35,45,2,2,0.510204081632653,0.5298765432098765,0.058823529411764705,0.02857142857142857,False,retrospective_origin_airport_association
2023,LCH,74,2,72,1,2023-01-01T00:00:00+00:00,2024-01-01T00:00:00+00:00,1,1,82,74,0.0,0.4020857473928158,0.0005932800443942,1,1,74,82,1,1,1.0,1.0,0.013888888888888888,0.02702702702702703,False,retrospective_origin_airport_association
2023,LCK,71,0,71,3,2023-01-01T00:00:00+00:00,2024-01-01T00:00:00+00:00,9,9,73,71,9.890430105014812e-05,0.3779956427015251,0.0006735772425306,9,9,71,73,9,9,0.1394564570521722,0.1424282229311315,0.04225352112676056,0.0,False,retrospective_origin_airport_association
2023,LEX,566,6,560,17,2023-01-01T00:00:00+00:00,2024-01-01T00:00:00+00:00,15,13,518,566,0.0003637842679936,0.4614361702127659,0.0014286030711781,13,15,566,518,13,15,0.1578056911685749,0.1635634531387427,0.030357142857142857,0.01060070671378092,False,retrospective_origin_airport_association
2023,LFT,210,3,207,8,2023-01-01T00:00:00+00:00,2024-01-01T00:00:00+00:00,4,4,184,210,0.0,0.4185765983112183,0.0007603553028316,4,4,210,184,4,4,0.3703854875283446,0.3758861058601134,0.03864734299516908,0.014285714285714285,False,retrospective_origin_airport_association
2023,LGA,11251,368,10849,351,2023-01-01T00:00:00+00:00,2024-01-01T00:00:00+00:00,80,82,11285,11251,0.0139151153916533,0.5297709923664122,0.0200242811992397,82,80,11251,11285,82,80,0.0253023420997563,0.0252816963480327,0.03235321227762927,0.032708203715225315,True,retrospective_origin_airport_association
2023,LGB,1095,9,1082,16,2023-01-01T00:00:00+00:00,2024-01-01T00:00:00+00:00,20,21,1076,1095,0.0001179648664996,0.4278668310727497,0.0021049233092797,21,20,1095,1076,21,20,0.0779324868122015,0.0779511753568911,0.014787430683918669,0.00821917808219178,True,retrospective_origin_airport_association
2023,LIH,1129,7,1121,13,2023-01-01T00:00:00+00:00,2024-01-01T00:00:00+00:00,13,13,1135,1129,1.6250094191146483e-06,0.4180722891566265,0.0023013903862897,13,13,1129,1135,13,13,0.3163439744994865,0.2970746569892681,0.01159678858162355,0.006200177147918512,True,retrospective_origin_airport_association
2023,LIT,796,7,787,25,2023-01-01T00:00:00+00:00,2024-01-01T00:00:00+00:00,16,16,803,796,0.0003639355749628,0.47599451303155,0.001832987935611,16,16,796,803,16,16,0.1397944496351102,0.1391807496483454,0.03176620076238882,0.008793969849246231,False,retrospective_origin_airport_association
2023,LNK,56,2,53,0,2023-01-01T00:00:00+00:00,2024-01-01T00:00:00+00:00,1,1,65,56,0.0,0.391206313416009,0.0005468624170341,1,1,56,65,1,1,1.0,1.0,0.0,0.03571428571428571,False,retrospective_origin_airport_association
2023,LRD,73,1,71,5,2023-01-01T00:00:00+00:00,2024-01-01T00:00:00+00:00,2,2,77,73,0.0,0.4135876042908224,0.0005803127002713,2,2,73,77,2,2,0.7440420341527489,0.8562995446112329,0.07042253521126761,0.0136986301369863,False,retrospective_origin_airport_association
2023,LSE,27,0,27,0,2023-01-01T00:00:00+00:00,2024-01-01T00:00:00+00:00,2,2,35,27,0.0,0.4016203703703703,0.000494713520643,2,2,27,35,2,2,0.5555555555555556,0.5689795918367347,0.0,0.0,False,retrospective_origin_airport_association
2023,LWS,52,0,52,0,2023-01-01T00:00:00+00:00,2024-01-01T00:00:00+00:00,2,2,54,52,0.0,0.3956670467502851,0.0005317058975765,2,2,52,54,2,2,0.5118343195266272,0.5027434842249658,0.0,0.0,False,retrospective_origin_airport_association
2023,MAF,515,4,511,7,2023-01-01T00:00:00+00:00,2024-01-01T00:00:00+00:00,8,8,532,515,5.506259521395178e-06,0.4353826850690088,0.001313144663275,8,8,515,532,8,8,0.1850843623338674,0.17681892701679,0.0136986301369863,0.007766990291262136,False,retrospective_origin_airport_association
2023,MBS,94,2,92,2,2023-01-01T00:00:00+00:00,2024-01-01T00:00:00+00:00,2,2,108,94,0.0,0.3956670467502851,0.0006162739948585,2,2,94,108,2,2,0.5733363512901766,0.5246913580246915,0.021739130434782608,0.02127659574468085,False,retrospective_origin_airport_association
2023,MCI,3294,41,3240,92,2023-01-01T00:00:00+00:00,2024-01-01T00:00:00+00:00,48,50,3245,3294,0.0015928806271173,0.5218045112781955,0.0056283442222934,50,48,3294,3245,50,48,0.0387724511715473,0.0391405528476902,0.028395061728395062,0.012446873102610808,True,retrospective_origin_airport_association
2023,MCO,11145,183,10937,604,2023-01-01T00:00:00+00:00,2024-01-01T00:00:00+00:00,87,86,10941,11145,0.0189580787241963,0.5516693163751988,0.0185412674898409,86,87,11145,10941,86,87,0.0239681541956521,0.0239064659035955,0.05522538173173631,0.01641991924629879,True,retrospective_origin_airport_association
2023,MCW,39,2,37,1,2023-01-01T00:00:00+00:00,2024-01-01T00:00:00+00:00,2,2,49,39,0.0,0.391647855530474,0.00094745474604,2,2,39,49,2,2,0.5029585798816568,0.5168679716784673,0.02702702702702703,0.05128205128205128,False,retrospective_origin_airport_association
2023,MDT,391,3,387,12,2023-01-01T00:00:00+00:00,2024-01-01T00:00:00+00:00,14,14,413,391,0.0003502433864461,0.456578947368421,0.0012636248688422,14,14,391,413,14,14,0.1480170851839012,0.1369826873581952,0.031007751937984496,0.0076726342710997444,False,retrospective_origin_airport_association
2023,MDW,5732,103,5615,123,2023-01-01T00:00:00+00:00,2024-01-01T00:00:00+00:00,78,79,5760,5732,0.0044608983042893,0.5388198757763976,0.0094932469717658,79,78,5732,5760,79,78,0.0217938226111754,0.0225775221836419,0.02190560997328584,0.017969295184926726,True,retrospective_origin_airport_association
2023,MEI,58,1,57,3,2023-01-01T00:00:00+00:00,2024-01-01T00:00:00+00:00,2,2,54,58,0.0,0.3629707112970711,0.0006685277552562,2,2,58,54,2,2,0.5214030915576694,0.654320987654321,0.05263157894736842,0.017241379310344827,False,retrospective_origin_airport_association
2023,MEM,1621,28,1589,46,2023-01-01T00:00:00+00:00,2024-01-01T00:00:00+00:00,29,29,1534,1621,0.000627696205306,0.5014450867052023,0.0029618907625093,29,29,1621,1534,29,29,0.0690425366326678,0.0661375616406222,0.0289490245437382,0.01727328809376928,True,retrospective_origin_airport_association
2023,MFE,177,7,169,8,2023-01-01T00:00:00+00:00,2024-01-01T00:00:00+00:00,6,6,182,177,5.986059389808897e-05,0.4326683291770573,0.0007760716355022,6,6,177,182,6,6,0.4326662197963548,0.3421688201907982,0.047337278106508875,0.03954802259887006,False,retrospective_origin_airport_association
2023,MFR,295,1,292,7,2023-01-01T00:00:00+00:00,2024-01-01T00:00:00+00:00,11,9,322,295,2.89808794781553e-05,0.4190821256038647,0.0009755932504036,9,11,295,322,9,11,0.183544958345303,0.178619652019598,0.023972602739726026,0.003389830508474576,False,retrospective_origin_airport_association
2023,MGM,151,1,150,8,2023-01-01T00:00:00+00:00,2024-01-01T00:00:00+00:00,3,3,148,151,0.0,0.4155688622754491,0.0006795846819674,3,3,151,148,3,3,0.475198456208061,0.4594594594594594,0.05333333333333334,0.006622516556291391,False,retrospective_origin_airport_association
2023,MHK,55,3,52,0,2023-01-01T00:00:00+00:00,2024-01-01T00:00:00+00:00,2,2,60,55,0.0,0.4221411192214112,0.0005440482978435,2,2,55,60,2,2,0.5477685950413224,0.5005555555555556,0.0,0.05454545454545454,False,retrospective_origin_airport_association
2023,MHT,442,14,425,19,2023-01-01T00:00:00+00:00,2024-01-01T00:00:00+00:00,11,11,422,442,6.37620341385231e-06,0.4165666266506602,0.0010579267377686,11,11,442,422,11,11,0.1641653528797526,0.1553424226769389,0.04470588235294118,0.03167420814479638,False,retrospective_origin_airport_association
2023,MIA,6835,87,6729,340,2023-01-01T00:00:00+00:00,2024-01-01T00:00:00+00:00,75,79,6889,6835,0.0057484320108302,0.537984496124031,0.0115214506069684,79,75,6835,6889,79,75,0.0296568342832863,0.0299861219279122,0.05052756724624759,0.012728602779809802,True,retrospective_origin_airport_association
2023,MKE,1739,29,1706,50,2023-01-01T00:00:00+00:00,2024-01-01T00:00:00+00:00,28,28,1705,1739,4.305644411843205e-05,0.5021707670043415,0.0031591337071726,28,28,1739,1705,28,28,0.0523970436368121,0.0512259096498998,0.029308323563892145,0.01667625071880391,True,retrospective_origin_airport_association
2023,MLB,174,1,173,7,2023-01-01T00:00:00+00:00,2024-01-01T00:00:00+00:00,5,5,191,174,0.0,0.4006928406466513,0.0007413145570031,5,5,174,191,5,5,0.4459637997093407,0.4829089114881719,0.04046242774566474,0.005747126436781609,False,retrospective_origin_airport_association
2023,MLI,245,5,240,5,2023-01-01T00:00:00+00:00,2024-01-01T00:00:00+00:00,9,9,216,245,0.0004475097751381,0.4663978494623655,0.000878090464909,9,9,245,216,9,9,0.213094543940025,0.2225651577503429,0.020833333333333332,0.02040816326530612,False,retrospective_origin_airport_association
2023,MLU,119,6,113,7,2023-01-01T00:00:00+00:00,2024-01-01T00:00:00+00:00,2,2,125,119,0.0,0.4121140142517814,0.0006620445957592,2,2,119,125,2,2,0.5186780594590777,0.530752,0.061946902654867256,0.05042016806722689,False,retrospective_origin_airport_association
2023,MOB,168,3,165,4,2023-01-01T00:00:00+00:00,2024-01-01T00:00:00+00:00,2,2,145,168,0.0,0.4121140142517814,0.0006925911223651,2,2,168,145,2,2,0.510204081632653,0.5000237812128419,0.024242424242424242,0.017857142857142856,False,retrospective_origin_airport_association
2023,MOT,148,5,142,5,2023-01-01T00:00:00+00:00,2024-01-01T00:00:00+00:00,4,4,163,148,1.982355732080969e-05,0.4140811455847255,0.0007434643191872,4,4,148,163,4,4,0.5162527392257122,0.5501524332869133,0.035211267605633804,0.033783783783783786,False,retrospective_origin_airport_association
2023,MQT,43,4,39,1,2023-01-01T00:00:00+00:00,2024-01-01T00:00:00+00:00,2,2,41,43,0.0,0.3956670467502851,0.0005013629617255,2,2,43,41,2,2,0.5327203893996755,0.5240928019036288,0.02564102564102564,0.09302325581395349,False,retrospective_origin_airport_association
2023,MRY,261,3,258,11,2023-01-01T00:00:00+00:00,2024-01-01T00:00:00+00:00,8,8,226,261,0.0,0.4397972116603295,0.0007998765342179,8,8,261,226,8,8,0.1694191218566961,0.1728404730205967,0.04263565891472868,0.011494252873563218,False,retrospective_origin_airport_association
2023,MSN,700,13,685,28,2023-01-01T00:00:00+00:00,2024-01-01T00:00:00+00:00,16,14,656,700,2.0186564806053587e-06,0.4773039889958734,0.0015644075359071,14,16,700,656,14,16,0.1167102040816326,0.1114199137418203,0.040875912408759124,0.018571428571428572,False,retrospective_origin_airport_association
2023,MSO,281,4,274,10,2023-01-01T00:00:00+00:00,2024-01-01T00:00:00+00:00,12,11,266,281,0.0001075799890092,0.469553450608931,0.0009343401041835,11,12,281,266,11,12,0.1726548549283823,0.1641132907456611,0.0364963503649635,0.014234875444839857,False,retrospective_origin_airport_association
2023,MSP,8390,136,8233,171,2023-01-01T00:00:00+00:00,2024-01-01T00:00:00+00:00,117,118,8134,8390,0.0748127471072728,0.5951972555746141,0.0187627615344398,118,117,8390,8134,118,117,0.0167182112765495,0.0170945369269312,0.02077007166282036,0.016209773539928488,True,retrospective_origin_airport_association
2023,MSY,3407,42,3356,112,2023-01-01T00:00:00+00:00,2024-01-01T00:00:00+00:00,39,38,3356,3407,0.0002020321375856,0.5110456553755522,0.0056151994539799,38,39,3407,3356,38,39,0.0417251589878363,0.0402955374253644,0.033373063170441,0.012327560904021134,True,retrospective_origin_airport_association
2023,MTJ,205,3,200,7,2023-01-01T00:00:00+00:00,2024-01-01T00:00:00+00:00,10,11,215,205,7.62223543088512e-06,0.456578947368421,0.0008244054200693,11,10,205,215,11,10,0.3844140392623438,0.3208869659275284,0.035,0.014634146341463415,False,retrospective_origin_airport_association
2023,MVY,89,9,79,8,2023-01-01T00:00:00+00:00,2024-01-01T00:00:00+00:00,6,7,91,89,5.9260156001193964e-06,0.3830022075055188,0.0005690706559607,7,6,89,91,7,6,0.2271177881580608,0.2087912087912088,0.10126582278481013,0.10112359550561797,False,retrospective_origin_airport_association
2023,MYR,1011,23,986,36,2023-01-01T00:00:00+00:00,2024-01-01T00:00:00+00:00,43,42,1022,1011,0.0097513172147634,0.4992805755395683,0.002604638020084,42,43,1011,1022,42,43,0.0707303734098017,0.064165655002853,0.036511156186612576,0.02274975272007913,False,retrospective_origin_airport_association
2023,OAJ,72,2,70,0,2023-01-01T00:00:00+00:00,2024-01-01T00:00:00+00:00,2,2,77,72,0.0,0.391647855530474,0.0005568437320041,2,2,72,77,2,2,0.53125,0.5446112329229212,0.0,0.027777777777777776,False,retrospective_origin_airport_association
2023,OAK,3086,31,3050,37,2023-01-01T00:00:00+00:00,2024-01-01T00:00:00+00:00,37,38,3195,3086,0.0010960860868042,0.4792817679558011,0.0056154496162816,38,37,3086,3195,38,37,0.0582848807295212,0.0588904317926337,0.012131147540983607,0.010045366169799093,True,retrospective_origin_airport_association
2023,OGG,2217,29,2182,33,2023-01-01T00:00:00+00:00,2024-01-01T00:00:00+00:00,22,22,2233,2217,0.0013554127243789,0.4839609483960948,0.0041532103156836,22,22,2217,2233,22,22,0.1932585554401965,0.1797314596085385,0.015123739688359304,0.013080739738385205,True,retrospective_origin_airport_association
2023,OKC,1433,15,1416,45,2023-01-01T00:00:00+00:00,2024-01-01T00:00:00+00:00,22,25,1495,1433,0.0002571263316165,0.4935988620199146,0.0029174167075895,25,22,1433,1495,25,22,0.0782166351998963,0.072939228867686,0.03177966101694915,0.0104675505931612,True,retrospective_origin_airport_association
2023,OMA,1532,24,1507,34,2023-01-01T00:00:00+00:00,2024-01-01T00:00:00+00:00,29,29,1486,1532,0.0012954874708039,0.5073099415204678,0.0029520891337215,29,29,1532,1486,29,29,0.0683128932639802,0.068920512490739,0.0225613802256138,0.015665796344647518,True,retrospective_origin_airport_association
2023,OME,47,3,44,0,2023-01-01T00:00:00+00:00,2024-01-01T00:00:00+00:00,1,2,46,47,0.0,0.3339749759384023,0.0006570047515924,2,1,47,46,2,1,0.5020371208691715,1.0,0.0,0.06382978723404255,False,retrospective_origin_airport_association
2023,ONT,1636,30,1600,44,2023-01-01T00:00:00+00:00,2024-01-01T00:00:00+00:00,19,19,1611,1636,4.419713743104747e-05,0.4721088435374149,0.0030598357998558,19,19,1636,1611,19,19,0.0813586121555944,0.0795204138524675,0.0275,0.018337408312958436,True,retrospective_origin_airport_association
2023,ORD,17405,303,17059,577,2023-01-01T00:00:00+00:00,2024-01-01T00:00:00+00:00,162,164,17652,17405,0.1286024329603641,0.6414048059149723,0.0364809211569561,164,162,17405,17652,164,162,0.0133677522688314,0.0135207485208016,0.033823788029779,0.017408790577420282,True,retrospective_origin_airport_association
2023,ORF,1459,46,1411,67,2023-01-01T00:00:00+00:00,2024-01-01T00:00:00+00:00,25,24,1462,1459,0.0004389347201309,0.4873595505617977,0.0027430713731933,24,25,1459,1462,24,25,0.0672627791576098,0.0710081761206375,0.04748405386250886,0.031528444139821796,True,retrospective_origin_airport_association
2023,ORH,110,3,107,8,2023-01-01T00:00:00+00:00,2024-01-01T00:00:00+00:00,4,5,105,110,6.403396164964339e-07,0.3779956427015251,0.0005842364657464,5,4,110,105,5,4,0.3355371900826446,0.3465759637188208,0.07476635514018691,0.02727272727272727,False,retrospective_origin_airport_association
2023,OTH,23,0,23,1,2023-01-01T00:00:00+00:00,2024-01-01T00:00:00+00:00,2,2,22,23,0.0,0.3938706015891033,0.0004667358935718,2,2,23,22,2,2,0.9168241965973536,0.6487603305785123,0.043478260869565216,0.0,False,retrospective_origin_airport_association
2023,OTZ,50,2,48,0,2023-01-01T00:00:00+00:00,2024-01-01T00:00:00+00:00,2,1,41,50,0.0,0.3342967244701348,0.0008068591741608,1,2,50,41,1,2,1.0,0.5240928019036288,0.0,0.04,False,retrospective_origin_airport_association
2023,OWB,5,0,4,0,2023-01-01T00:00:00+00:00,2024-01-01T00:00:00+00:00,1,1,2,5,0.0,0.3020017406440383,0.000440658949703,1,1,5,2,1,1,1.0,1.0,0.0,0.0,False,retrospective_origin_airport_association
2023,PAE,47,0,47,0,2023-01-01T00:00:00+00:00,2024-01-01T00:00:00+00:00,2,2,59,47,0.0,0.38257993384785,0.0005196924360748,2,2,47,59,2,2,0.5382526029877773,0.5173800632002298,0.0,0.0,False,retrospective_origin_airport_association
2023,PBG,40,1,39,4,2023-01-01T00:00:00+00:00,2024-01-01T00:00:00+00:00,3,4,26,40,1.2741317133281406e-05,0.3711229946524064,0.0005246416152787,4,3,40,26,4,3,0.2975,0.3698224852071006,0.10256410256410256,0.025,False,retrospective_origin_airport_association
2023,PBI,1891,40,1847,84,2023-01-01T00:00:00+00:00,2024-01-01T00:00:00+00:00,28,27,1960,1891,0.001363960032196,0.4859943977591036,0.003597292786899,27,28,1891,1960,27,28,0.0815158558128752,0.0787911286963765,0.04547915538711424,0.021152829190904283,True,retrospective_origin_airport_association
2023,PDX,3929,59,3856,86,2023-01-01T00:00:00+00:00,2024-01-01T00:00:00+00:00,54,56,4041,3929,0.0038183740709127,0.5322085889570553,0.0071952733398307,56,54,3929,4041,56,54,0.0480033058148903,0.0472022080529313,0.022302904564315353,0.01501654364978366,True,retrospective_origin_airport_association
2023,PGD,442,4,436,23,2023-01-01T00:00:00+00:00,2024-01-01T00:00:00+00:00,47,46,425,442,0.0116234330728076,0.4155688622754491,0.0028223586594621,46,47,442,425,46,47,0.030824512192625,0.0308429065743944,0.052752293577981654,0.00904977375565611,False,retrospective_origin_airport_association
2023,PGV,15,0,15,1,2023-01-01T00:00:00+00:00,2024-01-01T00:00:00+00:00,1,1,14,15,0.0,0.3715203426124197,0.0004539716046652,1,1,15,14,1,1,1.0,1.0,0.06666666666666667,0.0,False,retrospective_origin_airport_association
2023,PHL,5990,96,5881,228,2023-01-01T00:00:00+00:00,2024-01-01T00:00:00+00:00,79,79,6027,5990,0.0062238593849478,0.5438871473354232,0.0100661611911268,79,79,5990,6027,79,79,0.0287920044815928,0.0293584296251735,0.038768916850875704,0.016026711185308847,True,retrospective_origin_airport_association
2023,PHX,11741,109,11596,265,2023-01-01T00:00:00+00:00,2024-01-01T00:00:00+00:00,106,105,11668,11741,0.028706220094627,0.5792988313856428,0.0211003563232125,105,106,11741,11668,105,106,0.0202248468403378,0.0203577840773337,0.022852707830286305,0.00928370666893791,True,retrospective_origin_airport_association
2023,PIA,224,2,221,8,2023-01-01T00:00:00+00:00,2024-01-01T00:00:00+00:00,12,13,217,224,0.0004729950434312,0.467654986522911,0.0009575059739045,13,12,224,217,13,12,0.1548150510204081,0.1573403554970375,0.03619909502262444,0.008928571428571428,False,retrospective_origin_airport_association
2023,PIB,41,2,38,1,2023-01-01T00:00:00+00:00,2024-01-01T00:00:00+00:00,2,2,50,41,0.0,0.3629707112970711,0.0006974945854297,2,2,41,50,2,2,0.585960737656157,0.5032000000000001,0.02631578947368421,0.04878048780487805,False,retrospective_origin_airport_association
2023,PIE,559,3,554,20,2023-01-01T00:00:00+00:00,2024-01-01T00:00:00+00:00,58,58,548,559,0.0091947746936913,0.3970251716247139,0.0029822124117968,58,58,559,548,58,58,0.0244398859450654,0.0251944696041344,0.036101083032490974,0.005366726296958855,False,retrospective_origin_airport_association
2023,PIH,30,0,30,1,2023-01-01T00:00:00+00:00,2024-01-01T00:00:00+00:00,1,1,23,30,0.0,0.3592132505175983,0.0004738242028518,1,1,30,23,1,1,1.0,1.0,0.03333333333333333,0.0,False,retrospective_origin_airport_association
2023,PIT,2890,59,2827,77,2023-01-01T00:00:00+00:00,2024-01-01T00:00:00+00:00,45,45,2900,2890,0.002178339894233,0.5163690476190477,0.0050774286332002,45,45,2890,2900,45,45,0.0415627207528645,0.0432615933412604,0.027237354085603113,0.02041522491349481,True,retrospective_origin_airport_association
2023,PLN,59,1,58,2,2023-01-01T00:00:00+00:00,2024-01-01T00:00:00+00:00,2,2,70,59,0.0,0.3603322949117342,0.0006637145976635,2,2,59,70,2,2,0.696638896868716,0.8200000000000001,0.034482758620689655,0.01694915254237288,False,retrospective_origin_airport_association
2023,PNS,764,18,746,30,2023-01-01T00:00:00+00:00,2024-01-01T00:00:00+00:00,19,21,771,764,1.604130371602154e-05,0.4740437158469945,0.0016709790965128,21,19,764,771,21,19,0.1131102491708012,0.1067473475079949,0.040214477211796246,0.02356020942408377,False,retrospective_origin_airport_association
2023,PPG,12,0,12,0,2023-01-01T00:00:00+00:00,2024-01-01T00:00:00+00:00,1,1,7,12,0.0,0.337220602526725,0.0004431344187863,1,1,12,7,1,1,1.0,1.0,0.0,0.0,False,retrospective_origin_airport_association
2023,PRC,60,0,60,2,2023-01-01T00:00:00+00:00,2024-01-01T00:00:00+00:00,2,2,47,60,0.0,0.3965714285714286,0.0005061246696688,2,2,60,47,2,2,0.5,0.5382526029877773,0.03333333333333333,0.0,False,retrospective_origin_airport_association
2023,PSC,347,2,345,5,2023-01-01T00:00:00+00:00,2024-01-01T00:00:00+00:00,9,9,348,347,5.6368736037657926e-05,0.4247246022031823,0.0010698670794687,9,9,347,348,9,9,0.2750541903013894,0.2872572334522394,0.014492753623188406,0.005763688760806916,False,retrospective_origin_airport_association
2023,PSE,68,3,65,3,2023-01-01T00:00:00+00:00,2024-01-01T00:00:00+00:00,2,2,75,68,0.0,0.3652631578947368,0.000537831258352,2,2,68,75,2,2,0.527681660899654,0.621688888888889,0.046153846153846156,0.04411764705882353,False,retrospective_origin_airport_association
2023,PSG,35,1,34,0,2023-01-01T00:00:00+00:00,2024-01-01T00:00:00+00:00,2,2,55,35,8.717718067887148e-05,0.2698289269051322,0.0012429611333234,2,2,35,55,2,2,0.5330612244897959,0.5041322314049586,0.0,0.02857142857142857,False,retrospective_origin_airport_association
2023,PSM,24,0,24,1,2023-01-01T00:00:00+00:00,2024-01-01T00:00:00+00:00,4,4,19,24,7.413369580814137e-06,0.3751351351351351,0.0005207402916602,4,4,24,19,4,4,0.3194444444444445,0.3573407202216066,0.041666666666666664,0.0,False,retrospective_origin_airport_association
2023,PSP,1044,21,1019,20,2023-01-01T00:00:00+00:00,2024-01-01T00:00:00+00:00,23,22,978,1044,0.0003992109816319,0.4887323943661972,0.0020606272567074,22,23,1044,978,22,23,0.0877079021153535,0.0860777597952501,0.019627085377821395,0.020114942528735632,True,retrospective_origin_airport_association
2023,PUB,2,0,2,0,2023-01-01T00:00:00+00:00,2024-01-01T00:00:00+00:00,1,1,4,2,0.0,0.3929784824462061,0.0004385095482063,1,1,2,4,1,1,1.0,1.0,0.0,0.0,False,retrospective_origin_airport_association
2023,PVD,1050,19,1027,33,2023-01-01T00:00:00+00:00,2024-01-01T00:00:00+00:00,20,19,1039,1050,0.0001309786718218,0.4426020408163265,0.002063173393762,19,20,1050,1039,19,20,0.0897142857142857,0.0875193720177745,0.03213242453748783,0.018095238095238095,True,retrospective_origin_airport_association
2023,PVU,137,3,134,5,2023-01-01T00:00:00+00:00,2024-01-01T00:00:00+00:00,13,13,128,137,0.0001578099481035,0.4155688622754491,0.000767773029354,13,13,137,128,13,13,0.1620224838829985,0.1640625,0.03731343283582089,0.021897810218978103,False,retrospective_origin_airport_association
2023,PWM,772,28,740,30,2023-01-01T00:00:00+00:00,2024-01-01T00:00:00+00:00,18,17,744,772,8.11766263745388e-06,0.4753424657534246,0.0015651815825785,17,18,772,744,17,18,0.0951032242476308,0.0928358769799976,0.04054054054054054,0.03626943005181347,False,retrospective_origin_airport_association
2023,RAP,303,10,293,2,2023-01-01T00:00:00+00:00,2024-01-01T00:00:00+00:00,7,7,267,303,6.986914610296331e-05,0.4620505992010652,0.0009508502603672,7,7,303,267,7,7,0.2298794235859229,0.2336265061931013,0.006825938566552901,0.033003300330033,False,retrospective_origin_airport_association
2023,RDD,107,1,105,6,2023-01-01T00:00:00+00:00,2024-01-01T00:00:00+00:00,3,3,93,107,0.0,0.3735199138858988,0.0005758219572082,3,3,107,93,3,3,0.4801292689317843,0.4820210428951323,0.05714285714285714,0.009345794392523364,False,retrospective_origin_airport_association
2023,RDM,405,1,403,4,2023-01-01T00:00:00+00:00,2024-01-01T00:00:00+00:00,7,7,368,405,0.0,0.409681227863046,0.0010432509681801,7,7,405,368,7,7,0.1741868617588782,0.1876476843100189,0.009925558312655087,0.0024691358024691358,False,retrospective_origin_airport_association
2023,RDU,4000,78,3911,145,2023-01-01T00:00:00+00:00,2024-01-01T00:00:00+00:00,45,45,4109,4000,0.0012542921689932,0.5156017830609212,0.0067862883021299,45,45,4000,4109,45,45,0.04355275,0.0421185745149471,0.037074916901048326,0.0195,True,retrospective_origin_airport_association
2023,RFD,47,0,47,0,2023-01-01T00:00:00+00:00,2024-01-01T00:00:00+00:00,6,6,56,47,4.855586705802462e-05,0.3947667804323094,0.000636114190791,6,6,47,56,6,6,0.1933001358080579,0.1830357142857142,0.0,0.0,False,retrospective_origin_airport_association
2023,RHI,52,0,52,1,2023-01-01T00:00:00+00:00,2024-01-01T00:00:00+00:00,1,1,58,52,0.0,0.3735199138858988,0.0005412967041751,1,1,52,58,1,1,1.0,1.0,0.019230769230769232,0.0,False,retrospective_origin_airport_association
2023,RIC,1295,22,1264,50,2023-01-01T00:00:00+00:00,2024-01-01T00:00:00+00:00,24,23,1293,1295,0.0006539330803203,0.4935988620199146,0.0025310986153975,23,24,1295,1293,23,24,0.1018440392957767,0.0940294249061966,0.03955696202531646,0.01698841698841699,True,retrospective_origin_airport_association
2023,RIW,40,1,39,2,2023-01-01T00:00:00+00:00,2024-01-01T00:00:00+00:00,1,1,31,40,0.0,0.3929784824462061,0.0004889662399784,1,1,40,31,1,1,1.0,1.0,0.05128205128205128,0.025,False,retrospective_origin_airport_association
2023,RKS,29,0,29,0,2023-01-01T00:00:00+00:00,2024-01-01T00:00:00+00:00,1,1,18,29,0.0,0.3929784824462061,0.0004646722772733,1,1,29,18,1,1,1.0,1.0,0.0,0.0,False,retrospective_origin_airport_association
2023,RNO,1333,20,1306,38,2023-01-01T00:00:00+00:00,2024-01-01T00:00:00+00:00,20,20,1260,1333,0.0001409336515705,0.4799446749654218,0.0024399854769331,20,20,1333,1260,20,20,0.1103102107109673,0.1145036533131771,0.02909647779479326,0.015003750937734433,True,retrospective_origin_airport_association
2023,ROA,177,2,175,5,2023-01-01T00:00:00+00:00,2024-01-01T00:00:00+00:00,7,7,192,177,9.953182621468442e-05,0.4252450980392157,0.0007968422590172,7,7,177,192,7,7,0.258578314022152,0.2591688368055556,0.02857142857142857,0.011299435028248588,False,retrospective_origin_airport_association
2023,ROC,928,26,901,32,2023-01-01T00:00:00+00:00,2024-01-01T00:00:00+00:00,19,18,879,928,0.0003010314311709,0.4596026490066225,0.0018029138637845,18,19,928,879,18,19,0.0911071269322235,0.0923779607864454,0.03551609322974473,0.028017241379310345,False,retrospective_origin_airport_association
2023,ROW,65,0,65,1,2023-01-01T00:00:00+00:00,2024-01-01T00:00:00+00:00,2,2,55,65,0.0,0.406799531066823,0.0005339956841257,2,2,65,55,2,2,0.6288757396449705,0.6390082644628099,0.015384615384615385,0.0,False,retrospective_origin_airport_association
2023,RST,116,6,110,3,2023-01-01T00:00:00+00:00,2024-01-01T00:00:00+00:00,2,2,95,116,0.0,0.4016203703703703,0.0006069913191743,2,2,116,95,2,2,0.5023781212841855,0.5160110803324099,0.02727272727272727,0.05172413793103448,False,retrospective_origin_airport_association
2023,RSW,2276,29,2236,79,2023-01-01T00:00:00+00:00,2024-01-01T00:00:00+00:00,40,39,2266,2276,0.0016168292327609,0.5021707670043415,0.0040482672075553,39,40,2276,2266,39,40,0.0447548500282615,0.0452586257263246,0.0353309481216458,0.012741652021089631,True,retrospective_origin_airport_association
2023,SAF,109,0,108,2,2023-01-01T00:00:00+00:00,2024-01-01T00:00:00+00:00,2,2,133,109,0.0,0.406799531066823,0.0006738971882601,2,2,109,133,2,2,0.6670313946637489,0.5522641189439764,0.018518518518518517,0.0,False,retrospective_origin_airport_association
2023,SAN,6159,80,6051,126,2023-01-01T00:00:00+00:00,2024-01-01T00:00:00+00:00,64,66,6154,6159,0.005603896179569,0.5338461538461539,0.0103717380948286,66,64,6159,6154,66,64,0.0409471303049161,0.0400069540022955,0.020823004462072386,0.01298912161065108,True,retrospective_origin_airport_association
2023,SAT,2548,40,2503,67,2023-01-01T00:00:00+00:00,2024-01-01T00:00:00+00:00,33,34,2587,2548,0.0001082227700453,0.5065693430656935,0.0045805970163356,34,33,2548,2587,34,33,0.0505210476896953,0.0502295904607035,0.026767878545745107,0.015698587127158554,True,retrospective_origin_airport_association
2023,SAV,1122,22,1093,29,2023-01-01T00:00:00+00:00,2024-01-01T00:00:00+00:00,28,30,1158,1122,0.0013094049811295,0.4832869080779944,0.0023639638338426,30,28,1122,1158,30,28,0.0715268444113993,0.0776202791424676,0.026532479414455627,0.0196078431372549,True,retrospective_origin_airport_association
2023,SBA,491,13,478,14,2023-01-01T00:00:00+00:00,2024-01-01T00:00:00+00:00,10,10,489,491,1.1296422213281837e-06,0.4409148665819568,0.0012293463771212,10,10,491,489,10,10,0.1362902924743136,0.1274626653451599,0.029288702928870293,0.026476578411405296,False,retrospective_origin_airport_association
2023,SBN,367,4,362,8,2023-01-01T00:00:00+00:00,2024-01-01T00:00:00+00:00,11,11,372,367,0.0003838123667684,0.4583883751651255,0.0011808738083281,11,11,367,372,11,11,0.1739637238378783,0.1800063591166609,0.022099447513812154,0.010899182561307902,False,retrospective_origin_airport_association
2023,SBP,298,6,290,14,2023-01-01T00:00:00+00:00,2024-01-01T00:00:00+00:00,8,8,316,298,0.0,0.4353826850690088,0.0009494328344333,8,8,298,316,8,8,0.1873564253862438,0.178517064572985,0.04827586206896552,0.020134228187919462,False,retrospective_origin_airport_association
2023,SCC,33,1,32,1,2023-01-01T00:00:00+00:00,2024-01-01T00:00:00+00:00,1,1,32,33,0.0,0.3339749759384023,0.0005882311915126,1,1,33,32,1,1,1.0,1.0,0.03125,0.030303030303030304,False,retrospective_origin_airport_association
2023,SCE,96,0,96,3,2023-01-01T00:00:00+00:00,2024-01-01T00:00:00+00:00,2,3,88,96,0.0,0.3943181818181818,0.0005816550958803,3,2,96,88,3,2,0.529296875,0.6138946280991735,0.03125,0.0,False,retrospective_origin_airport_association
2023,SCK,36,0,36,4,2023-01-01T00:00:00+00:00,2024-01-01T00:00:00+00:00,2,2,32,36,0.0,0.38257993384785,0.000478629507931,2,2,36,32,2,2,0.625,0.548828125,0.1111111111111111,0.0,False,retrospective_origin_airport_association
2023,SDF,1562,34,1519,61,2023-01-01T00:00:00+00:00,2024-01-01T00:00:00+00:00,33,35,1584,1562,0.0009233340357767,0.5014450867052023,0.0030737895943677,35,33,1562,1584,35,33,0.0606317453083065,0.060128590194878,0.040157998683344305,0.02176696542893726,True,retrospective_origin_airport_association
2023,SEA,10903,79,10796,196,2023-01-01T00:00:00+00:00,2024-01-01T00:00:00+00:00,85,85,11015,10903,0.048752335039629,0.5633116883116883,0.0225604869058409,85,85,10903,11015,85,85,0.0245851604178287,0.02418166619241,0.018154872174879585,0.007245712189305696,True,retrospective_origin_airport_association
2023,SFB,620,7,610,28,2023-01-01T00:00:00+00:00,2024-01-01T00:00:00+00:00,67,66,578,620,0.0213115714786048,0.4321295143212951,0.0035081552529926,66,67,620,578,66,67,0.0241259105098855,0.0233773541983453,0.04590163934426229,0.01129032258064516,False,retrospective_origin_airport_association
2023,SFO,9116,148,8942,231,2023-01-01T00:00:00+00:00,2024-01-01T00:00:00+00:00,78,77,9166,9116,0.0142983506788716,0.5534290271132376,0.0166271924983496,77,78,9116,9166,77,78,0.0311957951735526,0.0301871239178611,0.025833146946991726,0.016235190873189996,True,retrospective_origin_airport_association
2023,SGF,441,7,433,17,2023-01-01T00:00:00+00:00,2024-01-01T00:00:00+00:00,12,12,479,441,0.0005491500705149,0.4714673913043478,0.0013929624003855,12,12,441,479,12,12,0.2087041921832981,0.1949825881163349,0.03926096997690531,0.015873015873015872,False,retrospective_origin_airport_association
2023,SGU,141,1,139,3,2023-01-01T00:00:00+00:00,2024-01-01T00:00:00+00:00,4,4,176,141,0.0,0.4289245982694685,0.0007485696250061,4,4,141,176,4,4,0.3886625421256475,0.364217458677686,0.02158273381294964,0.0070921985815602835,False,retrospective_origin_airport_association
2023,SHR,32,0,32,0,2023-01-01T00:00:00+00:00,2024-01-01T00:00:00+00:00,1,1,41,32,0.0,0.3929784824462061,0.0005076539035977,1,1,32,41,1,1,1.0,1.0,0.0,0.0,False,retrospective_origin_airport_association
2023,SHV,273,4,269,7,2023-01-01T00:00:00+00:00,2024-01-01T00:00:00+00:00,7,6,282,273,3.626970552513171e-05,0.438685208596713,0.00094704996175,6,7,273,282,6,7,0.3672798507963343,0.3379608671595996,0.026022304832713755,0.014652014652014652,False,retrospective_origin_airport_association
2023,SIT,80,1,79,6,2023-01-01T00:00:00+00:00,2024-01-01T00:00:00+00:00,3,3,110,80,0.0,0.3629707112970711,0.0011357311277142,3,3,80,110,3,3,0.3934375,0.3674380165289256,0.0759493670886076,0.0125,False,retrospective_origin_airport_association
2023,SJC,3588,36,3545,50,2023-01-01T00:00:00+00:00,2024-01-01T00:00:00+00:00,33,35,3668,3588,0.0006647614013765,0.4887323943661972,0.0062584992075184,35,33,3588,3668,35,33,0.0607012225814029,0.0621499983945562,0.014104372355430184,0.010033444816053512,True,retrospective_origin_airport_association
2023,SJT,88,2,86,3,2023-01-01T00:00:00+00:00,2024-01-01T00:00:00+00:00,1,1,81,88,0.0,0.4020857473928158,0.000591301439984,1,1,88,81,1,1,1.0,1.0,0.03488372093023256,0.022727272727272728,False,retrospective_origin_airport_association
2023,SJU,2241,27,2205,106,2023-01-01T00:00:00+00:00,2024-01-01T00:00:00+00:00,27,27,2328,2241,7.556560614739668e-05,0.4689189189189189,0.0039087140328233,27,27,2241,2328,27,27,0.0857558848612756,0.0807910717870596,0.048072562358276644,0.012048192771084338,True,retrospective_origin_airport_association
2023,SLC,7468,80,7372,192,2023-01-01T00:00:00+00:00,2024-01-01T00:00:00+00:00,85,83,7433,7468,0.0448151188787012,0.5596774193548387,0.0163446191059733,83,85,7468,7433,83,85,0.02362775336526,0.0231040145909765,0.026044492674986434,0.010712372790573112,True,retrospective_origin_airport_association
2023,SLN,55,2,52,3,2023-01-01T00:00:00+00:00,2024-01-01T00:00:00+00:00,2,2,59,55,0.0002198594531468,0.3938706015891033,0.0008314788081853,2,2,55,59,2,2,0.508099173553719,0.5012927319735709,0.057692307692307696,0.03636363636363636,False,retrospective_origin_airport_association
2023,SMF,3632,37,3589,63,2023-01-01T00:00:00+00:00,2024-01-01T00:00:00+00:00,35,35,3518,3632,0.0005290461112983,0.5028985507246376,0.0060754785824144,35,35,3632,3518,35,35,0.0596874150963535,0.0586104565459016,0.01755363611033714,0.010187224669603524,True,retrospective_origin_airport_association
2023,SMX,7,0,7,2,2023-01-01T00:00:00+00:00,2024-01-01T00:00:00+00:00,1,1,11,7,0.0,0.3755411255411255,0.0004471628741389,1,1,7,11,1,1,1.0,1.0,0.2857142857142857,0.0,False,retrospective_origin_airport_association
2023,SNA,3057,54,2993,54,2023-01-01T00:00:00+00:00,2024-01-01T00:00:00+00:00,35,35,3069,3057,0.0013550782239151,0.5058309037900874,0.0055879461092419,35,35,3057,3069,35,35,0.0665870968232093,0.0657376272739057,0.01804209822920147,0.017664376840039256,True,retrospective_origin_airport_association
2023,SPI,29,1,28,0,2023-01-01T00:00:00+00:00,2024-01-01T00:00:00+00:00,4,4,36,29,0.0001070598408587,0.4348370927318296,0.0005313535357912,4,4,29,36,4,4,0.3079667063020214,0.3132716049382716,0.0,0.034482758620689655,False,retrospective_origin_airport_association
2023,SPN,30,1,29,0,2023-01-01T00:00:00+00:00,2024-01-01T00:00:00+00:00,1,1,28,30,0.0,0.2527312454479242,0.0011320223158782,1,1,30,28,1,1,1.0,1.0,0.0,0.03333333333333333,False,retrospective_origin_airport_association
2023,SPS,51,2,49,3,2023-01-01T00:00:00+00:00,2024-01-01T00:00:00+00:00,1,1,53,51,0.0,0.4020857473928158,0.0005359005164987,1,1,51,53,1,1,1.0,1.0,0.061224489795918366,0.0392156862745098,False,retrospective_origin_airport_association
2023,SRQ,1094,19,1071,46,2023-01-01T00:00:00+00:00,2024-01-01T00:00:00+00:00,48,46,1078,1094,0.0040017974617263,0.5007215007215007,0.0023721318126252,46,48,1094,1078,46,48,0.0643145760989809,0.069280706041904,0.04295051353874883,0.01736745886654479,True,retrospective_origin_airport_association
2023,STC,3,0,3,1,2023-01-01T00:00:00+00:00,2024-01-01T00:00:00+00:00,2,1,8,3,1.996714893078296e-06,0.3073516386182462,0.0004687326461562,1,2,3,8,1,2,1.0,0.5,0.3333333333333333,0.0,False,retrospective_origin_airport_association
2023,STL,4089,43,4032,95,2023-01-01T00:00:00+00:00,2024-01-01T00:00:00+00:00,59,57,4111,4089,0.0011767623696115,0.528158295281583,0.0069824853160261,57,59,4089,4111,57,59,0.031517672840679,0.0313451442727034,0.023561507936507936,0.010516018586451455,True,retrospective_origin_airport_association
2023,STS,222,1,221,9,2023-01-01T00:00:00+00:00,2024-01-01T00:00:00+00:00,8,8,249,222,3.751288305834393e-06,0.4200968523002421,0.0008233705865299,8,8,222,249,8,8,0.1441441441441441,0.1421106111191755,0.04072398190045249,0.0045045045045045045,False,retrospective_origin_airport_association
2023,STT,336,3,328,17,2023-01-01T00:00:00+00:00,2024-01-01T00:00:00+00:00,14,13,326,336,2.126035469048718e-06,0.4448717948717948,0.0009194949000146,13,14,336,326,13,14,0.1108985260770975,0.1098272422748315,0.051829268292682924,0.008928571428571428,False,retrospective_origin_airport_association
2023,STX,103,1,102,4,2023-01-01T00:00:00+00:00,2024-01-01T00:00:00+00:00,4,4,106,103,5.568132207309189e-07,0.3970251716247139,0.0005880627611587,4,4,103,106,4,4,0.3918371194269016,0.3682805268778925,0.0392156862745098,0.009708737864077669,False,retrospective_origin_airport_association
2023,SUN,98,3,94,3,2023-01-01T00:00:00+00:00,2024-01-01T00:00:00+00:00,5,5,126,98,0.0,0.4242053789731051,0.0006525678679419,5,5,98,126,5,5,0.2775926697209496,0.2663139329805996,0.031914893617021274,0.030612244897959183,False,retrospective_origin_airport_association
2023,SUX,44,2,41,1,2023-01-01T00:00:00+00:00,2024-01-01T00:00:00+00:00,3,3,42,44,0.0001984971736265,0.4175691937424789,0.0005472111386656,3,3,44,42,3,3,0.4473140495867769,0.409297052154195,0.024390243902439025,0.045454545454545456,False,retrospective_origin_airport_association
2023,SWF,33,1,31,1,2023-01-01T00:00:00+00:00,2024-01-01T00:00:00+00:00,6,6,33,33,5.218386054245731e-05,0.380065717415115,0.0005438715258141,6,6,33,33,6,6,0.2029384756657484,0.1900826446280991,0.03225806451612903,0.030303030303030304,False,retrospective_origin_airport_association
2023,SWO,49,1,47,2,2023-01-01T00:00:00+00:00,2024-01-01T00:00:00+00:00,1,1,53,49,0.0,0.4020857473928158,0.0005359005164987,1,1,49,53,1,1,1.0,1.0,0.0425531914893617,0.02040816326530612,False,retrospective_origin_airport_association
2023,SYR,915,14,900,22,2023-01-01T00:00:00+00:00,2024-01-01T00:00:00+00:00,24,24,904,915,0.0006292620983091,0.4846368715083798,0.0019491171677779,24,24,915,904,24,24,0.081771327898713,0.0809235257263685,0.024444444444444446,0.015300546448087432,False,retrospective_origin_airport_association
2023,TLH,323,5,316,14,2023-01-01T00:00:00+00:00,2024-01-01T00:00:00+00:00,5,5,297,323,0.0,0.4185765983112183,0.0009202327113815,5,5,323,297,5,5,0.2634262764907168,0.2381729755467129,0.04430379746835443,0.015479876160990712,False,retrospective_origin_airport_association
2023,TOL,24,0,24,3,2023-01-01T00:00:00+00:00,2024-01-01T00:00:00+00:00,3,4,29,24,1.714669255401295e-05,0.3114901256732496,0.0005745729946779,4,3,24,29,4,3,0.3020833333333333,0.3388822829964328,0.125,0.0,False,retrospective_origin_airport_association
2023,TPA,5404,102,5288,177,2023-01-01T00:00:00+00:00,2024-01-01T00:00:00+00:00,59,58,5294,5404,0.0041878129760623,0.5257575757575758,0.0088223811373718,58,59,5404,5294,58,59,0.0319832582822385,0.0305638576378387,0.033472012102874434,0.018874907475943746,True,retrospective_origin_airport_association
2023,TRI,183,0,183,6,2023-01-01T00:00:00+00:00,2024-01-01T00:00:00+00:00,5,5,189,183,0.0001107958236378,0.4283950617283951,0.0007930388164672,5,5,183,189,5,5,0.3149392337782555,0.3242070490747739,0.03278688524590164,0.0,False,retrospective_origin_airport_association
2023,TTN,142,4,138,11,2023-01-01T00:00:00+00:00,2024-01-01T00:00:00+00:00,8,8,161,142,7.652558004930403e-06,0.4006928406466513,0.0006686834289353,8,8,142,161,8,8,0.195298551874628,0.2101384977431426,0.07971014492753623,0.028169014084507043,False,retrospective_origin_airport_association
2023,TUL,1121,13,1105,23,2023-01-01T00:00:00+00:00,2024-01-01T00:00:00+00:00,22,22,1134,1121,0.000522358746703,0.4880450070323488,0.0023369121130477,22,22,1121,1134,22,22,0.081166379260266,0.0786729872561736,0.02081447963800905,0.01159678858162355,True,retrospective_origin_airport_association
2023,TUS,1051,13,1034,21,2023-01-01T00:00:00+00:00,2024-01-01T00:00:00+00:00,16,16,1127,1051,1.6537872979737687e-05,0.4792817679558011,0.0023075381254814,16,16,1051,1127,16,16,0.1019653250359179,0.0959721414124077,0.020309477756286266,0.012369172216936251,True,retrospective_origin_airport_association
2023,TVC,293,7,284,13,2023-01-01T00:00:00+00:00,2024-01-01T00:00:00+00:00,15,16,293,293,0.0006310185165666,0.4792817679558011,0.0009809163046431,16,15,293,293,16,15,0.2104043145522952,0.2465142284709198,0.045774647887323945,0.023890784982935155,False,retrospective_origin_airport_association
2023,TWF,18,0,18,1,2023-01-01T00:00:00+00:00,2024-01-01T00:00:00+00:00,1,1,29,18,0.0,0.3592132505175983,0.0004849867385283,1,1,18,29,1,1,1.0,1.0,0.05555555555555555,0.0,False,retrospective_origin_airport_association
2023,TXK,76,3,73,4,2023-01-01T00:00:00+00:00,2024-01-01T00:00:00+00:00,1,1,83,76,0.0,0.4020857473928158,0.0005952586488044,1,1,76,83,1,1,1.0,1.0,0.0547945205479452,0.039473684210526314,False,retrospective_origin_airport_association
2023,TYR,67,5,62,2,2023-01-01T00:00:00+00:00,2024-01-01T00:00:00+00:00,1,1,68,67,0.0,0.4020857473928158,0.0005655795826515,1,1,67,68,1,1,1.0,1.0,0.03225806451612903,0.07462686567164178,False,retrospective_origin_airport_association
2023,TYS,887,10,875,25,2023-01-01T00:00:00+00:00,2024-01-01T00:00:00+00:00,26,26,946,887,0.0007270585564056,0.4928977272727273,0.0022210144304789,26,26,887,946,26,26,0.1031115867554517,0.0950837843998766,0.02857142857142857,0.011273957158962795,False,retrospective_origin_airport_association
2023,USA,49,1,48,1,2023-01-01T00:00:00+00:00,2024-01-01T00:00:00+00:00,4,4,42,49,1.858702048919208e-05,0.3731182795698924,0.0006089696590351,4,4,49,42,4,4,0.2686380674718867,0.2573696145124716,0.020833333333333332,0.02040816326530612,False,retrospective_origin_airport_association
2023,VCT,41,0,41,1,2023-01-01T00:00:00+00:00,2024-01-01T00:00:00+00:00,1,1,39,41,0.0,0.3625914315569488,0.0004904388537561,1,1,41,39,1,1,1.0,1.0,0.024390243902439025,0.0,False,retrospective_origin_airport_association
2023,VEL,60,6,54,6,2023-01-01T00:00:00+00:00,2024-01-01T00:00:00+00:00,1,1,55,60,0.0,0.3929784824462061,0.0005338166326647,1,1,60,55,1,1,1.0,1.0,0.1111111111111111,0.1,False,retrospective_origin_airport_association
2023,VLD,74,0,74,1,2023-01-01T00:00:00+00:00,2024-01-01T00:00:00+00:00,1,1,53,74,0.0,0.386845039018952,0.0005175022563183,1,1,74,53,1,1,1.0,1.0,0.013513513513513514,0.0,False,retrospective_origin_airport_association
2023,VPS,633,8,620,32,2023-01-01T00:00:00+00:00,2024-01-01T00:00:00+00:00,40,43,650,633,0.0054989290264511,0.4727520435967302,0.0017812753652074,43,40,633,650,43,40,0.1002148798694249,0.1016662721893491,0.05161290322580645,0.01263823064770932,False,retrospective_origin_airport_association
2023,WRG,53,1,52,0,2023-01-01T00:00:00+00:00,2024-01-01T00:00:00+00:00,2,2,44,53,8.329030001166064e-06,0.2671285604311008,0.0012548614021029,2,2,53,44,2,2,0.5087219651121395,0.5,0.0,0.018867924528301886,False,retrospective_origin_airport_association
2023,WYS,16,0,16,0,2023-01-01T00:00:00+00:00,2024-01-01T00:00:00+00:00,2,2,21,16,0.0,0.3956670467502851,0.0004701283888738,2,2,16,21,2,2,0.6953125,0.7551020408163265,0.0,0.0,False,retrospective_origin_airport_association
2023,XNA,767,10,753,23,2023-01-01T00:00:00+00:00,2024-01-01T00:00:00+00:00,19,19,808,767,0.0005454355683754,0.4873595505617977,0.0018901526098343,19,19,767,808,19,19,0.1322904218844819,0.1189956866973826,0.03054448871181939,0.01303780964797914,False,retrospective_origin_airport_association
2023,XWA,120,8,111,5,2023-01-01T00:00:00+00:00,2024-01-01T00:00:00+00:00,2,2,118,120,0.0,0.4058479532163743,0.0006532611537853,2,2,120,118,2,2,0.52,0.5051709278942832,0.04504504504504504,0.06666666666666667,False,retrospective_origin_airport_association
2023,YAK,45,1,44,1,2023-01-01T00:00:00+00:00,2024-01-01T00:00:00+00:00,2,2,49,45,4.2755687339319134e-05,0.2698289269051322,0.0010692322739638,2,2,45,49,2,2,0.5061728395061729,0.5002082465639317,0.022727272727272728,0.022222222222222223,False,retrospective_origin_airport_association
2023,YUM,75,0,75,2,2023-01-01T00:00:00+00:00,2024-01-01T00:00:00+00:00,2,2,108,75,0.0,0.406799531066823,0.0006122570693731,2,2,75,108,2,2,0.52,0.5555555555555556,0.02666666666666667,0.0,False,retrospective_origin_airport_association
