year,airport,airport_role,scheduled_flights,cancelled_flights,diverted_flights,completed_arrivals,severe_delay_flights,regime,cancellation_rate,diversion_rate,severe_delay_rate_completed,analysis_scope
2019,ABE,destination,528,12,0,516,11,pre_covid_2019,0.022727272727272728,0.0,0.02131782945736434,retrospective_airport_disruption_association
2019,ABE,origin,490,4,2,484,10,pre_covid_2019,0.00816326530612245,0.004081632653061225,0.02066115702479339,retrospective_airport_disruption_association
2019,ABI,destination,227,7,0,220,2,pre_covid_2019,0.030837004405286344,0.0,0.00909090909090909,retrospective_airport_disruption_association
2019,ABI,origin,215,5,0,210,9,pre_covid_2019,0.023255813953488372,0.0,0.04285714285714286,retrospective_airport_disruption_association
2019,ABQ,destination,2403,26,1,2376,39,pre_covid_2019,0.010819808572617561,0.0004161464835622139,0.016414141414141416,retrospective_airport_disruption_association
2019,ABQ,origin,2468,33,8,2427,66,pre_covid_2019,0.013371150729335495,0.0032414910858995136,0.027194066749072928,retrospective_airport_disruption_association
2019,ABR,destination,73,0,2,71,2,pre_covid_2019,0.0,0.0273972602739726,0.028169014084507043,retrospective_airport_disruption_association
2019,ABR,origin,68,2,0,66,5,pre_covid_2019,0.029411764705882353,0.0,0.07575757575757576,retrospective_airport_disruption_association
2019,ABY,destination,113,1,0,112,1,pre_covid_2019,0.008849557522123894,0.0,0.008928571428571428,retrospective_airport_disruption_association
2019,ABY,origin,94,0,1,93,2,pre_covid_2019,0.0,0.010638297872340425,0.021505376344086023,retrospective_airport_disruption_association
2019,ACK,destination,124,4,0,120,3,pre_covid_2019,0.03225806451612903,0.0,0.025,retrospective_airport_disruption_association
2019,ACK,origin,109,5,1,103,9,pre_covid_2019,0.045871559633027525,0.009174311926605505,0.08737864077669903,retrospective_airport_disruption_association
2019,ACT,destination,167,2,0,165,2,pre_covid_2019,0.011976047904191617,0.0,0.012121212121212121,retrospective_airport_disruption_association
2019,ACT,origin,188,8,1,179,7,pre_covid_2019,0.0425531914893617,0.005319148936170213,0.03910614525139665,retrospective_airport_disruption_association
2019,ACV,destination,209,15,1,193,11,pre_covid_2019,0.07177033492822966,0.004784688995215311,0.05699481865284974,retrospective_airport_disruption_association
2019,ACV,origin,208,12,0,196,19,pre_covid_2019,0.057692307692307696,0.0,0.09693877551020408,retrospective_airport_disruption_association
2019,ACY,destination,303,9,1,293,10,pre_covid_2019,0.0297029702970297,0.0033003300330033004,0.034129692832764506,retrospective_airport_disruption_association
2019,ACY,origin,308,4,3,301,6,pre_covid_2019,0.012987012987012988,0.00974025974025974,0.019933554817275746,retrospective_airport_disruption_association
2019,ADK,destination,12,1,0,11,0,pre_covid_2019,0.08333333333333333,0.0,0.0,retrospective_airport_disruption_association
2019,ADK,origin,7,0,0,7,0,pre_covid_2019,0.0,0.0,0.0,retrospective_airport_disruption_association
2019,ADQ,destination,51,3,0,48,0,pre_covid_2019,0.058823529411764705,0.0,0.0,retrospective_airport_disruption_association
2019,ADQ,origin,50,4,0,46,1,pre_covid_2019,0.08,0.0,0.021739130434782608,retrospective_airport_disruption_association
2019,AEX,destination,328,1,1,326,7,pre_covid_2019,0.003048780487804878,0.003048780487804878,0.02147239263803681,retrospective_airport_disruption_association
2019,AEX,origin,369,9,1,359,12,pre_covid_2019,0.024390243902439025,0.0027100271002710027,0.033426183844011144,retrospective_airport_disruption_association
2019,AGS,destination,490,3,3,484,17,pre_covid_2019,0.006122448979591836,0.006122448979591836,0.03512396694214876,retrospective_airport_disruption_association
2019,AGS,origin,468,9,2,457,17,pre_covid_2019,0.019230769230769232,0.004273504273504274,0.037199124726477024,retrospective_airport_disruption_association
2019,AKN,destination,4,0,0,4,0,pre_covid_2019,0.0,0.0,0.0,retrospective_airport_disruption_association
2019,AKN,origin,6,0,0,6,0,pre_covid_2019,0.0,0.0,0.0,retrospective_airport_disruption_association
2019,ALB,destination,1251,27,4,1220,33,pre_covid_2019,0.02158273381294964,0.0031974420463629096,0.027049180327868853,retrospective_airport_disruption_association
2019,ALB,origin,1223,26,1,1196,39,pre_covid_2019,0.02125919869174162,0.0008176614881439084,0.03260869565217391,retrospective_airport_disruption_association
2019,ALO,destination,75,6,0,69,4,pre_covid_2019,0.08,0.0,0.057971014492753624,retrospective_airport_disruption_association
2019,ALO,origin,85,4,0,81,2,pre_covid_2019,0.047058823529411764,0.0,0.024691358024691357,retrospective_airport_disruption_association
2019,AMA,destination,498,16,3,479,17,pre_covid_2019,0.0321285140562249,0.006024096385542169,0.03549060542797495,retrospective_airport_disruption_association
2019,AMA,origin,528,22,0,506,21,pre_covid_2019,0.041666666666666664,0.0,0.041501976284584984,retrospective_airport_disruption_association
2019,ANC,destination,1972,16,1,1955,23,pre_covid_2019,0.008113590263691683,0.0005070993914807302,0.011764705882352941,retrospective_airport_disruption_association
2019,ANC,origin,1872,23,2,1847,12,pre_covid_2019,0.012286324786324786,0.0010683760683760685,0.006497022198159177,retrospective_airport_disruption_association
2019,APN,destination,50,1,3,46,0,pre_covid_2019,0.02,0.06,0.0,retrospective_airport_disruption_association
2019,APN,origin,58,1,0,57,1,pre_covid_2019,0.017241379310344827,0.0,0.017543859649122806,retrospective_airport_disruption_association
2019,ART,destination,26,6,1,19,1,pre_covid_2019,0.23076923076923078,0.038461538461538464,0.05263157894736842,retrospective_airport_disruption_association
2019,ART,origin,21,3,0,18,1,pre_covid_2019,0.14285714285714285,0.0,0.05555555555555555,retrospective_airport_disruption_association
2019,ASE,destination,695,29,29,637,43,pre_covid_2019,0.041726618705035974,0.041726618705035974,0.06750392464678179,retrospective_airport_disruption_association
2019,ASE,origin,685,69,3,613,54,pre_covid_2019,0.10072992700729927,0.004379562043795621,0.08809135399673736,retrospective_airport_disruption_association
2019,ATL,destination,40227,246,85,39896,813,pre_covid_2019,0.006115295696919979,0.0021130086757650333,0.020377982755163424,retrospective_airport_disruption_association
2019,ATL,origin,40153,250,106,39797,684,pre_covid_2019,0.006226184842975618,0.002639902373421662,0.017187225167726212,retrospective_airport_disruption_association
2019,ATW,destination,449,12,3,434,7,pre_covid_2019,0.026726057906458798,0.0066815144766146995,0.016129032258064516,retrospective_airport_disruption_association
2019,ATW,origin,415,9,1,405,15,pre_covid_2019,0.021686746987951807,0.0024096385542168677,0.037037037037037035,retrospective_airport_disruption_association
2019,ATY,destination,57,1,0,56,2,pre_covid_2019,0.017543859649122806,0.0,0.03571428571428571,retrospective_airport_disruption_association
2019,ATY,origin,49,2,0,47,2,pre_covid_2019,0.04081632653061224,0.0,0.0425531914893617,retrospective_airport_disruption_association
2019,AUS,destination,6982,79,15,6888,139,pre_covid_2019,0.011314809510169006,0.002148381552563735,0.020180023228803717,retrospective_airport_disruption_association
2019,AUS,origin,6919,88,14,6817,165,pre_covid_2019,0.012718600953895072,0.0020234137881196706,0.02420419539386827,retrospective_airport_disruption_association
2019,AVL,destination,981,12,8,961,16,pre_covid_2019,0.012232415902140673,0.00815494393476045,0.01664932362122789,retrospective_airport_disruption_association
2019,AVL,origin,970,16,1,953,37,pre_covid_2019,0.016494845360824743,0.0010309278350515464,0.03882476390346275,retrospective_airport_disruption_association
2019,AVP,destination,341,5,0,336,8,pre_covid_2019,0.01466275659824047,0.0,0.023809523809523808,retrospective_airport_disruption_association
2019,AVP,origin,355,8,0,347,11,pre_covid_2019,0.022535211267605635,0.0,0.03170028818443804,retrospective_airport_disruption_association
2019,AZA,destination,583,2,0,581,13,pre_covid_2019,0.003430531732418525,0.0,0.022375215146299483,retrospective_airport_disruption_association
2019,AZA,origin,629,5,4,620,18,pre_covid_2019,0.00794912559618442,0.006359300476947536,0.02903225806451613,retrospective_airport_disruption_association
2019,AZO,destination,202,6,1,195,2,pre_covid_2019,0.0297029702970297,0.0049504950495049506,0.010256410256410256,retrospective_airport_disruption_association
2019,AZO,origin,232,9,0,223,5,pre_covid_2019,0.03879310344827586,0.0,0.02242152466367713,retrospective_airport_disruption_association
2019,BDL,destination,2926,52,7,2867,47,pre_covid_2019,0.0177717019822283,0.0023923444976076554,0.01639344262295082,retrospective_airport_disruption_association
2019,BDL,origin,2994,51,10,2933,65,pre_covid_2019,0.017034068136272545,0.0033400133600534404,0.02216160927378111,retrospective_airport_disruption_association
2019,BET,destination,77,4,0,73,0,pre_covid_2019,0.05194805194805195,0.0,0.0,retrospective_airport_disruption_association
2019,BET,origin,81,1,1,79,2,pre_covid_2019,0.012345679012345678,0.012345679012345678,0.02531645569620253,retrospective_airport_disruption_association
2019,BFF,destination,60,2,0,58,1,pre_covid_2019,0.03333333333333333,0.0,0.017241379310344827,retrospective_airport_disruption_association
2019,BFF,origin,62,4,0,58,3,pre_covid_2019,0.06451612903225806,0.0,0.05172413793103448,retrospective_airport_disruption_association
2019,BFL,destination,249,1,1,247,10,pre_covid_2019,0.004016064257028112,0.004016064257028112,0.04048582995951417,retrospective_airport_disruption_association
2019,BFL,origin,266,10,0,256,9,pre_covid_2019,0.03759398496240601,0.0,0.03515625,retrospective_airport_disruption_association
2019,BFM,destination,19,0,0,19,0,pre_covid_2019,0.0,0.0,0.0,retrospective_airport_disruption_association
2019,BFM,origin,22,0,0,22,0,pre_covid_2019,0.0,0.0,0.0,retrospective_airport_disruption_association
2019,BGM,destination,89,0,0,89,1,pre_covid_2019,0.0,0.0,0.011235955056179775,retrospective_airport_disruption_association
2019,BGM,origin,91,0,0,91,7,pre_covid_2019,0.0,0.0,0.07692307692307693,retrospective_airport_disruption_association
2019,BGR,destination,418,16,1,401,12,pre_covid_2019,0.03827751196172249,0.0023923444976076554,0.029925187032418952,retrospective_airport_disruption_association
2019,BGR,origin,396,10,2,384,21,pre_covid_2019,0.025252525252525252,0.005050505050505051,0.0546875,retrospective_airport_disruption_association
2019,BHM,destination,2025,47,7,1971,51,pre_covid_2019,0.023209876543209877,0.0034567901234567903,0.0258751902587519,retrospective_airport_disruption_association
2019,BHM,origin,1978,45,7,1926,75,pre_covid_2019,0.02275025278058645,0.003538928210313448,0.03894080996884735,retrospective_airport_disruption_association
2019,BIL,destination,411,1,4,406,10,pre_covid_2019,0.0024330900243309003,0.009732360097323601,0.024630541871921183,retrospective_airport_disruption_association
2019,BIL,origin,438,2,0,436,7,pre_covid_2019,0.0045662100456621,0.0,0.016055045871559634,retrospective_airport_disruption_association
2019,BIS,destination,436,4,5,427,10,pre_covid_2019,0.009174311926605505,0.011467889908256881,0.0234192037470726,retrospective_airport_disruption_association
2019,BIS,origin,415,5,1,409,13,pre_covid_2019,0.012048192771084338,0.0024096385542168677,0.03178484107579462,retrospective_airport_disruption_association
2019,BJI,destination,71,0,0,71,2,pre_covid_2019,0.0,0.0,0.028169014084507043,retrospective_airport_disruption_association
2019,BJI,origin,68,1,0,67,3,pre_covid_2019,0.014705882352941176,0.0,0.04477611940298507,retrospective_airport_disruption_association
2019,BKG,destination,22,0,0,22,0,pre_covid_2019,0.0,0.0,0.0,retrospective_airport_disruption_association
2019,BKG,origin,19,0,0,19,1,pre_covid_2019,0.0,0.0,0.05263157894736842,retrospective_airport_disruption_association
2019,BLI,destination,201,2,1,198,4,pre_covid_2019,0.009950248756218905,0.004975124378109453,0.020202020202020204,retrospective_airport_disruption_association
2019,BLI,origin,193,3,0,190,2,pre_covid_2019,0.015544041450777202,0.0,0.010526315789473684,retrospective_airport_disruption_association
2019,BLV,destination,109,0,0,109,1,pre_covid_2019,0.0,0.0,0.009174311926605505,retrospective_airport_disruption_association
2019,BLV,origin,85,0,0,85,3,pre_covid_2019,0.0,0.0,0.03529411764705882,retrospective_airport_disruption_association
2019,BMI,destination,330,9,5,316,7,pre_covid_2019,0.02727272727272727,0.015151515151515152,0.022151898734177215,retrospective_airport_disruption_association
2019,BMI,origin,301,8,0,293,7,pre_covid_2019,0.026578073089700997,0.0,0.023890784982935155,retrospective_airport_disruption_association
2019,BNA,destination,8449,146,11,8292,148,pre_covid_2019,0.017280151497218607,0.0013019292223931827,0.017848528702363725,retrospective_airport_disruption_association
2019,BNA,origin,8368,133,18,8217,202,pre_covid_2019,0.015893881453154877,0.0021510516252390057,0.024583181209687235,retrospective_airport_disruption_association
2019,BOI,destination,1998,16,2,1980,38,pre_covid_2019,0.008008008008008008,0.001001001001001001,0.01919191919191919,retrospective_airport_disruption_association
2019,BOI,origin,1993,18,0,1975,34,pre_covid_2019,0.009031610637230306,0.0,0.017215189873417722,retrospective_airport_disruption_association
2019,BOS,destination,15260,303,27,14930,640,pre_covid_2019,0.01985583224115334,0.0017693315858453473,0.042866711319490956,retrospective_airport_disruption_association
2019,BOS,origin,15373,302,47,15024,590,pre_covid_2019,0.019644831848045274,0.003057308267742145,0.039270500532481364,retrospective_airport_disruption_association
2019,BPT,destination,119,6,1,112,2,pre_covid_2019,0.05042016806722689,0.008403361344537815,0.017857142857142856,retrospective_airport_disruption_association
2019,BPT,origin,88,3,0,85,4,pre_covid_2019,0.03409090909090909,0.0,0.047058823529411764,retrospective_airport_disruption_association
2019,BQK,destination,93,1,0,92,2,pre_covid_2019,0.010752688172043012,0.0,0.021739130434782608,retrospective_airport_disruption_association
2019,BQK,origin,105,0,0,105,3,pre_covid_2019,0.0,0.0,0.02857142857142857,retrospective_airport_disruption_association
2019,BQN,destination,238,3,0,235,11,pre_covid_2019,0.012605042016806723,0.0,0.04680851063829787,retrospective_airport_disruption_association
2019,BQN,origin,251,2,0,249,10,pre_covid_2019,0.00796812749003984,0.0,0.040160642570281124,retrospective_airport_disruption_association
2019,BRD,destination,52,1,0,51,1,pre_covid_2019,0.019230769230769232,0.0,0.0196078431372549,retrospective_airport_disruption_association
2019,BRD,origin,59,2,0,57,1,pre_covid_2019,0.03389830508474576,0.0,0.017543859649122806,retrospective_airport_disruption_association
2019,BRO,destination,280,4,2,274,4,pre_covid_2019,0.014285714285714285,0.007142857142857143,0.014598540145985401,retrospective_airport_disruption_association
2019,BRO,origin,259,8,0,251,15,pre_covid_2019,0.03088803088803089,0.0,0.05976095617529881,retrospective_airport_disruption_association
2019,BRW,destination,76,0,1,75,0,pre_covid_2019,0.0,0.013157894736842105,0.0,retrospective_airport_disruption_association
2019,BRW,origin,73,3,0,70,0,pre_covid_2019,0.0410958904109589,0.0,0.0,retrospective_airport_disruption_association
2019,BTM,destination,62,0,0,62,0,pre_covid_2019,0.0,0.0,0.0,retrospective_airport_disruption_association
2019,BTM,origin,78,0,0,78,1,pre_covid_2019,0.0,0.0,0.01282051282051282,retrospective_airport_disruption_association
2019,BTR,destination,715,11,0,704,14,pre_covid_2019,0.015384615384615385,0.0,0.019886363636363636,retrospective_airport_disruption_association
2019,BTR,origin,838,22,2,814,30,pre_covid_2019,0.026252983293556086,0.002386634844868735,0.036855036855036855,retrospective_airport_disruption_association
2019,BTV,destination,1012,18,1,993,44,pre_covid_2019,0.017786561264822136,0.0009881422924901185,0.044310171198388724,retrospective_airport_disruption_association
2019,BTV,origin,987,21,2,964,45,pre_covid_2019,0.02127659574468085,0.002026342451874367,0.046680497925311204,retrospective_airport_disruption_association
2019,BUF,destination,2564,66,6,2492,70,pre_covid_2019,0.02574102964118565,0.00234009360374415,0.028089887640449437,retrospective_airport_disruption_association
2019,BUF,origin,2597,68,5,2524,92,pre_covid_2019,0.026184058529072005,0.0019252984212552945,0.03645007923930269,retrospective_airport_disruption_association
2019,BUR,destination,3238,108,6,3124,41,pre_covid_2019,0.033353922174181594,0.0018529956763434219,0.013124199743918053,retrospective_airport_disruption_association
2019,BUR,origin,3219,100,5,3114,62,pre_covid_2019,0.031065548306927617,0.0015532774153463808,0.01991008349389852,retrospective_airport_disruption_association
2019,BWI,destination,10828,280,25,10523,188,pre_covid_2019,0.025858884373845585,0.0023088289619504986,0.017865627672716905,retrospective_airport_disruption_association
2019,BWI,origin,10777,263,21,10493,215,pre_covid_2019,0.024403822956295815,0.0019485942284494758,0.020489850376441437,retrospective_airport_disruption_association
2019,BZN,destination,740,8,3,729,19,pre_covid_2019,0.010810810810810811,0.004054054054054054,0.02606310013717421,retrospective_airport_disruption_association
2019,BZN,origin,707,6,2,699,18,pre_covid_2019,0.008486562942008486,0.002828854314002829,0.02575107296137339,retrospective_airport_disruption_association
2019,CAE,destination,757,11,2,744,16,pre_covid_2019,0.01453104359313078,0.002642007926023778,0.021505376344086023,retrospective_airport_disruption_association
2019,CAE,origin,778,9,1,768,17,pre_covid_2019,0.011568123393316195,0.0012853470437017994,0.022135416666666668,retrospective_airport_disruption_association
2019,CAK,destination,625,24,2,599,30,pre_covid_2019,0.0384,0.0032,0.05008347245409015,retrospective_airport_disruption_association
2019,CAK,origin,644,20,1,623,24,pre_covid_2019,0.031055900621118012,0.0015527950310559005,0.038523274478330656,retrospective_airport_disruption_association
2019,CDC,destination,71,0,0,71,0,pre_covid_2019,0.0,0.0,0.0,retrospective_airport_disruption_association
2019,CDC,origin,83,0,0,83,2,pre_covid_2019,0.0,0.0,0.024096385542168676,retrospective_airport_disruption_association
2019,CDV,destination,67,1,0,66,0,pre_covid_2019,0.014925373134328358,0.0,0.0,retrospective_airport_disruption_association
2019,CDV,origin,82,0,0,82,1,pre_covid_2019,0.0,0.0,0.012195121951219513,retrospective_airport_disruption_association
2019,CGI,destination,97,5,1,91,6,pre_covid_2019,0.05154639175257732,0.010309278350515464,0.06593406593406594,retrospective_airport_disruption_association
2019,CGI,origin,119,5,0,114,6,pre_covid_2019,0.04201680672268908,0.0,0.05263157894736842,retrospective_airport_disruption_association
2019,CHA,destination,902,17,2,883,26,pre_covid_2019,0.018847006651884702,0.0022172949002217295,0.02944507361268403,retrospective_airport_disruption_association
2019,CHA,origin,918,15,2,901,33,pre_covid_2019,0.016339869281045753,0.002178649237472767,0.03662597114317425,retrospective_airport_disruption_association
2019,CHO,destination,554,10,3,541,20,pre_covid_2019,0.018050541516245487,0.005415162454873646,0.036968576709796676,retrospective_airport_disruption_association
2019,CHO,origin,623,16,2,605,30,pre_covid_2019,0.025682182985553772,0.0032102728731942215,0.049586776859504134,retrospective_airport_disruption_association
2019,CHS,destination,2663,49,4,2610,73,pre_covid_2019,0.01840030041306797,0.0015020653398422831,0.027969348659003832,retrospective_airport_disruption_association
2019,CHS,origin,2633,54,11,2568,81,pre_covid_2019,0.020508925180402583,0.004177744018230156,0.03154205607476635,retrospective_airport_disruption_association
2019,CID,destination,940,29,1,910,20,pre_covid_2019,0.030851063829787233,0.0010638297872340426,0.02197802197802198,retrospective_airport_disruption_association
2019,CID,origin,968,30,6,932,37,pre_covid_2019,0.030991735537190084,0.006198347107438017,0.03969957081545064,retrospective_airport_disruption_association
2019,CIU,destination,59,2,2,55,2,pre_covid_2019,0.03389830508474576,0.03389830508474576,0.03636363636363636,retrospective_airport_disruption_association
2019,CIU,origin,67,1,0,66,1,pre_covid_2019,0.014925373134328358,0.0,0.015151515151515152,retrospective_airport_disruption_association
2019,CKB,destination,77,3,1,73,2,pre_covid_2019,0.03896103896103896,0.012987012987012988,0.0273972602739726,retrospective_airport_disruption_association
2019,CKB,origin,100,3,0,97,7,pre_covid_2019,0.03,0.0,0.07216494845360824,retrospective_airport_disruption_association
2019,CLE,destination,4991,108,3,4880,141,pre_covid_2019,0.021638950110198358,0.0006010819475055099,0.02889344262295082,retrospective_airport_disruption_association
2019,CLE,origin,5019,103,19,4897,151,pre_covid_2019,0.020522016337915918,0.003785614664275752,0.030835205227690423,retrospective_airport_disruption_association
2019,CLL,destination,225,6,3,216,6,pre_covid_2019,0.02666666666666667,0.013333333333333334,0.027777777777777776,retrospective_airport_disruption_association
2019,CLL,origin,244,10,0,234,4,pre_covid_2019,0.040983606557377046,0.0,0.017094017094017096,retrospective_airport_disruption_association
2019,CLT,destination,24213,435,67,23711,591,pre_covid_2019,0.01796555569322265,0.002767108578036592,0.02492514023027287,retrospective_airport_disruption_association
2019,CLT,origin,24006,375,52,23579,528,pre_covid_2019,0.01562109472631842,0.002166125135382821,0.022392807158912592,retrospective_airport_disruption_association
2019,CMH,destination,4886,92,10,4784,119,pre_covid_2019,0.01882930822758903,0.002046663937781416,0.024874581939799332,retrospective_airport_disruption_association
2019,CMH,origin,4922,101,8,4813,123,pre_covid_2019,0.020520113774888257,0.0016253555465258025,0.02555578641180137,retrospective_airport_disruption_association
2019,CMI,destination,285,13,2,270,7,pre_covid_2019,0.0456140350877193,0.007017543859649123,0.025925925925925925,retrospective_airport_disruption_association
2019,CMI,origin,319,6,4,309,11,pre_covid_2019,0.018808777429467086,0.012539184952978056,0.03559870550161812,retrospective_airport_disruption_association
2019,CMX,destination,62,4,0,58,3,pre_covid_2019,0.06451612903225806,0.0,0.05172413793103448,retrospective_airport_disruption_association
2019,CMX,origin,73,3,0,70,7,pre_covid_2019,0.0410958904109589,0.0,0.1,retrospective_airport_disruption_association
2019,CNY,destination,65,4,2,59,0,pre_covid_2019,0.06153846153846154,0.03076923076923077,0.0,retrospective_airport_disruption_association
2019,CNY,origin,73,3,1,69,3,pre_covid_2019,0.0410958904109589,0.0136986301369863,0.043478260869565216,retrospective_airport_disruption_association
2019,COD,destination,42,0,0,42,1,pre_covid_2019,0.0,0.0,0.023809523809523808,retrospective_airport_disruption_association
2019,COD,origin,47,2,0,45,1,pre_covid_2019,0.0425531914893617,0.0,0.022222222222222223,retrospective_airport_disruption_association
2019,COS,destination,1057,16,3,1038,54,pre_covid_2019,0.015137180700094607,0.002838221381267739,0.05202312138728324,retrospective_airport_disruption_association
2019,COS,origin,995,21,2,972,43,pre_covid_2019,0.021105527638190954,0.0020100502512562816,0.044238683127572016,retrospective_airport_disruption_association
2019,COU,destination,242,13,2,227,4,pre_covid_2019,0.05371900826446281,0.008264462809917356,0.01762114537444934,retrospective_airport_disruption_association
2019,COU,origin,215,17,1,197,8,pre_covid_2019,0.07906976744186046,0.004651162790697674,0.04060913705583756,retrospective_airport_disruption_association
2019,CPR,destination,116,1,0,115,0,pre_covid_2019,0.008620689655172414,0.0,0.0,retrospective_airport_disruption_association
2019,CPR,origin,112,1,0,111,1,pre_covid_2019,0.008928571428571428,0.0,0.009009009009009009,retrospective_airport_disruption_association
2019,CRP,destination,607,15,1,591,10,pre_covid_2019,0.02471169686985173,0.0016474464579901153,0.01692047377326565,retrospective_airport_disruption_association
2019,CRP,origin,618,16,1,601,16,pre_covid_2019,0.025889967637540454,0.0016181229773462784,0.026622296173044926,retrospective_airport_disruption_association
2019,CRW,destination,471,9,1,461,17,pre_covid_2019,0.01910828025477707,0.0021231422505307855,0.0368763557483731,retrospective_airport_disruption_association
2019,CRW,origin,489,10,1,478,23,pre_covid_2019,0.02044989775051125,0.002044989775051125,0.04811715481171548,retrospective_airport_disruption_association
2019,CSG,destination,135,1,0,134,3,pre_covid_2019,0.007407407407407408,0.0,0.022388059701492536,retrospective_airport_disruption_association
2019,CSG,origin,138,2,0,136,4,pre_covid_2019,0.014492753623188406,0.0,0.029411764705882353,retrospective_airport_disruption_association
2019,CVG,destination,4952,64,8,4880,161,pre_covid_2019,0.012924071082390954,0.0016155088852988692,0.032991803278688524,retrospective_airport_disruption_association
2019,CVG,origin,4942,72,17,4853,149,pre_covid_2019,0.014569000404694455,0.0034399028733306356,0.030702658149598185,retrospective_airport_disruption_association
2019,CWA,destination,236,9,1,226,2,pre_covid_2019,0.038135593220338986,0.00423728813559322,0.008849557522123894,retrospective_airport_disruption_association
2019,CWA,origin,249,12,3,234,9,pre_covid_2019,0.04819277108433735,0.012048192771084338,0.038461538461538464,retrospective_airport_disruption_association
2019,CYS,destination,65,1,0,64,3,pre_covid_2019,0.015384615384615385,0.0,0.046875,retrospective_airport_disruption_association
2019,CYS,origin,49,6,0,43,3,pre_covid_2019,0.12244897959183673,0.0,0.06976744186046512,retrospective_airport_disruption_association
2019,DAB,destination,391,7,1,383,7,pre_covid_2019,0.017902813299232736,0.0025575447570332483,0.018276762402088774,retrospective_airport_disruption_association
2019,DAB,origin,338,4,1,333,9,pre_covid_2019,0.011834319526627219,0.0029585798816568047,0.02702702702702703,retrospective_airport_disruption_association
2019,DAL,destination,7486,256,42,7188,100,pre_covid_2019,0.03419716804702111,0.0056104728827144,0.013912075681691708,retrospective_airport_disruption_association
2019,DAL,origin,7443,228,24,7191,111,pre_covid_2019,0.030632809351068116,0.0032245062474808546,0.01543596161869003,retrospective_airport_disruption_association
2019,DAY,destination,1388,35,3,1350,53,pre_covid_2019,0.02521613832853026,0.002161383285302594,0.03925925925925926,retrospective_airport_disruption_association
2019,DAY,origin,1389,26,4,1359,49,pre_covid_2019,0.018718502519798418,0.0028797696184305254,0.036055923473142015,retrospective_airport_disruption_association
2019,DBQ,destination,107,3,2,102,0,pre_covid_2019,0.028037383177570093,0.018691588785046728,0.0,retrospective_airport_disruption_association
2019,DBQ,origin,104,7,0,97,4,pre_covid_2019,0.0673076923076923,0.0,0.041237113402061855,retrospective_airport_disruption_association
2019,DCA,destination,14380,356,40,13984,379,pre_covid_2019,0.02475660639777469,0.0027816411682892906,0.027102402745995423,retrospective_airport_disruption_association
2019,DCA,origin,14225,354,35,13836,450,pre_covid_2019,0.024885764499121266,0.002460456942003515,0.03252385082393756,retrospective_airport_disruption_association
2019,DEN,destination,25667,479,77,25111,729,pre_covid_2019,0.01866209529746367,0.0029999610394670197,0.029031101907530565,retrospective_airport_disruption_association
2019,DEN,origin,25731,504,74,25153,668,pre_covid_2019,0.019587268275620847,0.002875908437293537,0.026557468294040473,retrospective_airport_disruption_association
2019,DFW,destination,30861,819,129,29913,1035,pre_covid_2019,0.026538349372995044,0.004180033051424128,0.03460034098886772,retrospective_airport_disruption_association
2019,DFW,origin,31386,800,116,30470,874,pre_covid_2019,0.025489071560568406,0.003695915376282419,0.028683951427633737,retrospective_airport_disruption_association
2019,DHN,destination,144,0,0,144,3,pre_covid_2019,0.0,0.0,0.020833333333333332,retrospective_airport_disruption_association
2019,DHN,origin,134,0,0,134,2,pre_covid_2019,0.0,0.0,0.014925373134328358,retrospective_airport_disruption_association
2019,DLG,destination,6,0,0,6,0,pre_covid_2019,0.0,0.0,0.0,retrospective_airport_disruption_association
2019,DLG,origin,10,0,0,10,0,pre_covid_2019,0.0,0.0,0.0,retrospective_airport_disruption_association
2019,DLH,destination,360,12,5,343,15,pre_covid_2019,0.03333333333333333,0.013888888888888888,0.043731778425655975,retrospective_airport_disruption_association
2019,DLH,origin,323,14,0,309,13,pre_covid_2019,0.043343653250773995,0.0,0.042071197411003236,retrospective_airport_disruption_association
2019,DRO,destination,328,4,1,323,12,pre_covid_2019,0.012195121951219513,0.003048780487804878,0.03715170278637771,retrospective_airport_disruption_association
2019,DRO,origin,309,17,0,292,14,pre_covid_2019,0.05501618122977346,0.0,0.04794520547945205,retrospective_airport_disruption_association
2019,DRT,destination,78,1,0,77,0,pre_covid_2019,0.01282051282051282,0.0,0.0,retrospective_airport_disruption_association
2019,DRT,origin,68,0,0,68,1,pre_covid_2019,0.0,0.0,0.014705882352941176,retrospective_airport_disruption_association
2019,DSM,destination,1717,38,4,1675,42,pre_covid_2019,0.0221316249271986,0.0023296447291788003,0.02507462686567164,retrospective_airport_disruption_association
2019,DSM,origin,1690,25,5,1660,36,pre_covid_2019,0.014792899408284023,0.0029585798816568047,0.021686746987951807,retrospective_airport_disruption_association
2019,DTW,destination,16272,140,28,16104,437,pre_covid_2019,0.008603736479842675,0.001720747295968535,0.02713611525086935,retrospective_airport_disruption_association
2019,DTW,origin,16468,165,41,16262,407,pre_covid_2019,0.010019431624969637,0.0024896769492348796,0.025027671873078344,retrospective_airport_disruption_association
2019,DVL,destination,58,5,0,53,2,pre_covid_2019,0.08620689655172414,0.0,0.03773584905660377,retrospective_airport_disruption_association
2019,DVL,origin,61,2,0,59,4,pre_covid_2019,0.03278688524590164,0.0,0.06779661016949153,retrospective_airport_disruption_association
2019,EAR,destination,67,3,2,62,4,pre_covid_2019,0.04477611940298507,0.029850746268656716,0.06451612903225806,retrospective_airport_disruption_association
2019,EAR,origin,74,5,0,69,1,pre_covid_2019,0.06756756756756757,0.0,0.014492753623188406,retrospective_airport_disruption_association
2019,EAU,destination,86,6,1,79,4,pre_covid_2019,0.06976744186046512,0.011627906976744186,0.05063291139240506,retrospective_airport_disruption_association
2019,EAU,origin,71,7,1,63,1,pre_covid_2019,0.09859154929577464,0.014084507042253521,0.015873015873015872,retrospective_airport_disruption_association
2019,ECP,destination,710,6,0,704,11,pre_covid_2019,0.008450704225352112,0.0,0.015625,retrospective_airport_disruption_association
2019,ECP,origin,632,11,3,618,16,pre_covid_2019,0.01740506329113924,0.004746835443037975,0.025889967637540454,retrospective_airport_disruption_association
2019,EGE,destination,220,12,2,206,6,pre_covid_2019,0.05454545454545454,0.00909090909090909,0.02912621359223301,retrospective_airport_disruption_association
2019,EGE,origin,250,16,3,231,12,pre_covid_2019,0.064,0.012,0.05194805194805195,retrospective_airport_disruption_association
2019,EKO,destination,55,0,1,54,1,pre_covid_2019,0.0,0.01818181818181818,0.018518518518518517,retrospective_airport_disruption_association
2019,EKO,origin,66,2,0,64,0,pre_covid_2019,0.030303030303030304,0.0,0.0,retrospective_airport_disruption_association
2019,ELM,destination,56,2,2,52,1,pre_covid_2019,0.03571428571428571,0.03571428571428571,0.019230769230769232,retrospective_airport_disruption_association
2019,ELM,origin,59,2,0,57,1,pre_covid_2019,0.03389830508474576,0.0,0.017543859649122806,retrospective_airport_disruption_association
2019,ELP,destination,1843,21,3,1819,32,pre_covid_2019,0.011394465545306565,0.0016277807921866521,0.017592083562396922,retrospective_airport_disruption_association
2019,ELP,origin,1745,35,10,1700,40,pre_covid_2019,0.02005730659025788,0.0057306590257879654,0.023529411764705882,retrospective_airport_disruption_association
2019,ERI,destination,99,2,0,97,2,pre_covid_2019,0.020202020202020204,0.0,0.020618556701030927,retrospective_airport_disruption_association
2019,ERI,origin,125,1,0,124,3,pre_covid_2019,0.008,0.0,0.024193548387096774,retrospective_airport_disruption_association
2019,ESC,destination,63,2,0,61,1,pre_covid_2019,0.031746031746031744,0.0,0.01639344262295082,retrospective_airport_disruption_association
2019,ESC,origin,64,2,0,62,7,pre_covid_2019,0.03125,0.0,0.11290322580645161,retrospective_airport_disruption_association
2019,EUG,destination,505,5,2,498,8,pre_covid_2019,0.009900990099009901,0.0039603960396039604,0.01606425702811245,retrospective_airport_disruption_association
2019,EUG,origin,535,7,3,525,18,pre_covid_2019,0.013084112149532711,0.005607476635514018,0.03428571428571429,retrospective_airport_disruption_association
2019,EVV,destination,393,7,2,384,7,pre_covid_2019,0.017811704834605598,0.005089058524173028,0.018229166666666668,retrospective_airport_disruption_association
2019,EVV,origin,398,6,1,391,10,pre_covid_2019,0.01507537688442211,0.002512562814070352,0.02557544757033248,retrospective_airport_disruption_association
2019,EWN,destination,237,4,1,232,4,pre_covid_2019,0.016877637130801686,0.004219409282700422,0.017241379310344827,retrospective_airport_disruption_association
2019,EWN,origin,246,4,0,242,5,pre_covid_2019,0.016260162601626018,0.0,0.02066115702479339,retrospective_airport_disruption_association
2019,EWR,destination,13816,363,80,13373,766,pre_covid_2019,0.026273885350318472,0.005790387955993051,0.05727959321019965,retrospective_airport_disruption_association
2019,EWR,origin,13950,394,38,13518,675,pre_covid_2019,0.028243727598566307,0.0027240143369175627,0.049933422103861515,retrospective_airport_disruption_association
2019,EYW,destination,548,1,2,545,6,pre_covid_2019,0.0018248175182481751,0.0036496350364963502,0.011009174311926606,retrospective_airport_disruption_association
2019,EYW,origin,574,7,4,563,11,pre_covid_2019,0.012195121951219513,0.006968641114982578,0.019538188277087035,retrospective_airport_disruption_association
2019,FAI,destination,505,9,0,496,3,pre_covid_2019,0.01782178217821782,0.0,0.006048387096774193,retrospective_airport_disruption_association
2019,FAI,origin,511,2,1,508,4,pre_covid_2019,0.003913894324853229,0.0019569471624266144,0.007874015748031496,retrospective_airport_disruption_association
2019,FAR,destination,645,25,2,618,18,pre_covid_2019,0.03875968992248062,0.0031007751937984496,0.02912621359223301,retrospective_airport_disruption_association
2019,FAR,origin,588,15,0,573,27,pre_covid_2019,0.025510204081632654,0.0,0.04712041884816754,retrospective_airport_disruption_association
2019,FAT,destination,1305,15,1,1289,34,pre_covid_2019,0.011494252873563218,0.0007662835249042146,0.026377036462373934,retrospective_airport_disruption_association
2019,FAT,origin,1252,16,2,1234,36,pre_covid_2019,0.012779552715654952,0.001597444089456869,0.029173419773095625,retrospective_airport_disruption_association
2019,FAY,destination,365,6,1,358,6,pre_covid_2019,0.01643835616438356,0.0027397260273972603,0.01675977653631285,retrospective_airport_disruption_association
2019,FAY,origin,348,5,0,343,6,pre_covid_2019,0.014367816091954023,0.0,0.01749271137026239,retrospective_airport_disruption_association
2019,FCA,destination,319,0,3,316,5,pre_covid_2019,0.0,0.009404388714733543,0.015822784810126583,retrospective_airport_disruption_association
2019,FCA,origin,296,3,0,293,4,pre_covid_2019,0.010135135135135136,0.0,0.013651877133105802,retrospective_airport_disruption_association
2019,FLG,destination,195,2,1,192,6,pre_covid_2019,0.010256410256410256,0.005128205128205128,0.03125,retrospective_airport_disruption_association
2019,FLG,origin,199,6,0,193,3,pre_covid_2019,0.03015075376884422,0.0,0.015544041450777202,retrospective_airport_disruption_association
2019,FLL,destination,10020,121,25,9874,282,pre_covid_2019,0.012075848303393213,0.00249500998003992,0.02855985416244683,retrospective_airport_disruption_association
2019,FLL,origin,9995,123,21,9851,318,pre_covid_2019,0.012306153076538269,0.0021010505252626313,0.03228098670185768,retrospective_airport_disruption_association
2019,FNT,destination,375,9,3,363,7,pre_covid_2019,0.024,0.008,0.01928374655647383,retrospective_airport_disruption_association
2019,FNT,origin,372,13,0,359,9,pre_covid_2019,0.03494623655913978,0.0,0.025069637883008356,retrospective_airport_disruption_association
2019,FSD,destination,733,29,2,702,21,pre_covid_2019,0.03956343792633015,0.002728512960436562,0.029914529914529916,retrospective_airport_disruption_association
2019,FSD,origin,728,20,3,705,22,pre_covid_2019,0.027472527472527472,0.004120879120879121,0.031205673758865248,retrospective_airport_disruption_association
2019,FSM,destination,212,5,3,204,5,pre_covid_2019,0.02358490566037736,0.014150943396226415,0.024509803921568627,retrospective_airport_disruption_association
2019,FSM,origin,220,5,0,215,7,pre_covid_2019,0.022727272727272728,0.0,0.03255813953488372,retrospective_airport_disruption_association
2019,FWA,destination,741,11,3,727,18,pre_covid_2019,0.014844804318488529,0.004048582995951417,0.024759284731774415,retrospective_airport_disruption_association
2019,FWA,origin,740,18,0,722,21,pre_covid_2019,0.024324324324324326,0.0,0.029085872576177285,retrospective_airport_disruption_association
2019,GCC,destination,100,5,0,95,1,pre_covid_2019,0.05,0.0,0.010526315789473684,retrospective_airport_disruption_association
2019,GCC,origin,76,4,0,72,6,pre_covid_2019,0.05263157894736842,0.0,0.08333333333333333,retrospective_airport_disruption_association
2019,GCK,destination,65,1,2,62,1,pre_covid_2019,0.015384615384615385,0.03076923076923077,0.016129032258064516,retrospective_airport_disruption_association
2019,GCK,origin,87,0,0,87,3,pre_covid_2019,0.0,0.0,0.034482758620689655,retrospective_airport_disruption_association
2019,GEG,destination,1224,5,0,1219,20,pre_covid_2019,0.004084967320261438,0.0,0.016406890894175553,retrospective_airport_disruption_association
2019,GEG,origin,1230,13,2,1215,23,pre_covid_2019,0.01056910569105691,0.0016260162601626016,0.018930041152263374,retrospective_airport_disruption_association
2019,GFK,destination,201,3,0,198,7,pre_covid_2019,0.014925373134328358,0.0,0.03535353535353535,retrospective_airport_disruption_association
2019,GFK,origin,208,2,0,206,3,pre_covid_2019,0.009615384615384616,0.0,0.014563106796116505,retrospective_airport_disruption_association
2019,GGG,destination,105,2,0,103,2,pre_covid_2019,0.01904761904761905,0.0,0.019417475728155338,retrospective_airport_disruption_association
2019,GGG,origin,82,1,0,81,2,pre_covid_2019,0.012195121951219513,0.0,0.024691358024691357,retrospective_airport_disruption_association
2019,GJT,destination,445,2,1,442,11,pre_covid_2019,0.0044943820224719105,0.0022471910112359553,0.024886877828054297,retrospective_airport_disruption_association
2019,GJT,origin,418,4,0,414,12,pre_covid_2019,0.009569377990430622,0.0,0.028985507246376812,retrospective_airport_disruption_association
2019,GNV,destination,540,5,1,534,9,pre_covid_2019,0.009259259259259259,0.001851851851851852,0.016853932584269662,retrospective_airport_disruption_association
2019,GNV,origin,540,7,3,530,13,pre_covid_2019,0.012962962962962963,0.005555555555555556,0.024528301886792454,retrospective_airport_disruption_association
2019,GPT,destination,443,13,3,427,10,pre_covid_2019,0.029345372460496615,0.006772009029345372,0.0234192037470726,retrospective_airport_disruption_association
2019,GPT,origin,457,9,1,447,9,pre_covid_2019,0.019693654266958426,0.002188183807439825,0.020134228187919462,retrospective_airport_disruption_association
2019,GRB,destination,576,11,0,565,20,pre_covid_2019,0.019097222222222224,0.0,0.035398230088495575,retrospective_airport_disruption_association
2019,GRB,origin,538,14,0,524,17,pre_covid_2019,0.026022304832713755,0.0,0.03244274809160305,retrospective_airport_disruption_association
2019,GRI,destination,132,5,2,125,0,pre_covid_2019,0.03787878787878788,0.015151515151515152,0.0,retrospective_airport_disruption_association
2019,GRI,origin,134,1,0,133,4,pre_covid_2019,0.007462686567164179,0.0,0.03007518796992481,retrospective_airport_disruption_association
2019,GRK,destination,330,9,0,321,2,pre_covid_2019,0.02727272727272727,0.0,0.006230529595015576,retrospective_airport_disruption_association
2019,GRK,origin,365,11,0,354,6,pre_covid_2019,0.030136986301369864,0.0,0.01694915254237288,retrospective_airport_disruption_association
2019,GRR,destination,1953,50,3,1900,57,pre_covid_2019,0.025601638504864313,0.0015360983102918587,0.03,retrospective_airport_disruption_association
2019,GRR,origin,1929,48,9,1872,49,pre_covid_2019,0.024883359253499222,0.004665629860031105,0.026175213675213676,retrospective_airport_disruption_association
2019,GSO,destination,1465,32,1,1432,46,pre_covid_2019,0.021843003412969283,0.0006825938566552901,0.03212290502793296,retrospective_airport_disruption_association
2019,GSO,origin,1506,35,1,1470,43,pre_covid_2019,0.023240371845949535,0.0006640106241699867,0.029251700680272108,retrospective_airport_disruption_association
2019,GSP,destination,1602,35,4,1563,36,pre_covid_2019,0.02184769038701623,0.0024968789013732834,0.023032629558541268,retrospective_airport_disruption_association
2019,GSP,origin,1673,38,2,1633,42,pre_covid_2019,0.022713687985654513,0.001195457262402869,0.025719534598897736,retrospective_airport_disruption_association
2019,GST,destination,12,0,0,12,0,pre_covid_2019,0.0,0.0,0.0,retrospective_airport_disruption_association
2019,GST,origin,8,0,0,8,0,pre_covid_2019,0.0,0.0,0.0,retrospective_airport_disruption_association
2019,GTF,destination,185,0,2,183,7,pre_covid_2019,0.0,0.010810810810810811,0.03825136612021858,retrospective_airport_disruption_association
2019,GTF,origin,188,1,0,187,3,pre_covid_2019,0.005319148936170213,0.0,0.016042780748663103,retrospective_airport_disruption_association
2019,GTR,destination,129,0,1,128,2,pre_covid_2019,0.0,0.007751937984496124,0.015625,retrospective_airport_disruption_association
2019,GTR,origin,113,1,0,112,4,pre_covid_2019,0.008849557522123894,0.0,0.03571428571428571,retrospective_airport_disruption_association
2019,GUC,destination,24,0,0,24,1,pre_covid_2019,0.0,0.0,0.041666666666666664,retrospective_airport_disruption_association
2019,GUC,origin,21,0,1,20,0,pre_covid_2019,0.0,0.047619047619047616,0.0,retrospective_airport_disruption_association
2019,GUM,destination,79,0,0,79,2,pre_covid_2019,0.0,0.0,0.02531645569620253,retrospective_airport_disruption_association
2019,GUM,origin,96,0,0,96,0,pre_covid_2019,0.0,0.0,0.0,retrospective_airport_disruption_association
2019,HDN,destination,115,3,0,112,3,pre_covid_2019,0.02608695652173913,0.0,0.026785714285714284,retrospective_airport_disruption_association
2019,HDN,origin,120,1,0,119,5,pre_covid_2019,0.008333333333333333,0.0,0.04201680672268908,retrospective_airport_disruption_association
2019,HGR,destination,14,0,0,14,0,pre_covid_2019,0.0,0.0,0.0,retrospective_airport_disruption_association
2019,HGR,origin,15,0,0,15,2,pre_covid_2019,0.0,0.0,0.13333333333333333,retrospective_airport_disruption_association
2019,HHH,destination,215,3,3,209,9,pre_covid_2019,0.013953488372093023,0.013953488372093023,0.0430622009569378,retrospective_airport_disruption_association
2019,HHH,origin,233,12,0,221,8,pre_covid_2019,0.05150214592274678,0.0,0.03619909502262444,retrospective_airport_disruption_association
2019,HIB,destination,50,0,0,50,1,pre_covid_2019,0.0,0.0,0.02,retrospective_airport_disruption_association
2019,HIB,origin,68,0,0,68,2,pre_covid_2019,0.0,0.0,0.029411764705882353,retrospective_airport_disruption_association
2019,HLN,destination,126,0,1,125,1,pre_covid_2019,0.0,0.007936507936507936,0.008,retrospective_airport_disruption_association
2019,HLN,origin,145,0,0,145,2,pre_covid_2019,0.0,0.0,0.013793103448275862,retrospective_airport_disruption_association
2019,HNL,destination,5326,9,6,5311,52,pre_covid_2019,0.0016898235073225685,0.0011265490048817123,0.009790999811711542,retrospective_airport_disruption_association
2019,HNL,origin,5242,11,6,5225,49,pre_covid_2019,0.002098435711560473,0.0011446012972148034,0.00937799043062201,retrospective_airport_disruption_association
2019,HOB,destination,72,3,0,69,3,pre_covid_2019,0.041666666666666664,0.0,0.043478260869565216,retrospective_airport_disruption_association
2019,HOB,origin,79,3,0,76,2,pre_covid_2019,0.0379746835443038,0.0,0.02631578947368421,retrospective_airport_disruption_association
2019,HOU,destination,6257,192,18,6047,77,pre_covid_2019,0.030685632092056898,0.002876778008630334,0.01273358690259633,retrospective_airport_disruption_association
2019,HOU,origin,6166,215,12,5939,96,pre_covid_2019,0.03486863444696724,0.0019461563412260785,0.016164337430543862,retrospective_airport_disruption_association
2019,HPN,destination,1191,28,10,1153,48,pre_covid_2019,0.023509655751469353,0.008396305625524769,0.04163052905464007,retrospective_airport_disruption_association
2019,HPN,origin,1193,39,5,1149,54,pre_covid_2019,0.03269069572506287,0.004191114836546521,0.04699738903394256,retrospective_airport_disruption_association
2019,HRL,destination,435,13,1,421,11,pre_covid_2019,0.029885057471264367,0.0022988505747126436,0.026128266033254157,retrospective_airport_disruption_association
2019,HRL,origin,464,5,2,457,15,pre_covid_2019,0.010775862068965518,0.004310344827586207,0.03282275711159737,retrospective_airport_disruption_association
2019,HSV,destination,972,21,1,950,21,pre_covid_2019,0.021604938271604937,0.00102880658436214,0.022105263157894735,retrospective_airport_disruption_association
2019,HSV,origin,954,27,3,924,32,pre_covid_2019,0.02830188679245283,0.0031446540880503146,0.03463203463203463,retrospective_airport_disruption_association
2019,HTS,destination,80,2,0,78,1,pre_covid_2019,0.025,0.0,0.01282051282051282,retrospective_airport_disruption_association
2019,HTS,origin,72,3,0,69,2,pre_covid_2019,0.041666666666666664,0.0,0.028985507246376812,retrospective_airport_disruption_association
2019,HVN,destination,113,2,2,109,6,pre_covid_2019,0.017699115044247787,0.017699115044247787,0.05504587155963303,retrospective_airport_disruption_association
2019,HVN,origin,117,7,0,110,5,pre_covid_2019,0.05982905982905983,0.0,0.045454545454545456,retrospective_airport_disruption_association
2019,HYA,destination,11,0,0,11,0,pre_covid_2019,0.0,0.0,0.0,retrospective_airport_disruption_association
2019,HYA,origin,6,0,0,6,1,pre_covid_2019,0.0,0.0,0.16666666666666666,retrospective_airport_disruption_association
2019,HYS,destination,108,9,2,97,3,pre_covid_2019,0.08333333333333333,0.018518518518518517,0.030927835051546393,retrospective_airport_disruption_association
2019,HYS,origin,122,7,2,113,8,pre_covid_2019,0.05737704918032787,0.01639344262295082,0.07079646017699115,retrospective_airport_disruption_association
2019,IAD,destination,7121,107,13,7001,191,pre_covid_2019,0.01502597949726162,0.001825586294059823,0.027281816883302386,retrospective_airport_disruption_association
2019,IAD,origin,7097,81,13,7003,245,pre_covid_2019,0.0114132732140341,0.0018317598985486826,0.034985006425817505,retrospective_airport_disruption_association
2019,IAG,destination,86,1,0,85,0,pre_covid_2019,0.011627906976744186,0.0,0.0,retrospective_airport_disruption_association
2019,IAG,origin,82,1,0,81,4,pre_covid_2019,0.012195121951219513,0.0,0.04938271604938271,retrospective_airport_disruption_association
2019,IAH,destination,17959,283,60,17616,592,pre_covid_2019,0.01575811570800156,0.0033409432596469735,0.03360581289736603,retrospective_airport_disruption_association
2019,IAH,origin,18302,284,52,17966,586,pre_covid_2019,0.015517429789094088,0.0028412195388482133,0.032617165757542026,retrospective_airport_disruption_association
2019,ICT,destination,1068,16,2,1050,20,pre_covid_2019,0.0149812734082397,0.0018726591760299626,0.01904761904761905,retrospective_airport_disruption_association
2019,ICT,origin,1066,33,2,1031,41,pre_covid_2019,0.03095684803001876,0.001876172607879925,0.03976721629485936,retrospective_airport_disruption_association
2019,IDA,destination,210,3,0,207,2,pre_covid_2019,0.014285714285714285,0.0,0.00966183574879227,retrospective_airport_disruption_association
2019,IDA,origin,203,1,1,201,3,pre_covid_2019,0.0049261083743842365,0.0049261083743842365,0.014925373134328358,retrospective_airport_disruption_association
2019,ILM,destination,711,8,0,703,11,pre_covid_2019,0.011251758087201125,0.0,0.015647226173541962,retrospective_airport_disruption_association
2019,ILM,origin,727,18,1,708,21,pre_covid_2019,0.024759284731774415,0.001375515818431912,0.029661016949152543,retrospective_airport_disruption_association
2019,IMT,destination,66,2,0,64,2,pre_covid_2019,0.030303030303030304,0.0,0.03125,retrospective_airport_disruption_association
2019,IMT,origin,63,2,0,61,1,pre_covid_2019,0.031746031746031744,0.0,0.01639344262295082,retrospective_airport_disruption_association
2019,IND,destination,4977,88,4,4885,117,pre_covid_2019,0.01768133413703034,0.0008036970062286518,0.023950870010235416,retrospective_airport_disruption_association
2019,IND,origin,5029,86,12,4931,127,pre_covid_2019,0.01710081527142573,0.0023861602704314975,0.025755424863110932,retrospective_airport_disruption_association
2019,INL,destination,62,0,0,62,2,pre_covid_2019,0.0,0.0,0.03225806451612903,retrospective_airport_disruption_association
2019,INL,origin,73,0,0,73,0,pre_covid_2019,0.0,0.0,0.0,retrospective_airport_disruption_association
2019,ISN,destination,65,0,0,65,0,pre_covid_2019,0.0,0.0,0.0,retrospective_airport_disruption_association
2019,ISN,origin,57,0,0,57,0,pre_covid_2019,0.0,0.0,0.0,retrospective_airport_disruption_association
2019,ISP,destination,547,15,0,532,12,pre_covid_2019,0.027422303473491772,0.0,0.022556390977443608,retrospective_airport_disruption_association
2019,ISP,origin,589,11,0,578,15,pre_covid_2019,0.01867572156196944,0.0,0.025951557093425604,retrospective_airport_disruption_association
2019,ITH,destination,116,0,1,115,3,pre_covid_2019,0.0,0.008620689655172414,0.02608695652173913,retrospective_airport_disruption_association
2019,ITH,origin,111,0,1,110,6,pre_covid_2019,0.0,0.009009009009009009,0.05454545454545454,retrospective_airport_disruption_association
2019,ITO,destination,607,0,0,607,0,pre_covid_2019,0.0,0.0,0.0,retrospective_airport_disruption_association
2019,ITO,origin,701,0,0,701,5,pre_covid_2019,0.0,0.0,0.007132667617689016,retrospective_airport_disruption_association
2019,JAC,destination,455,5,5,445,13,pre_covid_2019,0.01098901098901099,0.01098901098901099,0.029213483146067417,retrospective_airport_disruption_association
2019,JAC,origin,453,4,2,447,12,pre_covid_2019,0.008830022075055188,0.004415011037527594,0.026845637583892617,retrospective_airport_disruption_association
2019,JAN,destination,887,16,3,868,25,pre_covid_2019,0.018038331454340473,0.0033821871476888386,0.02880184331797235,retrospective_airport_disruption_association
2019,JAN,origin,873,21,3,849,33,pre_covid_2019,0.024054982817869417,0.003436426116838488,0.038869257950530034,retrospective_airport_disruption_association
2019,JAX,destination,3535,54,1,3480,88,pre_covid_2019,0.015275813295615276,0.0002828854314002829,0.02528735632183908,retrospective_airport_disruption_association
2019,JAX,origin,3393,60,8,3325,94,pre_covid_2019,0.01768346595932803,0.002357795461243737,0.028270676691729325,retrospective_airport_disruption_association
2019,JFK,destination,12854,235,37,12582,485,pre_covid_2019,0.018282246771433017,0.0028784814065660495,0.03854713082180893,retrospective_airport_disruption_association
2019,JFK,origin,13015,196,38,12781,428,pre_covid_2019,0.015059546676911256,0.00291970802919708,0.033487207573742274,retrospective_airport_disruption_association
2019,JLN,destination,127,3,0,124,3,pre_covid_2019,0.023622047244094488,0.0,0.024193548387096774,retrospective_airport_disruption_association
2019,JLN,origin,150,3,0,147,4,pre_covid_2019,0.02,0.0,0.027210884353741496,retrospective_airport_disruption_association
2019,JMS,destination,92,5,0,87,3,pre_covid_2019,0.05434782608695652,0.0,0.034482758620689655,retrospective_airport_disruption_association
2019,JMS,origin,103,8,1,94,5,pre_covid_2019,0.07766990291262135,0.009708737864077669,0.05319148936170213,retrospective_airport_disruption_association
2019,JNU,destination,463,2,5,456,5,pre_covid_2019,0.004319654427645789,0.01079913606911447,0.010964912280701754,retrospective_airport_disruption_association
2019,JNU,origin,475,8,3,464,8,pre_covid_2019,0.016842105263157894,0.00631578947368421,0.017241379310344827,retrospective_airport_disruption_association
2019,KOA,destination,1580,0,2,1578,12,pre_covid_2019,0.0,0.0012658227848101266,0.0076045627376425855,retrospective_airport_disruption_association
2019,KOA,origin,1599,6,0,1593,16,pre_covid_2019,0.00375234521575985,0.0,0.010043942247332079,retrospective_airport_disruption_association
2019,KTN,destination,242,1,1,240,5,pre_covid_2019,0.004132231404958678,0.004132231404958678,0.020833333333333332,retrospective_airport_disruption_association
2019,KTN,origin,243,4,0,239,0,pre_covid_2019,0.01646090534979424,0.0,0.0,retrospective_airport_disruption_association
2019,LAN,destination,293,12,1,280,5,pre_covid_2019,0.040955631399317405,0.0034129692832764505,0.017857142857142856,retrospective_airport_disruption_association
2019,LAN,origin,322,7,0,315,10,pre_covid_2019,0.021739130434782608,0.0,0.031746031746031744,retrospective_airport_disruption_association
2019,LAR,destination,73,4,0,69,3,pre_covid_2019,0.0547945205479452,0.0,0.043478260869565216,retrospective_airport_disruption_association
2019,LAR,origin,67,1,0,66,7,pre_covid_2019,0.014925373134328358,0.0,0.10606060606060606,retrospective_airport_disruption_association
2019,LAS,destination,16886,218,23,16645,321,pre_covid_2019,0.012910103043941726,0.001362075091792017,0.0192850705917693,retrospective_airport_disruption_association
2019,LAS,origin,16936,212,30,16694,315,pre_covid_2019,0.012517713745866793,0.0017713745866792632,0.018869054750209655,retrospective_airport_disruption_association
2019,LAW,destination,139,6,0,133,1,pre_covid_2019,0.04316546762589928,0.0,0.007518796992481203,retrospective_airport_disruption_association
2019,LAW,origin,147,4,0,143,6,pre_covid_2019,0.027210884353741496,0.0,0.04195804195804196,retrospective_airport_disruption_association
2019,LAX,destination,22420,303,26,22091,484,pre_covid_2019,0.01351471900089206,0.0011596788581623551,0.021909374858539676,retrospective_airport_disruption_association
2019,LAX,origin,22486,252,80,22154,443,pre_covid_2019,0.011206973227786177,0.0035577692786622787,0.019996388913965876,retrospective_airport_disruption_association
2019,LBB,destination,724,30,4,690,16,pre_covid_2019,0.04143646408839779,0.0055248618784530384,0.02318840579710145,retrospective_airport_disruption_association
2019,LBB,origin,721,18,1,702,25,pre_covid_2019,0.024965325936199722,0.0013869625520110957,0.03561253561253561,retrospective_airport_disruption_association
2019,LBE,destination,103,4,1,98,6,pre_covid_2019,0.038834951456310676,0.009708737864077669,0.061224489795918366,retrospective_airport_disruption_association
2019,LBE,origin,113,1,0,112,1,pre_covid_2019,0.008849557522123894,0.0,0.008928571428571428,retrospective_airport_disruption_association
2019,LBF,destination,67,2,0,65,2,pre_covid_2019,0.029850746268656716,0.0,0.03076923076923077,retrospective_airport_disruption_association
2019,LBF,origin,57,1,0,56,3,pre_covid_2019,0.017543859649122806,0.0,0.05357142857142857,retrospective_airport_disruption_association
2019,LBL,destination,63,2,1,60,4,pre_covid_2019,0.031746031746031744,0.015873015873015872,0.06666666666666667,retrospective_airport_disruption_association
2019,LBL,origin,62,0,1,61,2,pre_covid_2019,0.0,0.016129032258064516,0.03278688524590164,retrospective_airport_disruption_association
2019,LCH,destination,206,7,0,199,4,pre_covid_2019,0.03398058252427184,0.0,0.020100502512562814,retrospective_airport_disruption_association
2019,LCH,origin,184,3,0,181,8,pre_covid_2019,0.016304347826086956,0.0,0.04419889502762431,retrospective_airport_disruption_association
2019,LCK,destination,103,0,1,102,4,pre_covid_2019,0.0,0.009708737864077669,0.0392156862745098,retrospective_airport_disruption_association
2019,LCK,origin,119,1,1,117,4,pre_covid_2019,0.008403361344537815,0.008403361344537815,0.03418803418803419,retrospective_airport_disruption_association
2019,LEX,destination,955,22,2,931,23,pre_covid_2019,0.023036649214659685,0.0020942408376963353,0.024704618689581095,retrospective_airport_disruption_association
2019,LEX,origin,959,19,2,938,24,pre_covid_2019,0.01981230448383733,0.0020855057351407717,0.0255863539445629,retrospective_airport_disruption_association
2019,LFT,destination,511,14,0,497,14,pre_covid_2019,0.0273972602739726,0.0,0.028169014084507043,retrospective_airport_disruption_association
2019,LFT,origin,515,10,0,505,14,pre_covid_2019,0.019417475728155338,0.0,0.027722772277227723,retrospective_airport_disruption_association
2019,LGA,destination,17487,491,124,16872,775,pre_covid_2019,0.028078000800594728,0.007090981872247956,0.04593409198672357,retrospective_airport_disruption_association
2019,LGA,origin,17540,506,37,16997,695,pre_covid_2019,0.028848346636259976,0.0021094640820980616,0.04088956874742602,retrospective_airport_disruption_association
2019,LGB,destination,1660,12,5,1643,30,pre_covid_2019,0.007228915662650603,0.0030120481927710845,0.018259281801582473,retrospective_airport_disruption_association
2019,LGB,origin,1648,4,3,1641,38,pre_covid_2019,0.0024271844660194173,0.0018203883495145632,0.02315661182205972,retrospective_airport_disruption_association
2019,LIH,destination,1408,2,2,1404,13,pre_covid_2019,0.0014204545454545455,0.0014204545454545455,0.009259259259259259,retrospective_airport_disruption_association
2019,LIH,origin,1407,0,2,1405,13,pre_covid_2019,0.0,0.0014214641080312722,0.009252669039145907,retrospective_airport_disruption_association
2019,LIT,destination,1439,22,3,1414,27,pre_covid_2019,0.015288394718554551,0.0020847810979847115,0.019094766619519095,retrospective_airport_disruption_association
2019,LIT,origin,1395,17,5,1373,50,pre_covid_2019,0.012186379928315413,0.0035842293906810036,0.03641660597232338,retrospective_airport_disruption_association
2019,LNK,destination,232,6,0,226,12,pre_covid_2019,0.02586206896551724,0.0,0.05309734513274336,retrospective_airport_disruption_association
2019,LNK,origin,221,3,1,217,7,pre_covid_2019,0.013574660633484163,0.004524886877828055,0.03225806451612903,retrospective_airport_disruption_association
2019,LRD,destination,292,7,1,284,6,pre_covid_2019,0.023972602739726026,0.003424657534246575,0.02112676056338028,retrospective_airport_disruption_association
2019,LRD,origin,293,8,0,285,10,pre_covid_2019,0.027303754266211604,0.0,0.03508771929824561,retrospective_airport_disruption_association
2019,LSE,destination,199,4,0,195,3,pre_covid_2019,0.020100502512562814,0.0,0.015384615384615385,retrospective_airport_disruption_association
2019,LSE,origin,199,7,2,190,5,pre_covid_2019,0.035175879396984924,0.010050251256281407,0.02631578947368421,retrospective_airport_disruption_association
2019,LWB,destination,58,3,0,55,2,pre_covid_2019,0.05172413793103448,0.0,0.03636363636363636,retrospective_airport_disruption_association
2019,LWB,origin,61,2,1,58,6,pre_covid_2019,0.03278688524590164,0.01639344262295082,0.10344827586206896,retrospective_airport_disruption_association
2019,LWS,destination,86,0,2,84,0,pre_covid_2019,0.0,0.023255813953488372,0.0,retrospective_airport_disruption_association
2019,LWS,origin,113,0,0,113,1,pre_covid_2019,0.0,0.0,0.008849557522123894,retrospective_airport_disruption_association
2019,LYH,destination,84,2,0,82,1,pre_covid_2019,0.023809523809523808,0.0,0.012195121951219513,retrospective_airport_disruption_association
2019,LYH,origin,82,3,0,79,1,pre_covid_2019,0.036585365853658534,0.0,0.012658227848101266,retrospective_airport_disruption_association
2019,MAF,destination,987,26,1,960,17,pre_covid_2019,0.02634245187436677,0.0010131712259371835,0.017708333333333333,retrospective_airport_disruption_association
2019,MAF,origin,1002,28,3,971,25,pre_covid_2019,0.027944111776447105,0.0029940119760479044,0.025746652935118436,retrospective_airport_disruption_association
2019,MBS,destination,255,3,0,252,6,pre_covid_2019,0.011764705882352941,0.0,0.023809523809523808,retrospective_airport_disruption_association
2019,MBS,origin,248,5,1,242,10,pre_covid_2019,0.020161290322580645,0.004032258064516129,0.04132231404958678,retrospective_airport_disruption_association
2019,MCI,destination,5597,115,11,5471,93,pre_covid_2019,0.020546721457923887,0.001965338574236198,0.01699872052641199,retrospective_airport_disruption_association
2019,MCI,origin,5752,123,18,5611,108,pre_covid_2019,0.021383866481223923,0.003129346314325452,0.019247905899126717,retrospective_airport_disruption_association
2019,MCO,destination,14512,231,29,14252,420,pre_covid_2019,0.015917861080485117,0.0019983461962513782,0.029469548133595286,retrospective_airport_disruption_association
2019,MCO,origin,14478,239,23,14216,483,pre_covid_2019,0.016507804945434454,0.0015886172123221439,0.033975801913337086,retrospective_airport_disruption_association
2019,MDT,destination,644,9,0,635,14,pre_covid_2019,0.013975155279503106,0.0,0.02204724409448819,retrospective_airport_disruption_association
2019,MDT,origin,662,8,3,651,18,pre_covid_2019,0.012084592145015106,0.004531722054380665,0.027649769585253458,retrospective_airport_disruption_association
2019,MDW,destination,8486,327,34,8125,107,pre_covid_2019,0.03853405609238746,0.004006599104407259,0.01316923076923077,retrospective_airport_disruption_association
2019,MDW,origin,8649,317,19,8313,142,pre_covid_2019,0.03665163602728639,0.0021967857555786796,0.017081679297485865,retrospective_airport_disruption_association
2019,MEI,destination,125,4,2,119,9,pre_covid_2019,0.032,0.016,0.07563025210084033,retrospective_airport_disruption_association
2019,MEI,origin,83,7,0,76,4,pre_covid_2019,0.08433734939759036,0.0,0.05263157894736842,retrospective_airport_disruption_association
2019,MEM,destination,2646,44,7,2595,54,pre_covid_2019,0.016628873771730914,0.0026455026455026454,0.020809248554913295,retrospective_airport_disruption_association
2019,MEM,origin,2539,51,9,2479,65,pre_covid_2019,0.020086648286727057,0.0035447026388341868,0.026220250100847116,retrospective_airport_disruption_association
2019,MFE,destination,577,19,2,556,16,pre_covid_2019,0.03292894280762565,0.0034662045060658577,0.02877697841726619,retrospective_airport_disruption_association
2019,MFE,origin,531,16,0,515,12,pre_covid_2019,0.030131826741996232,0.0,0.02330097087378641,retrospective_airport_disruption_association
2019,MFR,destination,439,13,1,425,17,pre_covid_2019,0.029612756264236904,0.002277904328018223,0.04,retrospective_airport_disruption_association
2019,MFR,origin,406,11,1,394,28,pre_covid_2019,0.027093596059113302,0.0024630541871921183,0.07106598984771574,retrospective_airport_disruption_association
2019,MGM,destination,362,3,0,359,11,pre_covid_2019,0.008287292817679558,0.0,0.03064066852367688,retrospective_airport_disruption_association
2019,MGM,origin,383,2,0,381,10,pre_covid_2019,0.005221932114882507,0.0,0.026246719160104987,retrospective_airport_disruption_association
2019,MHK,destination,221,7,1,213,2,pre_covid_2019,0.03167420814479638,0.004524886877828055,0.009389671361502348,retrospective_airport_disruption_association
2019,MHK,origin,202,11,1,190,3,pre_covid_2019,0.054455445544554455,0.0049504950495049506,0.015789473684210527,retrospective_airport_disruption_association
2019,MHT,destination,866,19,2,845,14,pre_covid_2019,0.021939953810623556,0.0023094688221709007,0.016568047337278107,retrospective_airport_disruption_association
2019,MHT,origin,837,15,4,818,17,pre_covid_2019,0.017921146953405017,0.0047789725209080045,0.02078239608801956,retrospective_airport_disruption_association
2019,MIA,destination,9151,124,35,8992,231,pre_covid_2019,0.013550431646814555,0.0038247186099879794,0.02568950177935943,retrospective_airport_disruption_association
2019,MIA,origin,9093,88,35,8970,224,pre_covid_2019,0.00967777411195425,0.003849114703618168,0.02497212931995541,retrospective_airport_disruption_association
2019,MKE,destination,3164,74,8,3082,89,pre_covid_2019,0.02338811630847029,0.0025284450063211127,0.028877352368591822,retrospective_airport_disruption_association
2019,MKE,origin,3090,60,8,3022,82,pre_covid_2019,0.019417475728155338,0.0025889967637540453,0.027134348113831898,retrospective_airport_disruption_association
2019,MKG,destination,67,5,0,62,1,pre_covid_2019,0.07462686567164178,0.0,0.016129032258064516,retrospective_airport_disruption_association
2019,MKG,origin,88,1,0,87,11,pre_covid_2019,0.011363636363636364,0.0,0.12643678160919541,retrospective_airport_disruption_association
2019,MLB,destination,240,3,0,237,1,pre_covid_2019,0.0125,0.0,0.004219409282700422,retrospective_airport_disruption_association
2019,MLB,origin,260,2,2,256,6,pre_covid_2019,0.007692307692307693,0.007692307692307693,0.0234375,retrospective_airport_disruption_association
2019,MLI,destination,487,19,0,468,10,pre_covid_2019,0.039014373716632446,0.0,0.021367521367521368,retrospective_airport_disruption_association
2019,MLI,origin,509,16,1,492,14,pre_covid_2019,0.03143418467583497,0.0019646365422396855,0.028455284552845527,retrospective_airport_disruption_association
2019,MLU,destination,298,4,0,294,5,pre_covid_2019,0.013422818791946308,0.0,0.017006802721088437,retrospective_airport_disruption_association
2019,MLU,origin,298,2,1,295,2,pre_covid_2019,0.006711409395973154,0.003355704697986577,0.006779661016949152,retrospective_airport_disruption_association
2019,MMH,destination,54,9,0,45,0,pre_covid_2019,0.16666666666666666,0.0,0.0,retrospective_airport_disruption_association
2019,MMH,origin,53,9,0,44,2,pre_covid_2019,0.16981132075471697,0.0,0.045454545454545456,retrospective_airport_disruption_association
2019,MOB,destination,581,9,2,570,12,pre_covid_2019,0.01549053356282272,0.0034423407917383822,0.021052631578947368,retrospective_airport_disruption_association
2019,MOB,origin,590,14,2,574,22,pre_covid_2019,0.023728813559322035,0.003389830508474576,0.03832752613240418,retrospective_airport_disruption_association
2019,MOT,destination,235,6,1,228,3,pre_covid_2019,0.02553191489361702,0.00425531914893617,0.013157894736842105,retrospective_airport_disruption_association
2019,MOT,origin,234,3,1,230,2,pre_covid_2019,0.01282051282051282,0.004273504273504274,0.008695652173913044,retrospective_airport_disruption_association
2019,MQT,destination,159,3,0,156,6,pre_covid_2019,0.018867924528301886,0.0,0.038461538461538464,retrospective_airport_disruption_association
2019,MQT,origin,146,2,1,143,7,pre_covid_2019,0.0136986301369863,0.00684931506849315,0.04895104895104895,retrospective_airport_disruption_association
2019,MRY,destination,433,8,2,423,16,pre_covid_2019,0.018475750577367205,0.004618937644341801,0.037825059101654845,retrospective_airport_disruption_association
2019,MRY,origin,417,4,1,412,15,pre_covid_2019,0.009592326139088728,0.002398081534772182,0.03640776699029126,retrospective_airport_disruption_association
2019,MSN,destination,1432,27,2,1403,42,pre_covid_2019,0.018854748603351956,0.0013966480446927375,0.02993585174625802,retrospective_airport_disruption_association
2019,MSN,origin,1472,39,5,1428,60,pre_covid_2019,0.026494565217391304,0.0033967391304347825,0.04201680672268908,retrospective_airport_disruption_association
2019,MSO,destination,351,1,1,349,9,pre_covid_2019,0.002849002849002849,0.002849002849002849,0.025787965616045846,retrospective_airport_disruption_association
2019,MSO,origin,341,2,1,338,6,pre_covid_2019,0.005865102639296188,0.002932551319648094,0.01775147928994083,retrospective_airport_disruption_association
2019,MSP,destination,16393,172,29,16192,352,pre_covid_2019,0.010492283291648875,0.0017690477642896359,0.021739130434782608,retrospective_airport_disruption_association
2019,MSP,origin,16544,164,51,16329,377,pre_covid_2019,0.009912959381044487,0.0030826885880077368,0.02308775797660604,retrospective_airport_disruption_association
2019,MSY,destination,5886,89,12,5785,129,pre_covid_2019,0.015120625212368332,0.0020387359836901123,0.0222990492653414,retrospective_airport_disruption_association
2019,MSY,origin,5908,90,15,5803,142,pre_covid_2019,0.015233581584292485,0.0025389302640487473,0.0244701016715492,retrospective_airport_disruption_association
2019,MTJ,destination,175,4,1,170,2,pre_covid_2019,0.022857142857142857,0.005714285714285714,0.011764705882352941,retrospective_airport_disruption_association
2019,MTJ,origin,183,6,1,176,9,pre_covid_2019,0.03278688524590164,0.00546448087431694,0.05113636363636364,retrospective_airport_disruption_association
2019,MVY,destination,46,0,0,46,1,pre_covid_2019,0.0,0.0,0.021739130434782608,retrospective_airport_disruption_association
2019,MVY,origin,57,2,0,55,3,pre_covid_2019,0.03508771929824561,0.0,0.05454545454545454,retrospective_airport_disruption_association
2019,MYR,destination,1182,19,3,1160,33,pre_covid_2019,0.016074450084602367,0.0025380710659898475,0.028448275862068967,retrospective_airport_disruption_association
2019,MYR,origin,1208,36,1,1171,44,pre_covid_2019,0.029801324503311258,0.0008278145695364238,0.037574722459436376,retrospective_airport_disruption_association
2019,OAJ,destination,258,2,1,255,2,pre_covid_2019,0.007751937984496124,0.003875968992248062,0.00784313725490196,retrospective_airport_disruption_association
2019,OAJ,origin,313,7,0,306,5,pre_covid_2019,0.022364217252396165,0.0,0.016339869281045753,retrospective_airport_disruption_association
2019,OAK,destination,5416,101,6,5309,77,pre_covid_2019,0.01864844903988183,0.0011078286558345643,0.014503673008099453,retrospective_airport_disruption_association
2019,OAK,origin,5416,91,9,5316,67,pre_covid_2019,0.016802067946824224,0.0016617429837518464,0.012603461249059443,retrospective_airport_disruption_association
2019,OGD,destination,10,0,0,10,0,pre_covid_2019,0.0,0.0,0.0,retrospective_airport_disruption_association
2019,OGD,origin,4,0,0,4,0,pre_covid_2019,0.0,0.0,0.0,retrospective_airport_disruption_association
2019,OGG,destination,2795,7,4,2784,21,pre_covid_2019,0.0025044722719141325,0.0014311270125223613,0.007543103448275862,retrospective_airport_disruption_association
2019,OGG,origin,2829,13,0,2816,28,pre_covid_2019,0.004595263343937788,0.0,0.009943181818181818,retrospective_airport_disruption_association
2019,OGS,destination,41,2,0,39,3,pre_covid_2019,0.04878048780487805,0.0,0.07692307692307693,retrospective_airport_disruption_association
2019,OGS,origin,51,4,0,47,3,pre_covid_2019,0.0784313725490196,0.0,0.06382978723404255,retrospective_airport_disruption_association
2019,OKC,destination,2395,43,7,2345,52,pre_covid_2019,0.017954070981210855,0.0029227557411273487,0.022174840085287847,retrospective_airport_disruption_association
2019,OKC,origin,2433,41,6,2386,77,pre_covid_2019,0.01685162351006987,0.002466091245376079,0.03227158424140821,retrospective_airport_disruption_association
2019,OMA,destination,2667,56,4,2607,55,pre_covid_2019,0.02099737532808399,0.0014998125234345708,0.02109704641350211,retrospective_airport_disruption_association
2019,OMA,origin,2733,53,9,2671,65,pre_covid_2019,0.019392608854738383,0.003293084522502744,0.024335454885810556,retrospective_airport_disruption_association
2019,OME,destination,71,2,0,69,0,pre_covid_2019,0.028169014084507043,0.0,0.0,retrospective_airport_disruption_association
2019,OME,origin,70,2,0,68,0,pre_covid_2019,0.02857142857142857,0.0,0.0,retrospective_airport_disruption_association
2019,ONT,destination,2342,28,1,2313,32,pre_covid_2019,0.011955593509820665,0.0004269854824935952,0.013834846519671422,retrospective_airport_disruption_association
2019,ONT,origin,2368,46,2,2320,52,pre_covid_2019,0.019425675675675675,0.0008445945945945946,0.022413793103448276,retrospective_airport_disruption_association
2019,ORD,destination,34761,1120,92,33549,1441,pre_covid_2019,0.03222001668536578,0.002646644227726475,0.04295209991355927,retrospective_airport_disruption_association
2019,ORD,origin,34600,1053,98,33449,1204,pre_covid_2019,0.030433526011560692,0.0028323699421965317,0.035995097013363626,retrospective_airport_disruption_association
2019,ORF,destination,2528,59,6,2463,79,pre_covid_2019,0.02333860759493671,0.0023734177215189874,0.03207470564352416,retrospective_airport_disruption_association
2019,ORF,origin,2560,67,5,2488,83,pre_covid_2019,0.026171875,0.001953125,0.033360128617363344,retrospective_airport_disruption_association
2019,ORH,destination,114,3,1,110,6,pre_covid_2019,0.02631578947368421,0.008771929824561403,0.05454545454545454,retrospective_airport_disruption_association
2019,ORH,origin,143,2,0,141,8,pre_covid_2019,0.013986013986013986,0.0,0.05673758865248227,retrospective_airport_disruption_association
2019,OTH,destination,48,1,1,46,0,pre_covid_2019,0.020833333333333332,0.020833333333333332,0.0,retrospective_airport_disruption_association
2019,OTH,origin,43,3,0,40,2,pre_covid_2019,0.06976744186046512,0.0,0.05,retrospective_airport_disruption_association
2019,OTZ,destination,72,3,0,69,1,pre_covid_2019,0.041666666666666664,0.0,0.014492753623188406,retrospective_airport_disruption_association
2019,OTZ,origin,65,0,0,65,0,pre_covid_2019,0.0,0.0,0.0,retrospective_airport_disruption_association
2019,OWB,destination,6,0,0,6,1,pre_covid_2019,0.0,0.0,0.16666666666666666,retrospective_airport_disruption_association
2019,OWB,origin,9,0,0,9,0,pre_covid_2019,0.0,0.0,0.0,retrospective_airport_disruption_association
2019,PAE,destination,185,6,2,177,6,pre_covid_2019,0.032432432432432434,0.010810810810810811,0.03389830508474576,retrospective_airport_disruption_association
2019,PAE,origin,174,4,0,170,7,pre_covid_2019,0.022988505747126436,0.0,0.041176470588235294,retrospective_airport_disruption_association
2019,PAH,destination,143,9,1,133,6,pre_covid_2019,0.06293706293706294,0.006993006993006993,0.045112781954887216,retrospective_airport_disruption_association
2019,PAH,origin,134,7,0,127,9,pre_covid_2019,0.05223880597014925,0.0,0.07086614173228346,retrospective_airport_disruption_association
2019,PBG,destination,143,2,1,140,4,pre_covid_2019,0.013986013986013986,0.006993006993006993,0.02857142857142857,retrospective_airport_disruption_association
2019,PBG,origin,133,4,0,129,5,pre_covid_2019,0.03007518796992481,0.0,0.03875968992248062,retrospective_airport_disruption_association
2019,PBI,destination,2638,40,5,2593,72,pre_covid_2019,0.015163002274450341,0.0018953752843062926,0.027767065175472425,retrospective_airport_disruption_association
2019,PBI,origin,2628,49,13,2566,89,pre_covid_2019,0.018645357686453576,0.004946727549467275,0.034684333593141076,retrospective_airport_disruption_association
2019,PDX,destination,6294,34,5,6255,86,pre_covid_2019,0.005401970130282809,0.0007944073721004131,0.013749000799360511,retrospective_airport_disruption_association
2019,PDX,origin,6364,47,12,6305,78,pre_covid_2019,0.0073852922690132,0.0018856065367693275,0.012371134020618556,retrospective_airport_disruption_association
2019,PGD,destination,534,0,0,534,23,pre_covid_2019,0.0,0.0,0.04307116104868914,retrospective_airport_disruption_association
2019,PGD,origin,589,3,0,586,11,pre_covid_2019,0.0050933786078098476,0.0,0.01877133105802048,retrospective_airport_disruption_association
2019,PGV,destination,8,0,0,8,0,pre_covid_2019,0.0,0.0,0.0,retrospective_airport_disruption_association
2019,PGV,origin,8,0,0,8,0,pre_covid_2019,0.0,0.0,0.0,retrospective_airport_disruption_association
2019,PHF,destination,249,5,1,243,7,pre_covid_2019,0.020080321285140562,0.004016064257028112,0.02880658436213992,retrospective_airport_disruption_association
2019,PHF,origin,254,8,0,246,8,pre_covid_2019,0.031496062992125984,0.0,0.032520325203252036,retrospective_airport_disruption_association
2019,PHL,destination,12087,267,23,11797,359,pre_covid_2019,0.022089848597666915,0.0019028708529825432,0.030431465626854285,retrospective_airport_disruption_association
2019,PHL,origin,12048,242,31,11775,357,pre_covid_2019,0.020086321381142098,0.0025730411686586984,0.030318471337579617,retrospective_airport_disruption_association
2019,PHX,destination,18328,288,26,18014,359,pre_covid_2019,0.01571366215626364,0.0014185945002182453,0.019928944154546463,retrospective_airport_disruption_association
2019,PHX,origin,17654,246,24,17384,300,pre_covid_2019,0.013934519089158265,0.0013594652769910501,0.017257248044178556,retrospective_airport_disruption_association
2019,PIA,destination,478,13,2,463,16,pre_covid_2019,0.027196652719665274,0.0041841004184100415,0.03455723542116631,retrospective_airport_disruption_association
2019,PIA,origin,487,8,1,478,12,pre_covid_2019,0.01642710472279261,0.002053388090349076,0.02510460251046025,retrospective_airport_disruption_association
2019,PIB,destination,67,1,0,66,2,pre_covid_2019,0.014925373134328358,0.0,0.030303030303030304,retrospective_airport_disruption_association
2019,PIB,origin,83,2,0,81,6,pre_covid_2019,0.024096385542168676,0.0,0.07407407407407407,retrospective_airport_disruption_association
2019,PIE,destination,804,5,1,798,27,pre_covid_2019,0.006218905472636816,0.0012437810945273632,0.03383458646616541,retrospective_airport_disruption_association
2019,PIE,origin,744,2,3,739,17,pre_covid_2019,0.002688172043010753,0.004032258064516129,0.023004059539918808,retrospective_airport_disruption_association
2019,PIH,destination,136,0,0,136,2,pre_covid_2019,0.0,0.0,0.014705882352941176,retrospective_airport_disruption_association
2019,PIH,origin,100,0,0,100,3,pre_covid_2019,0.0,0.0,0.03,retrospective_airport_disruption_association
2019,PIR,destination,67,1,0,66,1,pre_covid_2019,0.014925373134328358,0.0,0.015151515151515152,retrospective_airport_disruption_association
2019,PIR,origin,65,0,0,65,1,pre_covid_2019,0.0,0.0,0.015384615384615385,retrospective_airport_disruption_association
2019,PIT,destination,5242,101,6,5135,124,pre_covid_2019,0.019267455169782524,0.0011446012972148034,0.02414800389483934,retrospective_airport_disruption_association
2019,PIT,origin,5152,93,11,5048,137,pre_covid_2019,0.018051242236024844,0.0021350931677018635,0.02713946117274168,retrospective_airport_disruption_association
2019,PLN,destination,110,5,3,102,2,pre_covid_2019,0.045454545454545456,0.02727272727272727,0.0196078431372549,retrospective_airport_disruption_association
2019,PLN,origin,93,1,1,91,3,pre_covid_2019,0.010752688172043012,0.010752688172043012,0.03296703296703297,retrospective_airport_disruption_association
2019,PNS,destination,1285,23,3,1259,29,pre_covid_2019,0.0178988326848249,0.0023346303501945525,0.023034154090548053,retrospective_airport_disruption_association
2019,PNS,origin,1263,16,3,1244,38,pre_covid_2019,0.012668250197941409,0.0023752969121140144,0.03054662379421222,retrospective_airport_disruption_association
2019,PPG,destination,16,0,0,16,0,pre_covid_2019,0.0,0.0,0.0,retrospective_airport_disruption_association
2019,PPG,origin,9,0,0,9,0,pre_covid_2019,0.0,0.0,0.0,retrospective_airport_disruption_association
2019,PRC,destination,69,1,0,68,2,pre_covid_2019,0.014492753623188406,0.0,0.029411764705882353,retrospective_airport_disruption_association
2019,PRC,origin,89,1,1,87,2,pre_covid_2019,0.011235955056179775,0.011235955056179775,0.022988505747126436,retrospective_airport_disruption_association
2019,PSC,destination,341,6,1,334,10,pre_covid_2019,0.017595307917888565,0.002932551319648094,0.029940119760479042,retrospective_airport_disruption_association
2019,PSC,origin,296,2,0,294,7,pre_covid_2019,0.006756756756756757,0.0,0.023809523809523808,retrospective_airport_disruption_association
2019,PSE,destination,78,2,1,75,2,pre_covid_2019,0.02564102564102564,0.01282051282051282,0.02666666666666667,retrospective_airport_disruption_association
2019,PSE,origin,77,1,2,74,4,pre_covid_2019,0.012987012987012988,0.025974025974025976,0.05405405405405406,retrospective_airport_disruption_association
2019,PSG,destination,68,0,1,67,0,pre_covid_2019,0.0,0.014705882352941176,0.0,retrospective_airport_disruption_association
2019,PSG,origin,65,0,0,65,1,pre_covid_2019,0.0,0.0,0.015384615384615385,retrospective_airport_disruption_association
2019,PSM,destination,44,0,0,44,2,pre_covid_2019,0.0,0.0,0.045454545454545456,retrospective_airport_disruption_association
2019,PSM,origin,38,0,0,38,5,pre_covid_2019,0.0,0.0,0.13157894736842105,retrospective_airport_disruption_association
2019,PSP,destination,1300,36,7,1257,33,pre_covid_2019,0.027692307692307693,0.005384615384615384,0.026252983293556086,retrospective_airport_disruption_association
2019,PSP,origin,1238,19,10,1209,50,pre_covid_2019,0.015347334410339256,0.008077544426494346,0.0413564929693962,retrospective_airport_disruption_association
2019,PUB,destination,89,0,2,87,1,pre_covid_2019,0.0,0.02247191011235955,0.011494252873563218,retrospective_airport_disruption_association
2019,PUB,origin,96,5,1,90,4,pre_covid_2019,0.052083333333333336,0.010416666666666666,0.044444444444444446,retrospective_airport_disruption_association
2019,PVD,destination,1842,30,3,1809,47,pre_covid_2019,0.016286644951140065,0.0016286644951140066,0.025981205085682697,retrospective_airport_disruption_association
2019,PVD,origin,1870,37,4,1829,46,pre_covid_2019,0.019786096256684493,0.0021390374331550803,0.025150355385456534,retrospective_airport_disruption_association
2019,PVU,destination,72,0,0,72,1,pre_covid_2019,0.0,0.0,0.013888888888888888,retrospective_airport_disruption_association
2019,PVU,origin,76,1,0,75,1,pre_covid_2019,0.013157894736842105,0.0,0.013333333333333334,retrospective_airport_disruption_association
2019,PWM,destination,1076,20,0,1056,35,pre_covid_2019,0.01858736059479554,0.0,0.03314393939393939,retrospective_airport_disruption_association
2019,PWM,origin,1112,34,0,1078,31,pre_covid_2019,0.030575539568345324,0.0,0.0287569573283859,retrospective_airport_disruption_association
2019,RAP,destination,514,14,3,497,14,pre_covid_2019,0.027237354085603113,0.005836575875486381,0.028169014084507043,retrospective_airport_disruption_association
2019,RAP,origin,506,11,0,495,15,pre_covid_2019,0.021739130434782608,0.0,0.030303030303030304,retrospective_airport_disruption_association
2019,RDD,destination,134,3,0,131,6,pre_covid_2019,0.022388059701492536,0.0,0.04580152671755725,retrospective_airport_disruption_association
2019,RDD,origin,158,4,0,154,8,pre_covid_2019,0.02531645569620253,0.0,0.05194805194805195,retrospective_airport_disruption_association
2019,RDM,destination,439,10,1,428,17,pre_covid_2019,0.022779043280182234,0.002277904328018223,0.0397196261682243,retrospective_airport_disruption_association
2019,RDM,origin,396,6,1,389,25,pre_covid_2019,0.015151515151515152,0.0025252525252525255,0.06426735218508997,retrospective_airport_disruption_association
2019,RDU,destination,6537,98,9,6430,172,pre_covid_2019,0.01499158635459691,0.0013767783386874712,0.026749611197511663,retrospective_airport_disruption_association
2019,RDU,origin,6564,115,16,6433,193,pre_covid_2019,0.01751980499695308,0.002437538086532602,0.030001554484688327,retrospective_airport_disruption_association
2019,RFD,destination,82,0,0,82,2,pre_covid_2019,0.0,0.0,0.024390243902439025,retrospective_airport_disruption_association
2019,RFD,origin,85,0,0,85,4,pre_covid_2019,0.0,0.0,0.047058823529411764,retrospective_airport_disruption_association
2019,RHI,destination,95,0,3,92,1,pre_covid_2019,0.0,0.031578947368421054,0.010869565217391304,retrospective_airport_disruption_association
2019,RHI,origin,82,3,0,79,4,pre_covid_2019,0.036585365853658534,0.0,0.05063291139240506,retrospective_airport_disruption_association
2019,RIC,destination,2541,38,1,2502,81,pre_covid_2019,0.0149547422274695,0.0003935458480913026,0.03237410071942446,retrospective_airport_disruption_association
2019,RIC,origin,2433,33,6,2394,71,pre_covid_2019,0.013563501849568433,0.002466091245376079,0.029657477025898077,retrospective_airport_disruption_association
2019,RKS,destination,69,0,0,69,2,pre_covid_2019,0.0,0.0,0.028985507246376812,retrospective_airport_disruption_association
2019,RKS,origin,67,3,0,64,2,pre_covid_2019,0.04477611940298507,0.0,0.03125,retrospective_airport_disruption_association
2019,RNO,destination,2078,37,7,2034,42,pre_covid_2019,0.0178055822906641,0.003368623676612127,0.02064896755162242,retrospective_airport_disruption_association
2019,RNO,origin,2030,29,1,2000,37,pre_covid_2019,0.014285714285714285,0.0004926108374384236,0.0185,retrospective_airport_disruption_association
2019,ROA,destination,283,4,1,278,9,pre_covid_2019,0.014134275618374558,0.0035335689045936395,0.03237410071942446,retrospective_airport_disruption_association
2019,ROA,origin,310,4,2,304,12,pre_covid_2019,0.012903225806451613,0.0064516129032258064,0.039473684210526314,retrospective_airport_disruption_association
2019,ROC,destination,1586,36,0,1550,39,pre_covid_2019,0.02269861286254729,0.0,0.025161290322580646,retrospective_airport_disruption_association
2019,ROC,origin,1497,44,6,1447,55,pre_covid_2019,0.029392117568470273,0.004008016032064128,0.03800967519004837,retrospective_airport_disruption_association
2019,ROW,destination,152,4,0,148,1,pre_covid_2019,0.02631578947368421,0.0,0.006756756756756757,retrospective_airport_disruption_association
2019,ROW,origin,127,1,0,126,4,pre_covid_2019,0.007874015748031496,0.0,0.031746031746031744,retrospective_airport_disruption_association
2019,RST,destination,347,13,1,333,7,pre_covid_2019,0.037463976945244955,0.002881844380403458,0.021021021021021023,retrospective_airport_disruption_association
2019,RST,origin,343,18,1,324,6,pre_covid_2019,0.052478134110787174,0.0029154518950437317,0.018518518518518517,retrospective_airport_disruption_association
2019,RSW,destination,3583,33,8,3542,88,pre_covid_2019,0.009210159084566006,0.0022327658386826683,0.024844720496894408,retrospective_airport_disruption_association
2019,RSW,origin,3577,38,9,3530,89,pre_covid_2019,0.01062342745317305,0.002516074923119933,0.025212464589235126,retrospective_airport_disruption_association
2019,SAF,destination,190,2,3,185,5,pre_covid_2019,0.010526315789473684,0.015789473684210527,0.02702702702702703,retrospective_airport_disruption_association
2019,SAF,origin,173,6,2,165,4,pre_covid_2019,0.03468208092485549,0.011560693641618497,0.024242424242424242,retrospective_airport_disruption_association
2019,SAN,destination,9526,146,29,9351,133,pre_covid_2019,0.015326474910770523,0.00304429981104346,0.014223077745695648,retrospective_airport_disruption_association
2019,SAN,origin,9583,135,22,9426,157,pre_covid_2019,0.014087446519878952,0.002295732025461755,0.016656057712709525,retrospective_airport_disruption_association
2019,SAT,destination,4199,69,11,4119,91,pre_covid_2019,0.016432483924743987,0.002619671350321505,0.02209274095654285,retrospective_airport_disruption_association
2019,SAT,origin,4223,60,9,4154,80,pre_covid_2019,0.014207909069381956,0.002131186360407293,0.019258545979778528,retrospective_airport_disruption_association
2019,SAV,destination,1829,36,3,1790,54,pre_covid_2019,0.019682886823400764,0.0016402405686167304,0.030167597765363128,retrospective_airport_disruption_association
2019,SAV,origin,1840,36,10,1794,68,pre_covid_2019,0.01956521739130435,0.005434782608695652,0.0379041248606466,retrospective_airport_disruption_association
2019,SBA,destination,718,11,1,706,26,pre_covid_2019,0.01532033426183844,0.001392757660167131,0.036827195467422094,retrospective_airport_disruption_association
2019,SBA,origin,765,18,1,746,27,pre_covid_2019,0.023529411764705882,0.00130718954248366,0.036193029490616625,retrospective_airport_disruption_association
2019,SBN,destination,711,11,3,697,31,pre_covid_2019,0.015471167369901548,0.004219409282700422,0.04447632711621234,retrospective_airport_disruption_association
2019,SBN,origin,725,15,5,705,31,pre_covid_2019,0.020689655172413793,0.006896551724137931,0.04397163120567376,retrospective_airport_disruption_association
2019,SBP,destination,577,17,5,555,19,pre_covid_2019,0.029462738301559793,0.008665511265164644,0.03423423423423423,retrospective_airport_disruption_association
2019,SBP,origin,540,12,2,526,27,pre_covid_2019,0.022222222222222223,0.003703703703703704,0.051330798479087454,retrospective_airport_disruption_association
2019,SCC,destination,97,0,0,97,0,pre_covid_2019,0.0,0.0,0.0,retrospective_airport_disruption_association
2019,SCC,origin,111,2,1,108,0,pre_covid_2019,0.018018018018018018,0.009009009009009009,0.0,retrospective_airport_disruption_association
2019,SCE,destination,193,4,3,186,6,pre_covid_2019,0.02072538860103627,0.015544041450777202,0.03225806451612903,retrospective_airport_disruption_association
2019,SCE,origin,188,1,0,187,7,pre_covid_2019,0.005319148936170213,0.0,0.0374331550802139,retrospective_airport_disruption_association
2019,SCK,destination,94,0,0,94,1,pre_covid_2019,0.0,0.0,0.010638297872340425,retrospective_airport_disruption_association
2019,SCK,origin,97,0,0,97,3,pre_covid_2019,0.0,0.0,0.030927835051546393,retrospective_airport_disruption_association
2019,SDF,destination,2509,45,2,2462,57,pre_covid_2019,0.017935432443204464,0.0007971303308090873,0.0231519090170593,retrospective_airport_disruption_association
2019,SDF,origin,2521,26,6,2489,68,pre_covid_2019,0.010313367711225704,0.002380007933359778,0.027320208919244676,retrospective_airport_disruption_association
2019,SEA,destination,14547,141,24,14382,231,pre_covid_2019,0.009692720148484223,0.0016498247061249743,0.01606174384647476,retrospective_airport_disruption_association
2019,SEA,origin,14616,111,37,14468,238,pre_covid_2019,0.007594417077175698,0.0025314723590585658,0.01645009676527509,retrospective_airport_disruption_association
2019,SFB,destination,1071,4,0,1067,35,pre_covid_2019,0.003734827264239029,0.0,0.03280224929709466,retrospective_airport_disruption_association
2019,SFB,origin,1090,8,5,1077,23,pre_covid_2019,0.007339449541284404,0.0045871559633027525,0.02135561745589601,retrospective_airport_disruption_association
2019,SFO,destination,17428,351,46,17031,782,pre_covid_2019,0.020140004590314436,0.002639430801009869,0.04591627033057366,retrospective_airport_disruption_association
2019,SFO,origin,17654,377,48,17229,540,pre_covid_2019,0.021354933726067747,0.0027189305539821003,0.03134250391781299,retrospective_airport_disruption_association
2019,SGF,destination,875,18,2,855,17,pre_covid_2019,0.02057142857142857,0.002285714285714286,0.019883040935672516,retrospective_airport_disruption_association
2019,SGF,origin,856,13,9,834,33,pre_covid_2019,0.015186915887850467,0.010514018691588784,0.039568345323741004,retrospective_airport_disruption_association
2019,SGU,destination,282,3,3,276,4,pre_covid_2019,0.010638297872340425,0.010638297872340425,0.014492753623188406,retrospective_airport_disruption_association
2019,SGU,origin,272,0,0,272,5,pre_covid_2019,0.0,0.0,0.01838235294117647,retrospective_airport_disruption_association
2019,SHD,destination,59,0,1,58,8,pre_covid_2019,0.0,0.01694915254237288,0.13793103448275862,retrospective_airport_disruption_association
2019,SHD,origin,69,5,0,64,5,pre_covid_2019,0.07246376811594203,0.0,0.078125,retrospective_airport_disruption_association
2019,SHV,destination,724,13,6,705,11,pre_covid_2019,0.017955801104972375,0.008287292817679558,0.015602836879432624,retrospective_airport_disruption_association
2019,SHV,origin,715,17,1,697,16,pre_covid_2019,0.023776223776223775,0.0013986013986013986,0.02295552367288379,retrospective_airport_disruption_association
2019,SIT,destination,138,1,1,136,1,pre_covid_2019,0.007246376811594203,0.007246376811594203,0.007352941176470588,retrospective_airport_disruption_association
2019,SIT,origin,139,0,2,137,4,pre_covid_2019,0.0,0.014388489208633094,0.029197080291970802,retrospective_airport_disruption_association
2019,SJC,destination,6402,110,7,6285,74,pre_covid_2019,0.01718213058419244,0.0010934083099031554,0.011774065234685759,retrospective_airport_disruption_association
2019,SJC,origin,6387,121,13,6253,77,pre_covid_2019,0.018944731485830594,0.002035384374510725,0.01231408923716616,retrospective_airport_disruption_association
2019,SJT,destination,186,6,0,180,0,pre_covid_2019,0.03225806451612903,0.0,0.0,retrospective_airport_disruption_association
2019,SJT,origin,190,3,0,187,2,pre_covid_2019,0.015789473684210527,0.0,0.0106951871657754,retrospective_airport_disruption_association
2019,SJU,destination,2702,21,3,2678,86,pre_covid_2019,0.007772020725388601,0.0011102886750555144,0.03211351755041075,retrospective_airport_disruption_association
2019,SJU,origin,2645,18,8,2619,96,pre_covid_2019,0.006805293005671078,0.0030245746691871457,0.03665521191294387,retrospective_airport_disruption_association
2019,SLC,destination,11823,62,14,11747,228,pre_covid_2019,0.005244015901209507,0.0011841326228537595,0.019409210862347835,retrospective_airport_disruption_association
2019,SLC,origin,11790,49,50,11691,185,pre_covid_2019,0.004156064461407973,0.004240882103477523,0.0158241382259858,retrospective_airport_disruption_association
2019,SLN,destination,102,6,0,96,7,pre_covid_2019,0.058823529411764705,0.0,0.07291666666666667,retrospective_airport_disruption_association
2019,SLN,origin,99,9,2,88,3,pre_covid_2019,0.09090909090909091,0.020202020202020204,0.03409090909090909,retrospective_airport_disruption_association
2019,SMF,destination,5292,58,2,5232,88,pre_covid_2019,0.010959939531368102,0.0003779289493575208,0.016819571865443424,retrospective_airport_disruption_association
2019,SMF,origin,5244,83,7,5154,70,pre_covid_2019,0.015827612509534707,0.0013348588863463006,0.013581684128831975,retrospective_airport_disruption_association
2019,SMX,destination,24,0,1,23,0,pre_covid_2019,0.0,0.041666666666666664,0.0,retrospective_airport_disruption_association
2019,SMX,origin,17,0,0,17,1,pre_covid_2019,0.0,0.0,0.058823529411764705,retrospective_airport_disruption_association
2019,SNA,destination,4250,42,11,4197,37,pre_covid_2019,0.00988235294117647,0.0025882352941176473,0.00881582082439838,retrospective_airport_disruption_association
2019,SNA,origin,4054,47,19,3988,66,pre_covid_2019,0.011593487913172176,0.0046867291563887515,0.016549648946840523,retrospective_airport_disruption_association
2019,SPI,destination,184,7,2,175,11,pre_covid_2019,0.03804347826086957,0.010869565217391304,0.06285714285714286,retrospective_airport_disruption_association
2019,SPI,origin,179,9,0,170,5,pre_covid_2019,0.05027932960893855,0.0,0.029411764705882353,retrospective_airport_disruption_association
2019,SPN,destination,58,0,0,58,0,pre_covid_2019,0.0,0.0,0.0,retrospective_airport_disruption_association
2019,SPN,origin,45,0,0,45,1,pre_covid_2019,0.0,0.0,0.022222222222222223,retrospective_airport_disruption_association
2019,SPS,destination,135,9,1,125,1,pre_covid_2019,0.06666666666666667,0.007407407407407408,0.008,retrospective_airport_disruption_association
2019,SPS,origin,135,3,0,132,6,pre_covid_2019,0.022222222222222223,0.0,0.045454545454545456,retrospective_airport_disruption_association
2019,SRQ,destination,826,3,1,822,17,pre_covid_2019,0.0036319612590799033,0.0012106537530266344,0.02068126520681265,retrospective_airport_disruption_association
2019,SRQ,origin,845,4,1,840,27,pre_covid_2019,0.004733727810650888,0.001183431952662722,0.03214285714285714,retrospective_airport_disruption_association
2019,STC,destination,9,1,0,8,0,pre_covid_2019,0.1111111111111111,0.0,0.0,retrospective_airport_disruption_association
2019,STC,origin,13,1,0,12,0,pre_covid_2019,0.07692307692307693,0.0,0.0,retrospective_airport_disruption_association
2019,STL,destination,7003,154,13,6836,122,pre_covid_2019,0.021990575467656717,0.0018563472797372554,0.017846693973083673,retrospective_airport_disruption_association
2019,STL,origin,7059,178,20,6861,150,pre_covid_2019,0.025216036265760022,0.002833262501770789,0.021862702229995628,retrospective_airport_disruption_association
2019,STS,destination,283,12,1,270,8,pre_covid_2019,0.04240282685512368,0.0035335689045936395,0.02962962962962963,retrospective_airport_disruption_association
2019,STS,origin,296,16,0,280,5,pre_covid_2019,0.05405405405405406,0.0,0.017857142857142856,retrospective_airport_disruption_association
2019,STT,destination,417,1,2,414,13,pre_covid_2019,0.002398081534772182,0.004796163069544364,0.03140096618357488,retrospective_airport_disruption_association
2019,STT,origin,378,3,7,368,10,pre_covid_2019,0.007936507936507936,0.018518518518518517,0.02717391304347826,retrospective_airport_disruption_association
2019,STX,destination,98,0,0,98,0,pre_covid_2019,0.0,0.0,0.0,retrospective_airport_disruption_association
2019,STX,origin,86,0,0,86,0,pre_covid_2019,0.0,0.0,0.0,retrospective_airport_disruption_association
2019,SUN,destination,162,2,25,135,0,pre_covid_2019,0.012345679012345678,0.15432098765432098,0.0,retrospective_airport_disruption_association
2019,SUN,origin,172,27,0,145,3,pre_covid_2019,0.1569767441860465,0.0,0.020689655172413793,retrospective_airport_disruption_association
2019,SUX,destination,125,3,0,122,4,pre_covid_2019,0.024,0.0,0.03278688524590164,retrospective_airport_disruption_association
2019,SUX,origin,161,10,0,151,3,pre_covid_2019,0.062111801242236024,0.0,0.019867549668874173,retrospective_airport_disruption_association
2019,SWF,destination,180,0,0,180,7,pre_covid_2019,0.0,0.0,0.03888888888888889,retrospective_airport_disruption_association
2019,SWF,origin,163,4,2,157,11,pre_covid_2019,0.024539877300613498,0.012269938650306749,0.07006369426751592,retrospective_airport_disruption_association
2019,SWO,destination,82,1,2,79,0,pre_covid_2019,0.012195121951219513,0.024390243902439025,0.0,retrospective_airport_disruption_association
2019,SWO,origin,82,5,0,77,0,pre_covid_2019,0.06097560975609756,0.0,0.0,retrospective_airport_disruption_association
2019,SYR,destination,1459,35,6,1418,50,pre_covid_2019,0.023989033584647018,0.00411240575736806,0.03526093088857546,retrospective_airport_disruption_association
2019,SYR,origin,1381,49,5,1327,34,pre_covid_2019,0.03548153511947864,0.003620564808110065,0.02562170308967596,retrospective_airport_disruption_association
2019,TLH,destination,699,13,2,684,8,pre_covid_2019,0.01859799713876967,0.002861230329041488,0.011695906432748537,retrospective_airport_disruption_association
2019,TLH,origin,663,8,2,653,12,pre_covid_2019,0.012066365007541479,0.0030165912518853697,0.018376722817764167,retrospective_airport_disruption_association
2019,TOL,destination,222,5,0,217,4,pre_covid_2019,0.02252252252252252,0.0,0.018433179723502304,retrospective_airport_disruption_association
2019,TOL,origin,246,12,0,234,8,pre_covid_2019,0.04878048780487805,0.0,0.03418803418803419,retrospective_airport_disruption_association
2019,TPA,destination,7711,117,19,7575,186,pre_covid_2019,0.015173129295811178,0.0024640124497471143,0.024554455445544555,retrospective_airport_disruption_association
2019,TPA,origin,7665,104,16,7545,196,pre_covid_2019,0.013568166992824527,0.002087410306588389,0.025977468522200134,retrospective_airport_disruption_association
2019,TRI,destination,330,3,1,326,5,pre_covid_2019,0.00909090909090909,0.0030303030303030303,0.015337423312883436,retrospective_airport_disruption_association
2019,TRI,origin,275,4,0,271,8,pre_covid_2019,0.014545454545454545,0.0,0.02952029520295203,retrospective_airport_disruption_association
2019,TTN,destination,309,6,3,300,10,pre_covid_2019,0.019417475728155338,0.009708737864077669,0.03333333333333333,retrospective_airport_disruption_association
2019,TTN,origin,294,9,1,284,16,pre_covid_2019,0.030612244897959183,0.003401360544217687,0.056338028169014086,retrospective_airport_disruption_association
2019,TUL,destination,1759,25,6,1728,40,pre_covid_2019,0.014212620807276862,0.0034110289937464467,0.023148148148148147,retrospective_airport_disruption_association
2019,TUL,origin,1825,26,5,1794,48,pre_covid_2019,0.014246575342465753,0.0027397260273972603,0.026755852842809364,retrospective_airport_disruption_association
2019,TUS,destination,2001,18,3,1980,56,pre_covid_2019,0.008995502248875561,0.0014992503748125937,0.028282828282828285,retrospective_airport_disruption_association
2019,TUS,origin,1966,24,4,1938,44,pre_covid_2019,0.012207527975584944,0.002034587995930824,0.022703818369453045,retrospective_airport_disruption_association
2019,TVC,destination,467,14,0,453,15,pre_covid_2019,0.029978586723768737,0.0,0.033112582781456956,retrospective_airport_disruption_association
2019,TVC,origin,456,10,0,446,22,pre_covid_2019,0.021929824561403508,0.0,0.04932735426008968,retrospective_airport_disruption_association
2019,TWF,destination,122,0,0,122,2,pre_covid_2019,0.0,0.0,0.01639344262295082,retrospective_airport_disruption_association
2019,TWF,origin,128,0,0,128,4,pre_covid_2019,0.0,0.0,0.03125,retrospective_airport_disruption_association
2019,TXK,destination,141,7,0,134,2,pre_covid_2019,0.04964539007092199,0.0,0.014925373134328358,retrospective_airport_disruption_association
2019,TXK,origin,112,6,0,106,2,pre_covid_2019,0.05357142857142857,0.0,0.018867924528301886,retrospective_airport_disruption_association
2019,TYR,destination,167,3,1,163,2,pre_covid_2019,0.017964071856287425,0.005988023952095809,0.012269938650306749,retrospective_airport_disruption_association
2019,TYR,origin,137,2,0,135,3,pre_covid_2019,0.014598540145985401,0.0,0.022222222222222223,retrospective_airport_disruption_association
2019,TYS,destination,1863,31,5,1827,55,pre_covid_2019,0.016639828234031134,0.0026838432635534087,0.030103995621237,retrospective_airport_disruption_association
2019,TYS,origin,1813,30,6,1777,52,pre_covid_2019,0.01654715940430226,0.003309431880860452,0.029262802476083285,retrospective_airport_disruption_association
2019,UIN,destination,58,4,0,54,6,pre_covid_2019,0.06896551724137931,0.0,0.1111111111111111,retrospective_airport_disruption_association
2019,UIN,origin,52,5,1,46,4,pre_covid_2019,0.09615384615384616,0.019230769230769232,0.08695652173913043,retrospective_airport_disruption_association
2019,USA,destination,137,0,0,137,2,pre_covid_2019,0.0,0.0,0.014598540145985401,retrospective_airport_disruption_association
2019,USA,origin,153,0,0,153,1,pre_covid_2019,0.0,0.0,0.006535947712418301,retrospective_airport_disruption_association
2019,VEL,destination,59,3,0,56,3,pre_covid_2019,0.05084745762711865,0.0,0.05357142857142857,retrospective_airport_disruption_association
2019,VEL,origin,69,7,0,62,1,pre_covid_2019,0.10144927536231885,0.0,0.016129032258064516,retrospective_airport_disruption_association
2019,VLD,destination,102,0,0,102,1,pre_covid_2019,0.0,0.0,0.00980392156862745,retrospective_airport_disruption_association
2019,VLD,origin,111,0,0,111,6,pre_covid_2019,0.0,0.0,0.05405405405405406,retrospective_airport_disruption_association
2019,VPS,destination,941,10,1,930,23,pre_covid_2019,0.010626992561105207,0.0010626992561105207,0.024731182795698924,retrospective_airport_disruption_association
2019,VPS,origin,905,13,4,888,19,pre_covid_2019,0.014364640883977901,0.004419889502762431,0.021396396396396396,retrospective_airport_disruption_association
2019,WRG,destination,86,0,0,86,1,pre_covid_2019,0.0,0.0,0.011627906976744186,retrospective_airport_disruption_association
2019,WRG,origin,69,1,1,67,1,pre_covid_2019,0.014492753623188406,0.014492753623188406,0.014925373134328358,retrospective_airport_disruption_association
2019,WYS,destination,31,0,0,31,0,pre_covid_2019,0.0,0.0,0.0,retrospective_airport_disruption_association
2019,WYS,origin,32,0,0,32,0,pre_covid_2019,0.0,0.0,0.0,retrospective_airport_disruption_association
2019,XNA,destination,1385,22,3,1360,29,pre_covid_2019,0.01588447653429603,0.0021660649819494585,0.021323529411764706,retrospective_airport_disruption_association
2019,XNA,origin,1403,24,4,1375,58,pre_covid_2019,0.017106200997861726,0.002851033499643621,0.04218181818181818,retrospective_airport_disruption_association
2019,XWA,destination,17,0,0,17,2,pre_covid_2019,0.0,0.0,0.11764705882352941,retrospective_airport_disruption_association
2019,XWA,origin,20,0,0,20,0,pre_covid_2019,0.0,0.0,0.0,retrospective_airport_disruption_association
2019,YAK,destination,84,0,1,83,1,pre_covid_2019,0.0,0.011904761904761904,0.012048192771084338,retrospective_airport_disruption_association
2019,YAK,origin,60,1,0,59,1,pre_covid_2019,0.016666666666666666,0.0,0.01694915254237288,retrospective_airport_disruption_association
2019,YUM,destination,186,0,0,186,2,pre_covid_2019,0.0,0.0,0.010752688172043012,retrospective_airport_disruption_association
2019,YUM,origin,226,1,1,224,4,pre_covid_2019,0.004424778761061947,0.004424778761061947,0.017857142857142856,retrospective_airport_disruption_association
2020,ABE,destination,379,36,2,341,10,covid_shock_2020,0.09498680738786279,0.005277044854881266,0.02932551319648094,retrospective_airport_disruption_association
2020,ABE,origin,360,32,1,327,15,covid_shock_2020,0.08888888888888889,0.002777777777777778,0.045871559633027525,retrospective_airport_disruption_association
2020,ABI,destination,177,5,0,172,2,covid_shock_2020,0.02824858757062147,0.0,0.011627906976744186,retrospective_airport_disruption_association
2020,ABI,origin,173,5,0,168,3,covid_shock_2020,0.028901734104046242,0.0,0.017857142857142856,retrospective_airport_disruption_association
2020,ABQ,destination,1654,101,4,1549,8,covid_shock_2020,0.06106408706166868,0.0024183796856106408,0.005164622336991607,retrospective_airport_disruption_association
2020,ABQ,origin,1528,112,2,1414,9,covid_shock_2020,0.07329842931937172,0.0013089005235602095,0.006364922206506365,retrospective_airport_disruption_association
2020,ABR,destination,72,3,0,69,0,covid_shock_2020,0.041666666666666664,0.0,0.0,retrospective_airport_disruption_association
2020,ABR,origin,87,2,0,85,1,covid_shock_2020,0.022988505747126436,0.0,0.011764705882352941,retrospective_airport_disruption_association
2020,ABY,destination,76,0,0,76,1,covid_shock_2020,0.0,0.0,0.013157894736842105,retrospective_airport_disruption_association
2020,ABY,origin,86,4,0,82,1,covid_shock_2020,0.046511627906976744,0.0,0.012195121951219513,retrospective_airport_disruption_association
2020,ACK,destination,55,0,1,54,0,covid_shock_2020,0.0,0.01818181818181818,0.0,retrospective_airport_disruption_association
2020,ACK,origin,33,1,0,32,1,covid_shock_2020,0.030303030303030304,0.0,0.03125,retrospective_airport_disruption_association
2020,ACT,destination,120,11,0,109,1,covid_shock_2020,0.09166666666666666,0.0,0.009174311926605505,retrospective_airport_disruption_association
2020,ACT,origin,131,11,0,120,3,covid_shock_2020,0.08396946564885496,0.0,0.025,retrospective_airport_disruption_association
2020,ACV,destination,138,6,1,131,1,covid_shock_2020,0.043478260869565216,0.007246376811594203,0.007633587786259542,retrospective_airport_disruption_association
2020,ACV,origin,113,9,0,104,4,covid_shock_2020,0.07964601769911504,0.0,0.038461538461538464,retrospective_airport_disruption_association
2020,ACY,destination,180,12,0,168,3,covid_shock_2020,0.06666666666666667,0.0,0.017857142857142856,retrospective_airport_disruption_association
2020,ACY,origin,168,5,1,162,3,covid_shock_2020,0.02976190476190476,0.005952380952380952,0.018518518518518517,retrospective_airport_disruption_association
2020,ADK,destination,14,1,1,12,0,covid_shock_2020,0.07142857142857142,0.07142857142857142,0.0,retrospective_airport_disruption_association
2020,ADK,origin,10,0,0,10,0,covid_shock_2020,0.0,0.0,0.0,retrospective_airport_disruption_association
2020,ADQ,destination,58,4,0,54,0,covid_shock_2020,0.06896551724137931,0.0,0.0,retrospective_airport_disruption_association
2020,ADQ,origin,52,3,0,49,0,covid_shock_2020,0.057692307692307696,0.0,0.0,retrospective_airport_disruption_association
2020,AEX,destination,255,5,3,247,2,covid_shock_2020,0.0196078431372549,0.011764705882352941,0.008097165991902834,retrospective_airport_disruption_association
2020,AEX,origin,229,11,0,218,5,covid_shock_2020,0.048034934497816595,0.0,0.022935779816513763,retrospective_airport_disruption_association
2020,AGS,destination,356,12,1,343,1,covid_shock_2020,0.033707865168539325,0.0028089887640449437,0.0029154518950437317,retrospective_airport_disruption_association
2020,AGS,origin,331,20,0,311,5,covid_shock_2020,0.06042296072507553,0.0,0.01607717041800643,retrospective_airport_disruption_association
2020,AKN,destination,17,1,0,16,0,covid_shock_2020,0.058823529411764705,0.0,0.0,retrospective_airport_disruption_association
2020,AKN,origin,19,0,0,19,0,covid_shock_2020,0.0,0.0,0.0,retrospective_airport_disruption_association
2020,ALB,destination,832,79,1,752,9,covid_shock_2020,0.09495192307692307,0.001201923076923077,0.011968085106382979,retrospective_airport_disruption_association
2020,ALB,origin,743,84,0,659,4,covid_shock_2020,0.11305518169582772,0.0,0.006069802731411229,retrospective_airport_disruption_association
2020,ALO,destination,47,2,0,45,1,covid_shock_2020,0.0425531914893617,0.0,0.022222222222222223,retrospective_airport_disruption_association
2020,ALO,origin,57,5,0,52,2,covid_shock_2020,0.08771929824561403,0.0,0.038461538461538464,retrospective_airport_disruption_association
2020,ALS,destination,12,1,0,11,0,covid_shock_2020,0.08333333333333333,0.0,0.0,retrospective_airport_disruption_association
2020,ALS,origin,7,1,0,6,0,covid_shock_2020,0.14285714285714285,0.0,0.0,retrospective_airport_disruption_association
2020,AMA,destination,409,30,2,377,6,covid_shock_2020,0.07334963325183375,0.004889975550122249,0.015915119363395226,retrospective_airport_disruption_association
2020,AMA,origin,356,22,0,334,4,covid_shock_2020,0.06179775280898876,0.0,0.011976047904191617,retrospective_airport_disruption_association
2020,ANC,destination,1296,33,0,1263,11,covid_shock_2020,0.02546296296296296,0.0,0.00870942201108472,retrospective_airport_disruption_association
2020,ANC,origin,1253,24,2,1227,5,covid_shock_2020,0.019154030327214685,0.0015961691939345571,0.004074979625101874,retrospective_airport_disruption_association
2020,APN,destination,64,2,0,62,3,covid_shock_2020,0.03125,0.0,0.04838709677419355,retrospective_airport_disruption_association
2020,APN,origin,66,0,0,66,2,covid_shock_2020,0.0,0.0,0.030303030303030304,retrospective_airport_disruption_association
2020,ASE,destination,513,48,10,455,25,covid_shock_2020,0.0935672514619883,0.01949317738791423,0.054945054945054944,retrospective_airport_disruption_association
2020,ASE,origin,489,52,2,435,23,covid_shock_2020,0.10633946830265849,0.00408997955010225,0.052873563218390804,retrospective_airport_disruption_association
2020,ATL,destination,26029,1243,44,24742,252,covid_shock_2020,0.04775442775365938,0.0016904222213684737,0.010185110338695336,retrospective_airport_disruption_association
2020,ATL,origin,26065,1206,46,24813,183,covid_shock_2020,0.04626894302704777,0.0017648187224247075,0.007375166243501391,retrospective_airport_disruption_association
2020,ATW,destination,377,29,3,345,5,covid_shock_2020,0.07692307692307693,0.007957559681697613,0.014492753623188406,retrospective_airport_disruption_association
2020,ATW,origin,337,14,0,323,3,covid_shock_2020,0.04154302670623145,0.0,0.009287925696594427,retrospective_airport_disruption_association
2020,ATY,destination,49,2,1,46,0,covid_shock_2020,0.04081632653061224,0.02040816326530612,0.0,retrospective_airport_disruption_association
2020,ATY,origin,50,6,0,44,1,covid_shock_2020,0.12,0.0,0.022727272727272728,retrospective_airport_disruption_association
2020,AUS,destination,3960,260,5,3695,29,covid_shock_2020,0.06565656565656566,0.0012626262626262627,0.007848443843031122,retrospective_airport_disruption_association
2020,AUS,origin,3940,260,6,3674,30,covid_shock_2020,0.06598984771573604,0.0015228426395939086,0.008165487207403375,retrospective_airport_disruption_association
2020,AVL,destination,689,87,5,597,9,covid_shock_2020,0.1262699564586357,0.00725689404934688,0.01507537688442211,retrospective_airport_disruption_association
2020,AVL,origin,687,63,0,624,13,covid_shock_2020,0.09170305676855896,0.0,0.020833333333333332,retrospective_airport_disruption_association
2020,AVP,destination,197,17,0,180,2,covid_shock_2020,0.08629441624365482,0.0,0.011111111111111112,retrospective_airport_disruption_association
2020,AVP,origin,196,5,0,191,6,covid_shock_2020,0.025510204081632654,0.0,0.031413612565445025,retrospective_airport_disruption_association
2020,AZA,destination,531,53,2,476,15,covid_shock_2020,0.09981167608286252,0.003766478342749529,0.031512605042016806,retrospective_airport_disruption_association
2020,AZA,origin,529,42,5,482,5,covid_shock_2020,0.07939508506616257,0.00945179584120983,0.01037344398340249,retrospective_airport_disruption_association
2020,AZO,destination,206,10,1,195,2,covid_shock_2020,0.04854368932038835,0.0048543689320388345,0.010256410256410256,retrospective_airport_disruption_association
2020,AZO,origin,186,10,0,176,4,covid_shock_2020,0.053763440860215055,0.0,0.022727272727272728,retrospective_airport_disruption_association
2020,BDL,destination,1652,103,1,1548,18,covid_shock_2020,0.06234866828087167,0.0006053268765133172,0.011627906976744186,retrospective_airport_disruption_association
2020,BDL,origin,1680,109,4,1567,17,covid_shock_2020,0.06488095238095239,0.002380952380952381,0.010848755583918315,retrospective_airport_disruption_association
2020,BET,destination,46,3,0,43,1,covid_shock_2020,0.06521739130434782,0.0,0.023255813953488372,retrospective_airport_disruption_association
2020,BET,origin,54,2,0,52,1,covid_shock_2020,0.037037037037037035,0.0,0.019230769230769232,retrospective_airport_disruption_association
2020,BFF,destination,57,0,0,57,0,covid_shock_2020,0.0,0.0,0.0,retrospective_airport_disruption_association
2020,BFF,origin,65,0,0,65,3,covid_shock_2020,0.0,0.0,0.046153846153846156,retrospective_airport_disruption_association
2020,BFL,destination,214,5,0,209,5,covid_shock_2020,0.02336448598130841,0.0,0.023923444976076555,retrospective_airport_disruption_association
2020,BFL,origin,219,9,0,210,7,covid_shock_2020,0.0410958904109589,0.0,0.03333333333333333,retrospective_airport_disruption_association
2020,BFM,destination,5,0,0,5,0,covid_shock_2020,0.0,0.0,0.0,retrospective_airport_disruption_association
2020,BFM,origin,5,0,0,5,0,covid_shock_2020,0.0,0.0,0.0,retrospective_airport_disruption_association
2020,BGM,destination,42,3,0,39,1,covid_shock_2020,0.07142857142857142,0.0,0.02564102564102564,retrospective_airport_disruption_association
2020,BGM,origin,53,1,0,52,5,covid_shock_2020,0.018867924528301886,0.0,0.09615384615384616,retrospective_airport_disruption_association
2020,BGR,destination,213,20,1,192,3,covid_shock_2020,0.09389671361502347,0.004694835680751174,0.015625,retrospective_airport_disruption_association
2020,BGR,origin,230,17,0,213,9,covid_shock_2020,0.07391304347826087,0.0,0.04225352112676056,retrospective_airport_disruption_association
2020,BHM,destination,1170,76,2,1092,8,covid_shock_2020,0.06495726495726496,0.0017094017094017094,0.007326007326007326,retrospective_airport_disruption_association
2020,BHM,origin,1225,79,2,1144,13,covid_shock_2020,0.06448979591836734,0.0016326530612244899,0.011363636363636364,retrospective_airport_disruption_association
2020,BIL,destination,358,7,4,347,0,covid_shock_2020,0.019553072625698324,0.0111731843575419,0.0,retrospective_airport_disruption_association
2020,BIL,origin,320,9,1,310,4,covid_shock_2020,0.028125,0.003125,0.012903225806451613,retrospective_airport_disruption_association
2020,BIS,destination,333,13,1,319,3,covid_shock_2020,0.03903903903903904,0.003003003003003003,0.009404388714733543,retrospective_airport_disruption_association
2020,BIS,origin,313,16,1,296,7,covid_shock_2020,0.051118210862619806,0.003194888178913738,0.02364864864864865,retrospective_airport_disruption_association
2020,BJI,destination,71,4,0,67,1,covid_shock_2020,0.056338028169014086,0.0,0.014925373134328358,retrospective_airport_disruption_association
2020,BJI,origin,75,2,0,73,2,covid_shock_2020,0.02666666666666667,0.0,0.0273972602739726,retrospective_airport_disruption_association
2020,BKG,destination,6,0,0,6,0,covid_shock_2020,0.0,0.0,0.0,retrospective_airport_disruption_association
2020,BKG,origin,9,0,0,9,0,covid_shock_2020,0.0,0.0,0.0,retrospective_airport_disruption_association
2020,BLI,destination,90,20,1,69,3,covid_shock_2020,0.2222222222222222,0.011111111111111112,0.043478260869565216,retrospective_airport_disruption_association
2020,BLI,origin,87,19,0,68,3,covid_shock_2020,0.21839080459770116,0.0,0.04411764705882353,retrospective_airport_disruption_association
2020,BLV,destination,103,15,0,88,1,covid_shock_2020,0.14563106796116504,0.0,0.011363636363636364,retrospective_airport_disruption_association
2020,BLV,origin,119,21,1,97,5,covid_shock_2020,0.17647058823529413,0.008403361344537815,0.05154639175257732,retrospective_airport_disruption_association
2020,BMI,destination,204,9,0,195,2,covid_shock_2020,0.04411764705882353,0.0,0.010256410256410256,retrospective_airport_disruption_association
2020,BMI,origin,203,9,0,194,5,covid_shock_2020,0.04433497536945813,0.0,0.02577319587628866,retrospective_airport_disruption_association
2020,BNA,destination,5907,405,2,5500,34,covid_shock_2020,0.06856272219400711,0.00033858134416793635,0.0061818181818181816,retrospective_airport_disruption_association
2020,BNA,origin,5975,396,5,5574,44,covid_shock_2020,0.06627615062761506,0.0008368200836820083,0.007893792608539648,retrospective_airport_disruption_association
2020,BOI,destination,1513,49,0,1464,11,covid_shock_2020,0.03238598810310641,0.0,0.007513661202185792,retrospective_airport_disruption_association
2020,BOI,origin,1497,48,2,1447,13,covid_shock_2020,0.03206412825651302,0.0013360053440213762,0.008984105044920525,retrospective_airport_disruption_association
2020,BOS,destination,7552,496,5,7051,78,covid_shock_2020,0.06567796610169492,0.0006620762711864406,0.011062260672245071,retrospective_airport_disruption_association
2020,BOS,origin,7514,448,13,7053,73,covid_shock_2020,0.05962203886079319,0.0017301038062283738,0.010350205586275344,retrospective_airport_disruption_association
2020,BPT,destination,64,4,0,60,0,covid_shock_2020,0.0625,0.0,0.0,retrospective_airport_disruption_association
2020,BPT,origin,71,4,0,67,1,covid_shock_2020,0.056338028169014086,0.0,0.014925373134328358,retrospective_airport_disruption_association
2020,BQK,destination,80,1,0,79,0,covid_shock_2020,0.0125,0.0,0.0,retrospective_airport_disruption_association
2020,BQK,origin,84,2,0,82,1,covid_shock_2020,0.023809523809523808,0.0,0.012195121951219513,retrospective_airport_disruption_association
2020,BQN,destination,63,6,0,57,3,covid_shock_2020,0.09523809523809523,0.0,0.05263157894736842,retrospective_airport_disruption_association
2020,BQN,origin,69,6,0,63,3,covid_shock_2020,0.08695652173913043,0.0,0.047619047619047616,retrospective_airport_disruption_association
2020,BRD,destination,57,2,0,55,0,covid_shock_2020,0.03508771929824561,0.0,0.0,retrospective_airport_disruption_association
2020,BRD,origin,60,0,0,60,3,covid_shock_2020,0.0,0.0,0.05,retrospective_airport_disruption_association
2020,BRO,destination,161,7,0,154,0,covid_shock_2020,0.043478260869565216,0.0,0.0,retrospective_airport_disruption_association
2020,BRO,origin,169,6,1,162,1,covid_shock_2020,0.03550295857988166,0.005917159763313609,0.006172839506172839,retrospective_airport_disruption_association
2020,BRW,destination,38,1,0,37,2,covid_shock_2020,0.02631578947368421,0.0,0.05405405405405406,retrospective_airport_disruption_association
2020,BRW,origin,46,2,0,44,0,covid_shock_2020,0.043478260869565216,0.0,0.0,retrospective_airport_disruption_association
2020,BTM,destination,71,3,1,67,0,covid_shock_2020,0.04225352112676056,0.014084507042253521,0.0,retrospective_airport_disruption_association
2020,BTM,origin,85,4,0,81,2,covid_shock_2020,0.047058823529411764,0.0,0.024691358024691357,retrospective_airport_disruption_association
2020,BTR,destination,508,32,0,476,2,covid_shock_2020,0.06299212598425197,0.0,0.004201680672268907,retrospective_airport_disruption_association
2020,BTR,origin,429,16,0,413,10,covid_shock_2020,0.037296037296037296,0.0,0.024213075060532687,retrospective_airport_disruption_association
2020,BTV,destination,412,34,2,376,1,covid_shock_2020,0.0825242718446602,0.0048543689320388345,0.0026595744680851063,retrospective_airport_disruption_association
2020,BTV,origin,440,32,1,407,6,covid_shock_2020,0.07272727272727272,0.0022727272727272726,0.014742014742014743,retrospective_airport_disruption_association
2020,BUF,destination,1282,124,0,1158,11,covid_shock_2020,0.0967238689547582,0.0,0.009499136442141624,retrospective_airport_disruption_association
2020,BUF,origin,1293,104,1,1188,17,covid_shock_2020,0.08043310131477185,0.0007733952049497294,0.01430976430976431,retrospective_airport_disruption_association
2020,BUR,destination,1868,171,2,1695,7,covid_shock_2020,0.09154175588865096,0.0010706638115631692,0.004129793510324484,retrospective_airport_disruption_association
2020,BUR,origin,1838,184,2,1652,17,covid_shock_2020,0.10010881392818281,0.001088139281828074,0.010290556900726392,retrospective_airport_disruption_association
2020,BWI,destination,7308,487,10,6811,23,covid_shock_2020,0.06663929939792008,0.0013683634373289546,0.003376890324475114,retrospective_airport_disruption_association
2020,BWI,origin,7297,510,8,6779,45,covid_shock_2020,0.06989173632999864,0.001096340962039194,0.006638147219353887,retrospective_airport_disruption_association
2020,BZN,destination,641,27,3,611,6,covid_shock_2020,0.0421216848673947,0.0046801872074883,0.009819967266775777,retrospective_airport_disruption_association
2020,BZN,origin,623,24,1,598,12,covid_shock_2020,0.038523274478330656,0.0016051364365971107,0.020066889632107024,retrospective_airport_disruption_association
2020,CAE,destination,480,30,0,450,3,covid_shock_2020,0.0625,0.0,0.006666666666666667,retrospective_airport_disruption_association
2020,CAE,origin,512,29,1,482,8,covid_shock_2020,0.056640625,0.001953125,0.016597510373443983,retrospective_airport_disruption_association
2020,CAK,destination,274,14,0,260,5,covid_shock_2020,0.051094890510948905,0.0,0.019230769230769232,retrospective_airport_disruption_association
2020,CAK,origin,284,7,0,277,5,covid_shock_2020,0.02464788732394366,0.0,0.018050541516245487,retrospective_airport_disruption_association
2020,CDB,destination,10,0,0,10,0,covid_shock_2020,0.0,0.0,0.0,retrospective_airport_disruption_association
2020,CDB,origin,12,1,0,11,0,covid_shock_2020,0.08333333333333333,0.0,0.0,retrospective_airport_disruption_association
2020,CDC,destination,45,0,0,45,0,covid_shock_2020,0.0,0.0,0.0,retrospective_airport_disruption_association
2020,CDC,origin,48,1,0,47,2,covid_shock_2020,0.020833333333333332,0.0,0.0425531914893617,retrospective_airport_disruption_association
2020,CDV,destination,72,3,1,68,0,covid_shock_2020,0.041666666666666664,0.013888888888888888,0.0,retrospective_airport_disruption_association
2020,CDV,origin,73,2,2,69,1,covid_shock_2020,0.0273972602739726,0.0273972602739726,0.014492753623188406,retrospective_airport_disruption_association
2020,CGI,destination,54,4,1,49,3,covid_shock_2020,0.07407407407407407,0.018518518518518517,0.061224489795918366,retrospective_airport_disruption_association
2020,CGI,origin,72,5,1,66,3,covid_shock_2020,0.06944444444444445,0.013888888888888888,0.045454545454545456,retrospective_airport_disruption_association
2020,CHA,destination,497,23,1,473,6,covid_shock_2020,0.04627766599597585,0.002012072434607646,0.012684989429175475,retrospective_airport_disruption_association
2020,CHA,origin,518,28,0,490,13,covid_shock_2020,0.05405405405405406,0.0,0.026530612244897958,retrospective_airport_disruption_association
2020,CHO,destination,337,22,0,315,6,covid_shock_2020,0.06528189910979229,0.0,0.01904761904761905,retrospective_airport_disruption_association
2020,CHO,origin,322,20,0,302,5,covid_shock_2020,0.062111801242236024,0.0,0.016556291390728478,retrospective_airport_disruption_association
2020,CHS,destination,1602,126,2,1474,13,covid_shock_2020,0.07865168539325842,0.0012484394506866417,0.008819538670284939,retrospective_airport_disruption_association
2020,CHS,origin,1590,117,0,1473,18,covid_shock_2020,0.07358490566037736,0.0,0.012219959266802444,retrospective_airport_disruption_association
2020,CID,destination,660,50,4,606,8,covid_shock_2020,0.07575757575757576,0.006060606060606061,0.013201320132013201,retrospective_airport_disruption_association
2020,CID,origin,645,44,0,601,13,covid_shock_2020,0.06821705426356589,0.0,0.021630615640599003,retrospective_airport_disruption_association
2020,CIU,destination,68,1,0,67,0,covid_shock_2020,0.014705882352941176,0.0,0.0,retrospective_airport_disruption_association
2020,CIU,origin,74,0,0,74,3,covid_shock_2020,0.0,0.0,0.04054054054054054,retrospective_airport_disruption_association
2020,CKB,destination,73,2,0,71,2,covid_shock_2020,0.0273972602739726,0.0,0.028169014084507043,retrospective_airport_disruption_association
2020,CKB,origin,87,4,0,83,5,covid_shock_2020,0.04597701149425287,0.0,0.060240963855421686,retrospective_airport_disruption_association
2020,CLE,destination,2826,158,2,2666,22,covid_shock_2020,0.055909412597310686,0.0007077140835102619,0.008252063015753939,retrospective_airport_disruption_association
2020,CLE,origin,2825,143,3,2679,36,covid_shock_2020,0.05061946902654867,0.0010619469026548673,0.013437849944008958,retrospective_airport_disruption_association
2020,CLL,destination,150,8,0,142,1,covid_shock_2020,0.05333333333333334,0.0,0.007042253521126761,retrospective_airport_disruption_association
2020,CLL,origin,157,12,0,145,2,covid_shock_2020,0.07643312101910828,0.0,0.013793103448275862,retrospective_airport_disruption_association
2020,CLT,destination,17811,1040,21,16750,229,covid_shock_2020,0.05839088203918927,0.0011790466565605525,0.013671641791044777,retrospective_airport_disruption_association
2020,CLT,origin,17178,1033,29,16116,167,covid_shock_2020,0.060135056467574804,0.0016882058446850623,0.010362372797220154,retrospective_airport_disruption_association
2020,CMH,destination,2778,135,2,2641,16,covid_shock_2020,0.04859611231101512,0.0007199424046076314,0.00605831124574025,retrospective_airport_disruption_association
2020,CMH,origin,2785,165,1,2619,32,covid_shock_2020,0.059245960502693,0.0003590664272890485,0.012218403970981291,retrospective_airport_disruption_association
2020,CMI,destination,161,14,0,147,2,covid_shock_2020,0.08695652173913043,0.0,0.013605442176870748,retrospective_airport_disruption_association
2020,CMI,origin,131,7,0,124,0,covid_shock_2020,0.05343511450381679,0.0,0.0,retrospective_airport_disruption_association
2020,CMX,destination,64,3,1,60,1,covid_shock_2020,0.046875,0.015625,0.016666666666666666,retrospective_airport_disruption_association
2020,CMX,origin,65,1,0,64,5,covid_shock_2020,0.015384615384615385,0.0,0.078125,retrospective_airport_disruption_association
2020,CNY,destination,61,1,0,60,0,covid_shock_2020,0.01639344262295082,0.0,0.0,retrospective_airport_disruption_association
2020,CNY,origin,50,4,0,46,2,covid_shock_2020,0.08,0.0,0.043478260869565216,retrospective_airport_disruption_association
2020,COD,destination,57,3,0,54,0,covid_shock_2020,0.05263157894736842,0.0,0.0,retrospective_airport_disruption_association
2020,COD,origin,63,0,0,63,3,covid_shock_2020,0.0,0.0,0.047619047619047616,retrospective_airport_disruption_association
2020,COS,destination,647,13,0,634,9,covid_shock_2020,0.02009273570324575,0.0,0.014195583596214511,retrospective_airport_disruption_association
2020,COS,origin,648,25,0,623,13,covid_shock_2020,0.038580246913580245,0.0,0.02086677367576244,retrospective_airport_disruption_association
2020,COU,destination,153,14,0,139,0,covid_shock_2020,0.0915032679738562,0.0,0.0,retrospective_airport_disruption_association
2020,COU,origin,120,11,0,109,1,covid_shock_2020,0.09166666666666666,0.0,0.009174311926605505,retrospective_airport_disruption_association
2020,CPR,destination,159,6,1,152,1,covid_shock_2020,0.03773584905660377,0.006289308176100629,0.006578947368421052,retrospective_airport_disruption_association
2020,CPR,origin,153,5,0,148,0,covid_shock_2020,0.032679738562091505,0.0,0.0,retrospective_airport_disruption_association
2020,CRP,destination,389,27,0,362,2,covid_shock_2020,0.06940874035989718,0.0,0.0055248618784530384,retrospective_airport_disruption_association
2020,CRP,origin,368,32,0,336,3,covid_shock_2020,0.08695652173913043,0.0,0.008928571428571428,retrospective_airport_disruption_association
2020,CRW,destination,280,15,3,262,4,covid_shock_2020,0.05357142857142857,0.010714285714285714,0.015267175572519083,retrospective_airport_disruption_association
2020,CRW,origin,304,12,1,291,5,covid_shock_2020,0.039473684210526314,0.003289473684210526,0.01718213058419244,retrospective_airport_disruption_association
2020,CSG,destination,78,3,0,75,0,covid_shock_2020,0.038461538461538464,0.0,0.0,retrospective_airport_disruption_association
2020,CSG,origin,81,5,0,76,0,covid_shock_2020,0.06172839506172839,0.0,0.0,retrospective_airport_disruption_association
2020,CVG,destination,2945,194,0,2751,32,covid_shock_2020,0.06587436332767402,0.0,0.011632133769538349,retrospective_airport_disruption_association
2020,CVG,origin,2842,178,3,2661,41,covid_shock_2020,0.06263194933145672,0.001055594651653765,0.015407741450582487,retrospective_airport_disruption_association
2020,CWA,destination,140,4,0,136,0,covid_shock_2020,0.02857142857142857,0.0,0.0,retrospective_airport_disruption_association
2020,CWA,origin,147,10,0,137,1,covid_shock_2020,0.06802721088435375,0.0,0.0072992700729927005,retrospective_airport_disruption_association
2020,CYS,destination,9,0,0,9,1,covid_shock_2020,0.0,0.0,0.1111111111111111,retrospective_airport_disruption_association
2020,CYS,origin,9,0,0,9,1,covid_shock_2020,0.0,0.0,0.1111111111111111,retrospective_airport_disruption_association
2020,DAB,destination,253,15,0,238,1,covid_shock_2020,0.05928853754940711,0.0,0.004201680672268907,retrospective_airport_disruption_association
2020,DAB,origin,243,12,0,231,7,covid_shock_2020,0.04938271604938271,0.0,0.030303030303030304,retrospective_airport_disruption_association
2020,DAL,destination,5463,451,13,4999,20,covid_shock_2020,0.08255537250594912,0.0023796448837635,0.004000800160032006,retrospective_airport_disruption_association
2020,DAL,origin,5437,435,8,4994,6,covid_shock_2020,0.08000735699834467,0.0014713996689350744,0.0012014417300760913,retrospective_airport_disruption_association
2020,DAY,destination,806,41,0,765,22,covid_shock_2020,0.05086848635235732,0.0,0.02875816993464052,retrospective_airport_disruption_association
2020,DAY,origin,742,41,0,701,20,covid_shock_2020,0.05525606469002695,0.0,0.028530670470756064,retrospective_airport_disruption_association
2020,DBQ,destination,41,1,0,40,2,covid_shock_2020,0.024390243902439025,0.0,0.05,retrospective_airport_disruption_association
2020,DBQ,origin,54,1,0,53,0,covid_shock_2020,0.018518518518518517,0.0,0.0,retrospective_airport_disruption_association
2020,DCA,destination,6657,513,7,6137,66,covid_shock_2020,0.07706173952230734,0.0010515247108307045,0.010754440280267232,retrospective_airport_disruption_association
2020,DCA,origin,6654,525,9,6120,73,covid_shock_2020,0.07889990982867448,0.001352569882777277,0.011928104575163398,retrospective_airport_disruption_association
2020,DDC,destination,44,1,0,43,0,covid_shock_2020,0.022727272727272728,0.0,0.0,retrospective_airport_disruption_association
2020,DDC,origin,51,1,0,50,1,covid_shock_2020,0.0196078431372549,0.0,0.02,retrospective_airport_disruption_association
2020,DEC,destination,45,1,0,44,1,covid_shock_2020,0.022222222222222223,0.0,0.022727272727272728,retrospective_airport_disruption_association
2020,DEC,origin,45,2,0,43,1,covid_shock_2020,0.044444444444444446,0.0,0.023255813953488372,retrospective_airport_disruption_association
2020,DEN,destination,20170,1133,24,19013,236,covid_shock_2020,0.056172533465542886,0.0011898859692612792,0.012412559827486456,retrospective_airport_disruption_association
2020,DEN,origin,20344,1101,35,19208,148,covid_shock_2020,0.05411915060951632,0.001720408965788439,0.0077051228654727195,retrospective_airport_disruption_association
2020,DFW,destination,22946,1234,63,21649,345,covid_shock_2020,0.0537784363287719,0.002745576571079927,0.01593607095015936,retrospective_airport_disruption_association
2020,DFW,origin,23207,1198,34,21975,290,covid_shock_2020,0.051622355323824705,0.0014650751928297497,0.013196814562002276,retrospective_airport_disruption_association
2020,DHN,destination,91,2,0,89,2,covid_shock_2020,0.02197802197802198,0.0,0.02247191011235955,retrospective_airport_disruption_association
2020,DHN,origin,92,1,0,91,2,covid_shock_2020,0.010869565217391304,0.0,0.02197802197802198,retrospective_airport_disruption_association
2020,DIK,destination,28,1,0,27,1,covid_shock_2020,0.03571428571428571,0.0,0.037037037037037035,retrospective_airport_disruption_association
2020,DIK,origin,29,0,0,29,2,covid_shock_2020,0.0,0.0,0.06896551724137931,retrospective_airport_disruption_association
2020,DLG,destination,16,0,0,16,0,covid_shock_2020,0.0,0.0,0.0,retrospective_airport_disruption_association
2020,DLG,origin,16,0,0,16,0,covid_shock_2020,0.0,0.0,0.0,retrospective_airport_disruption_association
2020,DLH,destination,203,14,0,189,0,covid_shock_2020,0.06896551724137931,0.0,0.0,retrospective_airport_disruption_association
2020,DLH,origin,181,15,1,165,2,covid_shock_2020,0.08287292817679558,0.0055248618784530384,0.012121212121212121,retrospective_airport_disruption_association
2020,DRO,destination,294,17,2,275,2,covid_shock_2020,0.05782312925170068,0.006802721088435374,0.007272727272727273,retrospective_airport_disruption_association
2020,DRO,origin,258,13,1,244,4,covid_shock_2020,0.050387596899224806,0.003875968992248062,0.01639344262295082,retrospective_airport_disruption_association
2020,DRT,destination,44,2,0,42,0,covid_shock_2020,0.045454545454545456,0.0,0.0,retrospective_airport_disruption_association
2020,DRT,origin,47,1,0,46,2,covid_shock_2020,0.02127659574468085,0.0,0.043478260869565216,retrospective_airport_disruption_association
2020,DSM,destination,1139,77,2,1060,5,covid_shock_2020,0.06760316066725197,0.001755926251097454,0.0047169811320754715,retrospective_airport_disruption_association
2020,DSM,origin,1201,67,2,1132,18,covid_shock_2020,0.05578684429641965,0.0016652789342214821,0.015901060070671377,retrospective_airport_disruption_association
2020,DTW,destination,11216,415,10,10791,114,covid_shock_2020,0.03700071326676177,0.000891583452211127,0.0105643591882124,retrospective_airport_disruption_association
2020,DTW,origin,11119,427,15,10677,104,covid_shock_2020,0.038402734058818236,0.001349042180052163,0.00974056382879086,retrospective_airport_disruption_association
2020,DVL,destination,62,1,0,61,0,covid_shock_2020,0.016129032258064516,0.0,0.0,retrospective_airport_disruption_association
2020,DVL,origin,55,1,0,54,0,covid_shock_2020,0.01818181818181818,0.0,0.0,retrospective_airport_disruption_association
2020,EAR,destination,67,1,0,66,1,covid_shock_2020,0.014925373134328358,0.0,0.015151515151515152,retrospective_airport_disruption_association
2020,EAR,origin,68,3,1,64,1,covid_shock_2020,0.04411764705882353,0.014705882352941176,0.015625,retrospective_airport_disruption_association
2020,EAU,destination,84,4,1,79,3,covid_shock_2020,0.047619047619047616,0.011904761904761904,0.0379746835443038,retrospective_airport_disruption_association
2020,EAU,origin,66,1,0,65,1,covid_shock_2020,0.015151515151515152,0.0,0.015384615384615385,retrospective_airport_disruption_association
2020,ECP,destination,698,25,0,673,8,covid_shock_2020,0.03581661891117478,0.0,0.01188707280832095,retrospective_airport_disruption_association
2020,ECP,origin,671,41,2,628,5,covid_shock_2020,0.06110283159463487,0.0029806259314456036,0.007961783439490446,retrospective_airport_disruption_association
2020,EGE,destination,206,21,4,181,4,covid_shock_2020,0.10194174757281553,0.019417475728155338,0.022099447513812154,retrospective_airport_disruption_association
2020,EGE,origin,216,17,2,197,6,covid_shock_2020,0.0787037037037037,0.009259259259259259,0.030456852791878174,retrospective_airport_disruption_association
2020,EKO,destination,64,1,1,62,0,covid_shock_2020,0.015625,0.015625,0.0,retrospective_airport_disruption_association
2020,EKO,origin,62,1,0,61,1,covid_shock_2020,0.016129032258064516,0.0,0.01639344262295082,retrospective_airport_disruption_association
2020,ELM,destination,113,10,0,103,0,covid_shock_2020,0.08849557522123894,0.0,0.0,retrospective_airport_disruption_association
2020,ELM,origin,141,9,0,132,2,covid_shock_2020,0.06382978723404255,0.0,0.015151515151515152,retrospective_airport_disruption_association
2020,ELP,destination,1058,86,1,971,10,covid_shock_2020,0.08128544423440454,0.000945179584120983,0.010298661174047374,retrospective_airport_disruption_association
2020,ELP,origin,1111,81,1,1029,11,covid_shock_2020,0.07290729072907291,0.0009000900090009,0.010689990281827016,retrospective_airport_disruption_association
2020,ERI,destination,63,3,0,60,1,covid_shock_2020,0.047619047619047616,0.0,0.016666666666666666,retrospective_airport_disruption_association
2020,ERI,origin,60,2,0,58,2,covid_shock_2020,0.03333333333333333,0.0,0.034482758620689655,retrospective_airport_disruption_association
2020,ESC,destination,59,1,2,56,1,covid_shock_2020,0.01694915254237288,0.03389830508474576,0.017857142857142856,retrospective_airport_disruption_association
2020,ESC,origin,64,1,0,63,2,covid_shock_2020,0.015625,0.0,0.031746031746031744,retrospective_airport_disruption_association
2020,EUG,destination,509,17,0,492,4,covid_shock_2020,0.03339882121807466,0.0,0.008130081300813009,retrospective_airport_disruption_association
2020,EUG,origin,489,25,1,463,5,covid_shock_2020,0.05112474437627812,0.002044989775051125,0.01079913606911447,retrospective_airport_disruption_association
2020,EVV,destination,279,13,0,266,3,covid_shock_2020,0.04659498207885305,0.0,0.011278195488721804,retrospective_airport_disruption_association
2020,EVV,origin,289,17,0,272,1,covid_shock_2020,0.058823529411764705,0.0,0.003676470588235294,retrospective_airport_disruption_association
2020,EWN,destination,147,14,1,132,1,covid_shock_2020,0.09523809523809523,0.006802721088435374,0.007575757575757576,retrospective_airport_disruption_association
2020,EWN,origin,146,10,0,136,3,covid_shock_2020,0.0684931506849315,0.0,0.022058823529411766,retrospective_airport_disruption_association
2020,EWR,destination,6953,434,13,6506,106,covid_shock_2020,0.062419099669207535,0.001869696533870272,0.016292652935751613,retrospective_airport_disruption_association
2020,EWR,origin,6881,433,12,6436,85,covid_shock_2020,0.06292690015986048,0.0017439325679407063,0.013206960845245494,retrospective_airport_disruption_association
2020,EYW,destination,568,37,0,531,4,covid_shock_2020,0.06514084507042253,0.0,0.007532956685499058,retrospective_airport_disruption_association
2020,EYW,origin,537,35,2,500,5,covid_shock_2020,0.06517690875232775,0.0037243947858473,0.01,retrospective_airport_disruption_association
2020,FAI,destination,249,1,0,248,1,covid_shock_2020,0.004016064257028112,0.0,0.004032258064516129,retrospective_airport_disruption_association
2020,FAI,origin,288,2,0,286,2,covid_shock_2020,0.006944444444444444,0.0,0.006993006993006993,retrospective_airport_disruption_association
2020,FAR,destination,513,33,0,480,3,covid_shock_2020,0.06432748538011696,0.0,0.00625,retrospective_airport_disruption_association
2020,FAR,origin,452,35,1,416,7,covid_shock_2020,0.07743362831858407,0.0022123893805309734,0.016826923076923076,retrospective_airport_disruption_association
2020,FAT,destination,800,27,2,771,9,covid_shock_2020,0.03375,0.0025,0.011673151750972763,retrospective_airport_disruption_association
2020,FAT,origin,804,30,3,771,11,covid_shock_2020,0.03731343283582089,0.0037313432835820895,0.014267185473411154,retrospective_airport_disruption_association
2020,FAY,destination,284,13,1,270,1,covid_shock_2020,0.045774647887323945,0.0035211267605633804,0.003703703703703704,retrospective_airport_disruption_association
2020,FAY,origin,324,24,0,300,5,covid_shock_2020,0.07407407407407407,0.0,0.016666666666666666,retrospective_airport_disruption_association
2020,FCA,destination,360,10,1,349,3,covid_shock_2020,0.027777777777777776,0.002777777777777778,0.008595988538681949,retrospective_airport_disruption_association
2020,FCA,origin,296,11,1,284,3,covid_shock_2020,0.037162162162162164,0.0033783783783783786,0.01056338028169014,retrospective_airport_disruption_association
2020,FLG,destination,160,10,0,150,5,covid_shock_2020,0.0625,0.0,0.03333333333333333,retrospective_airport_disruption_association
2020,FLG,origin,182,13,0,169,4,covid_shock_2020,0.07142857142857142,0.0,0.023668639053254437,retrospective_airport_disruption_association
2020,FLL,destination,6624,398,5,6221,61,covid_shock_2020,0.060084541062801936,0.0007548309178743961,0.009805497508439157,retrospective_airport_disruption_association
2020,FLL,origin,6597,402,17,6178,74,covid_shock_2020,0.06093678944974989,0.0025769289070789753,0.011977986403366786,retrospective_airport_disruption_association
2020,FNT,destination,240,12,1,227,4,covid_shock_2020,0.05,0.004166666666666667,0.01762114537444934,retrospective_airport_disruption_association
2020,FNT,origin,267,17,0,250,4,covid_shock_2020,0.06367041198501873,0.0,0.016,retrospective_airport_disruption_association
2020,FSD,destination,552,53,0,499,5,covid_shock_2020,0.09601449275362318,0.0,0.01002004008016032,retrospective_airport_disruption_association
2020,FSD,origin,572,39,1,532,11,covid_shock_2020,0.06818181818181818,0.0017482517482517483,0.020676691729323307,retrospective_airport_disruption_association
2020,FSM,destination,144,8,0,136,1,covid_shock_2020,0.05555555555555555,0.0,0.007352941176470588,retrospective_airport_disruption_association
2020,FSM,origin,130,9,0,121,0,covid_shock_2020,0.06923076923076923,0.0,0.0,retrospective_airport_disruption_association
2020,FWA,destination,517,29,2,486,11,covid_shock_2020,0.05609284332688588,0.0038684719535783366,0.02263374485596708,retrospective_airport_disruption_association
2020,FWA,origin,486,24,2,460,15,covid_shock_2020,0.04938271604938271,0.00411522633744856,0.03260869565217391,retrospective_airport_disruption_association
2020,GCC,destination,76,4,0,72,1,covid_shock_2020,0.05263157894736842,0.0,0.013888888888888888,retrospective_airport_disruption_association
2020,GCC,origin,71,3,0,68,2,covid_shock_2020,0.04225352112676056,0.0,0.029411764705882353,retrospective_airport_disruption_association
2020,GCK,destination,70,0,0,70,2,covid_shock_2020,0.0,0.0,0.02857142857142857,retrospective_airport_disruption_association
2020,GCK,origin,75,1,0,74,0,covid_shock_2020,0.013333333333333334,0.0,0.0,retrospective_airport_disruption_association
2020,GEG,destination,1151,37,0,1114,8,covid_shock_2020,0.03214596003475239,0.0,0.00718132854578097,retrospective_airport_disruption_association
2020,GEG,origin,1126,36,1,1089,8,covid_shock_2020,0.03197158081705151,0.0008880994671403197,0.0073461891643709825,retrospective_airport_disruption_association
2020,GFK,destination,117,6,1,110,2,covid_shock_2020,0.05128205128205128,0.008547008547008548,0.01818181818181818,retrospective_airport_disruption_association
2020,GFK,origin,137,10,0,127,2,covid_shock_2020,0.072992700729927,0.0,0.015748031496062992,retrospective_airport_disruption_association
2020,GGG,destination,71,10,0,61,0,covid_shock_2020,0.14084507042253522,0.0,0.0,retrospective_airport_disruption_association
2020,GGG,origin,64,1,0,63,3,covid_shock_2020,0.015625,0.0,0.047619047619047616,retrospective_airport_disruption_association
2020,GJT,destination,335,12,0,323,3,covid_shock_2020,0.03582089552238806,0.0,0.009287925696594427,retrospective_airport_disruption_association
2020,GJT,origin,371,15,0,356,10,covid_shock_2020,0.04043126684636118,0.0,0.028089887640449437,retrospective_airport_disruption_association
2020,GNV,destination,315,14,0,301,2,covid_shock_2020,0.044444444444444446,0.0,0.006644518272425249,retrospective_airport_disruption_association
2020,GNV,origin,322,18,0,304,5,covid_shock_2020,0.055900621118012424,0.0,0.01644736842105263,retrospective_airport_disruption_association
2020,GPT,destination,381,21,0,360,2,covid_shock_2020,0.05511811023622047,0.0,0.005555555555555556,retrospective_airport_disruption_association
2020,GPT,origin,359,19,0,340,5,covid_shock_2020,0.052924791086350974,0.0,0.014705882352941176,retrospective_airport_disruption_association
2020,GRB,destination,344,22,0,322,3,covid_shock_2020,0.06395348837209303,0.0,0.009316770186335404,retrospective_airport_disruption_association
2020,GRB,origin,345,25,0,320,4,covid_shock_2020,0.07246376811594203,0.0,0.0125,retrospective_airport_disruption_association
2020,GRI,destination,91,4,0,87,0,covid_shock_2020,0.04395604395604396,0.0,0.0,retrospective_airport_disruption_association
2020,GRI,origin,84,3,0,81,5,covid_shock_2020,0.03571428571428571,0.0,0.06172839506172839,retrospective_airport_disruption_association
2020,GRK,destination,223,19,2,202,2,covid_shock_2020,0.08520179372197309,0.008968609865470852,0.009900990099009901,retrospective_airport_disruption_association
2020,GRK,origin,235,15,1,219,5,covid_shock_2020,0.06382978723404255,0.00425531914893617,0.0228310502283105,retrospective_airport_disruption_association
2020,GRR,destination,1350,91,2,1257,15,covid_shock_2020,0.0674074074074074,0.0014814814814814814,0.011933174224343675,retrospective_airport_disruption_association
2020,GRR,origin,1354,83,5,1266,20,covid_shock_2020,0.061299852289512555,0.003692762186115214,0.01579778830963665,retrospective_airport_disruption_association
2020,GSO,destination,765,55,0,710,14,covid_shock_2020,0.0718954248366013,0.0,0.01971830985915493,retrospective_airport_disruption_association
2020,GSO,origin,744,48,1,695,22,covid_shock_2020,0.06451612903225806,0.0013440860215053765,0.031654676258992806,retrospective_airport_disruption_association
2020,GSP,destination,993,55,1,937,14,covid_shock_2020,0.0553877139979859,0.0010070493454179255,0.014941302027748132,retrospective_airport_disruption_association
2020,GSP,origin,952,55,1,896,13,covid_shock_2020,0.05777310924369748,0.0010504201680672268,0.014508928571428572,retrospective_airport_disruption_association
2020,GST,destination,13,1,0,12,0,covid_shock_2020,0.07692307692307693,0.0,0.0,retrospective_airport_disruption_association
2020,GST,origin,11,2,0,9,0,covid_shock_2020,0.18181818181818182,0.0,0.0,retrospective_airport_disruption_association
2020,GTF,destination,183,6,0,177,0,covid_shock_2020,0.03278688524590164,0.0,0.0,retrospective_airport_disruption_association
2020,GTF,origin,188,5,0,183,6,covid_shock_2020,0.026595744680851064,0.0,0.03278688524590164,retrospective_airport_disruption_association
2020,GTR,destination,91,1,0,90,2,covid_shock_2020,0.01098901098901099,0.0,0.022222222222222223,retrospective_airport_disruption_association
2020,GTR,origin,91,1,0,90,4,covid_shock_2020,0.01098901098901099,0.0,0.044444444444444446,retrospective_airport_disruption_association
2020,GUC,destination,64,5,0,59,2,covid_shock_2020,0.078125,0.0,0.03389830508474576,retrospective_airport_disruption_association
2020,GUC,origin,46,1,0,45,4,covid_shock_2020,0.021739130434782608,0.0,0.08888888888888889,retrospective_airport_disruption_association
2020,GUM,destination,60,1,0,59,1,covid_shock_2020,0.016666666666666666,0.0,0.01694915254237288,retrospective_airport_disruption_association
2020,GUM,origin,58,1,0,57,1,covid_shock_2020,0.017241379310344827,0.0,0.017543859649122806,retrospective_airport_disruption_association
2020,HDN,destination,142,10,3,129,1,covid_shock_2020,0.07042253521126761,0.02112676056338028,0.007751937984496124,retrospective_airport_disruption_association
2020,HDN,origin,146,14,0,132,6,covid_shock_2020,0.0958904109589041,0.0,0.045454545454545456,retrospective_airport_disruption_association
2020,HGR,destination,20,1,0,19,0,covid_shock_2020,0.05,0.0,0.0,retrospective_airport_disruption_association
2020,HGR,origin,16,1,0,15,0,covid_shock_2020,0.0625,0.0,0.0,retrospective_airport_disruption_association
2020,HHH,destination,194,10,7,177,2,covid_shock_2020,0.05154639175257732,0.03608247422680412,0.011299435028248588,retrospective_airport_disruption_association
2020,HHH,origin,245,11,2,232,4,covid_shock_2020,0.044897959183673466,0.00816326530612245,0.017241379310344827,retrospective_airport_disruption_association
2020,HIB,destination,64,2,0,62,1,covid_shock_2020,0.03125,0.0,0.016129032258064516,retrospective_airport_disruption_association
2020,HIB,origin,61,4,0,57,4,covid_shock_2020,0.06557377049180328,0.0,0.07017543859649122,retrospective_airport_disruption_association
2020,HLN,destination,104,2,0,102,1,covid_shock_2020,0.019230769230769232,0.0,0.00980392156862745,retrospective_airport_disruption_association
2020,HLN,origin,118,6,0,112,2,covid_shock_2020,0.05084745762711865,0.0,0.017857142857142856,retrospective_airport_disruption_association
2020,HNL,destination,3152,168,3,2981,14,covid_shock_2020,0.0532994923857868,0.0009517766497461929,0.004696410600469641,retrospective_airport_disruption_association
2020,HNL,origin,3229,133,3,3093,10,covid_shock_2020,0.041189222669557136,0.0009290802105915144,0.0032331070158422245,retrospective_airport_disruption_association
2020,HOB,destination,44,2,0,42,2,covid_shock_2020,0.045454545454545456,0.0,0.047619047619047616,retrospective_airport_disruption_association
2020,HOB,origin,41,1,0,40,1,covid_shock_2020,0.024390243902439025,0.0,0.025,retrospective_airport_disruption_association
2020,HOU,destination,4379,350,7,4022,14,covid_shock_2020,0.07992692395524092,0.0015985384791048184,0.0034808552958727,retrospective_airport_disruption_association
2020,HOU,origin,4402,351,2,4049,20,covid_shock_2020,0.07973648341662881,0.00045433893684688776,0.004939491232403063,retrospective_airport_disruption_association
2020,HPN,destination,412,31,2,379,4,covid_shock_2020,0.07524271844660194,0.0048543689320388345,0.010554089709762533,retrospective_airport_disruption_association
2020,HPN,origin,413,45,3,365,11,covid_shock_2020,0.1089588377723971,0.007263922518159807,0.030136986301369864,retrospective_airport_disruption_association
2020,HRL,destination,326,23,1,302,2,covid_shock_2020,0.0705521472392638,0.003067484662576687,0.006622516556291391,retrospective_airport_disruption_association
2020,HRL,origin,307,15,2,290,5,covid_shock_2020,0.048859934853420196,0.006514657980456026,0.017241379310344827,retrospective_airport_disruption_association
2020,HSV,destination,586,35,0,551,4,covid_shock_2020,0.059726962457337884,0.0,0.007259528130671506,retrospective_airport_disruption_association
2020,HSV,origin,640,34,2,604,8,covid_shock_2020,0.053125,0.003125,0.013245033112582781,retrospective_airport_disruption_association
2020,HTS,destination,54,7,0,47,1,covid_shock_2020,0.12962962962962962,0.0,0.02127659574468085,retrospective_airport_disruption_association
2020,HTS,origin,41,4,0,37,4,covid_shock_2020,0.0975609756097561,0.0,0.10810810810810811,retrospective_airport_disruption_association
2020,HVN,destination,49,5,0,44,0,covid_shock_2020,0.10204081632653061,0.0,0.0,retrospective_airport_disruption_association
2020,HVN,origin,33,2,0,31,1,covid_shock_2020,0.06060606060606061,0.0,0.03225806451612903,retrospective_airport_disruption_association
2020,HYA,destination,2,0,0,2,0,covid_shock_2020,0.0,0.0,0.0,retrospective_airport_disruption_association
2020,HYS,destination,90,2,0,88,2,covid_shock_2020,0.022222222222222223,0.0,0.022727272727272728,retrospective_airport_disruption_association
2020,HYS,origin,83,2,0,81,2,covid_shock_2020,0.024096385542168676,0.0,0.024691358024691357,retrospective_airport_disruption_association
2020,IAD,destination,4272,257,9,4006,59,covid_shock_2020,0.06015917602996255,0.002106741573033708,0.01472790813779331,retrospective_airport_disruption_association
2020,IAD,origin,4383,257,4,4122,57,covid_shock_2020,0.05863563769107917,0.0009126169290440338,0.013828238719068414,retrospective_airport_disruption_association
2020,IAG,destination,50,7,2,41,1,covid_shock_2020,0.14,0.04,0.024390243902439025,retrospective_airport_disruption_association
2020,IAG,origin,55,8,0,47,3,covid_shock_2020,0.14545454545454545,0.0,0.06382978723404255,retrospective_airport_disruption_association
2020,IAH,destination,10322,561,21,9740,118,covid_shock_2020,0.054349932183685334,0.0020344894400310017,0.012114989733059548,retrospective_airport_disruption_association
2020,IAH,origin,10547,577,18,9952,94,covid_shock_2020,0.054707499762965774,0.0017066464397458992,0.009445337620578777,retrospective_airport_disruption_association
2020,ICT,destination,736,51,3,682,6,covid_shock_2020,0.06929347826086957,0.004076086956521739,0.008797653958944282,retrospective_airport_disruption_association
2020,ICT,origin,744,50,2,692,9,covid_shock_2020,0.06720430107526881,0.002688172043010753,0.01300578034682081,retrospective_airport_disruption_association
2020,IDA,destination,204,4,2,198,2,covid_shock_2020,0.0196078431372549,0.00980392156862745,0.010101010101010102,retrospective_airport_disruption_association
2020,IDA,origin,235,8,0,227,3,covid_shock_2020,0.03404255319148936,0.0,0.013215859030837005,retrospective_airport_disruption_association
2020,ILM,destination,482,40,1,441,3,covid_shock_2020,0.08298755186721991,0.002074688796680498,0.006802721088435374,retrospective_airport_disruption_association
2020,ILM,origin,519,39,0,480,4,covid_shock_2020,0.07514450867052024,0.0,0.008333333333333333,retrospective_airport_disruption_association
2020,IMT,destination,60,2,0,58,1,covid_shock_2020,0.03333333333333333,0.0,0.017241379310344827,retrospective_airport_disruption_association
2020,IMT,origin,80,2,0,78,2,covid_shock_2020,0.025,0.0,0.02564102564102564,retrospective_airport_disruption_association
2020,IND,destination,3127,195,2,2930,31,covid_shock_2020,0.062360089542692676,0.0006395906619763352,0.010580204778156996,retrospective_airport_disruption_association
2020,IND,origin,3058,211,3,2844,24,covid_shock_2020,0.06899934597776325,0.0009810333551340746,0.008438818565400843,retrospective_airport_disruption_association
2020,INL,destination,57,1,1,55,2,covid_shock_2020,0.017543859649122806,0.017543859649122806,0.03636363636363636,retrospective_airport_disruption_association
2020,INL,origin,66,3,0,63,2,covid_shock_2020,0.045454545454545456,0.0,0.031746031746031744,retrospective_airport_disruption_association
2020,IPT,destination,11,0,0,11,1,covid_shock_2020,0.0,0.0,0.09090909090909091,retrospective_airport_disruption_association
2020,IPT,origin,6,0,0,6,0,covid_shock_2020,0.0,0.0,0.0,retrospective_airport_disruption_association
2020,ISP,destination,338,38,0,300,5,covid_shock_2020,0.11242603550295859,0.0,0.016666666666666666,retrospective_airport_disruption_association
2020,ISP,origin,365,41,0,324,6,covid_shock_2020,0.11232876712328767,0.0,0.018518518518518517,retrospective_airport_disruption_association
2020,ITH,destination,46,3,0,43,0,covid_shock_2020,0.06521739130434782,0.0,0.0,retrospective_airport_disruption_association
2020,ITH,origin,52,4,0,48,1,covid_shock_2020,0.07692307692307693,0.0,0.020833333333333332,retrospective_airport_disruption_association
2020,ITO,destination,423,31,0,392,1,covid_shock_2020,0.07328605200945626,0.0,0.002551020408163265,retrospective_airport_disruption_association
2020,ITO,origin,439,31,0,408,0,covid_shock_2020,0.07061503416856492,0.0,0.0,retrospective_airport_disruption_association
2020,JAC,destination,380,13,0,367,2,covid_shock_2020,0.034210526315789476,0.0,0.005449591280653951,retrospective_airport_disruption_association
2020,JAC,origin,427,13,3,411,7,covid_shock_2020,0.03044496487119438,0.00702576112412178,0.0170316301703163,retrospective_airport_disruption_association
2020,JAN,destination,460,43,1,416,6,covid_shock_2020,0.09347826086956522,0.002173913043478261,0.014423076923076924,retrospective_airport_disruption_association
2020,JAN,origin,523,34,0,489,7,covid_shock_2020,0.06500956022944551,0.0,0.014314928425357873,retrospective_airport_disruption_association
2020,JAX,destination,1818,108,1,1709,12,covid_shock_2020,0.0594059405940594,0.00055005500550055,0.007021650087770626,retrospective_airport_disruption_association
2020,JAX,origin,1823,120,1,1702,20,covid_shock_2020,0.06582556226001098,0.0005485463521667581,0.011750881316098707,retrospective_airport_disruption_association
2020,JFK,destination,5853,364,6,5483,68,covid_shock_2020,0.06219032974542969,0.0010251153254741158,0.012401969724603319,retrospective_airport_disruption_association
2020,JFK,origin,5800,362,7,5431,76,covid_shock_2020,0.06241379310344827,0.001206896551724138,0.013993739642791382,retrospective_airport_disruption_association
2020,JLN,destination,92,9,0,83,2,covid_shock_2020,0.09782608695652174,0.0,0.024096385542168676,retrospective_airport_disruption_association
2020,JLN,origin,77,4,0,73,3,covid_shock_2020,0.05194805194805195,0.0,0.0410958904109589,retrospective_airport_disruption_association
2020,JMS,destination,94,3,1,90,0,covid_shock_2020,0.031914893617021274,0.010638297872340425,0.0,retrospective_airport_disruption_association
2020,JMS,origin,93,3,0,90,0,covid_shock_2020,0.03225806451612903,0.0,0.0,retrospective_airport_disruption_association
2020,JNU,destination,359,7,1,351,0,covid_shock_2020,0.019498607242339833,0.002785515320334262,0.0,retrospective_airport_disruption_association
2020,JNU,origin,373,9,6,358,4,covid_shock_2020,0.024128686327077747,0.0160857908847185,0.0111731843575419,retrospective_airport_disruption_association
2020,JST,destination,8,0,0,8,0,covid_shock_2020,0.0,0.0,0.0,retrospective_airport_disruption_association
2020,JST,origin,1,0,0,1,0,covid_shock_2020,0.0,0.0,0.0,retrospective_airport_disruption_association
2020,KOA,destination,862,44,1,817,6,covid_shock_2020,0.05104408352668213,0.001160092807424594,0.0073439412484700125,retrospective_airport_disruption_association
2020,KOA,origin,798,51,0,747,2,covid_shock_2020,0.06390977443609022,0.0,0.002677376171352075,retrospective_airport_disruption_association
2020,KTN,destination,187,4,4,179,0,covid_shock_2020,0.0213903743315508,0.0213903743315508,0.0,retrospective_airport_disruption_association
2020,KTN,origin,172,3,1,168,2,covid_shock_2020,0.01744186046511628,0.005813953488372093,0.011904761904761904,retrospective_airport_disruption_association
2020,LAN,destination,199,16,1,182,5,covid_shock_2020,0.08040201005025126,0.005025125628140704,0.027472527472527472,retrospective_airport_disruption_association
2020,LAN,origin,189,10,2,177,6,covid_shock_2020,0.05291005291005291,0.010582010582010581,0.03389830508474576,retrospective_airport_disruption_association
2020,LAR,destination,67,6,1,60,2,covid_shock_2020,0.08955223880597014,0.014925373134328358,0.03333333333333333,retrospective_airport_disruption_association
2020,LAR,origin,53,5,0,48,2,covid_shock_2020,0.09433962264150944,0.0,0.041666666666666664,retrospective_airport_disruption_association
2020,LAS,destination,11469,927,8,10534,113,covid_shock_2020,0.08082657598744442,0.0006975324788560468,0.01072716916650845,retrospective_airport_disruption_association
2020,LAS,origin,11579,912,18,10649,61,covid_shock_2020,0.07876327834873478,0.0015545383884618706,0.0057282373931824586,retrospective_airport_disruption_association
2020,LAW,destination,86,10,0,76,0,covid_shock_2020,0.11627906976744186,0.0,0.0,retrospective_airport_disruption_association
2020,LAW,origin,81,9,0,72,1,covid_shock_2020,0.1111111111111111,0.0,0.013888888888888888,retrospective_airport_disruption_association
2020,LAX,destination,12611,625,10,11976,111,covid_shock_2020,0.04955990801681072,0.0007929585282689715,0.009268537074148297,retrospective_airport_disruption_association
2020,LAX,origin,12646,644,23,11979,83,covid_shock_2020,0.050925193737150085,0.0018187569191839316,0.006928792052758995,retrospective_airport_disruption_association
2020,LBB,destination,506,44,0,462,6,covid_shock_2020,0.08695652173913043,0.0,0.012987012987012988,retrospective_airport_disruption_association
2020,LBB,origin,497,36,1,460,1,covid_shock_2020,0.07243460764587525,0.002012072434607646,0.002173913043478261,retrospective_airport_disruption_association
2020,LBE,destination,59,1,0,58,2,covid_shock_2020,0.01694915254237288,0.0,0.034482758620689655,retrospective_airport_disruption_association
2020,LBE,origin,79,1,0,78,2,covid_shock_2020,0.012658227848101266,0.0,0.02564102564102564,retrospective_airport_disruption_association
2020,LBF,destination,56,2,3,51,1,covid_shock_2020,0.03571428571428571,0.05357142857142857,0.0196078431372549,retrospective_airport_disruption_association
2020,LBF,origin,60,2,0,58,1,covid_shock_2020,0.03333333333333333,0.0,0.017241379310344827,retrospective_airport_disruption_association
2020,LBL,destination,54,0,0,54,0,covid_shock_2020,0.0,0.0,0.0,retrospective_airport_disruption_association
2020,LBL,origin,68,1,0,67,0,covid_shock_2020,0.014705882352941176,0.0,0.0,retrospective_airport_disruption_association
2020,LCH,destination,115,11,0,104,0,covid_shock_2020,0.09565217391304348,0.0,0.0,retrospective_airport_disruption_association
2020,LCH,origin,103,17,0,86,2,covid_shock_2020,0.1650485436893204,0.0,0.023255813953488372,retrospective_airport_disruption_association
2020,LCK,destination,106,14,0,92,2,covid_shock_2020,0.1320754716981132,0.0,0.021739130434782608,retrospective_airport_disruption_association
2020,LCK,origin,93,14,0,79,5,covid_shock_2020,0.15053763440860216,0.0,0.06329113924050633,retrospective_airport_disruption_association
2020,LEX,destination,598,30,3,565,4,covid_shock_2020,0.05016722408026756,0.005016722408026756,0.007079646017699115,retrospective_airport_disruption_association
2020,LEX,origin,566,29,3,534,10,covid_shock_2020,0.05123674911660778,0.00530035335689046,0.018726591760299626,retrospective_airport_disruption_association
2020,LFT,destination,335,9,1,325,2,covid_shock_2020,0.026865671641791045,0.0029850746268656717,0.006153846153846154,retrospective_airport_disruption_association
2020,LFT,origin,305,15,2,288,5,covid_shock_2020,0.04918032786885246,0.006557377049180328,0.017361111111111112,retrospective_airport_disruption_association
2020,LGA,destination,7005,549,9,6447,113,covid_shock_2020,0.07837259100642398,0.001284796573875803,0.017527532185512642,retrospective_airport_disruption_association
2020,LGA,origin,7322,585,10,6727,86,covid_shock_2020,0.07989620322316307,0.0013657470636438131,0.012784302066299985,retrospective_airport_disruption_association
2020,LGB,destination,866,62,3,801,9,covid_shock_2020,0.07159353348729793,0.003464203233256351,0.011235955056179775,retrospective_airport_disruption_association
2020,LGB,origin,879,50,0,829,8,covid_shock_2020,0.05688282138794084,0.0,0.009650180940892641,retrospective_airport_disruption_association
2020,LIH,destination,739,58,1,680,3,covid_shock_2020,0.07848443843031123,0.0013531799729364006,0.004411764705882353,retrospective_airport_disruption_association
2020,LIH,origin,722,56,1,665,3,covid_shock_2020,0.07756232686980609,0.0013850415512465374,0.004511278195488722,retrospective_airport_disruption_association
2020,LIT,destination,887,46,0,841,6,covid_shock_2020,0.05186020293122886,0.0,0.007134363852556481,retrospective_airport_disruption_association
2020,LIT,origin,900,54,1,845,12,covid_shock_2020,0.06,0.0011111111111111111,0.014201183431952662,retrospective_airport_disruption_association
2020,LNK,destination,128,12,1,115,1,covid_shock_2020,0.09375,0.0078125,0.008695652173913044,retrospective_airport_disruption_association
2020,LNK,origin,123,13,1,109,2,covid_shock_2020,0.10569105691056911,0.008130081300813009,0.01834862385321101,retrospective_airport_disruption_association
2020,LRD,destination,176,9,0,167,3,covid_shock_2020,0.05113636363636364,0.0,0.017964071856287425,retrospective_airport_disruption_association
2020,LRD,origin,158,9,0,149,2,covid_shock_2020,0.056962025316455694,0.0,0.013422818791946308,retrospective_airport_disruption_association
2020,LSE,destination,148,4,0,144,1,covid_shock_2020,0.02702702702702703,0.0,0.006944444444444444,retrospective_airport_disruption_association
2020,LSE,origin,159,3,0,156,3,covid_shock_2020,0.018867924528301886,0.0,0.019230769230769232,retrospective_airport_disruption_association
2020,LWB,destination,62,4,0,58,0,covid_shock_2020,0.06451612903225806,0.0,0.0,retrospective_airport_disruption_association
2020,LWB,origin,59,4,0,55,1,covid_shock_2020,0.06779661016949153,0.0,0.01818181818181818,retrospective_airport_disruption_association
2020,LWS,destination,70,2,0,68,0,covid_shock_2020,0.02857142857142857,0.0,0.0,retrospective_airport_disruption_association
2020,LWS,origin,85,1,0,84,1,covid_shock_2020,0.011764705882352941,0.0,0.011904761904761904,retrospective_airport_disruption_association
2020,LYH,destination,75,5,0,70,1,covid_shock_2020,0.06666666666666667,0.0,0.014285714285714285,retrospective_airport_disruption_association
2020,LYH,origin,98,4,0,94,0,covid_shock_2020,0.04081632653061224,0.0,0.0,retrospective_airport_disruption_association
2020,MAF,destination,702,55,1,646,10,covid_shock_2020,0.07834757834757834,0.0014245014245014246,0.015479876160990712,retrospective_airport_disruption_association
2020,MAF,origin,644,53,1,590,11,covid_shock_2020,0.08229813664596274,0.0015527950310559005,0.01864406779661017,retrospective_airport_disruption_association
2020,MBS,destination,149,3,0,146,2,covid_shock_2020,0.020134228187919462,0.0,0.0136986301369863,retrospective_airport_disruption_association
2020,MBS,origin,131,9,0,122,2,covid_shock_2020,0.06870229007633588,0.0,0.01639344262295082,retrospective_airport_disruption_association
2020,MCI,destination,3329,254,3,3072,25,covid_shock_2020,0.07629918894562931,0.0009011715229798738,0.008138020833333334,retrospective_airport_disruption_association
2020,MCI,origin,3348,269,2,3077,27,covid_shock_2020,0.08034647550776583,0.0005973715651135006,0.008774780630484237,retrospective_airport_disruption_association
2020,MCO,destination,9801,609,14,9178,103,covid_shock_2020,0.062136516681971225,0.0014284256708499133,0.011222488559599042,retrospective_airport_disruption_association
2020,MCO,origin,9644,561,8,9075,98,covid_shock_2020,0.058170883450850266,0.0008295313148071339,0.010798898071625344,retrospective_airport_disruption_association
2020,MDT,destination,438,30,0,408,5,covid_shock_2020,0.0684931506849315,0.0,0.012254901960784314,retrospective_airport_disruption_association
2020,MDT,origin,397,33,2,362,6,covid_shock_2020,0.08312342569269521,0.005037783375314861,0.016574585635359115,retrospective_airport_disruption_association
2020,MDW,destination,6121,553,12,5556,15,covid_shock_2020,0.09034471491586342,0.001960463976474432,0.0026997840172786176,retrospective_airport_disruption_association
2020,MDW,origin,6261,576,10,5675,28,covid_shock_2020,0.09199808337326305,0.0015971889474524837,0.004933920704845815,retrospective_airport_disruption_association
2020,MEI,destination,61,3,0,58,1,covid_shock_2020,0.04918032786885246,0.0,0.017241379310344827,retrospective_airport_disruption_association
2020,MEI,origin,68,2,0,66,4,covid_shock_2020,0.029411764705882353,0.0,0.06060606060606061,retrospective_airport_disruption_association
2020,MEM,destination,1580,91,1,1488,8,covid_shock_2020,0.05759493670886076,0.0006329113924050633,0.005376344086021506,retrospective_airport_disruption_association
2020,MEM,origin,1575,94,1,1480,18,covid_shock_2020,0.059682539682539684,0.0006349206349206349,0.012162162162162163,retrospective_airport_disruption_association
2020,MFE,destination,385,30,1,354,7,covid_shock_2020,0.07792207792207792,0.0025974025974025974,0.01977401129943503,retrospective_airport_disruption_association
2020,MFE,origin,352,26,0,326,7,covid_shock_2020,0.07386363636363637,0.0,0.02147239263803681,retrospective_airport_disruption_association
2020,MFR,destination,397,16,0,381,4,covid_shock_2020,0.04030226700251889,0.0,0.010498687664041995,retrospective_airport_disruption_association
2020,MFR,origin,429,19,1,409,6,covid_shock_2020,0.04428904428904429,0.002331002331002331,0.014669926650366748,retrospective_airport_disruption_association
2020,MGM,destination,225,9,2,214,6,covid_shock_2020,0.04,0.008888888888888889,0.028037383177570093,retrospective_airport_disruption_association
2020,MGM,origin,252,7,0,245,4,covid_shock_2020,0.027777777777777776,0.0,0.0163265306122449,retrospective_airport_disruption_association
2020,MHK,destination,99,5,0,94,0,covid_shock_2020,0.050505050505050504,0.0,0.0,retrospective_airport_disruption_association
2020,MHK,origin,80,7,1,72,2,covid_shock_2020,0.0875,0.0125,0.027777777777777776,retrospective_airport_disruption_association
2020,MHT,destination,523,30,1,492,7,covid_shock_2020,0.05736137667304015,0.0019120458891013384,0.014227642276422764,retrospective_airport_disruption_association
2020,MHT,origin,554,45,2,507,4,covid_shock_2020,0.0812274368231047,0.0036101083032490976,0.007889546351084813,retrospective_airport_disruption_association
2020,MIA,destination,5709,329,10,5370,65,covid_shock_2020,0.05762830618321948,0.0017516202487300753,0.012104283054003724,retrospective_airport_disruption_association
2020,MIA,origin,5844,340,7,5497,56,covid_shock_2020,0.05817932922655715,0.0011978097193702942,0.01018737493178097,retrospective_airport_disruption_association
2020,MKE,destination,1990,116,6,1868,12,covid_shock_2020,0.05829145728643216,0.003015075376884422,0.006423982869379015,retrospective_airport_disruption_association
2020,MKE,origin,1973,129,2,1842,12,covid_shock_2020,0.06538266599087683,0.0010136847440446021,0.006514657980456026,retrospective_airport_disruption_association
2020,MKG,destination,64,2,0,62,1,covid_shock_2020,0.03125,0.0,0.016129032258064516,retrospective_airport_disruption_association
2020,MKG,origin,68,0,0,68,4,covid_shock_2020,0.0,0.0,0.058823529411764705,retrospective_airport_disruption_association
2020,MLB,destination,217,12,0,205,3,covid_shock_2020,0.055299539170506916,0.0,0.014634146341463415,retrospective_airport_disruption_association
2020,MLB,origin,228,15,1,212,8,covid_shock_2020,0.06578947368421052,0.0043859649122807015,0.03773584905660377,retrospective_airport_disruption_association
2020,MLI,destination,335,32,1,302,1,covid_shock_2020,0.0955223880597015,0.0029850746268656717,0.0033112582781456954,retrospective_airport_disruption_association
2020,MLI,origin,297,28,0,269,5,covid_shock_2020,0.09427609427609428,0.0,0.01858736059479554,retrospective_airport_disruption_association
2020,MLU,destination,224,10,1,213,3,covid_shock_2020,0.044642857142857144,0.004464285714285714,0.014084507042253521,retrospective_airport_disruption_association
2020,MLU,origin,244,14,0,230,5,covid_shock_2020,0.05737704918032787,0.0,0.021739130434782608,retrospective_airport_disruption_association
2020,MMH,destination,18,5,0,13,1,covid_shock_2020,0.2777777777777778,0.0,0.07692307692307693,retrospective_airport_disruption_association
2020,MMH,origin,28,5,0,23,1,covid_shock_2020,0.17857142857142858,0.0,0.043478260869565216,retrospective_airport_disruption_association
2020,MOB,destination,317,19,1,297,7,covid_shock_2020,0.05993690851735016,0.0031545741324921135,0.02356902356902357,retrospective_airport_disruption_association
2020,MOB,origin,340,20,1,319,6,covid_shock_2020,0.058823529411764705,0.0029411764705882353,0.018808777429467086,retrospective_airport_disruption_association
2020,MOT,destination,240,7,0,233,2,covid_shock_2020,0.029166666666666667,0.0,0.008583690987124463,retrospective_airport_disruption_association
2020,MOT,origin,232,17,0,215,6,covid_shock_2020,0.07327586206896551,0.0,0.027906976744186046,retrospective_airport_disruption_association
2020,MQT,destination,105,1,2,102,1,covid_shock_2020,0.009523809523809525,0.01904761904761905,0.00980392156862745,retrospective_airport_disruption_association
2020,MQT,origin,103,2,0,101,3,covid_shock_2020,0.019417475728155338,0.0,0.0297029702970297,retrospective_airport_disruption_association
2020,MRY,destination,258,18,2,238,2,covid_shock_2020,0.06976744186046512,0.007751937984496124,0.008403361344537815,retrospective_airport_disruption_association
2020,MRY,origin,302,23,0,279,6,covid_shock_2020,0.076158940397351,0.0,0.021505376344086023,retrospective_airport_disruption_association
2020,MSN,destination,796,50,0,746,7,covid_shock_2020,0.06281407035175879,0.0,0.00938337801608579,retrospective_airport_disruption_association
2020,MSN,origin,859,48,0,811,20,covid_shock_2020,0.05587892898719441,0.0,0.02466091245376079,retrospective_airport_disruption_association
2020,MSO,destination,306,8,2,296,1,covid_shock_2020,0.026143790849673203,0.006535947712418301,0.0033783783783783786,retrospective_airport_disruption_association
2020,MSO,origin,303,13,0,290,12,covid_shock_2020,0.0429042904290429,0.0,0.041379310344827586,retrospective_airport_disruption_association
2020,MSP,destination,10404,462,4,9938,125,covid_shock_2020,0.04440599769319493,0.00038446751249519417,0.01257798349768565,retrospective_airport_disruption_association
2020,MSP,origin,10317,443,16,9858,66,covid_shock_2020,0.04293883880973151,0.0015508384220219056,0.006695069993913573,retrospective_airport_disruption_association
2020,MSY,destination,3357,259,13,3085,23,covid_shock_2020,0.07715221924337205,0.0038725052129877867,0.0074554294975688815,retrospective_airport_disruption_association
2020,MSY,origin,3347,270,3,3074,39,covid_shock_2020,0.0806692560501942,0.00089632506722438,0.012687052700065062,retrospective_airport_disruption_association
2020,MTJ,destination,210,12,0,198,4,covid_shock_2020,0.05714285714285714,0.0,0.020202020202020204,retrospective_airport_disruption_association
2020,MTJ,origin,186,11,0,175,4,covid_shock_2020,0.05913978494623656,0.0,0.022857142857142857,retrospective_airport_disruption_association
2020,MVY,destination,36,0,0,36,0,covid_shock_2020,0.0,0.0,0.0,retrospective_airport_disruption_association
2020,MVY,origin,28,0,0,28,0,covid_shock_2020,0.0,0.0,0.0,retrospective_airport_disruption_association
2020,MYR,destination,843,49,1,793,12,covid_shock_2020,0.05812574139976275,0.0011862396204033216,0.015132408575031526,retrospective_airport_disruption_association
2020,MYR,origin,816,46,4,766,10,covid_shock_2020,0.056372549019607844,0.004901960784313725,0.013054830287206266,retrospective_airport_disruption_association
2020,OAJ,destination,233,7,0,226,1,covid_shock_2020,0.030042918454935622,0.0,0.004424778761061947,retrospective_airport_disruption_association
2020,OAJ,origin,273,9,1,263,3,covid_shock_2020,0.03296703296703297,0.003663003663003663,0.011406844106463879,retrospective_airport_disruption_association
2020,OAK,destination,3220,260,3,2957,4,covid_shock_2020,0.08074534161490683,0.0009316770186335404,0.0013527223537368955,retrospective_airport_disruption_association
2020,OAK,origin,3245,249,3,2993,9,covid_shock_2020,0.07673343605546995,0.0009244992295839754,0.003007016371533578,retrospective_airport_disruption_association
2020,OGD,destination,11,1,0,10,0,covid_shock_2020,0.09090909090909091,0.0,0.0,retrospective_airport_disruption_association
2020,OGD,origin,6,2,0,4,1,covid_shock_2020,0.3333333333333333,0.0,0.25,retrospective_airport_disruption_association
2020,OGG,destination,1333,58,3,1272,6,covid_shock_2020,0.04351087771942986,0.002250562640660165,0.0047169811320754715,retrospective_airport_disruption_association
2020,OGG,origin,1322,75,2,1245,5,covid_shock_2020,0.056732223903177004,0.0015128593040847202,0.004016064257028112,retrospective_airport_disruption_association
2020,OGS,destination,63,5,1,57,2,covid_shock_2020,0.07936507936507936,0.015873015873015872,0.03508771929824561,retrospective_airport_disruption_association
2020,OGS,origin,80,3,3,74,4,covid_shock_2020,0.0375,0.0375,0.05405405405405406,retrospective_airport_disruption_association
2020,OKC,destination,1611,117,5,1489,18,covid_shock_2020,0.07262569832402235,0.0031036623215394167,0.01208865010073875,retrospective_airport_disruption_association
2020,OKC,origin,1595,88,1,1506,22,covid_shock_2020,0.05517241379310345,0.0006269592476489029,0.014608233731739707,retrospective_airport_disruption_association
2020,OMA,destination,1727,100,3,1624,11,covid_shock_2020,0.05790387955993052,0.0017371163867979154,0.0067733990147783255,retrospective_airport_disruption_association
2020,OMA,origin,1767,108,3,1656,18,covid_shock_2020,0.06112054329371817,0.001697792869269949,0.010869565217391304,retrospective_airport_disruption_association
2020,OME,destination,45,1,0,44,0,covid_shock_2020,0.022222222222222223,0.0,0.0,retrospective_airport_disruption_association
2020,OME,origin,55,5,0,50,0,covid_shock_2020,0.09090909090909091,0.0,0.0,retrospective_airport_disruption_association
2020,ONT,destination,1594,84,2,1508,6,covid_shock_2020,0.05269761606022585,0.0012547051442910915,0.003978779840848806,retrospective_airport_disruption_association
2020,ONT,origin,1617,105,2,1510,12,covid_shock_2020,0.06493506493506493,0.0012368583797155227,0.007947019867549669,retrospective_airport_disruption_association
2020,ORD,destination,19530,1232,18,18280,313,covid_shock_2020,0.06308243727598567,0.0009216589861751152,0.01712253829321663,retrospective_airport_disruption_association
2020,ORD,origin,19343,1215,40,18088,218,covid_shock_2020,0.06281342087576901,0.0020679315514656464,0.01205218929677134,retrospective_airport_disruption_association
2020,ORF,destination,1407,76,5,1326,20,covid_shock_2020,0.05401563610518834,0.0035536602700781805,0.015082956259426848,retrospective_airport_disruption_association
2020,ORF,origin,1424,79,2,1343,24,covid_shock_2020,0.05547752808988764,0.0014044943820224719,0.017870439314966492,retrospective_airport_disruption_association
2020,ORH,destination,53,8,0,45,0,covid_shock_2020,0.1509433962264151,0.0,0.0,retrospective_airport_disruption_association
2020,ORH,origin,64,14,0,50,1,covid_shock_2020,0.21875,0.0,0.02,retrospective_airport_disruption_association
2020,OTH,destination,34,2,1,31,1,covid_shock_2020,0.058823529411764705,0.029411764705882353,0.03225806451612903,retrospective_airport_disruption_association
2020,OTH,origin,27,2,0,25,1,covid_shock_2020,0.07407407407407407,0.0,0.04,retrospective_airport_disruption_association
2020,OTZ,destination,39,1,1,37,0,covid_shock_2020,0.02564102564102564,0.02564102564102564,0.0,retrospective_airport_disruption_association
2020,OTZ,origin,35,3,0,32,0,covid_shock_2020,0.08571428571428572,0.0,0.0,retrospective_airport_disruption_association
2020,OWB,destination,12,1,0,11,0,covid_shock_2020,0.08333333333333333,0.0,0.0,retrospective_airport_disruption_association
2020,OWB,origin,11,1,1,9,0,covid_shock_2020,0.09090909090909091,0.09090909090909091,0.0,retrospective_airport_disruption_association
2020,PAE,destination,59,1,0,58,0,covid_shock_2020,0.01694915254237288,0.0,0.0,retrospective_airport_disruption_association
2020,PAE,origin,55,4,0,51,2,covid_shock_2020,0.07272727272727272,0.0,0.0392156862745098,retrospective_airport_disruption_association
2020,PAH,destination,57,1,1,55,1,covid_shock_2020,0.017543859649122806,0.017543859649122806,0.01818181818181818,retrospective_airport_disruption_association
2020,PAH,origin,72,4,0,68,1,covid_shock_2020,0.05555555555555555,0.0,0.014705882352941176,retrospective_airport_disruption_association
2020,PBG,destination,109,16,0,93,3,covid_shock_2020,0.14678899082568808,0.0,0.03225806451612903,retrospective_airport_disruption_association
2020,PBG,origin,129,15,0,114,6,covid_shock_2020,0.11627906976744186,0.0,0.05263157894736842,retrospective_airport_disruption_association
2020,PBI,destination,1753,128,1,1624,20,covid_shock_2020,0.07301768397033656,0.0005704506560182544,0.012315270935960592,retrospective_airport_disruption_association
2020,PBI,origin,1721,119,3,1599,23,covid_shock_2020,0.06914584543869844,0.0017431725740848344,0.014383989993746092,retrospective_airport_disruption_association
2020,PDX,destination,3787,170,0,3617,21,covid_shock_2020,0.044890414576181675,0.0,0.005805916505391208,retrospective_airport_disruption_association
2020,PDX,origin,3637,181,8,3448,25,covid_shock_2020,0.04976629089909266,0.0021996150673632116,0.007250580046403712,retrospective_airport_disruption_association
2020,PGD,destination,583,62,4,517,16,covid_shock_2020,0.10634648370497427,0.00686106346483705,0.030947775628626693,retrospective_airport_disruption_association
2020,PGD,origin,595,69,11,515,11,covid_shock_2020,0.11596638655462185,0.018487394957983194,0.021359223300970873,retrospective_airport_disruption_association
2020,PHF,destination,131,8,0,123,1,covid_shock_2020,0.061068702290076333,0.0,0.008130081300813009,retrospective_airport_disruption_association
2020,PHF,origin,139,4,0,135,3,covid_shock_2020,0.02877697841726619,0.0,0.022222222222222223,retrospective_airport_disruption_association
2020,PHL,destination,7345,447,13,6885,90,covid_shock_2020,0.06085772634445201,0.0017699115044247787,0.013071895424836602,retrospective_airport_disruption_association
2020,PHL,origin,7301,435,16,6850,83,covid_shock_2020,0.05958087933159841,0.002191480619093275,0.012116788321167884,retrospective_airport_disruption_association
2020,PHX,destination,12552,740,19,11793,118,covid_shock_2020,0.058954748247291265,0.0015137029955385596,0.010005935724582379,retrospective_airport_disruption_association
2020,PHX,origin,12360,745,19,11596,72,covid_shock_2020,0.060275080906148866,0.0015372168284789644,0.006209037599172128,retrospective_airport_disruption_association
2020,PIA,destination,312,21,1,290,4,covid_shock_2020,0.0673076923076923,0.003205128205128205,0.013793103448275862,retrospective_airport_disruption_association
2020,PIA,origin,323,17,2,304,7,covid_shock_2020,0.05263157894736842,0.006191950464396285,0.023026315789473683,retrospective_airport_disruption_association
2020,PIB,destination,56,4,0,52,3,covid_shock_2020,0.07142857142857142,0.0,0.057692307692307696,retrospective_airport_disruption_association
2020,PIB,origin,56,5,0,51,4,covid_shock_2020,0.08928571428571429,0.0,0.0784313725490196,retrospective_airport_disruption_association
2020,PIE,destination,706,77,3,626,20,covid_shock_2020,0.10906515580736544,0.00424929178470255,0.03194888178913738,retrospective_airport_disruption_association
2020,PIE,origin,775,113,4,658,7,covid_shock_2020,0.14580645161290323,0.005161290322580645,0.010638297872340425,retrospective_airport_disruption_association
2020,PIH,destination,100,0,0,100,1,covid_shock_2020,0.0,0.0,0.01,retrospective_airport_disruption_association
2020,PIH,origin,94,0,0,94,3,covid_shock_2020,0.0,0.0,0.031914893617021274,retrospective_airport_disruption_association
2020,PIR,destination,62,3,0,59,0,covid_shock_2020,0.04838709677419355,0.0,0.0,retrospective_airport_disruption_association
2020,PIR,origin,53,4,0,49,0,covid_shock_2020,0.07547169811320754,0.0,0.0,retrospective_airport_disruption_association
2020,PIT,destination,2990,170,3,2817,27,covid_shock_2020,0.056856187290969896,0.001003344481605351,0.009584664536741214,retrospective_airport_disruption_association
2020,PIT,origin,2957,190,5,2762,30,covid_shock_2020,0.06425431180250253,0.0016909029421711193,0.010861694424330196,retrospective_airport_disruption_association
2020,PLN,destination,86,1,0,85,1,covid_shock_2020,0.011627906976744186,0.0,0.011764705882352941,retrospective_airport_disruption_association
2020,PLN,origin,82,3,0,79,2,covid_shock_2020,0.036585365853658534,0.0,0.02531645569620253,retrospective_airport_disruption_association
2020,PNS,destination,954,56,4,894,14,covid_shock_2020,0.05870020964360587,0.0041928721174004195,0.015659955257270694,retrospective_airport_disruption_association
2020,PNS,origin,980,52,2,926,18,covid_shock_2020,0.053061224489795916,0.0020408163265306124,0.019438444924406047,retrospective_airport_disruption_association
2020,PPG,destination,3,1,0,2,0,covid_shock_2020,0.3333333333333333,0.0,0.0,retrospective_airport_disruption_association
2020,PPG,origin,2,0,0,2,1,covid_shock_2020,0.0,0.0,0.5,retrospective_airport_disruption_association
2020,PRC,destination,66,1,0,65,1,covid_shock_2020,0.015151515151515152,0.0,0.015384615384615385,retrospective_airport_disruption_association
2020,PRC,origin,61,2,0,59,4,covid_shock_2020,0.03278688524590164,0.0,0.06779661016949153,retrospective_airport_disruption_association
2020,PSC,destination,317,14,3,300,4,covid_shock_2020,0.04416403785488959,0.00946372239747634,0.013333333333333334,retrospective_airport_disruption_association
2020,PSC,origin,308,15,0,293,4,covid_shock_2020,0.048701298701298704,0.0,0.013651877133105802,retrospective_airport_disruption_association
2020,PSE,destination,9,1,0,8,0,covid_shock_2020,0.1111111111111111,0.0,0.0,retrospective_airport_disruption_association
2020,PSE,origin,23,3,0,20,0,covid_shock_2020,0.13043478260869565,0.0,0.0,retrospective_airport_disruption_association
2020,PSG,destination,68,1,0,67,0,covid_shock_2020,0.014705882352941176,0.0,0.0,retrospective_airport_disruption_association
2020,PSG,origin,77,1,0,76,0,covid_shock_2020,0.012987012987012988,0.0,0.0,retrospective_airport_disruption_association
2020,PSM,destination,32,6,2,24,0,covid_shock_2020,0.1875,0.0625,0.0,retrospective_airport_disruption_association
2020,PSM,origin,34,2,1,31,2,covid_shock_2020,0.058823529411764705,0.029411764705882353,0.06451612903225806,retrospective_airport_disruption_association
2020,PSP,destination,939,56,3,880,8,covid_shock_2020,0.059637912673056445,0.003194888178913738,0.00909090909090909,retrospective_airport_disruption_association
2020,PSP,origin,959,43,1,915,17,covid_shock_2020,0.04483837330552659,0.0010427528675703858,0.018579234972677595,retrospective_airport_disruption_association
2020,PUB,destination,83,4,0,79,1,covid_shock_2020,0.04819277108433735,0.0,0.012658227848101266,retrospective_airport_disruption_association
2020,PUB,origin,61,3,0,58,1,covid_shock_2020,0.04918032786885246,0.0,0.017241379310344827,retrospective_airport_disruption_association
2020,PVD,destination,945,84,2,859,8,covid_shock_2020,0.08888888888888889,0.0021164021164021165,0.009313154831199068,retrospective_airport_disruption_association
2020,PVD,origin,1004,73,2,929,13,covid_shock_2020,0.07270916334661355,0.00199203187250996,0.013993541442411194,retrospective_airport_disruption_association
2020,PVU,destination,75,6,0,69,1,covid_shock_2020,0.08,0.0,0.014492753623188406,retrospective_airport_disruption_association
2020,PVU,origin,68,9,1,58,0,covid_shock_2020,0.1323529411764706,0.014705882352941176,0.0,retrospective_airport_disruption_association
2020,PWM,destination,718,36,0,682,4,covid_shock_2020,0.05013927576601671,0.0,0.005865102639296188,retrospective_airport_disruption_association
2020,PWM,origin,679,38,0,641,12,covid_shock_2020,0.055964653902798235,0.0,0.0187207488299532,retrospective_airport_disruption_association
2020,RAP,destination,436,14,3,419,7,covid_shock_2020,0.03211009174311927,0.006880733944954129,0.016706443914081145,retrospective_airport_disruption_association
2020,RAP,origin,429,23,3,403,12,covid_shock_2020,0.053613053613053616,0.006993006993006993,0.02977667493796526,retrospective_airport_disruption_association
2020,RDD,destination,61,7,0,54,0,covid_shock_2020,0.11475409836065574,0.0,0.0,retrospective_airport_disruption_association
2020,RDD,origin,74,2,2,70,2,covid_shock_2020,0.02702702702702703,0.02702702702702703,0.02857142857142857,retrospective_airport_disruption_association
2020,RDM,destination,437,18,0,419,4,covid_shock_2020,0.041189931350114416,0.0,0.00954653937947494,retrospective_airport_disruption_association
2020,RDM,origin,429,19,1,409,8,covid_shock_2020,0.04428904428904429,0.002331002331002331,0.019559902200488997,retrospective_airport_disruption_association
2020,RDU,destination,3472,211,4,3257,38,covid_shock_2020,0.06077188940092166,0.001152073732718894,0.011667178385016887,retrospective_airport_disruption_association
2020,RDU,origin,3483,240,5,3238,33,covid_shock_2020,0.06890611541774333,0.001435544071202986,0.01019147621988882,retrospective_airport_disruption_association
2020,RFD,destination,73,6,0,67,1,covid_shock_2020,0.0821917808219178,0.0,0.014925373134328358,retrospective_airport_disruption_association
2020,RFD,origin,83,6,0,77,5,covid_shock_2020,0.07228915662650602,0.0,0.06493506493506493,retrospective_airport_disruption_association
2020,RHI,destination,67,5,0,62,1,covid_shock_2020,0.07462686567164178,0.0,0.016129032258064516,retrospective_airport_disruption_association
2020,RHI,origin,69,3,0,66,1,covid_shock_2020,0.043478260869565216,0.0,0.015151515151515152,retrospective_airport_disruption_association
2020,RIC,destination,1285,85,1,1199,10,covid_shock_2020,0.06614785992217899,0.0007782101167315176,0.008340283569641367,retrospective_airport_disruption_association
2020,RIC,origin,1306,105,0,1201,15,covid_shock_2020,0.08039816232771822,0.0,0.012489592006661115,retrospective_airport_disruption_association
2020,RIW,destination,47,1,0,46,1,covid_shock_2020,0.02127659574468085,0.0,0.021739130434782608,retrospective_airport_disruption_association
2020,RIW,origin,45,2,1,42,3,covid_shock_2020,0.044444444444444446,0.022222222222222223,0.07142857142857142,retrospective_airport_disruption_association
2020,RKS,destination,51,5,0,46,1,covid_shock_2020,0.09803921568627451,0.0,0.021739130434782608,retrospective_airport_disruption_association
2020,RKS,origin,58,1,0,57,1,covid_shock_2020,0.017241379310344827,0.0,0.017543859649122806,retrospective_airport_disruption_association
2020,RNO,destination,1284,84,4,1196,8,covid_shock_2020,0.06542056074766354,0.003115264797507788,0.006688963210702341,retrospective_airport_disruption_association
2020,RNO,origin,1338,98,3,1237,14,covid_shock_2020,0.07324364723467862,0.002242152466367713,0.01131770412287793,retrospective_airport_disruption_association
2020,ROA,destination,160,16,2,142,0,covid_shock_2020,0.1,0.0125,0.0,retrospective_airport_disruption_association
2020,ROA,origin,176,10,0,166,6,covid_shock_2020,0.056818181818181816,0.0,0.03614457831325301,retrospective_airport_disruption_association
2020,ROC,destination,735,54,0,681,7,covid_shock_2020,0.07346938775510205,0.0,0.010279001468428781,retrospective_airport_disruption_association
2020,ROC,origin,795,72,0,723,10,covid_shock_2020,0.09056603773584905,0.0,0.013831258644536652,retrospective_airport_disruption_association
2020,ROW,destination,86,7,0,79,0,covid_shock_2020,0.08139534883720931,0.0,0.0,retrospective_airport_disruption_association
2020,ROW,origin,90,8,0,82,2,covid_shock_2020,0.08888888888888889,0.0,0.024390243902439025,retrospective_airport_disruption_association
2020,RST,destination,209,16,1,192,1,covid_shock_2020,0.07655502392344497,0.004784688995215311,0.005208333333333333,retrospective_airport_disruption_association
2020,RST,origin,229,16,0,213,3,covid_shock_2020,0.06986899563318777,0.0,0.014084507042253521,retrospective_airport_disruption_association
2020,RSW,destination,3016,180,6,2830,23,covid_shock_2020,0.05968169761273209,0.001989389920424403,0.00812720848056537,retrospective_airport_disruption_association
2020,RSW,origin,3114,175,7,2932,38,covid_shock_2020,0.05619781631342325,0.00224791265253693,0.01296043656207367,retrospective_airport_disruption_association
2020,SAF,destination,121,6,1,114,4,covid_shock_2020,0.049586776859504134,0.008264462809917356,0.03508771929824561,retrospective_airport_disruption_association
2020,SAF,origin,128,11,0,117,4,covid_shock_2020,0.0859375,0.0,0.03418803418803419,retrospective_airport_disruption_association
2020,SAN,destination,5503,357,7,5139,22,covid_shock_2020,0.0648737052516809,0.0012720334363074686,0.004280988519167153,retrospective_airport_disruption_association
2020,SAN,origin,5519,403,4,5112,28,covid_shock_2020,0.07302047472368182,0.0007247689798876608,0.005477308294209703,retrospective_airport_disruption_association
2020,SAT,destination,2426,208,7,2211,31,covid_shock_2020,0.08573784006595218,0.0028854080791426216,0.014020805065581185,retrospective_airport_disruption_association
2020,SAT,origin,2407,176,7,2224,20,covid_shock_2020,0.07312006647278771,0.0029081844619858743,0.008992805755395683,retrospective_airport_disruption_association
2020,SAV,destination,1066,82,1,983,19,covid_shock_2020,0.07692307692307693,0.0009380863039399625,0.019328585961342827,retrospective_airport_disruption_association
2020,SAV,origin,1158,65,2,1091,21,covid_shock_2020,0.05613126079447323,0.0017271157167530224,0.01924839596700275,retrospective_airport_disruption_association
2020,SBA,destination,439,28,2,409,6,covid_shock_2020,0.06378132118451026,0.004555808656036446,0.014669926650366748,retrospective_airport_disruption_association
2020,SBA,origin,455,29,0,426,10,covid_shock_2020,0.06373626373626373,0.0,0.023474178403755867,retrospective_airport_disruption_association
2020,SBN,destination,510,23,0,487,7,covid_shock_2020,0.045098039215686274,0.0,0.014373716632443531,retrospective_airport_disruption_association
2020,SBN,origin,472,20,2,450,10,covid_shock_2020,0.0423728813559322,0.00423728813559322,0.022222222222222223,retrospective_airport_disruption_association
2020,SBP,destination,391,13,2,376,8,covid_shock_2020,0.03324808184143223,0.005115089514066497,0.02127659574468085,retrospective_airport_disruption_association
2020,SBP,origin,395,15,0,380,17,covid_shock_2020,0.0379746835443038,0.0,0.04473684210526316,retrospective_airport_disruption_association
2020,SCC,destination,66,3,0,63,1,covid_shock_2020,0.045454545454545456,0.0,0.015873015873015872,retrospective_airport_disruption_association
2020,SCC,origin,60,4,0,56,1,covid_shock_2020,0.06666666666666667,0.0,0.017857142857142856,retrospective_airport_disruption_association
2020,SCE,destination,104,8,0,96,3,covid_shock_2020,0.07692307692307693,0.0,0.03125,retrospective_airport_disruption_association
2020,SCE,origin,106,12,0,94,3,covid_shock_2020,0.11320754716981132,0.0,0.031914893617021274,retrospective_airport_disruption_association
2020,SCK,destination,73,18,1,54,0,covid_shock_2020,0.2465753424657534,0.0136986301369863,0.0,retrospective_airport_disruption_association
2020,SCK,origin,68,9,0,59,1,covid_shock_2020,0.1323529411764706,0.0,0.01694915254237288,retrospective_airport_disruption_association
2020,SDF,destination,1529,91,2,1436,14,covid_shock_2020,0.059516023544800525,0.0013080444735120995,0.009749303621169917,retrospective_airport_disruption_association
2020,SDF,origin,1577,117,1,1459,22,covid_shock_2020,0.07419150285351934,0.0006341154090044388,0.015078821110349555,retrospective_airport_disruption_association
2020,SEA,destination,10375,361,9,10005,64,covid_shock_2020,0.03479518072289157,0.0008674698795180722,0.0063968015992004,retrospective_airport_disruption_association
2020,SEA,origin,10370,376,16,9978,77,covid_shock_2020,0.036258437801350046,0.0015429122468659595,0.007716977350170375,retrospective_airport_disruption_association
2020,SFB,destination,915,136,3,776,33,covid_shock_2020,0.14863387978142076,0.003278688524590164,0.04252577319587629,retrospective_airport_disruption_association
2020,SFB,origin,943,154,6,783,16,covid_shock_2020,0.1633085896076352,0.006362672322375398,0.020434227330779056,retrospective_airport_disruption_association
2020,SFO,destination,9086,508,13,8565,105,covid_shock_2020,0.055910191503411845,0.001430772617213295,0.012259194395796848,retrospective_airport_disruption_association
2020,SFO,origin,9248,514,17,8717,94,covid_shock_2020,0.0555795847750865,0.001838235294117647,0.010783526442583458,retrospective_airport_disruption_association
2020,SGF,destination,648,37,2,609,5,covid_shock_2020,0.05709876543209876,0.0030864197530864196,0.008210180623973728,retrospective_airport_disruption_association
2020,SGF,origin,672,44,1,627,12,covid_shock_2020,0.06547619047619048,0.001488095238095238,0.019138755980861243,retrospective_airport_disruption_association
2020,SGU,destination,260,5,0,255,2,covid_shock_2020,0.019230769230769232,0.0,0.00784313725490196,retrospective_airport_disruption_association
2020,SGU,origin,274,4,0,270,7,covid_shock_2020,0.014598540145985401,0.0,0.025925925925925925,retrospective_airport_disruption_association
2020,SHD,destination,77,4,0,73,2,covid_shock_2020,0.05194805194805195,0.0,0.0273972602739726,retrospective_airport_disruption_association
2020,SHD,origin,67,4,0,63,2,covid_shock_2020,0.05970149253731343,0.0,0.031746031746031744,retrospective_airport_disruption_association
2020,SHR,destination,51,0,0,51,0,covid_shock_2020,0.0,0.0,0.0,retrospective_airport_disruption_association
2020,SHR,origin,52,1,0,51,2,covid_shock_2020,0.019230769230769232,0.0,0.0392156862745098,retrospective_airport_disruption_association
2020,SHV,destination,482,27,3,452,3,covid_shock_2020,0.056016597510373446,0.006224066390041493,0.00663716814159292,retrospective_airport_disruption_association
2020,SHV,origin,459,19,1,439,8,covid_shock_2020,0.04139433551198257,0.002178649237472767,0.018223234624145785,retrospective_airport_disruption_association
2020,SIT,destination,89,3,0,86,0,covid_shock_2020,0.033707865168539325,0.0,0.0,retrospective_airport_disruption_association
2020,SIT,origin,74,3,0,71,0,covid_shock_2020,0.04054054054054054,0.0,0.0,retrospective_airport_disruption_association
2020,SJC,destination,3434,284,5,3145,6,covid_shock_2020,0.08270238788584741,0.00145602795573675,0.0019077901430842607,retrospective_airport_disruption_association
2020,SJC,origin,3501,288,4,3209,12,covid_shock_2020,0.08226221079691516,0.0011425307055127106,0.00373948270489249,retrospective_airport_disruption_association
2020,SJT,destination,133,7,0,126,0,covid_shock_2020,0.05263157894736842,0.0,0.0,retrospective_airport_disruption_association
2020,SJT,origin,137,4,0,133,0,covid_shock_2020,0.029197080291970802,0.0,0.0,retrospective_airport_disruption_association
2020,SJU,destination,2052,83,1,1968,29,covid_shock_2020,0.040448343079922025,0.0004873294346978557,0.014735772357723578,retrospective_airport_disruption_association
2020,SJU,origin,2079,88,9,1982,30,covid_shock_2020,0.042328042328042326,0.004329004329004329,0.015136226034308779,retrospective_airport_disruption_association
2020,SLC,destination,9512,358,9,9145,111,covid_shock_2020,0.03763666947014298,0.0009461732548359966,0.012137780207763805,retrospective_airport_disruption_association
2020,SLC,origin,9526,292,14,9220,67,covid_shock_2020,0.030652949821541046,0.0014696619777451185,0.007266811279826464,retrospective_airport_disruption_association
2020,SLN,destination,66,1,1,64,0,covid_shock_2020,0.015151515151515152,0.015151515151515152,0.0,retrospective_airport_disruption_association
2020,SLN,origin,66,2,0,64,2,covid_shock_2020,0.030303030303030304,0.0,0.03125,retrospective_airport_disruption_association
2020,SMF,destination,3483,245,4,3234,14,covid_shock_2020,0.07034165948894631,0.0011484352569623888,0.004329004329004329,retrospective_airport_disruption_association
2020,SMF,origin,3424,234,2,3188,27,covid_shock_2020,0.0683411214953271,0.0005841121495327102,0.008469259723964869,retrospective_airport_disruption_association
2020,SMX,destination,14,4,0,10,0,covid_shock_2020,0.2857142857142857,0.0,0.0,retrospective_airport_disruption_association
2020,SMX,origin,18,2,0,16,0,covid_shock_2020,0.1111111111111111,0.0,0.0,retrospective_airport_disruption_association
2020,SNA,destination,2423,164,2,2257,7,covid_shock_2020,0.06768468840280643,0.0008254230293025176,0.0031014621178555605,retrospective_airport_disruption_association
2020,SNA,origin,2438,166,7,2265,17,covid_shock_2020,0.06808859721082855,0.002871205906480722,0.0075055187637969095,retrospective_airport_disruption_association
2020,SPI,destination,112,4,0,108,0,covid_shock_2020,0.03571428571428571,0.0,0.0,retrospective_airport_disruption_association
2020,SPI,origin,84,6,0,78,4,covid_shock_2020,0.07142857142857142,0.0,0.05128205128205128,retrospective_airport_disruption_association
2020,SPN,destination,25,1,0,24,0,covid_shock_2020,0.04,0.0,0.0,retrospective_airport_disruption_association
2020,SPN,origin,22,0,0,22,1,covid_shock_2020,0.0,0.0,0.045454545454545456,retrospective_airport_disruption_association
2020,SPS,destination,76,1,0,75,0,covid_shock_2020,0.013157894736842105,0.0,0.0,retrospective_airport_disruption_association
2020,SPS,origin,74,2,0,72,3,covid_shock_2020,0.02702702702702703,0.0,0.041666666666666664,retrospective_airport_disruption_association
2020,SRQ,destination,812,58,4,750,15,covid_shock_2020,0.07142857142857142,0.0049261083743842365,0.02,retrospective_airport_disruption_association
2020,SRQ,origin,853,70,3,780,23,covid_shock_2020,0.08206330597889801,0.0035169988276670576,0.029487179487179487,retrospective_airport_disruption_association
2020,STC,destination,18,1,0,17,0,covid_shock_2020,0.05555555555555555,0.0,0.0,retrospective_airport_disruption_association
2020,STC,origin,15,2,0,13,1,covid_shock_2020,0.13333333333333333,0.0,0.07692307692307693,retrospective_airport_disruption_association
2020,STL,destination,4652,304,6,4342,23,covid_shock_2020,0.06534823731728288,0.0012897678417884782,0.0052970981114693685,retrospective_airport_disruption_association
2020,STL,origin,4648,314,1,4333,45,covid_shock_2020,0.06755593803786575,0.0002151462994836489,0.010385414262635588,retrospective_airport_disruption_association
2020,STS,destination,213,5,0,208,3,covid_shock_2020,0.023474178403755867,0.0,0.014423076923076924,retrospective_airport_disruption_association
2020,STS,origin,186,6,0,180,2,covid_shock_2020,0.03225806451612903,0.0,0.011111111111111112,retrospective_airport_disruption_association
2020,STT,destination,357,13,1,343,3,covid_shock_2020,0.036414565826330535,0.0028011204481792717,0.008746355685131196,retrospective_airport_disruption_association
2020,STT,origin,334,11,1,322,7,covid_shock_2020,0.03293413173652695,0.0029940119760479044,0.021739130434782608,retrospective_airport_disruption_association
2020,STX,destination,76,0,0,76,1,covid_shock_2020,0.0,0.0,0.013157894736842105,retrospective_airport_disruption_association
2020,STX,origin,94,1,1,92,0,covid_shock_2020,0.010638297872340425,0.010638297872340425,0.0,retrospective_airport_disruption_association
2020,SUN,destination,119,7,0,112,2,covid_shock_2020,0.058823529411764705,0.0,0.017857142857142856,retrospective_airport_disruption_association
2020,SUN,origin,132,13,0,119,2,covid_shock_2020,0.09848484848484848,0.0,0.01680672268907563,retrospective_airport_disruption_association
2020,SUX,destination,66,7,0,59,0,covid_shock_2020,0.10606060606060606,0.0,0.0,retrospective_airport_disruption_association
2020,SUX,origin,80,7,2,71,2,covid_shock_2020,0.0875,0.025,0.028169014084507043,retrospective_airport_disruption_association
2020,SWF,destination,82,12,2,68,4,covid_shock_2020,0.14634146341463414,0.024390243902439025,0.058823529411764705,retrospective_airport_disruption_association
2020,SWF,origin,84,9,0,75,2,covid_shock_2020,0.10714285714285714,0.0,0.02666666666666667,retrospective_airport_disruption_association
2020,SWO,destination,59,3,0,56,0,covid_shock_2020,0.05084745762711865,0.0,0.0,retrospective_airport_disruption_association
2020,SWO,origin,72,4,0,68,2,covid_shock_2020,0.05555555555555555,0.0,0.029411764705882353,retrospective_airport_disruption_association
2020,SYR,destination,724,70,0,654,7,covid_shock_2020,0.09668508287292818,0.0,0.010703363914373088,retrospective_airport_disruption_association
2020,SYR,origin,709,70,1,638,7,covid_shock_2020,0.09873060648801128,0.0014104372355430183,0.0109717868338558,retrospective_airport_disruption_association
2020,TLH,destination,437,29,1,407,7,covid_shock_2020,0.06636155606407322,0.002288329519450801,0.0171990171990172,retrospective_airport_disruption_association
2020,TLH,origin,426,17,0,409,7,covid_shock_2020,0.03990610328638498,0.0,0.017114914425427872,retrospective_airport_disruption_association
2020,TOL,destination,90,9,0,81,0,covid_shock_2020,0.1,0.0,0.0,retrospective_airport_disruption_association
2020,TOL,origin,124,9,1,114,1,covid_shock_2020,0.07258064516129033,0.008064516129032258,0.008771929824561403,retrospective_airport_disruption_association
2020,TPA,destination,5376,353,8,5015,48,covid_shock_2020,0.06566220238095238,0.001488095238095238,0.009571286141575274,retrospective_airport_disruption_association
2020,TPA,origin,5207,356,9,4842,40,covid_shock_2020,0.06836950259266372,0.0017284424812752065,0.008261049153242462,retrospective_airport_disruption_association
2020,TRI,destination,228,15,1,212,0,covid_shock_2020,0.06578947368421052,0.0043859649122807015,0.0,retrospective_airport_disruption_association
2020,TRI,origin,217,12,2,203,1,covid_shock_2020,0.055299539170506916,0.009216589861751152,0.0049261083743842365,retrospective_airport_disruption_association
2020,TTN,destination,119,13,1,105,3,covid_shock_2020,0.1092436974789916,0.008403361344537815,0.02857142857142857,retrospective_airport_disruption_association
2020,TTN,origin,126,7,0,119,3,covid_shock_2020,0.05555555555555555,0.0,0.025210084033613446,retrospective_airport_disruption_association
2020,TUL,destination,1126,60,3,1063,5,covid_shock_2020,0.05328596802841918,0.0026642984014209592,0.004703668861712135,retrospective_airport_disruption_association
2020,TUL,origin,1140,76,2,1062,11,covid_shock_2020,0.06666666666666667,0.0017543859649122807,0.010357815442561206,retrospective_airport_disruption_association
2020,TUS,destination,1319,60,3,1256,3,covid_shock_2020,0.045489006823351025,0.002274450341167551,0.0023885350318471337,retrospective_airport_disruption_association
2020,TUS,origin,1257,61,0,1196,9,covid_shock_2020,0.04852824184566428,0.0,0.007525083612040134,retrospective_airport_disruption_association
2020,TVC,destination,348,11,2,335,3,covid_shock_2020,0.031609195402298854,0.005747126436781609,0.008955223880597015,retrospective_airport_disruption_association
2020,TVC,origin,345,10,0,335,5,covid_shock_2020,0.028985507246376812,0.0,0.014925373134328358,retrospective_airport_disruption_association
2020,TWF,destination,82,0,0,82,2,covid_shock_2020,0.0,0.0,0.024390243902439025,retrospective_airport_disruption_association
2020,TWF,origin,85,1,0,84,1,covid_shock_2020,0.011764705882352941,0.0,0.011904761904761904,retrospective_airport_disruption_association
2020,TXK,destination,83,6,0,77,1,covid_shock_2020,0.07228915662650602,0.0,0.012987012987012988,retrospective_airport_disruption_association
2020,TXK,origin,89,2,0,87,1,covid_shock_2020,0.02247191011235955,0.0,0.011494252873563218,retrospective_airport_disruption_association
2020,TYR,destination,120,12,0,108,1,covid_shock_2020,0.1,0.0,0.009259259259259259,retrospective_airport_disruption_association
2020,TYR,origin,107,6,0,101,1,covid_shock_2020,0.056074766355140186,0.0,0.009900990099009901,retrospective_airport_disruption_association
2020,TYS,destination,1106,79,5,1022,15,covid_shock_2020,0.07142857142857142,0.0045207956600361665,0.014677103718199608,retrospective_airport_disruption_association
2020,TYS,origin,1082,70,3,1009,14,covid_shock_2020,0.06469500924214418,0.0027726432532347504,0.013875123885034688,retrospective_airport_disruption_association
2020,UIN,destination,1,0,0,1,0,covid_shock_2020,0.0,0.0,0.0,retrospective_airport_disruption_association
2020,USA,destination,108,23,1,84,0,covid_shock_2020,0.21296296296296297,0.009259259259259259,0.0,retrospective_airport_disruption_association
2020,USA,origin,118,28,0,90,2,covid_shock_2020,0.23728813559322035,0.0,0.022222222222222223,retrospective_airport_disruption_association
2020,VCT,destination,9,0,0,9,0,covid_shock_2020,0.0,0.0,0.0,retrospective_airport_disruption_association
2020,VCT,origin,13,1,0,12,0,covid_shock_2020,0.07692307692307693,0.0,0.0,retrospective_airport_disruption_association
2020,VEL,destination,50,2,3,45,0,covid_shock_2020,0.04,0.06,0.0,retrospective_airport_disruption_association
2020,VEL,origin,67,3,0,64,1,covid_shock_2020,0.04477611940298507,0.0,0.015625,retrospective_airport_disruption_association
2020,VLD,destination,76,3,0,73,0,covid_shock_2020,0.039473684210526314,0.0,0.0,retrospective_airport_disruption_association
2020,VLD,origin,88,3,0,85,1,covid_shock_2020,0.03409090909090909,0.0,0.011764705882352941,retrospective_airport_disruption_association
2020,VPS,destination,750,55,3,692,11,covid_shock_2020,0.07333333333333333,0.004,0.015895953757225433,retrospective_airport_disruption_association
2020,VPS,origin,732,60,2,670,11,covid_shock_2020,0.08196721311475409,0.00273224043715847,0.016417910447761194,retrospective_airport_disruption_association
2020,WRG,destination,70,0,1,69,0,covid_shock_2020,0.0,0.014285714285714285,0.0,retrospective_airport_disruption_association
2020,WRG,origin,81,3,0,78,0,covid_shock_2020,0.037037037037037035,0.0,0.0,retrospective_airport_disruption_association
2020,WYS,destination,29,0,1,28,0,covid_shock_2020,0.0,0.034482758620689655,0.0,retrospective_airport_disruption_association
2020,WYS,origin,24,1,0,23,0,covid_shock_2020,0.041666666666666664,0.0,0.0,retrospective_airport_disruption_association
2020,XNA,destination,845,54,0,791,7,covid_shock_2020,0.06390532544378698,0.0,0.008849557522123894,retrospective_airport_disruption_association
2020,XNA,origin,809,53,1,755,18,covid_shock_2020,0.06551297898640297,0.0012360939431396785,0.02384105960264901,retrospective_airport_disruption_association
2020,XWA,destination,51,3,0,48,1,covid_shock_2020,0.058823529411764705,0.0,0.020833333333333332,retrospective_airport_disruption_association
2020,XWA,origin,53,2,0,51,2,covid_shock_2020,0.03773584905660377,0.0,0.0392156862745098,retrospective_airport_disruption_association
2020,YAK,destination,80,2,6,72,0,covid_shock_2020,0.025,0.075,0.0,retrospective_airport_disruption_association
2020,YAK,origin,73,4,1,68,0,covid_shock_2020,0.0547945205479452,0.0136986301369863,0.0,retrospective_airport_disruption_association
2020,YUM,destination,132,6,0,126,1,covid_shock_2020,0.045454545454545456,0.0,0.007936507936507936,retrospective_airport_disruption_association
2020,YUM,origin,137,8,0,129,3,covid_shock_2020,0.058394160583941604,0.0,0.023255813953488372,retrospective_airport_disruption_association
2021,ABE,destination,446,4,2,440,13,recovery_transition_2021_2022,0.008968609865470852,0.004484304932735426,0.029545454545454545,retrospective_airport_disruption_association
2021,ABE,origin,470,4,1,465,15,recovery_transition_2021_2022,0.00851063829787234,0.002127659574468085,0.03225806451612903,retrospective_airport_disruption_association
2021,ABI,destination,252,6,0,246,2,recovery_transition_2021_2022,0.023809523809523808,0.0,0.008130081300813009,retrospective_airport_disruption_association
2021,ABI,origin,248,10,0,238,7,recovery_transition_2021_2022,0.04032258064516129,0.0,0.029411764705882353,retrospective_airport_disruption_association
2021,ABQ,destination,1691,27,1,1663,28,recovery_transition_2021_2022,0.01596688350088705,0.0005913660555884093,0.01683704149128082,retrospective_airport_disruption_association
2021,ABQ,origin,1720,37,1,1682,35,recovery_transition_2021_2022,0.021511627906976746,0.0005813953488372093,0.020808561236623068,retrospective_airport_disruption_association
2021,ABR,destination,77,0,1,76,0,recovery_transition_2021_2022,0.0,0.012987012987012988,0.0,retrospective_airport_disruption_association
2021,ABR,origin,48,0,0,48,1,recovery_transition_2021_2022,0.0,0.0,0.020833333333333332,retrospective_airport_disruption_association
2021,ABY,destination,105,0,0,105,1,recovery_transition_2021_2022,0.0,0.0,0.009523809523809525,retrospective_airport_disruption_association
2021,ABY,origin,102,0,0,102,0,recovery_transition_2021_2022,0.0,0.0,0.0,retrospective_airport_disruption_association
2021,ACK,destination,156,1,0,155,4,recovery_transition_2021_2022,0.00641025641025641,0.0,0.025806451612903226,retrospective_airport_disruption_association
2021,ACK,origin,154,3,2,149,7,recovery_transition_2021_2022,0.01948051948051948,0.012987012987012988,0.04697986577181208,retrospective_airport_disruption_association
2021,ACT,destination,138,4,0,134,2,recovery_transition_2021_2022,0.028985507246376812,0.0,0.014925373134328358,retrospective_airport_disruption_association
2021,ACT,origin,140,4,0,136,4,recovery_transition_2021_2022,0.02857142857142857,0.0,0.029411764705882353,retrospective_airport_disruption_association
2021,ACV,destination,192,8,0,184,5,recovery_transition_2021_2022,0.041666666666666664,0.0,0.02717391304347826,retrospective_airport_disruption_association
2021,ACV,origin,177,7,0,170,5,recovery_transition_2021_2022,0.03954802259887006,0.0,0.029411764705882353,retrospective_airport_disruption_association
2021,ACY,destination,312,3,0,309,12,recovery_transition_2021_2022,0.009615384615384616,0.0,0.038834951456310676,retrospective_airport_disruption_association
2021,ACY,origin,328,17,1,310,7,recovery_transition_2021_2022,0.051829268292682924,0.003048780487804878,0.02258064516129032,retrospective_airport_disruption_association
2021,ADK,destination,14,1,1,12,0,recovery_transition_2021_2022,0.07142857142857142,0.07142857142857142,0.0,retrospective_airport_disruption_association
2021,ADK,origin,8,0,0,8,0,recovery_transition_2021_2022,0.0,0.0,0.0,retrospective_airport_disruption_association
2021,ADQ,destination,103,10,0,93,0,recovery_transition_2021_2022,0.0970873786407767,0.0,0.0,retrospective_airport_disruption_association
2021,ADQ,origin,107,7,0,100,0,recovery_transition_2021_2022,0.06542056074766354,0.0,0.0,retrospective_airport_disruption_association
2021,AEX,destination,251,9,2,240,0,recovery_transition_2021_2022,0.035856573705179286,0.00796812749003984,0.0,retrospective_airport_disruption_association
2021,AEX,origin,240,10,1,229,3,recovery_transition_2021_2022,0.041666666666666664,0.004166666666666667,0.013100436681222707,retrospective_airport_disruption_association
2021,AGS,destination,378,4,2,372,6,recovery_transition_2021_2022,0.010582010582010581,0.005291005291005291,0.016129032258064516,retrospective_airport_disruption_association
2021,AGS,origin,372,3,1,368,7,recovery_transition_2021_2022,0.008064516129032258,0.002688172043010753,0.019021739130434784,retrospective_airport_disruption_association
2021,AKN,destination,36,3,0,33,1,recovery_transition_2021_2022,0.08333333333333333,0.0,0.030303030303030304,retrospective_airport_disruption_association
2021,AKN,origin,52,3,1,48,0,recovery_transition_2021_2022,0.057692307692307696,0.019230769230769232,0.0,retrospective_airport_disruption_association
2021,ALB,destination,854,11,4,839,20,recovery_transition_2021_2022,0.01288056206088993,0.00468384074941452,0.023837902264600714,retrospective_airport_disruption_association
2021,ALB,origin,872,14,4,854,15,recovery_transition_2021_2022,0.016055045871559634,0.0045871559633027525,0.01756440281030445,retrospective_airport_disruption_association
2021,ALO,destination,58,1,0,57,0,recovery_transition_2021_2022,0.017241379310344827,0.0,0.0,retrospective_airport_disruption_association
2021,ALO,origin,51,1,0,50,1,recovery_transition_2021_2022,0.0196078431372549,0.0,0.02,retrospective_airport_disruption_association
2021,ALS,destination,55,1,0,54,2,recovery_transition_2021_2022,0.01818181818181818,0.0,0.037037037037037035,retrospective_airport_disruption_association
2021,ALS,origin,53,1,0,52,2,recovery_transition_2021_2022,0.018867924528301886,0.0,0.038461538461538464,retrospective_airport_disruption_association
2021,ALW,destination,79,1,0,78,0,recovery_transition_2021_2022,0.012658227848101266,0.0,0.0,retrospective_airport_disruption_association
2021,ALW,origin,89,3,0,86,3,recovery_transition_2021_2022,0.033707865168539325,0.0,0.03488372093023256,retrospective_airport_disruption_association
2021,AMA,destination,487,9,1,477,18,recovery_transition_2021_2022,0.018480492813141684,0.002053388090349076,0.03773584905660377,retrospective_airport_disruption_association
2021,AMA,origin,451,24,1,426,23,recovery_transition_2021_2022,0.05321507760532151,0.0022172949002217295,0.0539906103286385,retrospective_airport_disruption_association
2021,ANC,destination,1962,41,5,1916,20,recovery_transition_2021_2022,0.02089704383282365,0.0025484199796126403,0.010438413361169102,retrospective_airport_disruption_association
2021,ANC,origin,1883,31,6,1846,26,recovery_transition_2021_2022,0.016463090812533193,0.003186404673393521,0.014084507042253521,retrospective_airport_disruption_association
2021,APN,destination,73,0,0,73,1,recovery_transition_2021_2022,0.0,0.0,0.0136986301369863,retrospective_airport_disruption_association
2021,APN,origin,62,1,0,61,1,recovery_transition_2021_2022,0.016129032258064516,0.0,0.01639344262295082,retrospective_airport_disruption_association
2021,ASE,destination,604,28,15,561,25,recovery_transition_2021_2022,0.046357615894039736,0.024834437086092714,0.044563279857397504,retrospective_airport_disruption_association
2021,ASE,origin,554,51,3,500,37,recovery_transition_2021_2022,0.09205776173285199,0.005415162454873646,0.074,retrospective_airport_disruption_association
2021,ATL,destination,31912,229,42,31641,478,recovery_transition_2021_2022,0.0071759839558786665,0.0013161193281524192,0.015106981448121108,retrospective_airport_disruption_association
2021,ATL,origin,32076,223,63,31790,341,recovery_transition_2021_2022,0.006952238433719915,0.001964085297418631,0.010726643598615917,retrospective_airport_disruption_association
2021,ATW,destination,542,8,2,532,9,recovery_transition_2021_2022,0.014760147601476014,0.0036900369003690036,0.016917293233082706,retrospective_airport_disruption_association
2021,ATW,origin,513,5,0,508,10,recovery_transition_2021_2022,0.009746588693957114,0.0,0.01968503937007874,retrospective_airport_disruption_association
2021,ATY,destination,66,1,1,64,1,recovery_transition_2021_2022,0.015151515151515152,0.015151515151515152,0.015625,retrospective_airport_disruption_association
2021,ATY,origin,59,3,0,56,5,recovery_transition_2021_2022,0.05084745762711865,0.0,0.08928571428571429,retrospective_airport_disruption_association
2021,AUS,destination,6247,130,19,6098,129,recovery_transition_2021_2022,0.02080998879462142,0.003041459900752361,0.021154476877664807,retrospective_airport_disruption_association
2021,AUS,origin,6383,136,19,6228,144,recovery_transition_2021_2022,0.021306595644681185,0.0029766567444775185,0.023121387283236993,retrospective_airport_disruption_association
2021,AVL,destination,845,11,0,834,18,recovery_transition_2021_2022,0.01301775147928994,0.0,0.02158273381294964,retrospective_airport_disruption_association
2021,AVL,origin,824,16,1,807,21,recovery_transition_2021_2022,0.019417475728155338,0.0012135922330097086,0.026022304832713755,retrospective_airport_disruption_association
2021,AVP,destination,175,2,0,173,2,recovery_transition_2021_2022,0.011428571428571429,0.0,0.011560693641618497,retrospective_airport_disruption_association
2021,AVP,origin,165,3,0,162,2,recovery_transition_2021_2022,0.01818181818181818,0.0,0.012345679012345678,retrospective_airport_disruption_association
2021,AZA,destination,670,19,4,647,21,recovery_transition_2021_2022,0.028358208955223882,0.005970149253731343,0.03245749613601236,retrospective_airport_disruption_association
2021,AZA,origin,592,11,0,581,16,recovery_transition_2021_2022,0.018581081081081082,0.0,0.027538726333907058,retrospective_airport_disruption_association
2021,AZO,destination,161,0,0,161,7,recovery_transition_2021_2022,0.0,0.0,0.043478260869565216,retrospective_airport_disruption_association
2021,AZO,origin,180,0,0,180,1,recovery_transition_2021_2022,0.0,0.0,0.005555555555555556,retrospective_airport_disruption_association
2021,BDL,destination,2038,38,3,1997,40,recovery_transition_2021_2022,0.018645731108930325,0.0014720314033366045,0.020030045067601403,retrospective_airport_disruption_association
2021,BDL,origin,2053,33,3,2017,51,recovery_transition_2021_2022,0.01607403799318071,0.0014612761811982464,0.02528507684680218,retrospective_airport_disruption_association
2021,BET,destination,59,0,0,59,1,recovery_transition_2021_2022,0.0,0.0,0.01694915254237288,retrospective_airport_disruption_association
2021,BET,origin,76,2,0,74,0,recovery_transition_2021_2022,0.02631578947368421,0.0,0.0,retrospective_airport_disruption_association
2021,BFF,destination,51,2,0,49,2,recovery_transition_2021_2022,0.0392156862745098,0.0,0.04081632653061224,retrospective_airport_disruption_association
2021,BFF,origin,71,1,0,70,1,recovery_transition_2021_2022,0.014084507042253521,0.0,0.014285714285714285,retrospective_airport_disruption_association
2021,BFL,destination,267,3,1,263,9,recovery_transition_2021_2022,0.011235955056179775,0.003745318352059925,0.034220532319391636,retrospective_airport_disruption_association
2021,BFL,origin,261,5,0,256,12,recovery_transition_2021_2022,0.019157088122605363,0.0,0.046875,retrospective_airport_disruption_association
2021,BGM,destination,32,0,0,32,0,recovery_transition_2021_2022,0.0,0.0,0.0,retrospective_airport_disruption_association
2021,BGM,origin,36,0,0,36,1,recovery_transition_2021_2022,0.0,0.0,0.027777777777777776,retrospective_airport_disruption_association
2021,BGR,destination,390,10,1,379,8,recovery_transition_2021_2022,0.02564102564102564,0.002564102564102564,0.021108179419525065,retrospective_airport_disruption_association
2021,BGR,origin,360,6,0,354,8,recovery_transition_2021_2022,0.016666666666666666,0.0,0.022598870056497175,retrospective_airport_disruption_association
2021,BHM,destination,1464,21,3,1440,29,recovery_transition_2021_2022,0.014344262295081968,0.0020491803278688526,0.02013888888888889,retrospective_airport_disruption_association
2021,BHM,origin,1418,24,3,1391,43,recovery_transition_2021_2022,0.01692524682651622,0.0021156558533145277,0.030913012221423435,retrospective_airport_disruption_association
2021,BIH,destination,4,1,0,3,0,recovery_transition_2021_2022,0.25,0.0,0.0,retrospective_airport_disruption_association
2021,BIH,origin,8,0,0,8,0,recovery_transition_2021_2022,0.0,0.0,0.0,retrospective_airport_disruption_association
2021,BIL,destination,569,5,0,564,7,recovery_transition_2021_2022,0.008787346221441126,0.0,0.012411347517730497,retrospective_airport_disruption_association
2021,BIL,origin,567,10,2,555,11,recovery_transition_2021_2022,0.01763668430335097,0.003527336860670194,0.01981981981981982,retrospective_airport_disruption_association
2021,BIS,destination,398,7,1,390,18,recovery_transition_2021_2022,0.017587939698492462,0.002512562814070352,0.046153846153846156,retrospective_airport_disruption_association
2021,BIS,origin,430,3,1,426,12,recovery_transition_2021_2022,0.0069767441860465115,0.002325581395348837,0.028169014084507043,retrospective_airport_disruption_association
2021,BJI,destination,77,3,1,73,1,recovery_transition_2021_2022,0.03896103896103896,0.012987012987012988,0.0136986301369863,retrospective_airport_disruption_association
2021,BJI,origin,71,1,0,70,0,recovery_transition_2021_2022,0.014084507042253521,0.0,0.0,retrospective_airport_disruption_association
2021,BKG,destination,10,1,0,9,0,recovery_transition_2021_2022,0.1,0.0,0.0,retrospective_airport_disruption_association
2021,BKG,origin,3,0,0,3,0,recovery_transition_2021_2022,0.0,0.0,0.0,retrospective_airport_disruption_association
2021,BLI,destination,273,8,0,265,3,recovery_transition_2021_2022,0.029304029304029304,0.0,0.011320754716981131,retrospective_airport_disruption_association
2021,BLI,origin,246,9,0,237,2,recovery_transition_2021_2022,0.036585365853658534,0.0,0.008438818565400843,retrospective_airport_disruption_association
2021,BLV,destination,131,4,1,126,3,recovery_transition_2021_2022,0.030534351145038167,0.007633587786259542,0.023809523809523808,retrospective_airport_disruption_association
2021,BLV,origin,132,2,1,129,9,recovery_transition_2021_2022,0.015151515151515152,0.007575757575757576,0.06976744186046512,retrospective_airport_disruption_association
2021,BMI,destination,260,4,1,255,11,recovery_transition_2021_2022,0.015384615384615385,0.0038461538461538464,0.043137254901960784,retrospective_airport_disruption_association
2021,BMI,origin,288,3,1,284,6,recovery_transition_2021_2022,0.010416666666666666,0.003472222222222222,0.02112676056338028,retrospective_airport_disruption_association
2021,BNA,destination,7591,147,13,7431,151,recovery_transition_2021_2022,0.019365037544460544,0.0017125543406665787,0.020320279908491456,retrospective_airport_disruption_association
2021,BNA,origin,7595,168,17,7410,130,recovery_transition_2021_2022,0.022119815668202765,0.002238314680710994,0.017543859649122806,retrospective_airport_disruption_association
2021,BOI,destination,2504,24,4,2476,39,recovery_transition_2021_2022,0.009584664536741214,0.001597444089456869,0.015751211631663976,retrospective_airport_disruption_association
2021,BOI,origin,2484,24,2,2458,41,recovery_transition_2021_2022,0.00966183574879227,0.0008051529790660225,0.016680227827502035,retrospective_airport_disruption_association
2021,BOS,destination,9264,128,13,9123,202,recovery_transition_2021_2022,0.013816925734024179,0.0014032815198618308,0.022141839307245424,retrospective_airport_disruption_association
2021,BOS,origin,9106,109,26,8971,173,recovery_transition_2021_2022,0.011970129584889085,0.0028552602679551946,0.01928436071786869,retrospective_airport_disruption_association
2021,BPT,destination,99,3,0,96,0,recovery_transition_2021_2022,0.030303030303030304,0.0,0.0,retrospective_airport_disruption_association
2021,BPT,origin,100,1,0,99,7,recovery_transition_2021_2022,0.01,0.0,0.0707070707070707,retrospective_airport_disruption_association
2021,BQK,destination,80,1,0,79,1,recovery_transition_2021_2022,0.0125,0.0,0.012658227848101266,retrospective_airport_disruption_association
2021,BQK,origin,112,0,0,112,3,recovery_transition_2021_2022,0.0,0.0,0.026785714285714284,retrospective_airport_disruption_association
2021,BQN,destination,176,3,0,173,7,recovery_transition_2021_2022,0.017045454545454544,0.0,0.04046242774566474,retrospective_airport_disruption_association
2021,BQN,origin,156,4,1,151,3,recovery_transition_2021_2022,0.02564102564102564,0.00641025641025641,0.019867549668874173,retrospective_airport_disruption_association
2021,BRD,destination,58,1,0,57,2,recovery_transition_2021_2022,0.017241379310344827,0.0,0.03508771929824561,retrospective_airport_disruption_association
2021,BRD,origin,80,1,0,79,3,recovery_transition_2021_2022,0.0125,0.0,0.0379746835443038,retrospective_airport_disruption_association
2021,BRO,destination,144,4,0,140,1,recovery_transition_2021_2022,0.027777777777777776,0.0,0.007142857142857143,retrospective_airport_disruption_association
2021,BRO,origin,152,3,0,149,7,recovery_transition_2021_2022,0.019736842105263157,0.0,0.04697986577181208,retrospective_airport_disruption_association
2021,BRW,destination,25,0,0,25,1,recovery_transition_2021_2022,0.0,0.0,0.04,retrospective_airport_disruption_association
2021,BRW,origin,35,1,0,34,2,recovery_transition_2021_2022,0.02857142857142857,0.0,0.058823529411764705,retrospective_airport_disruption_association
2021,BTM,destination,59,1,0,58,1,recovery_transition_2021_2022,0.01694915254237288,0.0,0.017241379310344827,retrospective_airport_disruption_association
2021,BTM,origin,87,1,0,86,0,recovery_transition_2021_2022,0.011494252873563218,0.0,0.0,retrospective_airport_disruption_association
2021,BTR,destination,465,7,2,456,6,recovery_transition_2021_2022,0.015053763440860216,0.004301075268817204,0.013157894736842105,retrospective_airport_disruption_association
2021,BTR,origin,469,14,1,454,18,recovery_transition_2021_2022,0.029850746268656716,0.0021321961620469083,0.039647577092511016,retrospective_airport_disruption_association
2021,BTV,destination,521,11,1,509,13,recovery_transition_2021_2022,0.02111324376199616,0.0019193857965451055,0.025540275049115914,retrospective_airport_disruption_association
2021,BTV,origin,491,4,1,486,12,recovery_transition_2021_2022,0.008146639511201629,0.002036659877800407,0.024691358024691357,retrospective_airport_disruption_association
2021,BUF,destination,1403,22,3,1378,23,recovery_transition_2021_2022,0.015680684248039915,0.0021382751247327157,0.016690856313497822,retrospective_airport_disruption_association
2021,BUF,origin,1485,17,1,1467,32,recovery_transition_2021_2022,0.011447811447811448,0.0006734006734006734,0.021813224267211998,retrospective_airport_disruption_association
2021,BUR,destination,1968,70,9,1889,40,recovery_transition_2021_2022,0.03556910569105691,0.004573170731707317,0.021175224986765485,retrospective_airport_disruption_association
2021,BUR,origin,1988,59,3,1926,36,recovery_transition_2021_2022,0.029678068410462777,0.0015090543259557343,0.018691588785046728,retrospective_airport_disruption_association
2021,BWI,destination,7679,196,9,7474,134,recovery_transition_2021_2022,0.02552415679124886,0.0011720276077614273,0.01792881990901793,retrospective_airport_disruption_association
2021,BWI,origin,7753,195,8,7550,139,recovery_transition_2021_2022,0.02515155423706952,0.0010318586353669547,0.018410596026490065,retrospective_airport_disruption_association
2021,BZN,destination,1214,19,7,1188,14,recovery_transition_2021_2022,0.015650741350906095,0.005766062602965404,0.011784511784511785,retrospective_airport_disruption_association
2021,BZN,origin,1177,20,5,1152,27,recovery_transition_2021_2022,0.016992353440951572,0.004248088360237893,0.0234375,retrospective_airport_disruption_association
2021,CAE,destination,579,8,0,571,5,recovery_transition_2021_2022,0.013816925734024179,0.0,0.008756567425569177,retrospective_airport_disruption_association
2021,CAE,origin,542,6,0,536,8,recovery_transition_2021_2022,0.01107011070110701,0.0,0.014925373134328358,retrospective_airport_disruption_association
2021,CAK,destination,211,2,0,209,4,recovery_transition_2021_2022,0.009478672985781991,0.0,0.019138755980861243,retrospective_airport_disruption_association
2021,CAK,origin,238,1,0,237,5,recovery_transition_2021_2022,0.004201680672268907,0.0,0.02109704641350211,retrospective_airport_disruption_association
2021,CDB,destination,7,0,0,7,0,recovery_transition_2021_2022,0.0,0.0,0.0,retrospective_airport_disruption_association
2021,CDB,origin,16,0,0,16,0,recovery_transition_2021_2022,0.0,0.0,0.0,retrospective_airport_disruption_association
2021,CDC,destination,70,0,1,69,2,recovery_transition_2021_2022,0.0,0.014285714285714285,0.028985507246376812,retrospective_airport_disruption_association
2021,CDC,origin,69,1,0,68,4,recovery_transition_2021_2022,0.014492753623188406,0.0,0.058823529411764705,retrospective_airport_disruption_association
2021,CDV,destination,73,0,1,72,1,recovery_transition_2021_2022,0.0,0.0136986301369863,0.013888888888888888,retrospective_airport_disruption_association
2021,CDV,origin,75,2,1,72,1,recovery_transition_2021_2022,0.02666666666666667,0.013333333333333334,0.013888888888888888,retrospective_airport_disruption_association
2021,CGI,destination,54,1,1,52,1,recovery_transition_2021_2022,0.018518518518518517,0.018518518518518517,0.019230769230769232,retrospective_airport_disruption_association
2021,CGI,origin,56,4,0,52,0,recovery_transition_2021_2022,0.07142857142857142,0.0,0.0,retrospective_airport_disruption_association
2021,CHA,destination,543,6,1,536,10,recovery_transition_2021_2022,0.011049723756906077,0.001841620626151013,0.018656716417910446,retrospective_airport_disruption_association
2021,CHA,origin,528,4,1,523,8,recovery_transition_2021_2022,0.007575757575757576,0.001893939393939394,0.015296367112810707,retrospective_airport_disruption_association
2021,CHO,destination,201,0,0,201,3,recovery_transition_2021_2022,0.0,0.0,0.014925373134328358,retrospective_airport_disruption_association
2021,CHO,origin,191,0,0,191,3,recovery_transition_2021_2022,0.0,0.0,0.015706806282722512,retrospective_airport_disruption_association
2021,CHS,destination,2344,29,6,2309,38,recovery_transition_2021_2022,0.012372013651877133,0.002559726962457338,0.01645734084019056,retrospective_airport_disruption_association
2021,CHS,origin,2391,59,4,2328,41,recovery_transition_2021_2022,0.0246758678377248,0.001672940192388122,0.01761168384879725,retrospective_airport_disruption_association
2021,CID,destination,841,17,2,822,18,recovery_transition_2021_2022,0.020214030915576695,0.0023781212841854932,0.021897810218978103,retrospective_airport_disruption_association
2021,CID,origin,795,16,4,775,21,recovery_transition_2021_2022,0.02012578616352201,0.005031446540880503,0.027096774193548386,retrospective_airport_disruption_association
2021,CIU,destination,75,0,2,73,0,recovery_transition_2021_2022,0.0,0.02666666666666667,0.0,retrospective_airport_disruption_association
2021,CIU,origin,86,0,0,86,2,recovery_transition_2021_2022,0.0,0.0,0.023255813953488372,retrospective_airport_disruption_association
2021,CKB,destination,92,5,1,86,6,recovery_transition_2021_2022,0.05434782608695652,0.010869565217391304,0.06976744186046512,retrospective_airport_disruption_association
2021,CKB,origin,100,4,0,96,9,recovery_transition_2021_2022,0.04,0.0,0.09375,retrospective_airport_disruption_association
2021,CLE,destination,3463,62,4,3397,68,recovery_transition_2021_2022,0.017903551833670227,0.001155067860236789,0.020017662643508977,retrospective_airport_disruption_association
2021,CLE,origin,3354,45,13,3296,71,recovery_transition_2021_2022,0.013416815742397137,0.003875968992248062,0.02154126213592233,retrospective_airport_disruption_association
2021,CLL,destination,151,7,1,143,2,recovery_transition_2021_2022,0.046357615894039736,0.006622516556291391,0.013986013986013986,retrospective_airport_disruption_association
2021,CLL,origin,140,4,0,136,2,recovery_transition_2021_2022,0.02857142857142857,0.0,0.014705882352941176,retrospective_airport_disruption_association
2021,CLT,destination,20730,299,34,20397,399,recovery_transition_2021_2022,0.014423540762180415,0.0016401350699469367,0.01956170025003677,retrospective_airport_disruption_association
2021,CLT,origin,20787,271,41,20475,256,recovery_transition_2021_2022,0.013036994275268197,0.0019723865877712033,0.012503052503052503,retrospective_airport_disruption_association
2021,CMH,destination,3172,37,2,3133,63,recovery_transition_2021_2022,0.011664564943253467,0.0006305170239596469,0.02010852218321098,retrospective_airport_disruption_association
2021,CMH,origin,3104,53,7,3044,43,recovery_transition_2021_2022,0.017074742268041235,0.0022551546391752575,0.014126149802890934,retrospective_airport_disruption_association
2021,CMI,destination,155,8,0,147,5,recovery_transition_2021_2022,0.05161290322580645,0.0,0.034013605442176874,retrospective_airport_disruption_association
2021,CMI,origin,147,2,0,145,2,recovery_transition_2021_2022,0.013605442176870748,0.0,0.013793103448275862,retrospective_airport_disruption_association
2021,CMX,destination,72,0,0,72,2,recovery_transition_2021_2022,0.0,0.0,0.027777777777777776,retrospective_airport_disruption_association
2021,CMX,origin,79,4,0,75,2,recovery_transition_2021_2022,0.05063291139240506,0.0,0.02666666666666667,retrospective_airport_disruption_association
2021,CNY,destination,68,2,0,66,1,recovery_transition_2021_2022,0.029411764705882353,0.0,0.015151515151515152,retrospective_airport_disruption_association
2021,CNY,origin,76,2,1,73,2,recovery_transition_2021_2022,0.02631578947368421,0.013157894736842105,0.0273972602739726,retrospective_airport_disruption_association
2021,COD,destination,60,0,1,59,1,recovery_transition_2021_2022,0.0,0.016666666666666666,0.01694915254237288,retrospective_airport_disruption_association
2021,COD,origin,82,0,2,80,9,recovery_transition_2021_2022,0.0,0.024390243902439025,0.1125,retrospective_airport_disruption_association
2021,COS,destination,1190,32,5,1153,20,recovery_transition_2021_2022,0.02689075630252101,0.004201680672268907,0.017346053772766695,retrospective_airport_disruption_association
2021,COS,origin,1186,23,7,1156,31,recovery_transition_2021_2022,0.0193929173693086,0.005902192242833052,0.026816608996539794,retrospective_airport_disruption_association
2021,COU,destination,129,10,1,118,5,recovery_transition_2021_2022,0.07751937984496124,0.007751937984496124,0.0423728813559322,retrospective_airport_disruption_association
2021,COU,origin,126,7,0,119,5,recovery_transition_2021_2022,0.05555555555555555,0.0,0.04201680672268908,retrospective_airport_disruption_association
2021,CPR,destination,190,3,0,187,6,recovery_transition_2021_2022,0.015789473684210527,0.0,0.03208556149732621,retrospective_airport_disruption_association
2021,CPR,origin,183,3,0,180,6,recovery_transition_2021_2022,0.01639344262295082,0.0,0.03333333333333333,retrospective_airport_disruption_association
2021,CRP,destination,375,7,1,367,16,recovery_transition_2021_2022,0.018666666666666668,0.0026666666666666666,0.043596730245231606,retrospective_airport_disruption_association
2021,CRP,origin,372,13,1,358,11,recovery_transition_2021_2022,0.03494623655913978,0.002688172043010753,0.030726256983240222,retrospective_airport_disruption_association
2021,CRW,destination,275,1,1,273,6,recovery_transition_2021_2022,0.0036363636363636364,0.0036363636363636364,0.02197802197802198,retrospective_airport_disruption_association
2021,CRW,origin,295,8,0,287,6,recovery_transition_2021_2022,0.02711864406779661,0.0,0.020905923344947737,retrospective_airport_disruption_association
2021,CSG,destination,165,2,0,163,1,recovery_transition_2021_2022,0.012121212121212121,0.0,0.006134969325153374,retrospective_airport_disruption_association
2021,CSG,origin,145,0,0,145,1,recovery_transition_2021_2022,0.0,0.0,0.006896551724137931,retrospective_airport_disruption_association
2021,CVG,destination,3366,33,10,3323,75,recovery_transition_2021_2022,0.00980392156862745,0.0029708853238265003,0.022569966897381884,retrospective_airport_disruption_association
2021,CVG,origin,3386,41,2,3343,64,recovery_transition_2021_2022,0.012108682811577082,0.0005906674542232723,0.019144481005085253,retrospective_airport_disruption_association
2021,CWA,destination,224,2,0,222,5,recovery_transition_2021_2022,0.008928571428571428,0.0,0.02252252252252252,retrospective_airport_disruption_association
2021,CWA,origin,219,2,2,215,9,recovery_transition_2021_2022,0.0091324200913242,0.0091324200913242,0.04186046511627907,retrospective_airport_disruption_association
2021,CYS,destination,23,1,0,22,1,recovery_transition_2021_2022,0.043478260869565216,0.0,0.045454545454545456,retrospective_airport_disruption_association
2021,CYS,origin,19,1,0,18,1,recovery_transition_2021_2022,0.05263157894736842,0.0,0.05555555555555555,retrospective_airport_disruption_association
2021,DAB,destination,334,2,0,332,3,recovery_transition_2021_2022,0.005988023952095809,0.0,0.009036144578313253,retrospective_airport_disruption_association
2021,DAB,origin,358,4,1,353,5,recovery_transition_2021_2022,0.0111731843575419,0.002793296089385475,0.014164305949008499,retrospective_airport_disruption_association
2021,DAL,destination,5913,186,21,5706,112,recovery_transition_2021_2022,0.03145611364789447,0.0035514967021816335,0.01962846126883982,retrospective_airport_disruption_association
2021,DAL,origin,5994,132,10,5852,154,recovery_transition_2021_2022,0.022022022022022022,0.001668335001668335,0.02631578947368421,retrospective_airport_disruption_association
2021,DAY,destination,741,6,0,735,10,recovery_transition_2021_2022,0.008097165991902834,0.0,0.013605442176870748,retrospective_airport_disruption_association
2021,DAY,origin,741,0,3,738,12,recovery_transition_2021_2022,0.0,0.004048582995951417,0.016260162601626018,retrospective_airport_disruption_association
2021,DBQ,destination,60,1,0,59,1,recovery_transition_2021_2022,0.016666666666666666,0.0,0.01694915254237288,retrospective_airport_disruption_association
2021,DBQ,origin,47,2,0,45,0,recovery_transition_2021_2022,0.0425531914893617,0.0,0.0,retrospective_airport_disruption_association
2021,DCA,destination,8362,151,25,8186,169,recovery_transition_2021_2022,0.018057880889739298,0.00298971537909591,0.02064500366479355,retrospective_airport_disruption_association
2021,DCA,origin,8238,103,19,8116,195,recovery_transition_2021_2022,0.01250303471716436,0.002306385044913814,0.024026614095613602,retrospective_airport_disruption_association
2021,DDC,destination,69,1,1,67,2,recovery_transition_2021_2022,0.014492753623188406,0.014492753623188406,0.029850746268656716,retrospective_airport_disruption_association
2021,DDC,origin,77,3,0,74,2,recovery_transition_2021_2022,0.03896103896103896,0.0,0.02702702702702703,retrospective_airport_disruption_association
2021,DEC,destination,57,4,0,53,1,recovery_transition_2021_2022,0.07017543859649122,0.0,0.018867924528301886,retrospective_airport_disruption_association
2021,DEC,origin,66,2,0,64,2,recovery_transition_2021_2022,0.030303030303030304,0.0,0.03125,retrospective_airport_disruption_association
2021,DEN,destination,26556,585,83,25888,656,recovery_transition_2021_2022,0.02202892001807501,0.0031254707034191896,0.02533992583436341,retrospective_airport_disruption_association
2021,DEN,origin,26832,571,74,26187,558,recovery_transition_2021_2022,0.02128056052474657,0.002757901013714967,0.021308282735708558,retrospective_airport_disruption_association
2021,DFW,destination,28625,952,124,27549,938,recovery_transition_2021_2022,0.03325764192139738,0.004331877729257642,0.03404842281026534,retrospective_airport_disruption_association
2021,DFW,origin,28393,942,75,27376,795,recovery_transition_2021_2022,0.03317719156130032,0.0026414961434156306,0.029040035067212158,retrospective_airport_disruption_association
2021,DHN,destination,115,0,0,115,0,recovery_transition_2021_2022,0.0,0.0,0.0,retrospective_airport_disruption_association
2021,DHN,origin,103,0,0,103,1,recovery_transition_2021_2022,0.0,0.0,0.009708737864077669,retrospective_airport_disruption_association
2021,DIK,destination,9,0,0,9,1,recovery_transition_2021_2022,0.0,0.0,0.1111111111111111,retrospective_airport_disruption_association
2021,DIK,origin,11,0,0,11,2,recovery_transition_2021_2022,0.0,0.0,0.18181818181818182,retrospective_airport_disruption_association
2021,DLG,destination,49,2,1,46,1,recovery_transition_2021_2022,0.04081632653061224,0.02040816326530612,0.021739130434782608,retrospective_airport_disruption_association
2021,DLG,origin,64,6,0,58,0,recovery_transition_2021_2022,0.09375,0.0,0.0,retrospective_airport_disruption_association
2021,DLH,destination,186,1,1,184,6,recovery_transition_2021_2022,0.005376344086021506,0.005376344086021506,0.03260869565217391,retrospective_airport_disruption_association
2021,DLH,origin,213,1,0,212,6,recovery_transition_2021_2022,0.004694835680751174,0.0,0.02830188679245283,retrospective_airport_disruption_association
2021,DRO,destination,419,9,1,409,9,recovery_transition_2021_2022,0.021479713603818614,0.002386634844868735,0.022004889975550123,retrospective_airport_disruption_association
2021,DRO,origin,426,5,0,421,13,recovery_transition_2021_2022,0.011737089201877934,0.0,0.030878859857482184,retrospective_airport_disruption_association
2021,DRT,destination,66,3,0,63,2,recovery_transition_2021_2022,0.045454545454545456,0.0,0.031746031746031744,retrospective_airport_disruption_association
2021,DRT,origin,69,2,0,67,1,recovery_transition_2021_2022,0.028985507246376812,0.0,0.014925373134328358,retrospective_airport_disruption_association
2021,DSM,destination,1384,15,3,1366,23,recovery_transition_2021_2022,0.01083815028901734,0.002167630057803468,0.01683748169838946,retrospective_airport_disruption_association
2021,DSM,origin,1475,31,6,1438,31,recovery_transition_2021_2022,0.021016949152542375,0.004067796610169492,0.021557719054242003,retrospective_airport_disruption_association
2021,DTW,destination,13008,99,11,12898,261,recovery_transition_2021_2022,0.00761070110701107,0.0008456334563345634,0.020235695456659947,retrospective_airport_disruption_association
2021,DTW,origin,13294,96,26,13172,223,recovery_transition_2021_2022,0.007221302843387995,0.0019557695200842487,0.01692985119951412,retrospective_airport_disruption_association
2021,DVL,destination,59,2,0,57,0,recovery_transition_2021_2022,0.03389830508474576,0.0,0.0,retrospective_airport_disruption_association
2021,DVL,origin,52,3,0,49,2,recovery_transition_2021_2022,0.057692307692307696,0.0,0.04081632653061224,retrospective_airport_disruption_association
2021,EAR,destination,102,3,0,99,0,recovery_transition_2021_2022,0.029411764705882353,0.0,0.0,retrospective_airport_disruption_association
2021,EAR,origin,100,1,0,99,5,recovery_transition_2021_2022,0.01,0.0,0.050505050505050504,retrospective_airport_disruption_association
2021,EAT,destination,73,0,0,73,0,recovery_transition_2021_2022,0.0,0.0,0.0,retrospective_airport_disruption_association
2021,EAT,origin,78,2,0,76,1,recovery_transition_2021_2022,0.02564102564102564,0.0,0.013157894736842105,retrospective_airport_disruption_association
2021,EAU,destination,92,1,0,91,6,recovery_transition_2021_2022,0.010869565217391304,0.0,0.06593406593406594,retrospective_airport_disruption_association
2021,EAU,origin,87,3,0,84,3,recovery_transition_2021_2022,0.034482758620689655,0.0,0.03571428571428571,retrospective_airport_disruption_association
2021,ECP,destination,925,16,2,907,18,recovery_transition_2021_2022,0.017297297297297298,0.002162162162162162,0.019845644983461964,retrospective_airport_disruption_association
2021,ECP,origin,947,17,3,927,32,recovery_transition_2021_2022,0.01795142555438226,0.0031678986272439284,0.034519956850053934,retrospective_airport_disruption_association
2021,EGE,destination,340,14,1,325,11,recovery_transition_2021_2022,0.041176470588235294,0.0029411764705882353,0.033846153846153845,retrospective_airport_disruption_association
2021,EGE,origin,295,15,2,278,11,recovery_transition_2021_2022,0.05084745762711865,0.006779661016949152,0.039568345323741004,retrospective_airport_disruption_association
2021,EKO,destination,68,2,1,65,1,recovery_transition_2021_2022,0.029411764705882353,0.014705882352941176,0.015384615384615385,retrospective_airport_disruption_association
2021,EKO,origin,63,1,0,62,4,recovery_transition_2021_2022,0.015873015873015872,0.0,0.06451612903225806,retrospective_airport_disruption_association
2021,ELM,destination,138,2,1,135,3,recovery_transition_2021_2022,0.014492753623188406,0.007246376811594203,0.022222222222222223,retrospective_airport_disruption_association
2021,ELM,origin,98,0,0,98,2,recovery_transition_2021_2022,0.0,0.0,0.02040816326530612,retrospective_airport_disruption_association
2021,ELP,destination,1370,29,1,1340,39,recovery_transition_2021_2022,0.021167883211678833,0.00072992700729927,0.029104477611940297,retrospective_airport_disruption_association
2021,ELP,origin,1333,25,3,1305,30,recovery_transition_2021_2022,0.018754688672168042,0.002250562640660165,0.022988505747126436,retrospective_airport_disruption_association
2021,ERI,destination,52,0,0,52,0,recovery_transition_2021_2022,0.0,0.0,0.0,retrospective_airport_disruption_association
2021,ERI,origin,61,1,0,60,2,recovery_transition_2021_2022,0.01639344262295082,0.0,0.03333333333333333,retrospective_airport_disruption_association
2021,ESC,destination,72,1,0,71,2,recovery_transition_2021_2022,0.013888888888888888,0.0,0.028169014084507043,retrospective_airport_disruption_association
2021,ESC,origin,70,0,0,70,4,recovery_transition_2021_2022,0.0,0.0,0.05714285714285714,retrospective_airport_disruption_association
2021,EUG,destination,886,13,1,872,21,recovery_transition_2021_2022,0.014672686230248307,0.001128668171557562,0.02408256880733945,retrospective_airport_disruption_association
2021,EUG,origin,888,19,1,868,12,recovery_transition_2021_2022,0.021396396396396396,0.0011261261261261261,0.013824884792626729,retrospective_airport_disruption_association
2021,EVV,destination,213,2,0,211,1,recovery_transition_2021_2022,0.009389671361502348,0.0,0.004739336492890996,retrospective_airport_disruption_association
2021,EVV,origin,237,4,0,233,1,recovery_transition_2021_2022,0.016877637130801686,0.0,0.004291845493562232,retrospective_airport_disruption_association
2021,EWN,destination,144,0,0,144,0,recovery_transition_2021_2022,0.0,0.0,0.0,retrospective_airport_disruption_association
2021,EWN,origin,162,2,0,160,4,recovery_transition_2021_2022,0.012345679012345678,0.0,0.025,retrospective_airport_disruption_association
2021,EWR,destination,9253,265,36,8952,272,recovery_transition_2021_2022,0.02863936020750027,0.003890630065924565,0.03038427167113494,retrospective_airport_disruption_association
2021,EWR,origin,9283,258,33,8992,302,recovery_transition_2021_2022,0.027792739416137024,0.0035548852741570615,0.03358540925266904,retrospective_airport_disruption_association
2021,EYW,destination,1064,18,7,1039,15,recovery_transition_2021_2022,0.016917293233082706,0.006578947368421052,0.014436958614051972,retrospective_airport_disruption_association
2021,EYW,origin,1010,28,5,977,36,recovery_transition_2021_2022,0.027722772277227723,0.0049504950495049506,0.0368474923234391,retrospective_airport_disruption_association
2021,FAI,destination,476,10,0,466,4,recovery_transition_2021_2022,0.02100840336134454,0.0,0.008583690987124463,retrospective_airport_disruption_association
2021,FAI,origin,471,13,1,457,5,recovery_transition_2021_2022,0.027600849256900213,0.0021231422505307855,0.010940919037199124,retrospective_airport_disruption_association
2021,FAR,destination,640,14,1,625,14,recovery_transition_2021_2022,0.021875,0.0015625,0.0224,retrospective_airport_disruption_association
2021,FAR,origin,688,17,0,671,21,recovery_transition_2021_2022,0.024709302325581394,0.0,0.03129657228017884,retrospective_airport_disruption_association
2021,FAT,destination,1271,21,4,1246,26,recovery_transition_2021_2022,0.016522423288749016,0.003147128245476003,0.02086677367576244,retrospective_airport_disruption_association
2021,FAT,origin,1259,24,6,1229,37,recovery_transition_2021_2022,0.019062748212867357,0.004765687053216839,0.030105777054515868,retrospective_airport_disruption_association
2021,FAY,destination,318,6,0,312,4,recovery_transition_2021_2022,0.018867924528301886,0.0,0.01282051282051282,retrospective_airport_disruption_association
2021,FAY,origin,316,1,0,315,7,recovery_transition_2021_2022,0.0031645569620253164,0.0,0.022222222222222223,retrospective_airport_disruption_association
2021,FCA,destination,553,5,1,547,4,recovery_transition_2021_2022,0.009041591320072333,0.0018083182640144665,0.007312614259597806,retrospective_airport_disruption_association
2021,FCA,origin,639,4,5,630,15,recovery_transition_2021_2022,0.006259780907668232,0.00782472613458529,0.023809523809523808,retrospective_airport_disruption_association
2021,FLG,destination,241,10,1,230,4,recovery_transition_2021_2022,0.04149377593360996,0.004149377593360996,0.017391304347826087,retrospective_airport_disruption_association
2021,FLG,origin,250,9,0,241,10,recovery_transition_2021_2022,0.036,0.0,0.04149377593360996,retrospective_airport_disruption_association
2021,FLL,destination,8813,181,23,8609,250,recovery_transition_2021_2022,0.020537841824577328,0.0026097810053330307,0.029039377395748633,retrospective_airport_disruption_association
2021,FLL,origin,8923,156,21,8746,263,recovery_transition_2021_2022,0.017482909335425307,0.0023534685643841757,0.030070889549508345,retrospective_airport_disruption_association
2021,FNT,destination,298,3,0,295,8,recovery_transition_2021_2022,0.010067114093959731,0.0,0.02711864406779661,retrospective_airport_disruption_association
2021,FNT,origin,273,6,1,266,9,recovery_transition_2021_2022,0.02197802197802198,0.003663003663003663,0.03383458646616541,retrospective_airport_disruption_association
2021,FOD,destination,50,4,0,46,3,recovery_transition_2021_2022,0.08,0.0,0.06521739130434782,retrospective_airport_disruption_association
2021,FOD,origin,54,0,0,54,2,recovery_transition_2021_2022,0.0,0.0,0.037037037037037035,retrospective_airport_disruption_association
2021,FSD,destination,768,13,4,751,17,recovery_transition_2021_2022,0.016927083333333332,0.005208333333333333,0.022636484687083888,retrospective_airport_disruption_association
2021,FSD,origin,757,14,0,743,23,recovery_transition_2021_2022,0.018494055482166448,0.0,0.03095558546433378,retrospective_airport_disruption_association
2021,FSM,destination,124,5,0,119,3,recovery_transition_2021_2022,0.04032258064516129,0.0,0.025210084033613446,retrospective_airport_disruption_association
2021,FSM,origin,151,7,0,144,4,recovery_transition_2021_2022,0.046357615894039736,0.0,0.027777777777777776,retrospective_airport_disruption_association
2021,FWA,destination,578,11,1,566,9,recovery_transition_2021_2022,0.01903114186851211,0.0017301038062283738,0.015901060070671377,retrospective_airport_disruption_association
2021,FWA,origin,589,17,1,571,24,recovery_transition_2021_2022,0.028862478777589132,0.001697792869269949,0.04203152364273205,retrospective_airport_disruption_association
2021,GCC,destination,77,1,2,74,2,recovery_transition_2021_2022,0.012987012987012988,0.025974025974025976,0.02702702702702703,retrospective_airport_disruption_association
2021,GCC,origin,84,2,0,82,2,recovery_transition_2021_2022,0.023809523809523808,0.0,0.024390243902439025,retrospective_airport_disruption_association
2021,GCK,destination,80,2,0,78,1,recovery_transition_2021_2022,0.025,0.0,0.01282051282051282,retrospective_airport_disruption_association
2021,GCK,origin,75,3,1,71,2,recovery_transition_2021_2022,0.04,0.013333333333333334,0.028169014084507043,retrospective_airport_disruption_association
2021,GEG,destination,2119,24,3,2092,34,recovery_transition_2021_2022,0.011326097215667769,0.001415762151958471,0.016252390057361378,retrospective_airport_disruption_association
2021,GEG,origin,2057,23,4,2030,26,recovery_transition_2021_2022,0.01118133203694701,0.0019445794846864365,0.012807881773399015,retrospective_airport_disruption_association
2021,GFK,destination,123,1,0,122,2,recovery_transition_2021_2022,0.008130081300813009,0.0,0.01639344262295082,retrospective_airport_disruption_association
2021,GFK,origin,126,0,0,126,3,recovery_transition_2021_2022,0.0,0.0,0.023809523809523808,retrospective_airport_disruption_association
2021,GGG,destination,88,3,0,85,2,recovery_transition_2021_2022,0.03409090909090909,0.0,0.023529411764705882,retrospective_airport_disruption_association
2021,GGG,origin,95,5,0,90,2,recovery_transition_2021_2022,0.05263157894736842,0.0,0.022222222222222223,retrospective_airport_disruption_association
2021,GJT,destination,474,6,0,468,12,recovery_transition_2021_2022,0.012658227848101266,0.0,0.02564102564102564,retrospective_airport_disruption_association
2021,GJT,origin,485,5,2,478,14,recovery_transition_2021_2022,0.010309278350515464,0.004123711340206186,0.029288702928870293,retrospective_airport_disruption_association
2021,GNV,destination,368,3,1,364,5,recovery_transition_2021_2022,0.008152173913043478,0.002717391304347826,0.013736263736263736,retrospective_airport_disruption_association
2021,GNV,origin,381,6,0,375,15,recovery_transition_2021_2022,0.015748031496062992,0.0,0.04,retrospective_airport_disruption_association
2021,GPT,destination,329,5,0,324,3,recovery_transition_2021_2022,0.015197568389057751,0.0,0.009259259259259259,retrospective_airport_disruption_association
2021,GPT,origin,298,6,1,291,7,recovery_transition_2021_2022,0.020134228187919462,0.003355704697986577,0.024054982817869417,retrospective_airport_disruption_association
2021,GRB,destination,406,6,0,400,6,recovery_transition_2021_2022,0.014778325123152709,0.0,0.015,retrospective_airport_disruption_association
2021,GRB,origin,423,4,0,419,8,recovery_transition_2021_2022,0.009456264775413711,0.0,0.01909307875894988,retrospective_airport_disruption_association
2021,GRI,destination,102,3,0,99,0,recovery_transition_2021_2022,0.029411764705882353,0.0,0.0,retrospective_airport_disruption_association
2021,GRI,origin,90,6,0,84,2,recovery_transition_2021_2022,0.06666666666666667,0.0,0.023809523809523808,retrospective_airport_disruption_association
2021,GRK,destination,304,20,2,282,5,recovery_transition_2021_2022,0.06578947368421052,0.006578947368421052,0.01773049645390071,retrospective_airport_disruption_association
2021,GRK,origin,275,12,0,263,11,recovery_transition_2021_2022,0.04363636363636364,0.0,0.04182509505703422,retrospective_airport_disruption_association
2021,GRR,destination,1561,24,3,1534,31,recovery_transition_2021_2022,0.015374759769378604,0.0019218449711723255,0.020208604954367666,retrospective_airport_disruption_association
2021,GRR,origin,1611,27,2,1582,36,recovery_transition_2021_2022,0.01675977653631285,0.0012414649286157666,0.022756005056890013,retrospective_airport_disruption_association
2021,GSO,destination,794,7,1,786,13,recovery_transition_2021_2022,0.008816120906801008,0.0012594458438287153,0.01653944020356234,retrospective_airport_disruption_association
2021,GSO,origin,818,9,1,808,12,recovery_transition_2021_2022,0.011002444987775062,0.0012224938875305623,0.01485148514851485,retrospective_airport_disruption_association
2021,GSP,destination,1169,13,1,1155,16,recovery_transition_2021_2022,0.011120615911035072,0.000855431993156544,0.013852813852813853,retrospective_airport_disruption_association
2021,GSP,origin,1156,17,1,1138,23,recovery_transition_2021_2022,0.014705882352941176,0.0008650519031141869,0.020210896309314587,retrospective_airport_disruption_association
2021,GST,destination,6,0,0,6,0,recovery_transition_2021_2022,0.0,0.0,0.0,retrospective_airport_disruption_association
2021,GST,origin,5,0,0,5,0,recovery_transition_2021_2022,0.0,0.0,0.0,retrospective_airport_disruption_association
2021,GTF,destination,288,3,1,284,3,recovery_transition_2021_2022,0.010416666666666666,0.003472222222222222,0.01056338028169014,retrospective_airport_disruption_association
2021,GTF,origin,322,6,2,314,3,recovery_transition_2021_2022,0.018633540372670808,0.006211180124223602,0.009554140127388535,retrospective_airport_disruption_association
2021,GTR,destination,99,1,2,96,1,recovery_transition_2021_2022,0.010101010101010102,0.020202020202020204,0.010416666666666666,retrospective_airport_disruption_association
2021,GTR,origin,137,0,0,137,2,recovery_transition_2021_2022,0.0,0.0,0.014598540145985401,retrospective_airport_disruption_association
2021,GUC,destination,53,2,0,51,0,recovery_transition_2021_2022,0.03773584905660377,0.0,0.0,retrospective_airport_disruption_association
2021,GUC,origin,73,3,0,70,2,recovery_transition_2021_2022,0.0410958904109589,0.0,0.02857142857142857,retrospective_airport_disruption_association
2021,GUM,destination,82,0,0,82,1,recovery_transition_2021_2022,0.0,0.0,0.012195121951219513,retrospective_airport_disruption_association
2021,GUM,origin,53,0,0,53,0,recovery_transition_2021_2022,0.0,0.0,0.0,retrospective_airport_disruption_association
2021,HDN,destination,241,7,1,233,2,recovery_transition_2021_2022,0.029045643153526972,0.004149377593360996,0.008583690987124463,retrospective_airport_disruption_association
2021,HDN,origin,276,8,1,267,8,recovery_transition_2021_2022,0.028985507246376812,0.0036231884057971015,0.0299625468164794,retrospective_airport_disruption_association
2021,HGR,destination,17,1,0,16,0,recovery_transition_2021_2022,0.058823529411764705,0.0,0.0,retrospective_airport_disruption_association
2021,HGR,origin,13,1,0,12,0,recovery_transition_2021_2022,0.07692307692307693,0.0,0.0,retrospective_airport_disruption_association
2021,HHH,destination,368,4,4,360,4,recovery_transition_2021_2022,0.010869565217391304,0.010869565217391304,0.011111111111111112,retrospective_airport_disruption_association
2021,HHH,origin,367,9,3,355,15,recovery_transition_2021_2022,0.02452316076294278,0.008174386920980926,0.04225352112676056,retrospective_airport_disruption_association
2021,HIB,destination,74,1,0,73,1,recovery_transition_2021_2022,0.013513513513513514,0.0,0.0136986301369863,retrospective_airport_disruption_association
2021,HIB,origin,71,1,0,70,4,recovery_transition_2021_2022,0.014084507042253521,0.0,0.05714285714285714,retrospective_airport_disruption_association
2021,HLN,destination,140,2,0,138,4,recovery_transition_2021_2022,0.014285714285714285,0.0,0.028985507246376812,retrospective_airport_disruption_association
2021,HLN,origin,146,1,0,145,4,recovery_transition_2021_2022,0.00684931506849315,0.0,0.027586206896551724,retrospective_airport_disruption_association
2021,HNL,destination,4938,35,5,4898,62,recovery_transition_2021_2022,0.007087889833940867,0.001012555690562981,0.012658227848101266,retrospective_airport_disruption_association
2021,HNL,origin,4905,38,5,4862,46,recovery_transition_2021_2022,0.007747196738022426,0.0010193679918450561,0.009461127108185932,retrospective_airport_disruption_association
2021,HOB,destination,45,1,0,44,2,recovery_transition_2021_2022,0.022222222222222223,0.0,0.045454545454545456,retrospective_airport_disruption_association
2021,HOB,origin,31,0,0,31,3,recovery_transition_2021_2022,0.0,0.0,0.0967741935483871,retrospective_airport_disruption_association
2021,HOU,destination,4931,137,14,4780,108,recovery_transition_2021_2022,0.027783411072804704,0.002839180693571284,0.022594142259414227,retrospective_airport_disruption_association
2021,HOU,origin,5046,150,7,4889,103,recovery_transition_2021_2022,0.029726516052318668,0.0013872374157748713,0.021067703006749847,retrospective_airport_disruption_association
2021,HPN,destination,612,15,5,592,20,recovery_transition_2021_2022,0.024509803921568627,0.008169934640522876,0.033783783783783786,retrospective_airport_disruption_association
2021,HPN,origin,645,10,4,631,24,recovery_transition_2021_2022,0.015503875968992248,0.006201550387596899,0.03803486529318542,retrospective_airport_disruption_association
2021,HRL,destination,277,6,0,271,6,recovery_transition_2021_2022,0.021660649819494584,0.0,0.02214022140221402,retrospective_airport_disruption_association
2021,HRL,origin,296,8,1,287,7,recovery_transition_2021_2022,0.02702702702702703,0.0033783783783783786,0.024390243902439025,retrospective_airport_disruption_association
2021,HSV,destination,673,16,2,655,9,recovery_transition_2021_2022,0.0237741456166419,0.0029717682020802376,0.013740458015267175,retrospective_airport_disruption_association
2021,HSV,origin,677,13,0,664,18,recovery_transition_2021_2022,0.019202363367799114,0.0,0.02710843373493976,retrospective_airport_disruption_association
2021,HTS,destination,55,2,0,53,1,recovery_transition_2021_2022,0.03636363636363636,0.0,0.018867924528301886,retrospective_airport_disruption_association
2021,HTS,origin,55,3,0,52,2,recovery_transition_2021_2022,0.05454545454545454,0.0,0.038461538461538464,retrospective_airport_disruption_association
2021,HVN,destination,20,0,0,20,0,recovery_transition_2021_2022,0.0,0.0,0.0,retrospective_airport_disruption_association
2021,HVN,origin,15,0,0,15,0,recovery_transition_2021_2022,0.0,0.0,0.0,retrospective_airport_disruption_association
2021,HYA,destination,11,0,0,11,1,recovery_transition_2021_2022,0.0,0.0,0.09090909090909091,retrospective_airport_disruption_association
2021,HYA,origin,12,1,0,11,1,recovery_transition_2021_2022,0.08333333333333333,0.0,0.09090909090909091,retrospective_airport_disruption_association
2021,HYS,destination,68,5,1,62,0,recovery_transition_2021_2022,0.07352941176470588,0.014705882352941176,0.0,retrospective_airport_disruption_association
2021,HYS,origin,81,1,0,80,1,recovery_transition_2021_2022,0.012345679012345678,0.0,0.0125,retrospective_airport_disruption_association
2021,IAD,destination,5188,91,6,5091,121,recovery_transition_2021_2022,0.01754047802621434,0.001156515034695451,0.023767432724415637,retrospective_airport_disruption_association
2021,IAD,origin,5100,67,13,5020,135,recovery_transition_2021_2022,0.013137254901960785,0.0025490196078431374,0.026892430278884463,retrospective_airport_disruption_association
2021,IAG,destination,37,2,0,35,1,recovery_transition_2021_2022,0.05405405405405406,0.0,0.02857142857142857,retrospective_airport_disruption_association
2021,IAG,origin,50,2,0,48,2,recovery_transition_2021_2022,0.04,0.0,0.041666666666666664,retrospective_airport_disruption_association
2021,IAH,destination,13251,271,42,12938,289,recovery_transition_2021_2022,0.020451286695343747,0.003169572107765452,0.022337300973875405,retrospective_airport_disruption_association
2021,IAH,origin,13079,282,27,12770,319,recovery_transition_2021_2022,0.02156128144353544,0.0020643780105512655,0.024980422866092405,retrospective_airport_disruption_association
2021,ICT,destination,893,14,1,878,14,recovery_transition_2021_2022,0.015677491601343786,0.0011198208286674132,0.015945330296127564,retrospective_airport_disruption_association
2021,ICT,origin,907,10,0,897,39,recovery_transition_2021_2022,0.011025358324145534,0.0,0.043478260869565216,retrospective_airport_disruption_association
2021,IDA,destination,409,6,1,402,5,recovery_transition_2021_2022,0.014669926650366748,0.0024449877750611247,0.012437810945273632,retrospective_airport_disruption_association
2021,IDA,origin,399,3,1,395,14,recovery_transition_2021_2022,0.007518796992481203,0.002506265664160401,0.035443037974683546,retrospective_airport_disruption_association
2021,ILG,destination,11,0,0,11,0,recovery_transition_2021_2022,0.0,0.0,0.0,retrospective_airport_disruption_association
2021,ILG,origin,13,0,0,13,1,recovery_transition_2021_2022,0.0,0.0,0.07692307692307693,retrospective_airport_disruption_association
2021,ILM,destination,587,5,0,582,7,recovery_transition_2021_2022,0.008517887563884156,0.0,0.012027491408934709,retrospective_airport_disruption_association
2021,ILM,origin,620,8,1,611,13,recovery_transition_2021_2022,0.012903225806451613,0.0016129032258064516,0.02127659574468085,retrospective_airport_disruption_association
2021,IMT,destination,82,0,1,81,0,recovery_transition_2021_2022,0.0,0.012195121951219513,0.0,retrospective_airport_disruption_association
2021,IMT,origin,72,0,0,72,2,recovery_transition_2021_2022,0.0,0.0,0.027777777777777776,retrospective_airport_disruption_association
2021,IND,destination,3747,47,1,3699,108,recovery_transition_2021_2022,0.012543368027755538,0.0002668801708033093,0.029197080291970802,retrospective_airport_disruption_association
2021,IND,origin,3738,55,9,3674,63,recovery_transition_2021_2022,0.014713750668806848,0.002407704654895666,0.01714752313554709,retrospective_airport_disruption_association
2021,INL,destination,66,6,1,59,2,recovery_transition_2021_2022,0.09090909090909091,0.015151515151515152,0.03389830508474576,retrospective_airport_disruption_association
2021,INL,origin,59,2,0,57,2,recovery_transition_2021_2022,0.03389830508474576,0.0,0.03508771929824561,retrospective_airport_disruption_association
2021,ISP,destination,446,10,0,436,18,recovery_transition_2021_2022,0.02242152466367713,0.0,0.04128440366972477,retrospective_airport_disruption_association
2021,ISP,origin,440,12,4,424,12,recovery_transition_2021_2022,0.02727272727272727,0.00909090909090909,0.02830188679245283,retrospective_airport_disruption_association
2021,ITH,destination,45,0,0,45,0,recovery_transition_2021_2022,0.0,0.0,0.0,retrospective_airport_disruption_association
2021,ITH,origin,50,0,0,50,1,recovery_transition_2021_2022,0.0,0.0,0.02,retrospective_airport_disruption_association
2021,ITO,destination,535,4,1,530,1,recovery_transition_2021_2022,0.007476635514018692,0.001869158878504673,0.0018867924528301887,retrospective_airport_disruption_association
2021,ITO,origin,537,4,1,532,1,recovery_transition_2021_2022,0.0074487895716946,0.00186219739292365,0.0018796992481203006,retrospective_airport_disruption_association
2021,JAC,destination,671,14,2,655,12,recovery_transition_2021_2022,0.020864381520119227,0.0029806259314456036,0.0183206106870229,retrospective_airport_disruption_association
2021,JAC,origin,662,15,3,644,23,recovery_transition_2021_2022,0.022658610271903322,0.004531722054380665,0.03571428571428571,retrospective_airport_disruption_association
2021,JAN,destination,725,20,1,704,14,recovery_transition_2021_2022,0.027586206896551724,0.001379310344827586,0.019886363636363636,retrospective_airport_disruption_association
2021,JAN,origin,691,22,0,669,15,recovery_transition_2021_2022,0.03183791606367583,0.0,0.02242152466367713,retrospective_airport_disruption_association
2021,JAX,destination,2662,43,8,2611,56,recovery_transition_2021_2022,0.016153268219383923,0.003005259203606311,0.021447721179624665,retrospective_airport_disruption_association
2021,JAX,origin,2587,32,5,2550,62,recovery_transition_2021_2022,0.012369540007730962,0.001932740626207963,0.02431372549019608,retrospective_airport_disruption_association
2021,JFK,destination,8469,119,25,8325,255,recovery_transition_2021_2022,0.014051245719683551,0.00295194237808478,0.03063063063063063,retrospective_airport_disruption_association
2021,JFK,origin,8460,105,24,8331,222,recovery_transition_2021_2022,0.012411347517730497,0.0028368794326241137,0.026647461289160967,retrospective_airport_disruption_association
2021,JLN,destination,93,5,1,87,1,recovery_transition_2021_2022,0.053763440860215055,0.010752688172043012,0.011494252873563218,retrospective_airport_disruption_association
2021,JLN,origin,86,2,1,83,4,recovery_transition_2021_2022,0.023255813953488372,0.011627906976744186,0.04819277108433735,retrospective_airport_disruption_association
2021,JMS,destination,111,6,0,105,2,recovery_transition_2021_2022,0.05405405405405406,0.0,0.01904761904761905,retrospective_airport_disruption_association
2021,JMS,origin,95,5,0,90,6,recovery_transition_2021_2022,0.05263157894736842,0.0,0.06666666666666667,retrospective_airport_disruption_association
2021,JNU,destination,385,3,4,378,5,recovery_transition_2021_2022,0.007792207792207792,0.01038961038961039,0.013227513227513227,retrospective_airport_disruption_association
2021,JNU,origin,389,9,3,377,1,recovery_transition_2021_2022,0.02313624678663239,0.007712082262210797,0.002652519893899204,retrospective_airport_disruption_association
2021,JST,destination,65,4,0,61,1,recovery_transition_2021_2022,0.06153846153846154,0.0,0.01639344262295082,retrospective_airport_disruption_association
2021,JST,origin,69,2,0,67,2,recovery_transition_2021_2022,0.028985507246376812,0.0,0.029850746268656716,retrospective_airport_disruption_association
2021,KOA,destination,1491,11,0,1480,23,recovery_transition_2021_2022,0.007377598926894702,0.0,0.015540540540540541,retrospective_airport_disruption_association
2021,KOA,origin,1476,15,1,1460,20,recovery_transition_2021_2022,0.01016260162601626,0.0006775067750677507,0.0136986301369863,retrospective_airport_disruption_association
2021,KTN,destination,219,6,1,212,2,recovery_transition_2021_2022,0.0273972602739726,0.0045662100456621,0.009433962264150943,retrospective_airport_disruption_association
2021,KTN,origin,207,5,2,200,4,recovery_transition_2021_2022,0.024154589371980676,0.00966183574879227,0.02,retrospective_airport_disruption_association
2021,LAN,destination,248,1,0,247,3,recovery_transition_2021_2022,0.004032258064516129,0.0,0.012145748987854251,retrospective_airport_disruption_association
2021,LAN,origin,243,3,0,240,4,recovery_transition_2021_2022,0.012345679012345678,0.0,0.016666666666666666,retrospective_airport_disruption_association
2021,LAR,destination,66,1,0,65,2,recovery_transition_2021_2022,0.015151515151515152,0.0,0.03076923076923077,retrospective_airport_disruption_association
2021,LAR,origin,63,2,0,61,4,recovery_transition_2021_2022,0.031746031746031744,0.0,0.06557377049180328,retrospective_airport_disruption_association
2021,LAS,destination,14596,245,26,14325,290,recovery_transition_2021_2022,0.016785420663195397,0.00178130994793094,0.02024432809773124,retrospective_airport_disruption_association
2021,LAS,origin,14404,204,37,14163,322,recovery_transition_2021_2022,0.01416273257428492,0.0025687309080810886,0.022735296194309116,retrospective_airport_disruption_association
2021,LAW,destination,127,8,0,119,1,recovery_transition_2021_2022,0.06299212598425197,0.0,0.008403361344537815,retrospective_airport_disruption_association
2021,LAW,origin,118,6,0,112,5,recovery_transition_2021_2022,0.05084745762711865,0.0,0.044642857142857144,retrospective_airport_disruption_association
2021,LAX,destination,17666,240,27,17399,382,recovery_transition_2021_2022,0.013585418317672364,0.001528359560738141,0.021955284786481982,retrospective_airport_disruption_association
2021,LAX,origin,17841,234,36,17571,355,recovery_transition_2021_2022,0.013115856734487978,0.0020178241129981504,0.020203744806783906,retrospective_airport_disruption_association
2021,LBB,destination,542,16,2,524,17,recovery_transition_2021_2022,0.02952029520295203,0.0036900369003690036,0.03244274809160305,retrospective_airport_disruption_association
2021,LBB,origin,527,14,2,511,13,recovery_transition_2021_2022,0.026565464895635674,0.003795066413662239,0.025440313111545987,retrospective_airport_disruption_association
2021,LBE,destination,117,3,2,112,4,recovery_transition_2021_2022,0.02564102564102564,0.017094017094017096,0.03571428571428571,retrospective_airport_disruption_association
2021,LBE,origin,90,6,0,84,2,recovery_transition_2021_2022,0.06666666666666667,0.0,0.023809523809523808,retrospective_airport_disruption_association
2021,LBF,destination,48,1,0,47,1,recovery_transition_2021_2022,0.020833333333333332,0.0,0.02127659574468085,retrospective_airport_disruption_association
2021,LBF,origin,64,1,0,63,2,recovery_transition_2021_2022,0.015625,0.0,0.031746031746031744,retrospective_airport_disruption_association
2021,LBL,destination,66,4,0,62,0,recovery_transition_2021_2022,0.06060606060606061,0.0,0.0,retrospective_airport_disruption_association
2021,LBL,origin,58,4,0,54,1,recovery_transition_2021_2022,0.06896551724137931,0.0,0.018518518518518517,retrospective_airport_disruption_association
2021,LCH,destination,107,3,1,103,4,recovery_transition_2021_2022,0.028037383177570093,0.009345794392523364,0.038834951456310676,retrospective_airport_disruption_association
2021,LCH,origin,111,5,0,106,3,recovery_transition_2021_2022,0.04504504504504504,0.0,0.02830188679245283,retrospective_airport_disruption_association
2021,LCK,destination,117,3,0,114,2,recovery_transition_2021_2022,0.02564102564102564,0.0,0.017543859649122806,retrospective_airport_disruption_association
2021,LCK,origin,107,5,1,101,8,recovery_transition_2021_2022,0.04672897196261682,0.009345794392523364,0.07920792079207921,retrospective_airport_disruption_association
2021,LEX,destination,660,15,1,644,11,recovery_transition_2021_2022,0.022727272727272728,0.0015151515151515152,0.017080745341614908,retrospective_airport_disruption_association
2021,LEX,origin,650,17,2,631,11,recovery_transition_2021_2022,0.026153846153846153,0.003076923076923077,0.017432646592709985,retrospective_airport_disruption_association
2021,LFT,destination,321,12,2,307,10,recovery_transition_2021_2022,0.037383177570093455,0.006230529595015576,0.03257328990228013,retrospective_airport_disruption_association
2021,LFT,origin,333,6,0,327,10,recovery_transition_2021_2022,0.018018018018018018,0.0,0.03058103975535168,retrospective_airport_disruption_association
2021,LGA,destination,8965,155,46,8764,169,recovery_transition_2021_2022,0.01728945900725042,0.00513106525376464,0.01928343222272935,retrospective_airport_disruption_association
2021,LGA,origin,9084,162,14,8908,186,recovery_transition_2021_2022,0.0178335535006605,0.0015411712901805372,0.02088010776829816,retrospective_airport_disruption_association
2021,LGB,destination,1223,17,2,1204,12,recovery_transition_2021_2022,0.013900245298446443,0.001635322976287817,0.009966777408637873,retrospective_airport_disruption_association
2021,LGB,origin,1214,15,1,1198,13,recovery_transition_2021_2022,0.012355848434925865,0.0008237232289950577,0.010851419031719533,retrospective_airport_disruption_association
2021,LIH,destination,1109,6,0,1103,9,recovery_transition_2021_2022,0.005410279531109108,0.0,0.008159564823209429,retrospective_airport_disruption_association
2021,LIH,origin,1147,17,2,1128,8,recovery_transition_2021_2022,0.014821272885789015,0.0017436791630340018,0.0070921985815602835,retrospective_airport_disruption_association
2021,LIT,destination,1018,14,1,1003,16,recovery_transition_2021_2022,0.0137524557956778,0.0009823182711198428,0.015952143569292122,retrospective_airport_disruption_association
2021,LIT,origin,1083,22,2,1059,22,recovery_transition_2021_2022,0.020313942751615882,0.0018467220683287165,0.02077431539187913,retrospective_airport_disruption_association
2021,LNK,destination,95,2,0,93,0,recovery_transition_2021_2022,0.021052631578947368,0.0,0.0,retrospective_airport_disruption_association
2021,LNK,origin,108,1,0,107,6,recovery_transition_2021_2022,0.009259259259259259,0.0,0.056074766355140186,retrospective_airport_disruption_association
2021,LRD,destination,155,3,0,152,4,recovery_transition_2021_2022,0.01935483870967742,0.0,0.02631578947368421,retrospective_airport_disruption_association
2021,LRD,origin,144,3,0,141,5,recovery_transition_2021_2022,0.020833333333333332,0.0,0.03546099290780142,retrospective_airport_disruption_association
2021,LSE,destination,189,2,0,187,2,recovery_transition_2021_2022,0.010582010582010581,0.0,0.0106951871657754,retrospective_airport_disruption_association
2021,LSE,origin,214,4,0,210,6,recovery_transition_2021_2022,0.018691588785046728,0.0,0.02857142857142857,retrospective_airport_disruption_association
2021,LWB,destination,76,2,0,74,1,recovery_transition_2021_2022,0.02631578947368421,0.0,0.013513513513513514,retrospective_airport_disruption_association
2021,LWB,origin,69,1,0,68,1,recovery_transition_2021_2022,0.014492753623188406,0.0,0.014705882352941176,retrospective_airport_disruption_association
2021,LWS,destination,109,1,0,108,0,recovery_transition_2021_2022,0.009174311926605505,0.0,0.0,retrospective_airport_disruption_association
2021,LWS,origin,107,1,0,106,1,recovery_transition_2021_2022,0.009345794392523364,0.0,0.009433962264150943,retrospective_airport_disruption_association
2021,MAF,destination,815,20,2,793,24,recovery_transition_2021_2022,0.024539877300613498,0.00245398773006135,0.03026481715006305,retrospective_airport_disruption_association
2021,MAF,origin,760,35,2,723,28,recovery_transition_2021_2022,0.046052631578947366,0.002631578947368421,0.03872752420470263,retrospective_airport_disruption_association
2021,MBS,destination,147,0,0,147,2,recovery_transition_2021_2022,0.0,0.0,0.013605442176870748,retrospective_airport_disruption_association
2021,MBS,origin,139,0,0,139,5,recovery_transition_2021_2022,0.0,0.0,0.03597122302158273,retrospective_airport_disruption_association
2021,MCI,destination,3826,69,12,3745,71,recovery_transition_2021_2022,0.01803450078410873,0.0031364349189754314,0.018958611481975966,retrospective_airport_disruption_association
2021,MCI,origin,3869,70,11,3788,62,recovery_transition_2021_2022,0.018092530369604547,0.002843111915223572,0.016367476240760296,retrospective_airport_disruption_association
2021,MCO,destination,13677,256,54,13367,347,recovery_transition_2021_2022,0.018717555019375595,0.0039482342618995395,0.0259594523827336,retrospective_airport_disruption_association
2021,MCO,origin,13530,226,28,13276,411,recovery_transition_2021_2022,0.016703621581670363,0.0020694752402069475,0.03095811991563724,retrospective_airport_disruption_association
2021,MCW,destination,48,1,0,47,1,recovery_transition_2021_2022,0.020833333333333332,0.0,0.02127659574468085,retrospective_airport_disruption_association
2021,MCW,origin,44,2,0,42,0,recovery_transition_2021_2022,0.045454545454545456,0.0,0.0,retrospective_airport_disruption_association
2021,MDT,destination,521,11,0,510,15,recovery_transition_2021_2022,0.02111324376199616,0.0,0.029411764705882353,retrospective_airport_disruption_association
2021,MDT,origin,494,7,1,486,6,recovery_transition_2021_2022,0.01417004048582996,0.0020242914979757085,0.012345679012345678,retrospective_airport_disruption_association
2021,MDW,destination,6528,177,19,6332,104,recovery_transition_2021_2022,0.027113970588235295,0.0029105392156862746,0.016424510423247,retrospective_airport_disruption_association
2021,MDW,origin,6455,160,13,6282,100,recovery_transition_2021_2022,0.024786986831913247,0.002013942680092951,0.01591849729385546,retrospective_airport_disruption_association
2021,MEI,destination,67,2,1,64,2,recovery_transition_2021_2022,0.029850746268656716,0.014925373134328358,0.03125,retrospective_airport_disruption_association
2021,MEI,origin,48,0,0,48,1,recovery_transition_2021_2022,0.0,0.0,0.020833333333333332,retrospective_airport_disruption_association
2021,MEM,destination,2010,60,3,1947,55,recovery_transition_2021_2022,0.029850746268656716,0.0014925373134328358,0.02824858757062147,retrospective_airport_disruption_association
2021,MEM,origin,2082,66,5,2011,54,recovery_transition_2021_2022,0.03170028818443804,0.0024015369836695487,0.026852312282446545,retrospective_airport_disruption_association
2021,MFE,destination,436,13,1,422,18,recovery_transition_2021_2022,0.02981651376146789,0.0022935779816513763,0.04265402843601896,retrospective_airport_disruption_association
2021,MFE,origin,421,11,0,410,13,recovery_transition_2021_2022,0.026128266033254157,0.0,0.03170731707317073,retrospective_airport_disruption_association
2021,MFR,destination,817,11,6,800,11,recovery_transition_2021_2022,0.01346389228886169,0.0073439412484700125,0.01375,retrospective_airport_disruption_association
2021,MFR,origin,780,12,2,766,24,recovery_transition_2021_2022,0.015384615384615385,0.002564102564102564,0.031331592689295036,retrospective_airport_disruption_association
2021,MGM,destination,325,4,0,321,5,recovery_transition_2021_2022,0.012307692307692308,0.0,0.01557632398753894,retrospective_airport_disruption_association
2021,MGM,origin,287,6,1,280,7,recovery_transition_2021_2022,0.020905923344947737,0.003484320557491289,0.025,retrospective_airport_disruption_association
2021,MHK,destination,148,2,0,146,5,recovery_transition_2021_2022,0.013513513513513514,0.0,0.03424657534246575,retrospective_airport_disruption_association
2021,MHK,origin,150,6,0,144,6,recovery_transition_2021_2022,0.04,0.0,0.041666666666666664,retrospective_airport_disruption_association
2021,MHT,destination,500,12,0,488,11,recovery_transition_2021_2022,0.024,0.0,0.022540983606557378,retrospective_airport_disruption_association
2021,MHT,origin,514,12,0,502,6,recovery_transition_2021_2022,0.023346303501945526,0.0,0.01195219123505976,retrospective_airport_disruption_association
2021,MIA,destination,9301,127,23,9151,243,recovery_transition_2021_2022,0.01365444575852059,0.0024728523814643586,0.026554474920773685,retrospective_airport_disruption_association
2021,MIA,origin,9270,130,29,9111,253,recovery_transition_2021_2022,0.014023732470334413,0.003128371089536138,0.027768631324772253,retrospective_airport_disruption_association
2021,MKE,destination,2220,37,5,2178,35,recovery_transition_2021_2022,0.016666666666666666,0.0022522522522522522,0.016069788797061526,retrospective_airport_disruption_association
2021,MKE,origin,2375,47,4,2324,41,recovery_transition_2021_2022,0.019789473684210527,0.0016842105263157896,0.017641996557659207,retrospective_airport_disruption_association
2021,MKG,destination,65,4,0,61,3,recovery_transition_2021_2022,0.06153846153846154,0.0,0.04918032786885246,retrospective_airport_disruption_association
2021,MKG,origin,86,5,0,81,0,recovery_transition_2021_2022,0.05813953488372093,0.0,0.0,retrospective_airport_disruption_association
2021,MLB,destination,264,1,0,263,2,recovery_transition_2021_2022,0.003787878787878788,0.0,0.0076045627376425855,retrospective_airport_disruption_association
2021,MLB,origin,242,3,0,239,3,recovery_transition_2021_2022,0.012396694214876033,0.0,0.012552301255230125,retrospective_airport_disruption_association
2021,MLI,destination,426,8,1,417,11,recovery_transition_2021_2022,0.018779342723004695,0.002347417840375587,0.026378896882494004,retrospective_airport_disruption_association
2021,MLI,origin,388,8,1,379,10,recovery_transition_2021_2022,0.020618556701030927,0.002577319587628866,0.026385224274406333,retrospective_airport_disruption_association
2021,MLU,destination,249,9,0,240,1,recovery_transition_2021_2022,0.03614457831325301,0.0,0.004166666666666667,retrospective_airport_disruption_association
2021,MLU,origin,232,4,0,228,3,recovery_transition_2021_2022,0.017241379310344827,0.0,0.013157894736842105,retrospective_airport_disruption_association
2021,MOB,destination,319,5,0,314,6,recovery_transition_2021_2022,0.01567398119122257,0.0,0.01910828025477707,retrospective_airport_disruption_association
2021,MOB,origin,366,9,0,357,12,recovery_transition_2021_2022,0.02459016393442623,0.0,0.03361344537815126,retrospective_airport_disruption_association
2021,MOT,destination,304,1,2,301,6,recovery_transition_2021_2022,0.003289473684210526,0.006578947368421052,0.019933554817275746,retrospective_airport_disruption_association
2021,MOT,origin,285,4,2,279,10,recovery_transition_2021_2022,0.014035087719298246,0.007017543859649123,0.035842293906810034,retrospective_airport_disruption_association
2021,MQT,destination,144,2,0,142,4,recovery_transition_2021_2022,0.013888888888888888,0.0,0.028169014084507043,retrospective_airport_disruption_association
2021,MQT,origin,154,3,0,151,10,recovery_transition_2021_2022,0.01948051948051948,0.0,0.06622516556291391,retrospective_airport_disruption_association
2021,MRY,destination,381,7,1,373,11,recovery_transition_2021_2022,0.01837270341207349,0.0026246719160104987,0.029490616621983913,retrospective_airport_disruption_association
2021,MRY,origin,359,6,1,352,11,recovery_transition_2021_2022,0.016713091922005572,0.002785515320334262,0.03125,retrospective_airport_disruption_association
2021,MSN,destination,964,12,0,952,17,recovery_transition_2021_2022,0.012448132780082987,0.0,0.017857142857142856,retrospective_airport_disruption_association
2021,MSN,origin,996,11,2,983,20,recovery_transition_2021_2022,0.01104417670682731,0.002008032128514056,0.02034587995930824,retrospective_airport_disruption_association
2021,MSO,destination,647,9,1,637,12,recovery_transition_2021_2022,0.013910355486862442,0.0015455950540958269,0.018838304552590265,retrospective_airport_disruption_association
2021,MSO,origin,639,7,1,631,16,recovery_transition_2021_2022,0.010954616588419406,0.001564945226917058,0.025356576862123614,retrospective_airport_disruption_association
2021,MSP,destination,12470,102,17,12351,243,recovery_transition_2021_2022,0.00817963111467522,0.00136327185244587,0.019674520281758562,retrospective_airport_disruption_association
2021,MSP,origin,12492,94,27,12371,171,recovery_transition_2021_2022,0.007524815882164585,0.002161383285302594,0.01382264974537224,retrospective_airport_disruption_association
2021,MSY,destination,3871,188,14,3669,77,recovery_transition_2021_2022,0.0485662619478171,0.003616636528028933,0.020986644862360317,retrospective_airport_disruption_association
2021,MSY,origin,3860,206,8,3646,96,recovery_transition_2021_2022,0.05336787564766839,0.002072538860103627,0.026330224904004388,retrospective_airport_disruption_association
2021,MTJ,destination,315,10,1,304,7,recovery_transition_2021_2022,0.031746031746031744,0.0031746031746031746,0.023026315789473683,retrospective_airport_disruption_association
2021,MTJ,origin,302,14,0,288,12,recovery_transition_2021_2022,0.046357615894039736,0.0,0.041666666666666664,retrospective_airport_disruption_association
2021,MVY,destination,100,2,0,98,5,recovery_transition_2021_2022,0.02,0.0,0.05102040816326531,retrospective_airport_disruption_association
2021,MVY,origin,100,7,0,93,5,recovery_transition_2021_2022,0.07,0.0,0.053763440860215055,retrospective_airport_disruption_association
2021,MYR,destination,1671,35,1,1635,39,recovery_transition_2021_2022,0.020945541591861162,0.0005984440454817474,0.023853211009174313,retrospective_airport_disruption_association
2021,MYR,origin,1783,36,8,1739,46,recovery_transition_2021_2022,0.020190689848569827,0.00448681996634885,0.02645198389879241,retrospective_airport_disruption_association
2021,OAJ,destination,266,1,0,265,1,recovery_transition_2021_2022,0.0037593984962406013,0.0,0.0037735849056603774,retrospective_airport_disruption_association
2021,OAJ,origin,285,4,0,281,7,recovery_transition_2021_2022,0.014035087719298246,0.0,0.02491103202846975,retrospective_airport_disruption_association
2021,OAK,destination,3554,46,3,3505,65,recovery_transition_2021_2022,0.012943162633652222,0.0008441193021947102,0.018544935805991442,retrospective_airport_disruption_association
2021,OAK,origin,3562,49,3,3510,44,recovery_transition_2021_2022,0.013756316676024706,0.0008422234699606962,0.012535612535612535,retrospective_airport_disruption_association
2021,OGD,destination,9,0,0,9,0,recovery_transition_2021_2022,0.0,0.0,0.0,retrospective_airport_disruption_association
2021,OGD,origin,6,1,1,4,0,recovery_transition_2021_2022,0.16666666666666666,0.16666666666666666,0.0,retrospective_airport_disruption_association
2021,OGG,destination,2754,24,7,2723,33,recovery_transition_2021_2022,0.008714596949891068,0.002541757443718228,0.012118986412045538,retrospective_airport_disruption_association
2021,OGG,origin,2749,19,5,2725,21,recovery_transition_2021_2022,0.006911604219716261,0.0018188432157148053,0.007706422018348624,retrospective_airport_disruption_association
2021,OGS,destination,61,2,0,59,4,recovery_transition_2021_2022,0.03278688524590164,0.0,0.06779661016949153,retrospective_airport_disruption_association
2021,OGS,origin,64,2,0,62,7,recovery_transition_2021_2022,0.03125,0.0,0.11290322580645161,retrospective_airport_disruption_association
2021,OKC,destination,2007,45,2,1960,51,recovery_transition_2021_2022,0.02242152466367713,0.000996512207274539,0.026020408163265306,retrospective_airport_disruption_association
2021,OKC,origin,1935,31,2,1902,51,recovery_transition_2021_2022,0.016020671834625324,0.0010335917312661498,0.026813880126182965,retrospective_airport_disruption_association
2021,OMA,destination,2106,27,5,2074,39,recovery_transition_2021_2022,0.01282051282051282,0.0023741690408357074,0.018804243008678882,retrospective_airport_disruption_association
2021,OMA,origin,2101,48,6,2047,50,recovery_transition_2021_2022,0.02284626368396002,0.0028557829604950024,0.024425989252564728,retrospective_airport_disruption_association
2021,OME,destination,49,0,1,48,0,recovery_transition_2021_2022,0.0,0.02040816326530612,0.0,retrospective_airport_disruption_association
2021,OME,origin,48,0,0,48,0,recovery_transition_2021_2022,0.0,0.0,0.0,retrospective_airport_disruption_association
2021,ONT,destination,2067,26,4,2037,39,recovery_transition_2021_2022,0.012578616352201259,0.0019351717464925011,0.01914580265095729,retrospective_airport_disruption_association
2021,ONT,origin,2082,33,3,2046,35,recovery_transition_2021_2022,0.01585014409221902,0.001440922190201729,0.01710654936461388,retrospective_airport_disruption_association
2021,ORD,destination,24707,475,58,24174,681,recovery_transition_2021_2022,0.019225320759298985,0.002347512850609139,0.028170761975676348,retrospective_airport_disruption_association
2021,ORD,origin,24446,482,55,23909,607,recovery_transition_2021_2022,0.019716927104638796,0.0022498568272928086,0.025387929231670082,retrospective_airport_disruption_association
2021,ORF,destination,1819,29,2,1788,44,recovery_transition_2021_2022,0.01594282572842221,0.0010995052226498076,0.024608501118568233,retrospective_airport_disruption_association
2021,ORF,origin,1838,30,1,1807,41,recovery_transition_2021_2022,0.01632208922742111,0.000544069640914037,0.022689540675152185,retrospective_airport_disruption_association
2021,ORH,destination,26,1,0,25,1,recovery_transition_2021_2022,0.038461538461538464,0.0,0.04,retrospective_airport_disruption_association
2021,ORH,origin,44,1,0,43,3,recovery_transition_2021_2022,0.022727272727272728,0.0,0.06976744186046512,retrospective_airport_disruption_association
2021,OTH,destination,41,0,1,40,0,recovery_transition_2021_2022,0.0,0.024390243902439025,0.0,retrospective_airport_disruption_association
2021,OTH,origin,31,1,0,30,4,recovery_transition_2021_2022,0.03225806451612903,0.0,0.13333333333333333,retrospective_airport_disruption_association
2021,OTZ,destination,52,2,1,49,1,recovery_transition_2021_2022,0.038461538461538464,0.019230769230769232,0.02040816326530612,retrospective_airport_disruption_association
2021,OTZ,origin,58,4,0,54,1,recovery_transition_2021_2022,0.06896551724137931,0.0,0.018518518518518517,retrospective_airport_disruption_association
2021,OWB,destination,10,0,0,10,0,recovery_transition_2021_2022,0.0,0.0,0.0,retrospective_airport_disruption_association
2021,OWB,origin,11,1,0,10,0,recovery_transition_2021_2022,0.09090909090909091,0.0,0.0,retrospective_airport_disruption_association
2021,PAE,destination,213,5,0,208,7,recovery_transition_2021_2022,0.023474178403755867,0.0,0.03365384615384615,retrospective_airport_disruption_association
2021,PAE,origin,215,4,0,211,5,recovery_transition_2021_2022,0.018604651162790697,0.0,0.023696682464454975,retrospective_airport_disruption_association
2021,PAH,destination,69,1,0,68,0,recovery_transition_2021_2022,0.014492753623188406,0.0,0.0,retrospective_airport_disruption_association
2021,PAH,origin,83,6,1,76,0,recovery_transition_2021_2022,0.07228915662650602,0.012048192771084338,0.0,retrospective_airport_disruption_association
2021,PBG,destination,85,5,1,79,4,recovery_transition_2021_2022,0.058823529411764705,0.011764705882352941,0.05063291139240506,retrospective_airport_disruption_association
2021,PBG,origin,84,3,1,80,2,recovery_transition_2021_2022,0.03571428571428571,0.011904761904761904,0.025,retrospective_airport_disruption_association
2021,PBI,destination,2167,33,3,2131,59,recovery_transition_2021_2022,0.015228426395939087,0.0013844023996308261,0.027686532144533083,retrospective_airport_disruption_association
2021,PBI,origin,2250,33,8,2209,65,recovery_transition_2021_2022,0.014666666666666666,0.0035555555555555557,0.029425079221367133,retrospective_airport_disruption_association
2021,PDX,destination,5680,74,3,5603,96,recovery_transition_2021_2022,0.013028169014084507,0.000528169014084507,0.01713367838657862,retrospective_airport_disruption_association
2021,PDX,origin,5709,99,10,5600,86,recovery_transition_2021_2022,0.017341040462427744,0.0017516202487300753,0.015357142857142857,retrospective_airport_disruption_association
2021,PGD,destination,616,10,0,606,33,recovery_transition_2021_2022,0.016233766233766232,0.0,0.054455445544554455,retrospective_airport_disruption_association
2021,PGD,origin,591,12,4,575,24,recovery_transition_2021_2022,0.02030456852791878,0.00676818950930626,0.04173913043478261,retrospective_airport_disruption_association
2021,PHF,destination,71,0,1,70,4,recovery_transition_2021_2022,0.0,0.014084507042253521,0.05714285714285714,retrospective_airport_disruption_association
2021,PHF,origin,65,0,0,65,4,recovery_transition_2021_2022,0.0,0.0,0.06153846153846154,retrospective_airport_disruption_association
2021,PHL,destination,8413,86,13,8314,197,recovery_transition_2021_2022,0.010222275050517057,0.0015452276239153692,0.0236949723358191,retrospective_airport_disruption_association
2021,PHL,origin,8488,102,18,8368,223,recovery_transition_2021_2022,0.012016965127238455,0.002120640904806786,0.026649139579349904,retrospective_airport_disruption_association
2021,PHX,destination,16136,200,23,15913,341,recovery_transition_2021_2022,0.012394645513138325,0.0014253842340109072,0.021429020297869666,retrospective_airport_disruption_association
2021,PHX,origin,16185,201,28,15956,299,recovery_transition_2021_2022,0.01241890639481001,0.0017299969107198022,0.018739032338932062,retrospective_airport_disruption_association
2021,PIA,destination,301,13,0,288,6,recovery_transition_2021_2022,0.04318936877076412,0.0,0.020833333333333332,retrospective_airport_disruption_association
2021,PIA,origin,336,6,0,330,7,recovery_transition_2021_2022,0.017857142857142856,0.0,0.021212121212121213,retrospective_airport_disruption_association
2021,PIB,destination,61,3,0,58,2,recovery_transition_2021_2022,0.04918032786885246,0.0,0.034482758620689655,retrospective_airport_disruption_association
2021,PIB,origin,67,2,0,65,6,recovery_transition_2021_2022,0.029850746268656716,0.0,0.09230769230769231,retrospective_airport_disruption_association
2021,PIE,destination,768,17,4,747,30,recovery_transition_2021_2022,0.022135416666666668,0.005208333333333333,0.040160642570281124,retrospective_airport_disruption_association
2021,PIE,origin,768,14,2,752,30,recovery_transition_2021_2022,0.018229166666666668,0.0026041666666666665,0.0398936170212766,retrospective_airport_disruption_association
2021,PIH,destination,98,0,0,98,3,recovery_transition_2021_2022,0.0,0.0,0.030612244897959183,retrospective_airport_disruption_association
2021,PIH,origin,93,0,0,93,5,recovery_transition_2021_2022,0.0,0.0,0.053763440860215055,retrospective_airport_disruption_association
2021,PIR,destination,72,4,1,67,3,recovery_transition_2021_2022,0.05555555555555555,0.013888888888888888,0.04477611940298507,retrospective_airport_disruption_association
2021,PIR,origin,62,2,0,60,4,recovery_transition_2021_2022,0.03225806451612903,0.0,0.06666666666666667,retrospective_airport_disruption_association
2021,PIT,destination,3339,38,4,3297,66,recovery_transition_2021_2022,0.011380652890086853,0.0011979634621144056,0.020018198362147407,retrospective_airport_disruption_association
2021,PIT,origin,3342,58,8,3276,62,recovery_transition_2021_2022,0.017354877318970677,0.0023937761819269898,0.018925518925518924,retrospective_airport_disruption_association
2021,PLN,destination,112,4,1,107,0,recovery_transition_2021_2022,0.03571428571428571,0.008928571428571428,0.0,retrospective_airport_disruption_association
2021,PLN,origin,84,1,0,83,3,recovery_transition_2021_2022,0.011904761904761904,0.0,0.03614457831325301,retrospective_airport_disruption_association
2021,PNS,destination,1333,31,4,1298,28,recovery_transition_2021_2022,0.023255813953488372,0.003000750187546887,0.02157164869029276,retrospective_airport_disruption_association
2021,PNS,origin,1261,27,6,1228,33,recovery_transition_2021_2022,0.02141157811260904,0.004758128469468675,0.02687296416938111,retrospective_airport_disruption_association
2021,PPG,origin,1,0,0,1,0,recovery_transition_2021_2022,0.0,0.0,0.0,retrospective_airport_disruption_association
2021,PRC,destination,85,5,0,80,2,recovery_transition_2021_2022,0.058823529411764705,0.0,0.025,retrospective_airport_disruption_association
2021,PRC,origin,90,2,0,88,3,recovery_transition_2021_2022,0.022222222222222223,0.0,0.03409090909090909,retrospective_airport_disruption_association
2021,PSC,destination,627,7,0,620,15,recovery_transition_2021_2022,0.011164274322169059,0.0,0.024193548387096774,retrospective_airport_disruption_association
2021,PSC,origin,608,11,0,597,9,recovery_transition_2021_2022,0.018092105263157895,0.0,0.01507537688442211,retrospective_airport_disruption_association
2021,PSE,destination,22,1,0,21,0,recovery_transition_2021_2022,0.045454545454545456,0.0,0.0,retrospective_airport_disruption_association
2021,PSE,origin,39,0,0,39,0,recovery_transition_2021_2022,0.0,0.0,0.0,retrospective_airport_disruption_association
2021,PSG,destination,65,0,1,64,1,recovery_transition_2021_2022,0.0,0.015384615384615385,0.015625,retrospective_airport_disruption_association
2021,PSG,origin,63,0,0,63,1,recovery_transition_2021_2022,0.0,0.0,0.015873015873015872,retrospective_airport_disruption_association
2021,PSM,destination,26,0,0,26,1,recovery_transition_2021_2022,0.0,0.0,0.038461538461538464,retrospective_airport_disruption_association
2021,PSM,origin,31,0,0,31,3,recovery_transition_2021_2022,0.0,0.0,0.0967741935483871,retrospective_airport_disruption_association
2021,PSP,destination,1449,14,3,1432,20,recovery_transition_2021_2022,0.00966183574879227,0.002070393374741201,0.013966480446927373,retrospective_airport_disruption_association
2021,PSP,origin,1388,19,2,1367,21,recovery_transition_2021_2022,0.013688760806916427,0.001440922190201729,0.015362106803218726,retrospective_airport_disruption_association
2021,PUB,destination,55,1,0,54,5,recovery_transition_2021_2022,0.01818181818181818,0.0,0.09259259259259259,retrospective_airport_disruption_association
2021,PUB,origin,62,0,0,62,2,recovery_transition_2021_2022,0.0,0.0,0.03225806451612903,retrospective_airport_disruption_association
2021,PUW,destination,98,2,1,95,1,recovery_transition_2021_2022,0.02040816326530612,0.01020408163265306,0.010526315789473684,retrospective_airport_disruption_association
2021,PUW,origin,99,3,0,96,1,recovery_transition_2021_2022,0.030303030303030304,0.0,0.010416666666666666,retrospective_airport_disruption_association
2021,PVD,destination,1127,23,0,1104,28,recovery_transition_2021_2022,0.02040816326530612,0.0,0.025362318840579712,retrospective_airport_disruption_association
2021,PVD,origin,1031,18,3,1010,25,recovery_transition_2021_2022,0.01745877788554801,0.002909796314258002,0.024752475247524754,retrospective_airport_disruption_association
2021,PVU,destination,117,6,1,110,3,recovery_transition_2021_2022,0.05128205128205128,0.008547008547008548,0.02727272727272727,retrospective_airport_disruption_association
2021,PVU,origin,104,6,0,98,1,recovery_transition_2021_2022,0.057692307692307696,0.0,0.01020408163265306,retrospective_airport_disruption_association
2021,PWM,destination,931,21,3,907,20,recovery_transition_2021_2022,0.022556390977443608,0.00322234156820623,0.022050716648291068,retrospective_airport_disruption_association
2021,PWM,origin,1034,24,1,1009,25,recovery_transition_2021_2022,0.02321083172147002,0.0009671179883945841,0.024777006937561942,retrospective_airport_disruption_association
2021,RAP,destination,616,6,1,609,8,recovery_transition_2021_2022,0.00974025974025974,0.0016233766233766235,0.013136288998357963,retrospective_airport_disruption_association
2021,RAP,origin,589,10,4,575,17,recovery_transition_2021_2022,0.01697792869269949,0.006791171477079796,0.029565217391304348,retrospective_airport_disruption_association
2021,RDD,destination,135,4,0,131,4,recovery_transition_2021_2022,0.02962962962962963,0.0,0.030534351145038167,retrospective_airport_disruption_association
2021,RDD,origin,111,0,0,111,3,recovery_transition_2021_2022,0.0,0.0,0.02702702702702703,retrospective_airport_disruption_association
2021,RDM,destination,802,7,3,792,13,recovery_transition_2021_2022,0.008728179551122194,0.003740648379052369,0.016414141414141416,retrospective_airport_disruption_association
2021,RDM,origin,866,17,3,846,17,recovery_transition_2021_2022,0.019630484988452657,0.003464203233256351,0.02009456264775414,retrospective_airport_disruption_association
2021,RDU,destination,4534,64,5,4465,79,recovery_transition_2021_2022,0.0141155712395236,0.0011027790030877812,0.01769316909294513,retrospective_airport_disruption_association
2021,RDU,origin,4472,57,7,4408,98,recovery_transition_2021_2022,0.012745974955277281,0.0015652951699463328,0.02223230490018149,retrospective_airport_disruption_association
2021,RFD,destination,63,0,0,63,1,recovery_transition_2021_2022,0.0,0.0,0.015873015873015872,retrospective_airport_disruption_association
2021,RFD,origin,74,2,1,71,4,recovery_transition_2021_2022,0.02702702702702703,0.013513513513513514,0.056338028169014086,retrospective_airport_disruption_association
2021,RHI,destination,83,0,0,83,3,recovery_transition_2021_2022,0.0,0.0,0.03614457831325301,retrospective_airport_disruption_association
2021,RHI,origin,94,1,0,93,3,recovery_transition_2021_2022,0.010638297872340425,0.0,0.03225806451612903,retrospective_airport_disruption_association
2021,RIC,destination,1605,27,3,1575,33,recovery_transition_2021_2022,0.016822429906542057,0.001869158878504673,0.02095238095238095,retrospective_airport_disruption_association
2021,RIC,origin,1558,20,3,1535,40,recovery_transition_2021_2022,0.012836970474967908,0.0019255455712451862,0.026058631921824105,retrospective_airport_disruption_association
2021,RIW,destination,60,2,1,57,0,recovery_transition_2021_2022,0.03333333333333333,0.016666666666666666,0.0,retrospective_airport_disruption_association
2021,RIW,origin,65,2,0,63,6,recovery_transition_2021_2022,0.03076923076923077,0.0,0.09523809523809523,retrospective_airport_disruption_association
2021,RKS,destination,59,5,0,54,3,recovery_transition_2021_2022,0.0847457627118644,0.0,0.05555555555555555,retrospective_airport_disruption_association
2021,RKS,origin,67,4,0,63,1,recovery_transition_2021_2022,0.05970149253731343,0.0,0.015873015873015872,retrospective_airport_disruption_association
2021,RNO,destination,2152,41,7,2104,42,recovery_transition_2021_2022,0.019052044609665426,0.0032527881040892194,0.019961977186311788,retrospective_airport_disruption_association
2021,RNO,origin,2208,45,11,2152,58,recovery_transition_2021_2022,0.020380434782608696,0.004981884057971014,0.02695167286245353,retrospective_airport_disruption_association
2021,ROA,destination,161,0,1,160,1,recovery_transition_2021_2022,0.0,0.006211180124223602,0.00625,retrospective_airport_disruption_association
2021,ROA,origin,133,0,0,133,1,recovery_transition_2021_2022,0.0,0.0,0.007518796992481203,retrospective_airport_disruption_association
2021,ROC,destination,819,7,0,812,16,recovery_transition_2021_2022,0.008547008547008548,0.0,0.019704433497536946,retrospective_airport_disruption_association
2021,ROC,origin,838,9,0,829,21,recovery_transition_2021_2022,0.010739856801909307,0.0,0.025331724969843185,retrospective_airport_disruption_association
2021,ROW,destination,99,2,0,97,3,recovery_transition_2021_2022,0.020202020202020204,0.0,0.030927835051546393,retrospective_airport_disruption_association
2021,ROW,origin,120,1,1,118,8,recovery_transition_2021_2022,0.008333333333333333,0.008333333333333333,0.06779661016949153,retrospective_airport_disruption_association
2021,RST,destination,296,4,1,291,4,recovery_transition_2021_2022,0.013513513513513514,0.0033783783783783786,0.013745704467353952,retrospective_airport_disruption_association
2021,RST,origin,280,4,0,276,8,recovery_transition_2021_2022,0.014285714285714285,0.0,0.028985507246376812,retrospective_airport_disruption_association
2021,RSW,destination,4170,64,12,4094,81,recovery_transition_2021_2022,0.015347721822541967,0.0028776978417266188,0.01978505129457743,retrospective_airport_disruption_association
2021,RSW,origin,4158,89,7,4062,119,recovery_transition_2021_2022,0.021404521404521405,0.0016835016835016834,0.0292959133431807,retrospective_airport_disruption_association
2021,SAF,destination,160,4,0,156,7,recovery_transition_2021_2022,0.025,0.0,0.04487179487179487,retrospective_airport_disruption_association
2021,SAF,origin,172,7,1,164,9,recovery_transition_2021_2022,0.040697674418604654,0.005813953488372093,0.054878048780487805,retrospective_airport_disruption_association
2021,SAN,destination,6462,76,10,6376,87,recovery_transition_2021_2022,0.011761064685855771,0.0015475085112968121,0.013644918444165622,retrospective_airport_disruption_association
2021,SAN,origin,6422,88,12,6322,103,recovery_transition_2021_2022,0.013702896293989412,0.0018685767673621925,0.016292312559316673,retrospective_airport_disruption_association
2021,SAT,destination,2890,64,5,2821,57,recovery_transition_2021_2022,0.022145328719723183,0.0017301038062283738,0.020205600850762142,retrospective_airport_disruption_association
2021,SAT,origin,2884,69,8,2807,63,recovery_transition_2021_2022,0.0239251040221914,0.0027739251040221915,0.022443890274314215,retrospective_airport_disruption_association
2021,SAV,destination,1788,16,3,1769,30,recovery_transition_2021_2022,0.008948545861297539,0.0016778523489932886,0.016958733747880157,retrospective_airport_disruption_association
2021,SAV,origin,1824,20,4,1800,45,recovery_transition_2021_2022,0.010964912280701754,0.0021929824561403508,0.025,retrospective_airport_disruption_association
2021,SBA,destination,684,14,4,666,13,recovery_transition_2021_2022,0.02046783625730994,0.005847953216374269,0.01951951951951952,retrospective_airport_disruption_association
2021,SBA,origin,686,8,2,676,24,recovery_transition_2021_2022,0.011661807580174927,0.0029154518950437317,0.03550295857988166,retrospective_airport_disruption_association
2021,SBN,destination,568,7,3,558,13,recovery_transition_2021_2022,0.01232394366197183,0.00528169014084507,0.023297491039426525,retrospective_airport_disruption_association
2021,SBN,origin,588,5,3,580,22,recovery_transition_2021_2022,0.008503401360544218,0.00510204081632653,0.03793103448275862,retrospective_airport_disruption_association
2021,SBP,destination,395,6,0,389,6,recovery_transition_2021_2022,0.015189873417721518,0.0,0.015424164524421594,retrospective_airport_disruption_association
2021,SBP,origin,370,9,1,360,8,recovery_transition_2021_2022,0.024324324324324326,0.002702702702702703,0.022222222222222223,retrospective_airport_disruption_association
2021,SCC,destination,59,0,0,59,2,recovery_transition_2021_2022,0.0,0.0,0.03389830508474576,retrospective_airport_disruption_association
2021,SCC,origin,39,0,0,39,0,recovery_transition_2021_2022,0.0,0.0,0.0,retrospective_airport_disruption_association
2021,SCE,destination,57,0,0,57,0,recovery_transition_2021_2022,0.0,0.0,0.0,retrospective_airport_disruption_association
2021,SCE,origin,56,1,0,55,1,recovery_transition_2021_2022,0.017857142857142856,0.0,0.01818181818181818,retrospective_airport_disruption_association
2021,SCK,destination,69,2,0,67,4,recovery_transition_2021_2022,0.028985507246376812,0.0,0.05970149253731343,retrospective_airport_disruption_association
2021,SCK,origin,58,1,0,57,2,recovery_transition_2021_2022,0.017241379310344827,0.0,0.03508771929824561,retrospective_airport_disruption_association
2021,SDF,destination,1922,28,3,1891,51,recovery_transition_2021_2022,0.014568158168574402,0.0015608740894901144,0.026969857218402962,retrospective_airport_disruption_association
2021,SDF,origin,1922,34,5,1883,38,recovery_transition_2021_2022,0.01768990634755463,0.0026014568158168575,0.0201805629314923,retrospective_airport_disruption_association
2021,SEA,destination,17103,271,28,16804,238,recovery_transition_2021_2022,0.015845173361398585,0.0016371396830965328,0.0141632944537015,retrospective_airport_disruption_association
2021,SEA,origin,17221,231,27,16963,219,recovery_transition_2021_2022,0.013413855176819,0.0015678532024853377,0.012910452160584802,retrospective_airport_disruption_association
2021,SFB,destination,1009,27,2,980,50,recovery_transition_2021_2022,0.026759167492566897,0.0019821605550049554,0.05102040816326531,retrospective_airport_disruption_association
2021,SFB,origin,1007,36,2,969,33,recovery_transition_2021_2022,0.03574975173783516,0.0019860973187686196,0.034055727554179564,retrospective_airport_disruption_association
2021,SFO,destination,9975,131,17,9827,189,recovery_transition_2021_2022,0.013132832080200501,0.0017042606516290727,0.01923272616261321,retrospective_airport_disruption_association
2021,SFO,origin,10075,129,22,9924,157,recovery_transition_2021_2022,0.012803970223325063,0.002183622828784119,0.01582023377670294,retrospective_airport_disruption_association
2021,SGF,destination,764,13,3,748,14,recovery_transition_2021_2022,0.017015706806282723,0.003926701570680628,0.01871657754010695,retrospective_airport_disruption_association
2021,SGF,origin,742,10,0,732,18,recovery_transition_2021_2022,0.013477088948787063,0.0,0.02459016393442623,retrospective_airport_disruption_association
2021,SGU,destination,380,2,2,376,9,recovery_transition_2021_2022,0.005263157894736842,0.005263157894736842,0.023936170212765957,retrospective_airport_disruption_association
2021,SGU,origin,378,3,2,373,8,recovery_transition_2021_2022,0.007936507936507936,0.005291005291005291,0.021447721179624665,retrospective_airport_disruption_association
2021,SHD,destination,68,1,0,67,2,recovery_transition_2021_2022,0.014705882352941176,0.0,0.029850746268656716,retrospective_airport_disruption_association
2021,SHD,origin,66,1,0,65,4,recovery_transition_2021_2022,0.015151515151515152,0.0,0.06153846153846154,retrospective_airport_disruption_association
2021,SHR,destination,69,1,0,68,4,recovery_transition_2021_2022,0.014492753623188406,0.0,0.058823529411764705,retrospective_airport_disruption_association
2021,SHR,origin,69,2,1,66,0,recovery_transition_2021_2022,0.028985507246376812,0.014492753623188406,0.0,retrospective_airport_disruption_association
2021,SHV,destination,512,15,0,497,3,recovery_transition_2021_2022,0.029296875,0.0,0.006036217303822937,retrospective_airport_disruption_association
2021,SHV,origin,472,24,3,445,6,recovery_transition_2021_2022,0.05084745762711865,0.006355932203389831,0.01348314606741573,retrospective_airport_disruption_association
2021,SIT,destination,115,3,0,112,0,recovery_transition_2021_2022,0.02608695652173913,0.0,0.0,retrospective_airport_disruption_association
2021,SIT,origin,129,1,0,128,3,recovery_transition_2021_2022,0.007751937984496124,0.0,0.0234375,retrospective_airport_disruption_association
2021,SJC,destination,3979,55,4,3920,59,recovery_transition_2021_2022,0.013822568484543855,0.0010052777079668257,0.015051020408163265,retrospective_airport_disruption_association
2021,SJC,origin,3926,64,9,3853,50,recovery_transition_2021_2022,0.0163015792154865,0.002292409577177789,0.012976901116013496,retrospective_airport_disruption_association
2021,SJT,destination,231,11,0,220,4,recovery_transition_2021_2022,0.047619047619047616,0.0,0.01818181818181818,retrospective_airport_disruption_association
2021,SJT,origin,224,9,0,215,3,recovery_transition_2021_2022,0.04017857142857143,0.0,0.013953488372093023,retrospective_airport_disruption_association
2021,SJU,destination,2913,30,6,2877,86,recovery_transition_2021_2022,0.010298661174047374,0.0020597322348094747,0.029892248870351062,retrospective_airport_disruption_association
2021,SJU,origin,3047,38,9,3000,80,recovery_transition_2021_2022,0.012471283229405973,0.002953724975385625,0.02666666666666667,retrospective_airport_disruption_association
2021,SLC,destination,12252,98,10,12144,220,recovery_transition_2021_2022,0.007998694090760691,0.0008161932745674175,0.018115942028985508,retrospective_airport_disruption_association
2021,SLC,origin,12101,105,39,11957,215,recovery_transition_2021_2022,0.008676968845549955,0.00322287414263284,0.01798109893786067,retrospective_airport_disruption_association
2021,SLN,destination,65,3,1,61,0,recovery_transition_2021_2022,0.046153846153846156,0.015384615384615385,0.0,retrospective_airport_disruption_association
2021,SLN,origin,63,1,0,62,1,recovery_transition_2021_2022,0.015873015873015872,0.0,0.016129032258064516,retrospective_airport_disruption_association
2021,SMF,destination,4434,56,2,4376,66,recovery_transition_2021_2022,0.012629679747406405,0.0004510599909788002,0.015082266910420476,retrospective_airport_disruption_association
2021,SMF,origin,4313,57,7,4249,70,recovery_transition_2021_2022,0.013215859030837005,0.001623000231857176,0.016474464579901153,retrospective_airport_disruption_association
2021,SMX,destination,29,1,0,28,1,recovery_transition_2021_2022,0.034482758620689655,0.0,0.03571428571428571,retrospective_airport_disruption_association
2021,SMX,origin,38,3,0,35,2,recovery_transition_2021_2022,0.07894736842105263,0.0,0.05714285714285714,retrospective_airport_disruption_association
2021,SNA,destination,3763,87,14,3662,27,recovery_transition_2021_2022,0.0231198511825671,0.0037204358224820623,0.007373020207536865,retrospective_airport_disruption_association
2021,SNA,origin,3726,71,7,3648,54,recovery_transition_2021_2022,0.0190552871712292,0.001878690284487386,0.014802631578947368,retrospective_airport_disruption_association
2021,SPI,destination,75,2,0,73,2,recovery_transition_2021_2022,0.02666666666666667,0.0,0.0273972602739726,retrospective_airport_disruption_association
2021,SPI,origin,59,5,0,54,2,recovery_transition_2021_2022,0.0847457627118644,0.0,0.037037037037037035,retrospective_airport_disruption_association
2021,SPN,destination,23,0,0,23,0,recovery_transition_2021_2022,0.0,0.0,0.0,retrospective_airport_disruption_association
2021,SPN,origin,42,0,0,42,1,recovery_transition_2021_2022,0.0,0.0,0.023809523809523808,retrospective_airport_disruption_association
2021,SPS,destination,126,9,0,117,0,recovery_transition_2021_2022,0.07142857142857142,0.0,0.0,retrospective_airport_disruption_association
2021,SPS,origin,143,8,0,135,4,recovery_transition_2021_2022,0.055944055944055944,0.0,0.02962962962962963,retrospective_airport_disruption_association
2021,SRQ,destination,1695,30,3,1662,34,recovery_transition_2021_2022,0.017699115044247787,0.0017699115044247787,0.02045728038507822,retrospective_airport_disruption_association
2021,SRQ,origin,1666,25,2,1639,45,recovery_transition_2021_2022,0.015006002400960384,0.0012004801920768306,0.027455765710799267,retrospective_airport_disruption_association
2021,STC,destination,19,1,0,18,1,recovery_transition_2021_2022,0.05263157894736842,0.0,0.05555555555555555,retrospective_airport_disruption_association
2021,STC,origin,9,1,0,8,0,recovery_transition_2021_2022,0.1111111111111111,0.0,0.0,retrospective_airport_disruption_association
2021,STL,destination,4837,85,2,4750,73,recovery_transition_2021_2022,0.017572875749431466,0.0004134794293983874,0.015368421052631578,retrospective_airport_disruption_association
2021,STL,origin,4794,93,13,4688,81,recovery_transition_2021_2022,0.01939924906132666,0.0027117229870671673,0.01727815699658703,retrospective_airport_disruption_association
2021,STS,destination,343,4,2,337,7,recovery_transition_2021_2022,0.011661807580174927,0.0058309037900874635,0.020771513353115726,retrospective_airport_disruption_association
2021,STS,origin,320,8,1,311,6,recovery_transition_2021_2022,0.025,0.003125,0.01929260450160772,retrospective_airport_disruption_association
2021,STT,destination,694,7,0,687,5,recovery_transition_2021_2022,0.010086455331412104,0.0,0.00727802037845706,retrospective_airport_disruption_association
2021,STT,origin,691,8,25,658,11,recovery_transition_2021_2022,0.011577424023154847,0.0361794500723589,0.016717325227963525,retrospective_airport_disruption_association
2021,STX,destination,143,3,0,140,5,recovery_transition_2021_2022,0.02097902097902098,0.0,0.03571428571428571,retrospective_airport_disruption_association
2021,STX,origin,146,0,0,146,1,recovery_transition_2021_2022,0.0,0.0,0.00684931506849315,retrospective_airport_disruption_association
2021,SUN,destination,221,7,6,208,3,recovery_transition_2021_2022,0.03167420814479638,0.027149321266968326,0.014423076923076924,retrospective_airport_disruption_association
2021,SUN,origin,197,1,0,196,4,recovery_transition_2021_2022,0.005076142131979695,0.0,0.02040816326530612,retrospective_airport_disruption_association
2021,SUX,destination,90,0,0,90,4,recovery_transition_2021_2022,0.0,0.0,0.044444444444444446,retrospective_airport_disruption_association
2021,SUX,origin,92,0,0,92,4,recovery_transition_2021_2022,0.0,0.0,0.043478260869565216,retrospective_airport_disruption_association
2021,SWF,destination,68,6,0,62,5,recovery_transition_2021_2022,0.08823529411764706,0.0,0.08064516129032258,retrospective_airport_disruption_association
2021,SWF,origin,50,1,0,49,6,recovery_transition_2021_2022,0.02,0.0,0.12244897959183673,retrospective_airport_disruption_association
2021,SWO,destination,68,0,1,67,4,recovery_transition_2021_2022,0.0,0.014705882352941176,0.05970149253731343,retrospective_airport_disruption_association
2021,SWO,origin,58,2,0,56,0,recovery_transition_2021_2022,0.034482758620689655,0.0,0.0,retrospective_airport_disruption_association
2021,SYR,destination,912,16,2,894,16,recovery_transition_2021_2022,0.017543859649122806,0.0021929824561403508,0.017897091722595078,retrospective_airport_disruption_association
2021,SYR,origin,878,8,3,867,29,recovery_transition_2021_2022,0.009111617312072893,0.003416856492027335,0.03344867358708189,retrospective_airport_disruption_association
2021,TBN,destination,15,1,0,14,0,recovery_transition_2021_2022,0.06666666666666667,0.0,0.0,retrospective_airport_disruption_association
2021,TBN,origin,14,0,0,14,0,recovery_transition_2021_2022,0.0,0.0,0.0,retrospective_airport_disruption_association
2021,TLH,destination,537,8,2,527,7,recovery_transition_2021_2022,0.0148975791433892,0.0037243947858473,0.013282732447817837,retrospective_airport_disruption_association
2021,TLH,origin,517,7,1,509,15,recovery_transition_2021_2022,0.013539651837524178,0.0019342359767891683,0.029469548133595286,retrospective_airport_disruption_association
2021,TOL,destination,60,0,0,60,1,recovery_transition_2021_2022,0.0,0.0,0.016666666666666666,retrospective_airport_disruption_association
2021,TOL,origin,65,1,0,64,1,recovery_transition_2021_2022,0.015384615384615385,0.0,0.015625,retrospective_airport_disruption_association
2021,TPA,destination,6985,117,28,6840,142,recovery_transition_2021_2022,0.016750178954903366,0.004008589835361489,0.020760233918128656,retrospective_airport_disruption_association
2021,TPA,origin,6892,113,14,6765,161,recovery_transition_2021_2022,0.016395821242019732,0.0020313406848520023,0.023798965262379897,retrospective_airport_disruption_association
2021,TRI,destination,226,0,1,225,1,recovery_transition_2021_2022,0.0,0.004424778761061947,0.0044444444444444444,retrospective_airport_disruption_association
2021,TRI,origin,271,3,1,267,4,recovery_transition_2021_2022,0.01107011070110701,0.0036900369003690036,0.0149812734082397,retrospective_airport_disruption_association
2021,TTN,destination,180,3,0,177,9,recovery_transition_2021_2022,0.016666666666666666,0.0,0.05084745762711865,retrospective_airport_disruption_association
2021,TTN,origin,196,4,0,192,8,recovery_transition_2021_2022,0.02040816326530612,0.0,0.041666666666666664,retrospective_airport_disruption_association
2021,TUL,destination,1317,24,1,1292,30,recovery_transition_2021_2022,0.018223234624145785,0.0007593014426727411,0.02321981424148607,retrospective_airport_disruption_association
2021,TUL,origin,1325,24,1,1300,35,recovery_transition_2021_2022,0.018113207547169812,0.0007547169811320754,0.026923076923076925,retrospective_airport_disruption_association
2021,TUS,destination,1576,32,1,1543,35,recovery_transition_2021_2022,0.02030456852791878,0.0006345177664974619,0.02268308489954634,retrospective_airport_disruption_association
2021,TUS,origin,1577,25,8,1544,33,recovery_transition_2021_2022,0.01585288522511097,0.0050729232720355105,0.021373056994818652,retrospective_airport_disruption_association
2021,TVC,destination,449,9,2,438,8,recovery_transition_2021_2022,0.0200445434298441,0.004454342984409799,0.0182648401826484,retrospective_airport_disruption_association
2021,TVC,origin,455,6,0,449,10,recovery_transition_2021_2022,0.013186813186813187,0.0,0.022271714922048998,retrospective_airport_disruption_association
2021,TWF,destination,125,3,2,120,2,recovery_transition_2021_2022,0.024,0.016,0.016666666666666666,retrospective_airport_disruption_association
2021,TWF,origin,110,0,2,108,1,recovery_transition_2021_2022,0.0,0.01818181818181818,0.009259259259259259,retrospective_airport_disruption_association
2021,TXK,destination,119,1,2,116,2,recovery_transition_2021_2022,0.008403361344537815,0.01680672268907563,0.017241379310344827,retrospective_airport_disruption_association
2021,TXK,origin,99,5,0,94,6,recovery_transition_2021_2022,0.050505050505050504,0.0,0.06382978723404255,retrospective_airport_disruption_association
2021,TYR,destination,154,9,1,144,2,recovery_transition_2021_2022,0.05844155844155844,0.006493506493506494,0.013888888888888888,retrospective_airport_disruption_association
2021,TYR,origin,141,9,0,132,2,recovery_transition_2021_2022,0.06382978723404255,0.0,0.015151515151515152,retrospective_airport_disruption_association
2021,TYS,destination,1182,12,0,1170,34,recovery_transition_2021_2022,0.01015228426395939,0.0,0.02905982905982906,retrospective_airport_disruption_association
2021,TYS,origin,1202,15,1,1186,28,recovery_transition_2021_2022,0.012479201331114808,0.0008319467554076539,0.023608768971332208,retrospective_airport_disruption_association
2021,USA,destination,126,6,1,119,4,recovery_transition_2021_2022,0.047619047619047616,0.007936507936507936,0.03361344537815126,retrospective_airport_disruption_association
2021,USA,origin,132,6,0,126,9,recovery_transition_2021_2022,0.045454545454545456,0.0,0.07142857142857142,retrospective_airport_disruption_association
2021,VCT,destination,51,2,0,49,2,recovery_transition_2021_2022,0.0392156862745098,0.0,0.04081632653061224,retrospective_airport_disruption_association
2021,VCT,origin,58,4,0,54,2,recovery_transition_2021_2022,0.06896551724137931,0.0,0.037037037037037035,retrospective_airport_disruption_association
2021,VEL,destination,55,2,1,52,2,recovery_transition_2021_2022,0.03636363636363636,0.01818181818181818,0.038461538461538464,retrospective_airport_disruption_association
2021,VEL,origin,76,4,0,72,0,recovery_transition_2021_2022,0.05263157894736842,0.0,0.0,retrospective_airport_disruption_association
2021,VLD,destination,120,0,0,120,1,recovery_transition_2021_2022,0.0,0.0,0.008333333333333333,retrospective_airport_disruption_association
2021,VLD,origin,133,0,0,133,5,recovery_transition_2021_2022,0.0,0.0,0.03759398496240601,retrospective_airport_disruption_association
2021,VPS,destination,1186,27,2,1157,23,recovery_transition_2021_2022,0.022765598650927487,0.0016863406408094434,0.019878997407087293,retrospective_airport_disruption_association
2021,VPS,origin,1139,30,9,1100,37,recovery_transition_2021_2022,0.02633889376646181,0.007901668129938543,0.03363636363636364,retrospective_airport_disruption_association
2021,WRG,destination,54,0,1,53,2,recovery_transition_2021_2022,0.0,0.018518518518518517,0.03773584905660377,retrospective_airport_disruption_association
2021,WRG,origin,58,1,0,57,0,recovery_transition_2021_2022,0.017241379310344827,0.0,0.0,retrospective_airport_disruption_association
2021,WYS,destination,54,0,0,54,0,recovery_transition_2021_2022,0.0,0.0,0.0,retrospective_airport_disruption_association
2021,WYS,origin,45,0,0,45,0,recovery_transition_2021_2022,0.0,0.0,0.0,retrospective_airport_disruption_association
2021,XNA,destination,844,11,1,832,12,recovery_transition_2021_2022,0.013033175355450236,0.001184834123222749,0.014423076923076924,retrospective_airport_disruption_association
2021,XNA,origin,905,14,4,887,19,recovery_transition_2021_2022,0.015469613259668509,0.004419889502762431,0.02142051860202931,retrospective_airport_disruption_association
2021,XWA,destination,112,1,1,110,4,recovery_transition_2021_2022,0.008928571428571428,0.008928571428571428,0.03636363636363636,retrospective_airport_disruption_association
2021,XWA,origin,107,1,1,105,6,recovery_transition_2021_2022,0.009345794392523364,0.009345794392523364,0.05714285714285714,retrospective_airport_disruption_association
2021,YAK,destination,73,3,3,67,1,recovery_transition_2021_2022,0.0410958904109589,0.0410958904109589,0.014925373134328358,retrospective_airport_disruption_association
2021,YAK,origin,72,1,1,70,2,recovery_transition_2021_2022,0.013888888888888888,0.013888888888888888,0.02857142857142857,retrospective_airport_disruption_association
2021,YKM,destination,79,1,0,78,0,recovery_transition_2021_2022,0.012658227848101266,0.0,0.0,retrospective_airport_disruption_association
2021,YKM,origin,82,2,0,80,0,recovery_transition_2021_2022,0.024390243902439025,0.0,0.0,retrospective_airport_disruption_association
2021,YUM,destination,185,1,0,184,6,recovery_transition_2021_2022,0.005405405405405406,0.0,0.03260869565217391,retrospective_airport_disruption_association
2021,YUM,origin,221,4,0,217,8,recovery_transition_2021_2022,0.01809954751131222,0.0,0.03686635944700461,retrospective_airport_disruption_association
2022,ABE,destination,400,6,2,392,10,recovery_transition_2021_2022,0.015,0.005,0.025510204081632654,retrospective_airport_disruption_association
2022,ABE,origin,443,8,0,435,12,recovery_transition_2021_2022,0.01805869074492099,0.0,0.027586206896551724,retrospective_airport_disruption_association
2022,ABI,destination,192,5,0,187,4,recovery_transition_2021_2022,0.026041666666666668,0.0,0.0213903743315508,retrospective_airport_disruption_association
2022,ABI,origin,189,5,0,184,9,recovery_transition_2021_2022,0.026455026455026454,0.0,0.04891304347826087,retrospective_airport_disruption_association
2022,ABQ,destination,1955,50,3,1902,33,recovery_transition_2021_2022,0.02557544757033248,0.001534526854219949,0.017350157728706624,retrospective_airport_disruption_association
2022,ABQ,origin,2068,38,5,2025,44,recovery_transition_2021_2022,0.0183752417794971,0.0024177949709864605,0.021728395061728394,retrospective_airport_disruption_association
2022,ABR,destination,64,1,0,63,1,recovery_transition_2021_2022,0.015625,0.0,0.015873015873015872,retrospective_airport_disruption_association
2022,ABR,origin,72,0,0,72,4,recovery_transition_2021_2022,0.0,0.0,0.05555555555555555,retrospective_airport_disruption_association
2022,ABY,destination,84,0,0,84,0,recovery_transition_2021_2022,0.0,0.0,0.0,retrospective_airport_disruption_association
2022,ABY,origin,103,1,0,102,2,recovery_transition_2021_2022,0.009708737864077669,0.0,0.0196078431372549,retrospective_airport_disruption_association
2022,ACK,destination,147,7,0,140,6,recovery_transition_2021_2022,0.047619047619047616,0.0,0.04285714285714286,retrospective_airport_disruption_association
2022,ACK,origin,161,9,1,151,13,recovery_transition_2021_2022,0.055900621118012424,0.006211180124223602,0.08609271523178808,retrospective_airport_disruption_association
2022,ACT,destination,173,4,0,169,3,recovery_transition_2021_2022,0.023121387283236993,0.0,0.01775147928994083,retrospective_airport_disruption_association
2022,ACT,origin,187,9,0,178,2,recovery_transition_2021_2022,0.0481283422459893,0.0,0.011235955056179775,retrospective_airport_disruption_association
2022,ACV,destination,200,5,6,189,5,recovery_transition_2021_2022,0.025,0.03,0.026455026455026454,retrospective_airport_disruption_association
2022,ACV,origin,241,8,1,232,9,recovery_transition_2021_2022,0.03319502074688797,0.004149377593360996,0.03879310344827586,retrospective_airport_disruption_association
2022,ACY,destination,351,15,0,336,15,recovery_transition_2021_2022,0.042735042735042736,0.0,0.044642857142857144,retrospective_airport_disruption_association
2022,ACY,origin,372,17,1,354,6,recovery_transition_2021_2022,0.0456989247311828,0.002688172043010753,0.01694915254237288,retrospective_airport_disruption_association
2022,ADK,destination,7,0,0,7,0,recovery_transition_2021_2022,0.0,0.0,0.0,retrospective_airport_disruption_association
2022,ADK,origin,9,0,0,9,0,recovery_transition_2021_2022,0.0,0.0,0.0,retrospective_airport_disruption_association
2022,ADQ,destination,83,2,0,81,3,recovery_transition_2021_2022,0.024096385542168676,0.0,0.037037037037037035,retrospective_airport_disruption_association
2022,ADQ,origin,97,3,0,94,2,recovery_transition_2021_2022,0.030927835051546393,0.0,0.02127659574468085,retrospective_airport_disruption_association
2022,AEX,destination,201,4,2,195,4,recovery_transition_2021_2022,0.01990049751243781,0.009950248756218905,0.020512820512820513,retrospective_airport_disruption_association
2022,AEX,origin,233,4,0,229,6,recovery_transition_2021_2022,0.017167381974248927,0.0,0.026200873362445413,retrospective_airport_disruption_association
2022,AGS,destination,374,5,1,368,5,recovery_transition_2021_2022,0.013368983957219251,0.00267379679144385,0.01358695652173913,retrospective_airport_disruption_association
2022,AGS,origin,390,7,2,381,6,recovery_transition_2021_2022,0.017948717948717947,0.005128205128205128,0.015748031496062992,retrospective_airport_disruption_association
2022,AKN,destination,49,3,0,46,0,recovery_transition_2021_2022,0.061224489795918366,0.0,0.0,retrospective_airport_disruption_association
2022,AKN,origin,56,3,0,53,2,recovery_transition_2021_2022,0.05357142857142857,0.0,0.03773584905660377,retrospective_airport_disruption_association
2022,ALB,destination,1211,50,2,1159,38,recovery_transition_2021_2022,0.04128819157720892,0.0016515276630883566,0.03278688524590164,retrospective_airport_disruption_association
2022,ALB,origin,1224,43,0,1181,29,recovery_transition_2021_2022,0.035130718954248366,0.0,0.024555461473327687,retrospective_airport_disruption_association
2022,ALO,destination,70,2,0,68,1,recovery_transition_2021_2022,0.02857142857142857,0.0,0.014705882352941176,retrospective_airport_disruption_association
2022,ALO,origin,71,5,0,66,1,recovery_transition_2021_2022,0.07042253521126761,0.0,0.015151515151515152,retrospective_airport_disruption_association
2022,ALS,destination,34,4,0,30,0,recovery_transition_2021_2022,0.11764705882352941,0.0,0.0,retrospective_airport_disruption_association
2022,ALS,origin,27,4,0,23,1,recovery_transition_2021_2022,0.14814814814814814,0.0,0.043478260869565216,retrospective_airport_disruption_association
2022,ALW,destination,69,5,0,64,0,recovery_transition_2021_2022,0.07246376811594203,0.0,0.0,retrospective_airport_disruption_association
2022,ALW,origin,59,3,0,56,0,recovery_transition_2021_2022,0.05084745762711865,0.0,0.0,retrospective_airport_disruption_association
2022,AMA,destination,500,25,0,475,9,recovery_transition_2021_2022,0.05,0.0,0.018947368421052633,retrospective_airport_disruption_association
2022,AMA,origin,503,21,2,480,17,recovery_transition_2021_2022,0.041749502982107355,0.003976143141153081,0.035416666666666666,retrospective_airport_disruption_association
2022,ANC,destination,2075,48,5,2022,33,recovery_transition_2021_2022,0.02313253012048193,0.0024096385542168677,0.016320474777448073,retrospective_airport_disruption_association
2022,ANC,origin,2080,54,3,2023,32,recovery_transition_2021_2022,0.025961538461538463,0.0014423076923076924,0.015818091942659415,retrospective_airport_disruption_association
2022,APN,destination,56,1,0,55,0,recovery_transition_2021_2022,0.017857142857142856,0.0,0.0,retrospective_airport_disruption_association
2022,APN,origin,75,3,1,71,5,recovery_transition_2021_2022,0.04,0.013333333333333334,0.07042253521126761,retrospective_airport_disruption_association
2022,ASE,destination,679,37,21,621,27,recovery_transition_2021_2022,0.054491899852724596,0.030927835051546393,0.043478260869565216,retrospective_airport_disruption_association
2022,ASE,origin,672,63,2,607,41,recovery_transition_2021_2022,0.09375,0.002976190476190476,0.06754530477759473,retrospective_airport_disruption_association
2022,ATL,destination,32605,538,65,32002,732,recovery_transition_2021_2022,0.016500536727495782,0.001993559270050606,0.022873570401849886,retrospective_airport_disruption_association
2022,ATL,origin,32529,513,76,31940,587,recovery_transition_2021_2022,0.015770543207599373,0.0023363767714962035,0.018378209142141517,retrospective_airport_disruption_association
2022,ATW,destination,506,13,3,490,13,recovery_transition_2021_2022,0.025691699604743084,0.005928853754940711,0.026530612244897958,retrospective_airport_disruption_association
2022,ATW,origin,463,14,0,449,15,recovery_transition_2021_2022,0.03023758099352052,0.0,0.0334075723830735,retrospective_airport_disruption_association
2022,AUS,destination,9155,226,20,8909,221,recovery_transition_2021_2022,0.02468596395412343,0.002184598580010923,0.024806375575260973,retrospective_airport_disruption_association
2022,AUS,origin,9148,296,27,8825,237,recovery_transition_2021_2022,0.03235679930039353,0.0029514648010494095,0.02685552407932011,retrospective_airport_disruption_association
2022,AVL,destination,1011,27,2,982,18,recovery_transition_2021_2022,0.026706231454005934,0.0019782393669634025,0.018329938900203666,retrospective_airport_disruption_association
2022,AVL,origin,964,24,2,938,28,recovery_transition_2021_2022,0.024896265560165973,0.002074688796680498,0.029850746268656716,retrospective_airport_disruption_association
2022,AVP,destination,177,4,0,173,5,recovery_transition_2021_2022,0.022598870056497175,0.0,0.028901734104046242,retrospective_airport_disruption_association
2022,AVP,origin,198,10,1,187,5,recovery_transition_2021_2022,0.050505050505050504,0.005050505050505051,0.026737967914438502,retrospective_airport_disruption_association
2022,AZA,destination,579,14,1,564,24,recovery_transition_2021_2022,0.024179620034542316,0.0017271157167530224,0.0425531914893617,retrospective_airport_disruption_association
2022,AZA,origin,591,15,0,576,21,recovery_transition_2021_2022,0.025380710659898477,0.0,0.036458333333333336,retrospective_airport_disruption_association
2022,AZO,destination,158,3,0,155,1,recovery_transition_2021_2022,0.0189873417721519,0.0,0.0064516129032258064,retrospective_airport_disruption_association
2022,AZO,origin,165,5,0,160,4,recovery_transition_2021_2022,0.030303030303030304,0.0,0.025,retrospective_airport_disruption_association
2022,BDL,destination,2361,68,1,2292,86,recovery_transition_2021_2022,0.028801355357899194,0.00042354934349851756,0.037521815008726006,retrospective_airport_disruption_association
2022,BDL,origin,2367,83,2,2282,74,recovery_transition_2021_2022,0.03506548373468526,0.0008449514152936206,0.03242769500438212,retrospective_airport_disruption_association
2022,BET,destination,79,4,0,75,0,recovery_transition_2021_2022,0.05063291139240506,0.0,0.0,retrospective_airport_disruption_association
2022,BET,origin,63,0,0,63,1,recovery_transition_2021_2022,0.0,0.0,0.015873015873015872,retrospective_airport_disruption_association
2022,BFF,destination,80,2,0,78,2,recovery_transition_2021_2022,0.025,0.0,0.02564102564102564,retrospective_airport_disruption_association
2022,BFF,origin,66,3,0,63,2,recovery_transition_2021_2022,0.045454545454545456,0.0,0.031746031746031744,retrospective_airport_disruption_association
2022,BFL,destination,249,11,0,238,5,recovery_transition_2021_2022,0.04417670682730924,0.0,0.02100840336134454,retrospective_airport_disruption_association
2022,BFL,origin,259,5,2,252,15,recovery_transition_2021_2022,0.019305019305019305,0.007722007722007722,0.05952380952380952,retrospective_airport_disruption_association
2022,BGM,destination,44,0,0,44,1,recovery_transition_2021_2022,0.0,0.0,0.022727272727272728,retrospective_airport_disruption_association
2022,BGM,origin,41,0,0,41,1,recovery_transition_2021_2022,0.0,0.0,0.024390243902439025,retrospective_airport_disruption_association
2022,BGR,destination,486,21,0,465,15,recovery_transition_2021_2022,0.043209876543209874,0.0,0.03225806451612903,retrospective_airport_disruption_association
2022,BGR,origin,466,20,1,445,14,recovery_transition_2021_2022,0.04291845493562232,0.002145922746781116,0.03146067415730337,retrospective_airport_disruption_association
2022,BHM,destination,1417,37,3,1377,36,recovery_transition_2021_2022,0.02611150317572336,0.002117148906139732,0.026143790849673203,retrospective_airport_disruption_association
2022,BHM,origin,1447,42,3,1402,42,recovery_transition_2021_2022,0.02902557014512785,0.002073255010366275,0.029957203994293864,retrospective_airport_disruption_association
2022,BIH,destination,23,1,0,22,0,recovery_transition_2021_2022,0.043478260869565216,0.0,0.0,retrospective_airport_disruption_association
2022,BIH,origin,34,3,0,31,1,recovery_transition_2021_2022,0.08823529411764706,0.0,0.03225806451612903,retrospective_airport_disruption_association
2022,BIL,destination,383,3,2,378,6,recovery_transition_2021_2022,0.007832898172323759,0.005221932114882507,0.015873015873015872,retrospective_airport_disruption_association
2022,BIL,origin,456,5,0,451,11,recovery_transition_2021_2022,0.010964912280701754,0.0,0.024390243902439025,retrospective_airport_disruption_association
2022,BIS,destination,408,13,1,394,6,recovery_transition_2021_2022,0.031862745098039214,0.0024509803921568627,0.015228426395939087,retrospective_airport_disruption_association
2022,BIS,origin,391,16,1,374,13,recovery_transition_2021_2022,0.04092071611253197,0.0025575447570332483,0.034759358288770054,retrospective_airport_disruption_association
2022,BJI,destination,69,2,0,67,1,recovery_transition_2021_2022,0.028985507246376812,0.0,0.014925373134328358,retrospective_airport_disruption_association
2022,BJI,origin,74,0,0,74,5,recovery_transition_2021_2022,0.0,0.0,0.06756756756756757,retrospective_airport_disruption_association
2022,BKG,destination,4,0,0,4,0,recovery_transition_2021_2022,0.0,0.0,0.0,retrospective_airport_disruption_association
2022,BKG,origin,9,0,0,9,0,recovery_transition_2021_2022,0.0,0.0,0.0,retrospective_airport_disruption_association
2022,BLI,destination,424,9,0,415,7,recovery_transition_2021_2022,0.02122641509433962,0.0,0.016867469879518072,retrospective_airport_disruption_association
2022,BLI,origin,395,6,2,387,4,recovery_transition_2021_2022,0.015189873417721518,0.005063291139240506,0.0103359173126615,retrospective_airport_disruption_association
2022,BLV,destination,100,3,0,97,3,recovery_transition_2021_2022,0.03,0.0,0.030927835051546393,retrospective_airport_disruption_association
2022,BLV,origin,122,4,2,116,10,recovery_transition_2021_2022,0.03278688524590164,0.01639344262295082,0.08620689655172414,retrospective_airport_disruption_association
2022,BMI,destination,287,10,1,276,9,recovery_transition_2021_2022,0.03484320557491289,0.003484320557491289,0.03260869565217391,retrospective_airport_disruption_association
2022,BMI,origin,267,6,0,261,11,recovery_transition_2021_2022,0.02247191011235955,0.0,0.0421455938697318,retrospective_airport_disruption_association
2022,BNA,destination,9023,281,13,8729,198,recovery_transition_2021_2022,0.031142635487088552,0.0014407624958439544,0.02268301065414137,retrospective_airport_disruption_association
2022,BNA,origin,8991,292,26,8673,195,recovery_transition_2021_2022,0.032476921365810256,0.0028917806695584474,0.022483569699066067,retrospective_airport_disruption_association
2022,BOI,destination,2612,33,2,2577,43,recovery_transition_2021_2022,0.012633996937212864,0.0007656967840735069,0.016686069072564997,retrospective_airport_disruption_association
2022,BOI,origin,2690,21,4,2665,50,recovery_transition_2021_2022,0.007806691449814126,0.001486988847583643,0.01876172607879925,retrospective_airport_disruption_association
2022,BOS,destination,13874,465,21,13388,499,recovery_transition_2021_2022,0.03351592907596944,0.0015136226034308778,0.037272184045413805,retrospective_airport_disruption_association
2022,BOS,origin,13874,460,35,13379,452,recovery_transition_2021_2022,0.03315554274181923,0.0025227043390514633,0.03378428881082293,retrospective_airport_disruption_association
2022,BPT,destination,85,3,0,82,1,recovery_transition_2021_2022,0.03529411764705882,0.0,0.012195121951219513,retrospective_airport_disruption_association
2022,BPT,origin,92,0,0,92,6,recovery_transition_2021_2022,0.0,0.0,0.06521739130434782,retrospective_airport_disruption_association
2022,BQK,destination,93,0,1,92,3,recovery_transition_2021_2022,0.0,0.010752688172043012,0.03260869565217391,retrospective_airport_disruption_association
2022,BQK,origin,78,1,0,77,4,recovery_transition_2021_2022,0.01282051282051282,0.0,0.05194805194805195,retrospective_airport_disruption_association
2022,BQN,destination,246,5,0,241,14,recovery_transition_2021_2022,0.02032520325203252,0.0,0.058091286307053944,retrospective_airport_disruption_association
2022,BQN,origin,233,9,1,223,12,recovery_transition_2021_2022,0.03862660944206009,0.004291845493562232,0.053811659192825115,retrospective_airport_disruption_association
2022,BRD,destination,66,4,0,62,1,recovery_transition_2021_2022,0.06060606060606061,0.0,0.016129032258064516,retrospective_airport_disruption_association
2022,BRD,origin,88,1,0,87,3,recovery_transition_2021_2022,0.011363636363636364,0.0,0.034482758620689655,retrospective_airport_disruption_association
2022,BRO,destination,120,5,0,115,5,recovery_transition_2021_2022,0.041666666666666664,0.0,0.043478260869565216,retrospective_airport_disruption_association
2022,BRO,origin,133,3,0,130,2,recovery_transition_2021_2022,0.022556390977443608,0.0,0.015384615384615385,retrospective_airport_disruption_association
2022,BRW,destination,22,2,0,20,1,recovery_transition_2021_2022,0.09090909090909091,0.0,0.05,retrospective_airport_disruption_association
2022,BRW,origin,40,3,0,37,0,recovery_transition_2021_2022,0.075,0.0,0.0,retrospective_airport_disruption_association
2022,BTM,destination,59,1,2,56,1,recovery_transition_2021_2022,0.01694915254237288,0.03389830508474576,0.017857142857142856,retrospective_airport_disruption_association
2022,BTM,origin,65,0,0,65,1,recovery_transition_2021_2022,0.0,0.0,0.015384615384615385,retrospective_airport_disruption_association
2022,BTR,destination,428,3,1,424,8,recovery_transition_2021_2022,0.007009345794392523,0.002336448598130841,0.018867924528301886,retrospective_airport_disruption_association
2022,BTR,origin,404,6,1,397,6,recovery_transition_2021_2022,0.01485148514851485,0.0024752475247524753,0.015113350125944584,retrospective_airport_disruption_association
2022,BTV,destination,894,28,5,861,25,recovery_transition_2021_2022,0.03131991051454139,0.005592841163310962,0.029036004645760744,retrospective_airport_disruption_association
2022,BTV,origin,861,41,1,819,32,recovery_transition_2021_2022,0.047619047619047616,0.0011614401858304297,0.03907203907203907,retrospective_airport_disruption_association
2022,BUF,destination,2044,119,7,1918,63,recovery_transition_2021_2022,0.05821917808219178,0.003424657534246575,0.032846715328467155,retrospective_airport_disruption_association
2022,BUF,origin,2015,136,3,1876,55,recovery_transition_2021_2022,0.0674937965260546,0.001488833746898263,0.02931769722814499,retrospective_airport_disruption_association
2022,BUR,destination,3185,90,6,3089,50,recovery_transition_2021_2022,0.0282574568288854,0.0018838304552590266,0.01618646811265782,retrospective_airport_disruption_association
2022,BUR,origin,3160,106,5,3049,48,recovery_transition_2021_2022,0.03354430379746835,0.0015822784810126582,0.01574286651361102,retrospective_airport_disruption_association
2022,BWI,destination,8847,319,15,8513,194,recovery_transition_2021_2022,0.036057420594551824,0.00169548999660902,0.02278867614237049,retrospective_airport_disruption_association
2022,BWI,origin,8900,331,18,8551,224,recovery_transition_2021_2022,0.03719101123595506,0.0020224719101123597,0.026195766577008537,retrospective_airport_disruption_association
2022,BZN,destination,1029,22,3,1004,17,recovery_transition_2021_2022,0.021379980563654033,0.0029154518950437317,0.01693227091633466,retrospective_airport_disruption_association
2022,BZN,origin,1116,22,1,1093,20,recovery_transition_2021_2022,0.01971326164874552,0.0008960573476702509,0.018298261665141813,retrospective_airport_disruption_association
2022,CAE,destination,581,10,0,571,15,recovery_transition_2021_2022,0.01721170395869191,0.0,0.02626970227670753,retrospective_airport_disruption_association
2022,CAE,origin,554,8,2,544,11,recovery_transition_2021_2022,0.01444043321299639,0.0036101083032490976,0.02022058823529412,retrospective_airport_disruption_association
2022,CAK,destination,234,8,0,226,12,recovery_transition_2021_2022,0.03418803418803419,0.0,0.05309734513274336,retrospective_airport_disruption_association
2022,CAK,origin,223,7,2,214,10,recovery_transition_2021_2022,0.03139013452914798,0.008968609865470852,0.04672897196261682,retrospective_airport_disruption_association
2022,CDC,destination,58,0,0,58,2,recovery_transition_2021_2022,0.0,0.0,0.034482758620689655,retrospective_airport_disruption_association
2022,CDC,origin,60,0,0,60,0,recovery_transition_2021_2022,0.0,0.0,0.0,retrospective_airport_disruption_association
2022,CDV,destination,70,0,1,69,2,recovery_transition_2021_2022,0.0,0.014285714285714285,0.028985507246376812,retrospective_airport_disruption_association
2022,CDV,origin,61,3,0,58,1,recovery_transition_2021_2022,0.04918032786885246,0.0,0.017241379310344827,retrospective_airport_disruption_association
2022,CGI,destination,58,3,0,55,1,recovery_transition_2021_2022,0.05172413793103448,0.0,0.01818181818181818,retrospective_airport_disruption_association
2022,CGI,origin,59,3,0,56,1,recovery_transition_2021_2022,0.05084745762711865,0.0,0.017857142857142856,retrospective_airport_disruption_association
2022,CHA,destination,531,10,0,521,12,recovery_transition_2021_2022,0.018832391713747645,0.0,0.023032629558541268,retrospective_airport_disruption_association
2022,CHA,origin,509,9,2,498,13,recovery_transition_2021_2022,0.01768172888015717,0.003929273084479371,0.02610441767068273,retrospective_airport_disruption_association
2022,CHO,destination,312,17,2,293,3,recovery_transition_2021_2022,0.05448717948717949,0.00641025641025641,0.010238907849829351,retrospective_airport_disruption_association
2022,CHO,origin,296,14,0,282,12,recovery_transition_2021_2022,0.0472972972972973,0.0,0.0425531914893617,retrospective_airport_disruption_association
2022,CHS,destination,2499,78,7,2414,69,recovery_transition_2021_2022,0.031212484993997598,0.0028011204481792717,0.028583264291632146,retrospective_airport_disruption_association
2022,CHS,origin,2366,89,9,2268,59,recovery_transition_2021_2022,0.03761622992392223,0.0038038884192730348,0.02601410934744268,retrospective_airport_disruption_association
2022,CID,destination,815,21,3,791,20,recovery_transition_2021_2022,0.025766871165644172,0.0036809815950920245,0.025284450063211124,retrospective_airport_disruption_association
2022,CID,origin,814,21,3,790,28,recovery_transition_2021_2022,0.025798525798525797,0.0036855036855036856,0.035443037974683546,retrospective_airport_disruption_association
2022,CIU,destination,97,1,1,95,4,recovery_transition_2021_2022,0.010309278350515464,0.010309278350515464,0.042105263157894736,retrospective_airport_disruption_association
2022,CIU,origin,75,3,0,72,6,recovery_transition_2021_2022,0.04,0.0,0.08333333333333333,retrospective_airport_disruption_association
2022,CKB,destination,87,3,1,83,4,recovery_transition_2021_2022,0.034482758620689655,0.011494252873563218,0.04819277108433735,retrospective_airport_disruption_association
2022,CKB,origin,95,3,0,92,2,recovery_transition_2021_2022,0.031578947368421054,0.0,0.021739130434782608,retrospective_airport_disruption_association
2022,CLE,destination,4070,131,2,3937,103,recovery_transition_2021_2022,0.03218673218673219,0.0004914004914004914,0.026162052324104648,retrospective_airport_disruption_association
2022,CLE,origin,3986,173,6,3807,119,recovery_transition_2021_2022,0.04340190667335675,0.0015052684395383843,0.0312582085631731,retrospective_airport_disruption_association
2022,CLL,destination,137,4,0,133,5,recovery_transition_2021_2022,0.029197080291970802,0.0,0.03759398496240601,retrospective_airport_disruption_association
2022,CLL,origin,138,6,1,131,5,recovery_transition_2021_2022,0.043478260869565216,0.007246376811594203,0.03816793893129771,retrospective_airport_disruption_association
2022,CLT,destination,19586,549,41,18996,519,recovery_transition_2021_2022,0.028030225671397936,0.0020933319718166037,0.02732154137713203,retrospective_airport_disruption_association
2022,CLT,origin,19355,511,44,18800,446,recovery_transition_2021_2022,0.02640144665461121,0.002273314389046758,0.023723404255319148,retrospective_airport_disruption_association
2022,CMH,destination,3947,146,8,3793,95,recovery_transition_2021_2022,0.036990119077780596,0.0020268558398783888,0.025046137621935145,retrospective_airport_disruption_association
2022,CMH,origin,3933,117,5,3811,104,recovery_transition_2021_2022,0.029748283752860413,0.0012712941774726673,0.027289425347677775,retrospective_airport_disruption_association
2022,CMI,destination,151,6,0,145,2,recovery_transition_2021_2022,0.039735099337748346,0.0,0.013793103448275862,retrospective_airport_disruption_association
2022,CMI,origin,163,3,0,160,3,recovery_transition_2021_2022,0.018404907975460124,0.0,0.01875,retrospective_airport_disruption_association
2022,CMX,destination,86,8,1,77,3,recovery_transition_2021_2022,0.09302325581395349,0.011627906976744186,0.03896103896103896,retrospective_airport_disruption_association
2022,CMX,origin,83,10,0,73,5,recovery_transition_2021_2022,0.12048192771084337,0.0,0.0684931506849315,retrospective_airport_disruption_association
2022,CNY,destination,62,2,0,60,0,recovery_transition_2021_2022,0.03225806451612903,0.0,0.0,retrospective_airport_disruption_association
2022,CNY,origin,64,1,0,63,4,recovery_transition_2021_2022,0.015625,0.0,0.06349206349206349,retrospective_airport_disruption_association
2022,COD,destination,72,4,2,66,3,recovery_transition_2021_2022,0.05555555555555555,0.027777777777777776,0.045454545454545456,retrospective_airport_disruption_association
2022,COD,origin,56,2,0,54,2,recovery_transition_2021_2022,0.03571428571428571,0.0,0.037037037037037035,retrospective_airport_disruption_association
2022,COS,destination,1269,31,4,1234,28,recovery_transition_2021_2022,0.02442868400315209,0.0031520882584712374,0.022690437601296597,retrospective_airport_disruption_association
2022,COS,origin,1186,25,6,1155,33,recovery_transition_2021_2022,0.021079258010118045,0.00505902192242833,0.02857142857142857,retrospective_airport_disruption_association
2022,COU,destination,148,4,0,144,5,recovery_transition_2021_2022,0.02702702702702703,0.0,0.034722222222222224,retrospective_airport_disruption_association
2022,COU,origin,154,2,2,150,10,recovery_transition_2021_2022,0.012987012987012988,0.012987012987012988,0.06666666666666667,retrospective_airport_disruption_association
2022,CPR,destination,143,4,1,138,2,recovery_transition_2021_2022,0.027972027972027972,0.006993006993006993,0.014492753623188406,retrospective_airport_disruption_association
2022,CPR,origin,142,1,1,140,5,recovery_transition_2021_2022,0.007042253521126761,0.007042253521126761,0.03571428571428571,retrospective_airport_disruption_association
2022,CRP,destination,395,13,0,382,6,recovery_transition_2021_2022,0.03291139240506329,0.0,0.015706806282722512,retrospective_airport_disruption_association
2022,CRP,origin,398,15,1,382,12,recovery_transition_2021_2022,0.03768844221105527,0.002512562814070352,0.031413612565445025,retrospective_airport_disruption_association
2022,CRW,destination,275,7,2,266,10,recovery_transition_2021_2022,0.025454545454545455,0.007272727272727273,0.03759398496240601,retrospective_airport_disruption_association
2022,CRW,origin,298,6,3,289,6,recovery_transition_2021_2022,0.020134228187919462,0.010067114093959731,0.020761245674740483,retrospective_airport_disruption_association
2022,CSG,destination,178,1,0,177,1,recovery_transition_2021_2022,0.0056179775280898875,0.0,0.005649717514124294,retrospective_airport_disruption_association
2022,CSG,origin,190,3,1,186,2,recovery_transition_2021_2022,0.015789473684210527,0.005263157894736842,0.010752688172043012,retrospective_airport_disruption_association
2022,CVG,destination,3716,110,1,3605,94,recovery_transition_2021_2022,0.029601722282023683,0.00026910656620021526,0.0260748959778086,retrospective_airport_disruption_association
2022,CVG,origin,3634,107,9,3518,97,recovery_transition_2021_2022,0.029444138690148596,0.0024766097963676388,0.027572484366117114,retrospective_airport_disruption_association
2022,CWA,destination,185,4,0,181,3,recovery_transition_2021_2022,0.021621621621621623,0.0,0.016574585635359115,retrospective_airport_disruption_association
2022,CWA,origin,190,1,0,189,6,recovery_transition_2021_2022,0.005263157894736842,0.0,0.031746031746031744,retrospective_airport_disruption_association
2022,CYS,destination,64,2,0,62,3,recovery_transition_2021_2022,0.03125,0.0,0.04838709677419355,retrospective_airport_disruption_association
2022,CYS,origin,74,3,0,71,2,recovery_transition_2021_2022,0.04054054054054054,0.0,0.028169014084507043,retrospective_airport_disruption_association
2022,DAB,destination,260,8,0,252,4,recovery_transition_2021_2022,0.03076923076923077,0.0,0.015873015873015872,retrospective_airport_disruption_association
2022,DAB,origin,275,9,1,265,10,recovery_transition_2021_2022,0.03272727272727273,0.0036363636363636364,0.03773584905660377,retrospective_airport_disruption_association
2022,DAL,destination,6803,285,24,6494,129,recovery_transition_2021_2022,0.04189328237542261,0.003527855357930325,0.019864490298737297,retrospective_airport_disruption_association
2022,DAL,origin,6882,244,18,6620,116,recovery_transition_2021_2022,0.03545480964835804,0.0026155187445510027,0.017522658610271902,retrospective_airport_disruption_association
2022,DAY,destination,666,7,1,658,18,recovery_transition_2021_2022,0.010510510510510511,0.0015015015015015015,0.02735562310030395,retrospective_airport_disruption_association
2022,DAY,origin,680,13,0,667,21,recovery_transition_2021_2022,0.01911764705882353,0.0,0.031484257871064465,retrospective_airport_disruption_association
2022,DBQ,destination,57,5,0,52,0,recovery_transition_2021_2022,0.08771929824561403,0.0,0.0,retrospective_airport_disruption_association
2022,DBQ,origin,41,0,0,41,1,recovery_transition_2021_2022,0.0,0.0,0.024390243902439025,retrospective_airport_disruption_association
2022,DCA,destination,14457,565,59,13833,418,recovery_transition_2021_2022,0.039081413847962924,0.004081067994743031,0.030217595604713366,retrospective_airport_disruption_association
2022,DCA,origin,14544,597,36,13911,428,recovery_transition_2021_2022,0.041047854785478545,0.0024752475247524753,0.030767018905901805,retrospective_airport_disruption_association
2022,DDC,destination,60,1,0,59,0,recovery_transition_2021_2022,0.016666666666666666,0.0,0.0,retrospective_airport_disruption_association
2022,DDC,origin,67,4,0,63,1,recovery_transition_2021_2022,0.05970149253731343,0.0,0.015873015873015872,retrospective_airport_disruption_association
2022,DEC,destination,121,6,0,115,0,recovery_transition_2021_2022,0.049586776859504134,0.0,0.0,retrospective_airport_disruption_association
2022,DEC,origin,109,4,0,105,2,recovery_transition_2021_2022,0.03669724770642202,0.0,0.01904761904761905,retrospective_airport_disruption_association
2022,DEN,destination,27608,753,87,26768,651,recovery_transition_2021_2022,0.027274702984642133,0.0031512605042016808,0.02432008368200837,retrospective_airport_disruption_association
2022,DEN,origin,27668,738,56,26873,708,recovery_transition_2021_2022,0.026673413329478098,0.002023998843429232,0.026346146689986232,retrospective_airport_disruption_association
2022,DFW,destination,28181,785,102,27294,1019,recovery_transition_2021_2022,0.02785564742202193,0.0036194599198041233,0.03733421264746831,retrospective_airport_disruption_association
2022,DFW,origin,28077,840,77,27160,815,recovery_transition_2021_2022,0.029917726252804786,0.002742458239840439,0.03000736377025037,retrospective_airport_disruption_association
2022,DHN,destination,104,0,0,104,4,recovery_transition_2021_2022,0.0,0.0,0.038461538461538464,retrospective_airport_disruption_association
2022,DHN,origin,94,1,0,93,2,recovery_transition_2021_2022,0.010638297872340425,0.0,0.021505376344086023,retrospective_airport_disruption_association
2022,DIK,destination,10,1,0,9,0,recovery_transition_2021_2022,0.1,0.0,0.0,retrospective_airport_disruption_association
2022,DIK,origin,7,1,0,6,1,recovery_transition_2021_2022,0.14285714285714285,0.0,0.16666666666666666,retrospective_airport_disruption_association
2022,DLG,destination,46,4,1,41,0,recovery_transition_2021_2022,0.08695652173913043,0.021739130434782608,0.0,retrospective_airport_disruption_association
2022,DLG,origin,34,0,0,34,0,recovery_transition_2021_2022,0.0,0.0,0.0,retrospective_airport_disruption_association
2022,DLH,destination,148,8,1,139,0,recovery_transition_2021_2022,0.05405405405405406,0.006756756756756757,0.0,retrospective_airport_disruption_association
2022,DLH,origin,161,2,0,159,7,recovery_transition_2021_2022,0.012422360248447204,0.0,0.0440251572327044,retrospective_airport_disruption_association
2022,DRO,destination,301,5,1,295,7,recovery_transition_2021_2022,0.016611295681063124,0.0033222591362126247,0.023728813559322035,retrospective_airport_disruption_association
2022,DRO,origin,344,6,0,338,13,recovery_transition_2021_2022,0.01744186046511628,0.0,0.038461538461538464,retrospective_airport_disruption_association
2022,DRT,destination,71,2,1,68,1,recovery_transition_2021_2022,0.028169014084507043,0.014084507042253521,0.014705882352941176,retrospective_airport_disruption_association
2022,DRT,origin,78,3,0,75,5,recovery_transition_2021_2022,0.038461538461538464,0.0,0.06666666666666667,retrospective_airport_disruption_association
2022,DSM,destination,1452,25,1,1426,48,recovery_transition_2021_2022,0.01721763085399449,0.0006887052341597796,0.033660589060308554,retrospective_airport_disruption_association
2022,DSM,origin,1511,30,2,1479,40,recovery_transition_2021_2022,0.01985440105890139,0.0013236267372600927,0.027045300878972278,retrospective_airport_disruption_association
2022,DTW,destination,13067,273,7,12787,329,recovery_transition_2021_2022,0.02089232417540369,0.0005357006198821459,0.025729256275905218,retrospective_airport_disruption_association
2022,DTW,origin,12757,249,16,12492,272,recovery_transition_2021_2022,0.019518695618092028,0.00125421337305009,0.021773935318603905,retrospective_airport_disruption_association
2022,DVL,destination,73,5,1,67,3,recovery_transition_2021_2022,0.0684931506849315,0.0136986301369863,0.04477611940298507,retrospective_airport_disruption_association
2022,DVL,origin,58,6,0,52,1,recovery_transition_2021_2022,0.10344827586206896,0.0,0.019230769230769232,retrospective_airport_disruption_association
2022,EAR,destination,69,2,0,67,0,recovery_transition_2021_2022,0.028985507246376812,0.0,0.0,retrospective_airport_disruption_association
2022,EAR,origin,60,2,0,58,1,recovery_transition_2021_2022,0.03333333333333333,0.0,0.017241379310344827,retrospective_airport_disruption_association
2022,EAT,destination,68,1,1,66,0,recovery_transition_2021_2022,0.014705882352941176,0.014705882352941176,0.0,retrospective_airport_disruption_association
2022,EAT,origin,60,3,0,57,1,recovery_transition_2021_2022,0.05,0.0,0.017543859649122806,retrospective_airport_disruption_association
2022,EAU,destination,50,2,0,48,0,recovery_transition_2021_2022,0.04,0.0,0.0,retrospective_airport_disruption_association
2022,EAU,origin,56,0,0,56,3,recovery_transition_2021_2022,0.0,0.0,0.05357142857142857,retrospective_airport_disruption_association
2022,ECP,destination,715,11,0,704,12,recovery_transition_2021_2022,0.015384615384615385,0.0,0.017045454545454544,retrospective_airport_disruption_association
2022,ECP,origin,665,11,2,652,8,recovery_transition_2021_2022,0.016541353383458645,0.0030075187969924814,0.012269938650306749,retrospective_airport_disruption_association
2022,EGE,destination,285,3,1,281,10,recovery_transition_2021_2022,0.010526315789473684,0.0035087719298245615,0.03558718861209965,retrospective_airport_disruption_association
2022,EGE,origin,306,8,1,297,5,recovery_transition_2021_2022,0.026143790849673203,0.0032679738562091504,0.016835016835016835,retrospective_airport_disruption_association
2022,EKO,destination,39,0,0,39,0,recovery_transition_2021_2022,0.0,0.0,0.0,retrospective_airport_disruption_association
2022,EKO,origin,31,0,0,31,2,recovery_transition_2021_2022,0.0,0.0,0.06451612903225806,retrospective_airport_disruption_association
2022,ELM,destination,100,1,0,99,4,recovery_transition_2021_2022,0.01,0.0,0.04040404040404041,retrospective_airport_disruption_association
2022,ELM,origin,101,2,0,99,3,recovery_transition_2021_2022,0.019801980198019802,0.0,0.030303030303030304,retrospective_airport_disruption_association
2022,ELP,destination,1772,38,2,1732,40,recovery_transition_2021_2022,0.02144469525959368,0.001128668171557562,0.023094688221709007,retrospective_airport_disruption_association
2022,ELP,origin,1834,37,4,1793,35,recovery_transition_2021_2022,0.020174482006543076,0.0021810250817884407,0.019520356943669825,retrospective_airport_disruption_association
2022,ERI,destination,19,1,0,18,0,recovery_transition_2021_2022,0.05263157894736842,0.0,0.0,retrospective_airport_disruption_association
2022,ERI,origin,19,2,0,17,1,recovery_transition_2021_2022,0.10526315789473684,0.0,0.058823529411764705,retrospective_airport_disruption_association
2022,ESC,destination,79,0,1,78,1,recovery_transition_2021_2022,0.0,0.012658227848101266,0.01282051282051282,retrospective_airport_disruption_association
2022,ESC,origin,72,2,0,70,1,recovery_transition_2021_2022,0.027777777777777776,0.0,0.014285714285714285,retrospective_airport_disruption_association
2022,EUG,destination,934,17,1,916,10,recovery_transition_2021_2022,0.018201284796573874,0.0010706638115631692,0.010917030567685589,retrospective_airport_disruption_association
2022,EUG,origin,914,11,1,902,17,recovery_transition_2021_2022,0.012035010940919038,0.0010940919037199124,0.018847006651884702,retrospective_airport_disruption_association
2022,EVV,destination,189,5,1,183,2,recovery_transition_2021_2022,0.026455026455026454,0.005291005291005291,0.01092896174863388,retrospective_airport_disruption_association
2022,EVV,origin,198,7,0,191,1,recovery_transition_2021_2022,0.03535353535353535,0.0,0.005235602094240838,retrospective_airport_disruption_association
2022,EWN,destination,93,4,1,88,2,recovery_transition_2021_2022,0.043010752688172046,0.010752688172043012,0.022727272727272728,retrospective_airport_disruption_association
2022,EWN,origin,105,2,0,103,4,recovery_transition_2021_2022,0.01904761904761905,0.0,0.038834951456310676,retrospective_airport_disruption_association
2022,EWR,destination,13178,645,53,12480,484,recovery_transition_2021_2022,0.04894521171649719,0.004021854606161785,0.03878205128205128,retrospective_airport_disruption_association
2022,EWR,origin,13292,626,22,12644,516,recovery_transition_2021_2022,0.04709599759253687,0.0016551309058080049,0.040809870294210696,retrospective_airport_disruption_association
2022,EYW,destination,805,33,6,766,14,recovery_transition_2021_2022,0.040993788819875775,0.007453416149068323,0.018276762402088774,retrospective_airport_disruption_association
2022,EYW,origin,881,38,14,829,36,recovery_transition_2021_2022,0.043132803632236094,0.015891032917139614,0.04342581423401689,retrospective_airport_disruption_association
2022,FAI,destination,495,11,0,484,9,recovery_transition_2021_2022,0.022222222222222223,0.0,0.01859504132231405,retrospective_airport_disruption_association
2022,FAI,origin,502,13,1,488,6,recovery_transition_2021_2022,0.025896414342629483,0.00199203187250996,0.012295081967213115,retrospective_airport_disruption_association
2022,FAR,destination,621,22,2,597,19,recovery_transition_2021_2022,0.03542673107890499,0.00322061191626409,0.031825795644891124,retrospective_airport_disruption_association
2022,FAR,origin,614,17,0,597,37,recovery_transition_2021_2022,0.02768729641693811,0.0,0.06197654941373534,retrospective_airport_disruption_association
2022,FAT,destination,1109,24,2,1083,26,recovery_transition_2021_2022,0.02164111812443643,0.0018034265103697023,0.024007386888273315,retrospective_airport_disruption_association
2022,FAT,origin,1126,18,2,1106,33,recovery_transition_2021_2022,0.015985790408525755,0.0017761989342806395,0.029837251356238697,retrospective_airport_disruption_association
2022,FAY,destination,194,5,1,188,4,recovery_transition_2021_2022,0.02577319587628866,0.005154639175257732,0.02127659574468085,retrospective_airport_disruption_association
2022,FAY,origin,222,6,1,215,9,recovery_transition_2021_2022,0.02702702702702703,0.0045045045045045045,0.04186046511627907,retrospective_airport_disruption_association
2022,FCA,destination,473,8,1,464,4,recovery_transition_2021_2022,0.016913319238900635,0.0021141649048625794,0.008620689655172414,retrospective_airport_disruption_association
2022,FCA,origin,459,5,2,452,10,recovery_transition_2021_2022,0.010893246187363835,0.004357298474945534,0.022123893805309734,retrospective_airport_disruption_association
2022,FLG,destination,206,5,0,201,5,recovery_transition_2021_2022,0.024271844660194174,0.0,0.024875621890547265,retrospective_airport_disruption_association
2022,FLG,origin,197,3,1,193,7,recovery_transition_2021_2022,0.015228426395939087,0.005076142131979695,0.03626943005181347,retrospective_airport_disruption_association
2022,FLL,destination,8527,244,28,8255,315,recovery_transition_2021_2022,0.02861498768617333,0.003283687111528087,0.03815869170199879,retrospective_airport_disruption_association
2022,FLL,origin,8530,238,24,8268,348,recovery_transition_2021_2022,0.027901524032825323,0.002813599062133646,0.0420899854862119,retrospective_airport_disruption_association
2022,FLO,destination,17,2,0,15,0,recovery_transition_2021_2022,0.11764705882352941,0.0,0.0,retrospective_airport_disruption_association
2022,FLO,origin,8,0,1,7,0,recovery_transition_2021_2022,0.0,0.125,0.0,retrospective_airport_disruption_association
2022,FNT,destination,273,11,0,262,14,recovery_transition_2021_2022,0.040293040293040296,0.0,0.05343511450381679,retrospective_airport_disruption_association
2022,FNT,origin,244,6,0,238,10,recovery_transition_2021_2022,0.02459016393442623,0.0,0.04201680672268908,retrospective_airport_disruption_association
2022,FOD,destination,60,6,0,54,0,recovery_transition_2021_2022,0.1,0.0,0.0,retrospective_airport_disruption_association
2022,FOD,origin,48,0,0,48,2,recovery_transition_2021_2022,0.0,0.0,0.041666666666666664,retrospective_airport_disruption_association
2022,FSD,destination,777,14,4,759,20,recovery_transition_2021_2022,0.018018018018018018,0.005148005148005148,0.026350461133069828,retrospective_airport_disruption_association
2022,FSD,origin,747,25,3,719,22,recovery_transition_2021_2022,0.03346720214190094,0.004016064257028112,0.030598052851182198,retrospective_airport_disruption_association
2022,FSM,destination,164,4,1,159,3,recovery_transition_2021_2022,0.024390243902439025,0.006097560975609756,0.018867924528301886,retrospective_airport_disruption_association
2022,FSM,origin,133,4,0,129,6,recovery_transition_2021_2022,0.03007518796992481,0.0,0.046511627906976744,retrospective_airport_disruption_association
2022,FWA,destination,460,11,2,447,14,recovery_transition_2021_2022,0.02391304347826087,0.004347826086956522,0.03131991051454139,retrospective_airport_disruption_association
2022,FWA,origin,495,12,1,482,19,recovery_transition_2021_2022,0.024242424242424242,0.00202020202020202,0.03941908713692946,retrospective_airport_disruption_association
2022,GCC,destination,60,3,0,57,1,recovery_transition_2021_2022,0.05,0.0,0.017543859649122806,retrospective_airport_disruption_association
2022,GCC,origin,49,0,0,49,3,recovery_transition_2021_2022,0.0,0.0,0.061224489795918366,retrospective_airport_disruption_association
2022,GCK,destination,61,2,0,59,1,recovery_transition_2021_2022,0.03278688524590164,0.0,0.01694915254237288,retrospective_airport_disruption_association
2022,GCK,origin,82,2,0,80,3,recovery_transition_2021_2022,0.024390243902439025,0.0,0.0375,retrospective_airport_disruption_association
2022,GEG,destination,2059,21,3,2035,29,recovery_transition_2021_2022,0.010199125789218067,0.0014570179698882952,0.01425061425061425,retrospective_airport_disruption_association
2022,GEG,origin,2054,26,4,2024,44,recovery_transition_2021_2022,0.012658227848101266,0.0019474196689386564,0.021739130434782608,retrospective_airport_disruption_association
2022,GFK,destination,147,5,1,141,5,recovery_transition_2021_2022,0.034013605442176874,0.006802721088435374,0.03546099290780142,retrospective_airport_disruption_association
2022,GFK,origin,148,7,0,141,4,recovery_transition_2021_2022,0.0472972972972973,0.0,0.028368794326241134,retrospective_airport_disruption_association
2022,GGG,destination,82,0,0,82,1,recovery_transition_2021_2022,0.0,0.0,0.012195121951219513,retrospective_airport_disruption_association
2022,GGG,origin,91,2,0,89,3,recovery_transition_2021_2022,0.02197802197802198,0.0,0.033707865168539325,retrospective_airport_disruption_association
2022,GJT,destination,326,4,1,321,9,recovery_transition_2021_2022,0.012269938650306749,0.003067484662576687,0.028037383177570093,retrospective_airport_disruption_association
2022,GJT,origin,338,7,1,330,10,recovery_transition_2021_2022,0.020710059171597635,0.0029585798816568047,0.030303030303030304,retrospective_airport_disruption_association
2022,GNV,destination,387,5,1,381,5,recovery_transition_2021_2022,0.012919896640826873,0.002583979328165375,0.013123359580052493,retrospective_airport_disruption_association
2022,GNV,origin,377,10,2,365,11,recovery_transition_2021_2022,0.026525198938992044,0.005305039787798408,0.030136986301369864,retrospective_airport_disruption_association
2022,GPT,destination,309,8,0,301,7,recovery_transition_2021_2022,0.025889967637540454,0.0,0.023255813953488372,retrospective_airport_disruption_association
2022,GPT,origin,332,7,1,324,14,recovery_transition_2021_2022,0.02108433734939759,0.0030120481927710845,0.043209876543209874,retrospective_airport_disruption_association
2022,GRB,destination,414,4,0,410,9,recovery_transition_2021_2022,0.00966183574879227,0.0,0.02195121951219512,retrospective_airport_disruption_association
2022,GRB,origin,415,4,0,411,12,recovery_transition_2021_2022,0.00963855421686747,0.0,0.029197080291970802,retrospective_airport_disruption_association
2022,GRI,destination,100,1,0,99,0,recovery_transition_2021_2022,0.01,0.0,0.0,retrospective_airport_disruption_association
2022,GRI,origin,82,2,1,79,4,recovery_transition_2021_2022,0.024390243902439025,0.012195121951219513,0.05063291139240506,retrospective_airport_disruption_association
2022,GRK,destination,202,8,0,194,2,recovery_transition_2021_2022,0.039603960396039604,0.0,0.010309278350515464,retrospective_airport_disruption_association
2022,GRK,origin,209,8,0,201,12,recovery_transition_2021_2022,0.03827751196172249,0.0,0.05970149253731343,retrospective_airport_disruption_association
2022,GRR,destination,1596,53,3,1540,54,recovery_transition_2021_2022,0.03320802005012531,0.0018796992481203006,0.03506493506493506,retrospective_airport_disruption_association
2022,GRR,origin,1643,53,3,1587,38,recovery_transition_2021_2022,0.03225806451612903,0.0018259281801582471,0.023944549464398234,retrospective_airport_disruption_association
2022,GSO,destination,1021,32,1,988,17,recovery_transition_2021_2022,0.031341821743388835,0.0009794319294809011,0.01720647773279352,retrospective_airport_disruption_association
2022,GSO,origin,987,39,3,945,25,recovery_transition_2021_2022,0.03951367781155015,0.00303951367781155,0.026455026455026454,retrospective_airport_disruption_association
2022,GSP,destination,1197,35,1,1161,18,recovery_transition_2021_2022,0.029239766081871343,0.000835421888053467,0.015503875968992248,retrospective_airport_disruption_association
2022,GSP,origin,1297,39,3,1255,27,recovery_transition_2021_2022,0.030069390902081727,0.002313030069390902,0.02151394422310757,retrospective_airport_disruption_association
2022,GST,destination,9,0,0,9,0,recovery_transition_2021_2022,0.0,0.0,0.0,retrospective_airport_disruption_association
2022,GST,origin,8,0,0,8,0,recovery_transition_2021_2022,0.0,0.0,0.0,retrospective_airport_disruption_association
2022,GTF,destination,217,1,0,216,4,recovery_transition_2021_2022,0.004608294930875576,0.0,0.018518518518518517,retrospective_airport_disruption_association
2022,GTF,origin,220,5,0,215,10,recovery_transition_2021_2022,0.022727272727272728,0.0,0.046511627906976744,retrospective_airport_disruption_association
2022,GTR,destination,104,1,0,103,0,recovery_transition_2021_2022,0.009615384615384616,0.0,0.0,retrospective_airport_disruption_association
2022,GTR,origin,95,0,0,95,0,recovery_transition_2021_2022,0.0,0.0,0.0,retrospective_airport_disruption_association
2022,GUC,destination,108,5,0,103,4,recovery_transition_2021_2022,0.046296296296296294,0.0,0.038834951456310676,retrospective_airport_disruption_association
2022,GUC,origin,104,3,0,101,12,recovery_transition_2021_2022,0.028846153846153848,0.0,0.1188118811881188,retrospective_airport_disruption_association
2022,GUM,destination,68,0,0,68,0,recovery_transition_2021_2022,0.0,0.0,0.0,retrospective_airport_disruption_association
2022,GUM,origin,64,0,0,64,0,recovery_transition_2021_2022,0.0,0.0,0.0,retrospective_airport_disruption_association
2022,HDN,destination,227,1,1,225,4,recovery_transition_2021_2022,0.004405286343612335,0.004405286343612335,0.017777777777777778,retrospective_airport_disruption_association
2022,HDN,origin,281,11,0,270,12,recovery_transition_2021_2022,0.03914590747330961,0.0,0.044444444444444446,retrospective_airport_disruption_association
2022,HGR,destination,28,1,0,27,0,recovery_transition_2021_2022,0.03571428571428571,0.0,0.0,retrospective_airport_disruption_association
2022,HGR,origin,25,0,0,25,0,recovery_transition_2021_2022,0.0,0.0,0.0,retrospective_airport_disruption_association
2022,HHH,destination,205,4,2,199,7,recovery_transition_2021_2022,0.01951219512195122,0.00975609756097561,0.035175879396984924,retrospective_airport_disruption_association
2022,HHH,origin,205,4,4,197,9,recovery_transition_2021_2022,0.01951219512195122,0.01951219512195122,0.04568527918781726,retrospective_airport_disruption_association
2022,HIB,destination,71,2,0,69,3,recovery_transition_2021_2022,0.028169014084507043,0.0,0.043478260869565216,retrospective_airport_disruption_association
2022,HIB,origin,65,1,0,64,1,recovery_transition_2021_2022,0.015384615384615385,0.0,0.015625,retrospective_airport_disruption_association
2022,HLN,destination,147,1,1,145,2,recovery_transition_2021_2022,0.006802721088435374,0.006802721088435374,0.013793103448275862,retrospective_airport_disruption_association
2022,HLN,origin,155,6,0,149,2,recovery_transition_2021_2022,0.03870967741935484,0.0,0.013422818791946308,retrospective_airport_disruption_association
2022,HNL,destination,5711,44,12,5655,97,recovery_transition_2021_2022,0.007704430047277185,0.0021012081947119595,0.01715296198054819,retrospective_airport_disruption_association
2022,HNL,origin,5630,55,7,5568,60,recovery_transition_2021_2022,0.009769094138543518,0.0012433392539964476,0.010775862068965518,retrospective_airport_disruption_association
2022,HOB,destination,25,0,0,25,0,recovery_transition_2021_2022,0.0,0.0,0.0,retrospective_airport_disruption_association
2022,HOB,origin,29,0,0,29,4,recovery_transition_2021_2022,0.0,0.0,0.13793103448275862,retrospective_airport_disruption_association
2022,HOU,destination,5270,151,12,5107,94,recovery_transition_2021_2022,0.028652751423149905,0.0022770398481973433,0.018406109261797532,retrospective_airport_disruption_association
2022,HOU,origin,5168,155,12,5001,91,recovery_transition_2021_2022,0.029992260061919504,0.0023219814241486067,0.018196360727854428,retrospective_airport_disruption_association
2022,HPN,destination,1281,57,11,1213,48,recovery_transition_2021_2022,0.04449648711943794,0.00858704137392662,0.03957131079967024,retrospective_airport_disruption_association
2022,HPN,origin,1263,44,4,1215,63,recovery_transition_2021_2022,0.03483768804433888,0.003167062549485352,0.05185185185185185,retrospective_airport_disruption_association
2022,HRL,destination,391,12,0,379,6,recovery_transition_2021_2022,0.030690537084398978,0.0,0.0158311345646438,retrospective_airport_disruption_association
2022,HRL,origin,360,9,0,351,4,recovery_transition_2021_2022,0.025,0.0,0.011396011396011397,retrospective_airport_disruption_association
2022,HSV,destination,796,16,0,780,16,recovery_transition_2021_2022,0.020100502512562814,0.0,0.020512820512820513,retrospective_airport_disruption_association
2022,HSV,origin,759,19,3,737,24,recovery_transition_2021_2022,0.025032938076416336,0.003952569169960474,0.032564450474898234,retrospective_airport_disruption_association
2022,HTS,destination,37,1,0,36,2,recovery_transition_2021_2022,0.02702702702702703,0.0,0.05555555555555555,retrospective_airport_disruption_association
2022,HTS,origin,46,3,0,43,4,recovery_transition_2021_2022,0.06521739130434782,0.0,0.09302325581395349,retrospective_airport_disruption_association
2022,HYA,destination,10,0,0,10,0,recovery_transition_2021_2022,0.0,0.0,0.0,retrospective_airport_disruption_association
2022,HYA,origin,14,0,0,14,1,recovery_transition_2021_2022,0.0,0.0,0.07142857142857142,retrospective_airport_disruption_association
2022,HYS,destination,83,1,2,80,0,recovery_transition_2021_2022,0.012048192771084338,0.024096385542168676,0.0,retrospective_airport_disruption_association
2022,HYS,origin,69,2,0,67,2,recovery_transition_2021_2022,0.028985507246376812,0.0,0.029850746268656716,retrospective_airport_disruption_association
2022,IAD,destination,5752,134,13,5605,160,recovery_transition_2021_2022,0.02329624478442281,0.002260083449235049,0.028545941123996433,retrospective_airport_disruption_association
2022,IAD,origin,5841,138,12,5691,183,recovery_transition_2021_2022,0.02362609142270159,0.002054442732408834,0.032156035846072746,retrospective_airport_disruption_association
2022,IAG,destination,36,1,0,35,0,recovery_transition_2021_2022,0.027777777777777776,0.0,0.0,retrospective_airport_disruption_association
2022,IAG,origin,37,2,0,35,3,recovery_transition_2021_2022,0.05405405405405406,0.0,0.08571428571428572,retrospective_airport_disruption_association
2022,IAH,destination,12973,259,34,12680,337,recovery_transition_2021_2022,0.01996454174053804,0.0026208278732752642,0.026577287066246055,retrospective_airport_disruption_association
2022,IAH,origin,12835,246,23,12566,334,recovery_transition_2021_2022,0.01916634203350214,0.0017919750681729646,0.026579659398376573,retrospective_airport_disruption_association
2022,ICT,destination,969,24,1,944,36,recovery_transition_2021_2022,0.02476780185758514,0.0010319917440660474,0.038135593220338986,retrospective_airport_disruption_association
2022,ICT,origin,895,20,1,874,17,recovery_transition_2021_2022,0.0223463687150838,0.0011173184357541898,0.019450800915331808,retrospective_airport_disruption_association
2022,IDA,destination,448,7,1,440,18,recovery_transition_2021_2022,0.015625,0.002232142857142857,0.04090909090909091,retrospective_airport_disruption_association
2022,IDA,origin,498,9,2,487,19,recovery_transition_2021_2022,0.018072289156626505,0.004016064257028112,0.039014373716632446,retrospective_airport_disruption_association
2022,ILG,destination,2,0,0,2,0,recovery_transition_2021_2022,0.0,0.0,0.0,retrospective_airport_disruption_association
2022,ILG,origin,4,1,0,3,0,recovery_transition_2021_2022,0.25,0.0,0.0,retrospective_airport_disruption_association
2022,ILM,destination,728,31,1,696,20,recovery_transition_2021_2022,0.042582417582417584,0.0013736263736263737,0.028735632183908046,retrospective_airport_disruption_association
2022,ILM,origin,680,24,3,653,20,recovery_transition_2021_2022,0.03529411764705882,0.004411764705882353,0.030627871362940276,retrospective_airport_disruption_association
2022,IMT,destination,76,1,0,75,2,recovery_transition_2021_2022,0.013157894736842105,0.0,0.02666666666666667,retrospective_airport_disruption_association
2022,IMT,origin,89,3,0,86,4,recovery_transition_2021_2022,0.033707865168539325,0.0,0.046511627906976744,retrospective_airport_disruption_association
2022,IND,destination,4300,154,3,4143,112,recovery_transition_2021_2022,0.035813953488372095,0.0006976744186046512,0.02703355056722182,retrospective_airport_disruption_association
2022,IND,origin,4155,141,10,4004,107,recovery_transition_2021_2022,0.03393501805054152,0.0024067388688327317,0.026723276723276724,retrospective_airport_disruption_association
2022,INL,destination,56,4,0,52,1,recovery_transition_2021_2022,0.07142857142857142,0.0,0.019230769230769232,retrospective_airport_disruption_association
2022,INL,origin,72,3,0,69,1,recovery_transition_2021_2022,0.041666666666666664,0.0,0.014492753623188406,retrospective_airport_disruption_association
2022,ISP,destination,462,17,2,443,17,recovery_transition_2021_2022,0.0367965367965368,0.004329004329004329,0.03837471783295711,retrospective_airport_disruption_association
2022,ISP,origin,466,24,2,440,8,recovery_transition_2021_2022,0.05150214592274678,0.004291845493562232,0.01818181818181818,retrospective_airport_disruption_association
2022,ITH,destination,63,0,0,63,0,recovery_transition_2021_2022,0.0,0.0,0.0,retrospective_airport_disruption_association
2022,ITH,origin,68,3,0,65,2,recovery_transition_2021_2022,0.04411764705882353,0.0,0.03076923076923077,retrospective_airport_disruption_association
2022,ITO,destination,640,6,1,633,6,recovery_transition_2021_2022,0.009375,0.0015625,0.009478672985781991,retrospective_airport_disruption_association
2022,ITO,origin,644,7,0,637,9,recovery_transition_2021_2022,0.010869565217391304,0.0,0.0141287284144427,retrospective_airport_disruption_association
2022,JAC,destination,503,9,4,490,7,recovery_transition_2021_2022,0.017892644135188866,0.007952286282306162,0.014285714285714285,retrospective_airport_disruption_association
2022,JAC,origin,485,8,4,473,22,recovery_transition_2021_2022,0.016494845360824743,0.008247422680412371,0.046511627906976744,retrospective_airport_disruption_association
2022,JAN,destination,788,16,4,768,12,recovery_transition_2021_2022,0.02030456852791878,0.005076142131979695,0.015625,retrospective_airport_disruption_association
2022,JAN,origin,800,12,4,784,25,recovery_transition_2021_2022,0.015,0.005,0.03188775510204082,retrospective_airport_disruption_association
2022,JAX,destination,2925,74,12,2839,90,recovery_transition_2021_2022,0.0252991452991453,0.0041025641025641026,0.03170130327580134,retrospective_airport_disruption_association
2022,JAX,origin,2929,90,9,2830,74,recovery_transition_2021_2022,0.03072721065209969,0.0030727210652099694,0.026148409893992933,retrospective_airport_disruption_association
2022,JFK,destination,13892,498,41,13353,563,recovery_transition_2021_2022,0.035847970054707745,0.002951338900086381,0.04216280985546319,retrospective_airport_disruption_association
2022,JFK,origin,13980,502,31,13447,571,recovery_transition_2021_2022,0.03590844062947067,0.002217453505007153,0.04246300290027515,retrospective_airport_disruption_association
2022,JLN,destination,53,0,0,53,1,recovery_transition_2021_2022,0.0,0.0,0.018867924528301886,retrospective_airport_disruption_association
2022,JLN,origin,71,2,2,67,3,recovery_transition_2021_2022,0.028169014084507043,0.028169014084507043,0.04477611940298507,retrospective_airport_disruption_association
2022,JMS,destination,72,8,1,63,1,recovery_transition_2021_2022,0.1111111111111111,0.013888888888888888,0.015873015873015872,retrospective_airport_disruption_association
2022,JMS,origin,82,7,0,75,4,recovery_transition_2021_2022,0.08536585365853659,0.0,0.05333333333333334,retrospective_airport_disruption_association
2022,JNU,destination,498,11,8,479,6,recovery_transition_2021_2022,0.02208835341365462,0.01606425702811245,0.012526096033402923,retrospective_airport_disruption_association
2022,JNU,origin,503,15,3,485,10,recovery_transition_2021_2022,0.02982107355864811,0.005964214711729622,0.020618556701030927,retrospective_airport_disruption_association
2022,JST,destination,83,2,2,79,3,recovery_transition_2021_2022,0.024096385542168676,0.024096385542168676,0.0379746835443038,retrospective_airport_disruption_association
2022,JST,origin,72,5,0,67,5,recovery_transition_2021_2022,0.06944444444444445,0.0,0.07462686567164178,retrospective_airport_disruption_association
2022,KOA,destination,1696,8,5,1683,24,recovery_transition_2021_2022,0.0047169811320754715,0.00294811320754717,0.0142602495543672,retrospective_airport_disruption_association
2022,KOA,origin,1698,12,5,1681,16,recovery_transition_2021_2022,0.007067137809187279,0.002944640753828033,0.009518143961927425,retrospective_airport_disruption_association
2022,KTN,destination,251,7,2,242,5,recovery_transition_2021_2022,0.027888446215139442,0.00796812749003984,0.02066115702479339,retrospective_airport_disruption_association
2022,KTN,origin,273,12,1,260,5,recovery_transition_2021_2022,0.04395604395604396,0.003663003663003663,0.019230769230769232,retrospective_airport_disruption_association
2022,LAN,destination,220,4,0,216,5,recovery_transition_2021_2022,0.01818181818181818,0.0,0.023148148148148147,retrospective_airport_disruption_association
2022,LAN,origin,195,8,0,187,4,recovery_transition_2021_2022,0.041025641025641026,0.0,0.0213903743315508,retrospective_airport_disruption_association
2022,LAR,destination,64,7,0,57,1,recovery_transition_2021_2022,0.109375,0.0,0.017543859649122806,retrospective_airport_disruption_association
2022,LAR,origin,77,10,0,67,2,recovery_transition_2021_2022,0.12987012987012986,0.0,0.029850746268656716,retrospective_airport_disruption_association
2022,LAS,destination,17900,403,39,17457,439,recovery_transition_2021_2022,0.02251396648044693,0.00217877094972067,0.02514750529873403,retrospective_airport_disruption_association
2022,LAS,origin,17698,374,33,17291,457,recovery_transition_2021_2022,0.021132331336874224,0.0018646174709006668,0.02642993464808282,retrospective_airport_disruption_association
2022,LAW,destination,112,3,0,109,0,recovery_transition_2021_2022,0.026785714285714284,0.0,0.0,retrospective_airport_disruption_association
2022,LAW,origin,135,1,0,134,2,recovery_transition_2021_2022,0.007407407407407408,0.0,0.014925373134328358,retrospective_airport_disruption_association
2022,LAX,destination,19658,276,21,19361,417,recovery_transition_2021_2022,0.014040085461389766,0.0010682673720622648,0.021538143690925056,retrospective_airport_disruption_association
2022,LAX,origin,19733,253,47,19433,338,recovery_transition_2021_2022,0.012821162519637157,0.002381796989814017,0.017393094221170174,retrospective_airport_disruption_association
2022,LBB,destination,593,18,1,574,10,recovery_transition_2021_2022,0.03035413153456998,0.0016863406408094434,0.017421602787456445,retrospective_airport_disruption_association
2022,LBB,origin,606,18,2,586,16,recovery_transition_2021_2022,0.0297029702970297,0.0033003300330033004,0.027303754266211604,retrospective_airport_disruption_association
2022,LBE,destination,95,3,0,92,1,recovery_transition_2021_2022,0.031578947368421054,0.0,0.010869565217391304,retrospective_airport_disruption_association
2022,LBE,origin,111,4,0,107,2,recovery_transition_2021_2022,0.036036036036036036,0.0,0.018691588785046728,retrospective_airport_disruption_association
2022,LBF,destination,68,4,1,63,1,recovery_transition_2021_2022,0.058823529411764705,0.014705882352941176,0.015873015873015872,retrospective_airport_disruption_association
2022,LBF,origin,64,0,0,64,2,recovery_transition_2021_2022,0.0,0.0,0.03125,retrospective_airport_disruption_association
2022,LBL,destination,72,2,0,70,1,recovery_transition_2021_2022,0.027777777777777776,0.0,0.014285714285714285,retrospective_airport_disruption_association
2022,LBL,origin,69,3,0,66,0,recovery_transition_2021_2022,0.043478260869565216,0.0,0.0,retrospective_airport_disruption_association
2022,LCH,destination,113,0,0,113,2,recovery_transition_2021_2022,0.0,0.0,0.017699115044247787,retrospective_airport_disruption_association
2022,LCH,origin,120,3,1,116,5,recovery_transition_2021_2022,0.025,0.008333333333333333,0.04310344827586207,retrospective_airport_disruption_association
2022,LCK,destination,99,4,0,95,7,recovery_transition_2021_2022,0.04040404040404041,0.0,0.07368421052631578,retrospective_airport_disruption_association
2022,LCK,origin,91,0,1,90,3,recovery_transition_2021_2022,0.0,0.01098901098901099,0.03333333333333333,retrospective_airport_disruption_association
2022,LEX,destination,704,12,1,691,11,recovery_transition_2021_2022,0.017045454545454544,0.0014204545454545455,0.015918958031837915,retrospective_airport_disruption_association
2022,LEX,origin,703,21,3,679,16,recovery_transition_2021_2022,0.029871977240398292,0.004267425320056899,0.023564064801178203,retrospective_airport_disruption_association
2022,LFT,destination,342,6,4,332,5,recovery_transition_2021_2022,0.017543859649122806,0.011695906432748537,0.015060240963855422,retrospective_airport_disruption_association
2022,LFT,origin,336,4,2,330,17,recovery_transition_2021_2022,0.011904761904761904,0.005952380952380952,0.051515151515151514,retrospective_airport_disruption_association
2022,LGA,destination,17227,909,90,16228,612,recovery_transition_2021_2022,0.05276600684971266,0.005224357113832937,0.03771259551392655,retrospective_airport_disruption_association
2022,LGA,origin,17379,899,37,16443,659,recovery_transition_2021_2022,0.05172909833707348,0.002129006271937396,0.04007784467554582,retrospective_airport_disruption_association
2022,LGB,destination,1553,27,1,1525,13,recovery_transition_2021_2022,0.017385705086928525,0.000643915003219575,0.008524590163934427,retrospective_airport_disruption_association
2022,LGB,origin,1650,30,1,1619,22,recovery_transition_2021_2022,0.01818181818181818,0.0006060606060606061,0.013588634959851761,retrospective_airport_disruption_association
2022,LIH,destination,1618,18,4,1596,21,recovery_transition_2021_2022,0.011124845488257108,0.002472187886279357,0.013157894736842105,retrospective_airport_disruption_association
2022,LIH,origin,1563,15,1,1547,24,recovery_transition_2021_2022,0.009596928982725527,0.0006397952655150352,0.015513897866839044,retrospective_airport_disruption_association
2022,LIT,destination,1126,20,5,1101,32,recovery_transition_2021_2022,0.017761989342806393,0.004440497335701598,0.029064486830154404,retrospective_airport_disruption_association
2022,LIT,origin,1114,28,2,1084,28,recovery_transition_2021_2022,0.025134649910233394,0.0017953321364452424,0.025830258302583026,retrospective_airport_disruption_association
2022,LNK,destination,22,0,0,22,0,recovery_transition_2021_2022,0.0,0.0,0.0,retrospective_airport_disruption_association
2022,LNK,origin,20,1,0,19,2,recovery_transition_2021_2022,0.05,0.0,0.10526315789473684,retrospective_airport_disruption_association
2022,LRD,destination,147,5,1,141,5,recovery_transition_2021_2022,0.034013605442176874,0.006802721088435374,0.03546099290780142,retrospective_airport_disruption_association
2022,LRD,origin,160,3,0,157,7,recovery_transition_2021_2022,0.01875,0.0,0.044585987261146494,retrospective_airport_disruption_association
2022,LSE,destination,155,3,0,152,7,recovery_transition_2021_2022,0.01935483870967742,0.0,0.046052631578947366,retrospective_airport_disruption_association
2022,LSE,origin,158,3,0,155,4,recovery_transition_2021_2022,0.0189873417721519,0.0,0.025806451612903226,retrospective_airport_disruption_association
2022,LWB,destination,46,1,0,45,2,recovery_transition_2021_2022,0.021739130434782608,0.0,0.044444444444444446,retrospective_airport_disruption_association
2022,LWB,origin,43,2,0,41,3,recovery_transition_2021_2022,0.046511627906976744,0.0,0.07317073170731707,retrospective_airport_disruption_association
2022,LWS,destination,120,1,2,117,1,recovery_transition_2021_2022,0.008333333333333333,0.016666666666666666,0.008547008547008548,retrospective_airport_disruption_association
2022,LWS,origin,110,0,1,109,0,recovery_transition_2021_2022,0.0,0.00909090909090909,0.0,retrospective_airport_disruption_association
2022,LYH,destination,25,2,0,23,0,recovery_transition_2021_2022,0.08,0.0,0.0,retrospective_airport_disruption_association
2022,LYH,origin,25,0,0,25,1,recovery_transition_2021_2022,0.0,0.0,0.04,retrospective_airport_disruption_association
2022,MAF,destination,892,21,0,871,20,recovery_transition_2021_2022,0.023542600896860985,0.0,0.022962112514351322,retrospective_airport_disruption_association
2022,MAF,origin,879,21,3,855,29,recovery_transition_2021_2022,0.023890784982935155,0.0034129692832764505,0.03391812865497076,retrospective_airport_disruption_association
2022,MBS,destination,111,2,1,108,1,recovery_transition_2021_2022,0.018018018018018018,0.009009009009009009,0.009259259259259259,retrospective_airport_disruption_association
2022,MBS,origin,121,3,0,118,3,recovery_transition_2021_2022,0.024793388429752067,0.0,0.025423728813559324,retrospective_airport_disruption_association
2022,MCI,destination,4577,127,6,4444,115,recovery_transition_2021_2022,0.027747432816255187,0.0013109023377758358,0.025877587758775876,retrospective_airport_disruption_association
2022,MCI,origin,4476,144,13,4319,110,recovery_transition_2021_2022,0.032171581769437,0.00290437890974084,0.02546885853206761,retrospective_airport_disruption_association
2022,MCO,destination,14894,542,57,14295,604,recovery_transition_2021_2022,0.03639049281589902,0.003827044447428495,0.042252535851696395,retrospective_airport_disruption_association
2022,MCO,origin,15097,532,31,14534,571,recovery_transition_2021_2022,0.03523878916340995,0.002053388090349076,0.039287188661070595,retrospective_airport_disruption_association
2022,MCW,destination,56,3,0,53,0,recovery_transition_2021_2022,0.05357142857142857,0.0,0.0,retrospective_airport_disruption_association
2022,MCW,origin,54,4,0,50,1,recovery_transition_2021_2022,0.07407407407407407,0.0,0.02,retrospective_airport_disruption_association
2022,MDT,destination,503,8,1,494,6,recovery_transition_2021_2022,0.015904572564612324,0.0019880715705765406,0.012145748987854251,retrospective_airport_disruption_association
2022,MDT,origin,513,12,1,500,16,recovery_transition_2021_2022,0.023391812865497075,0.001949317738791423,0.032,retrospective_airport_disruption_association
2022,MDW,destination,7862,291,23,7548,144,recovery_transition_2021_2022,0.03701348257440855,0.0029254642584584075,0.019077901430842606,retrospective_airport_disruption_association
2022,MDW,origin,7982,254,30,7698,205,recovery_transition_2021_2022,0.031821598596842894,0.0037584565271861687,0.026630293582748765,retrospective_airport_disruption_association
2022,MEI,destination,72,0,0,72,4,recovery_transition_2021_2022,0.0,0.0,0.05555555555555555,retrospective_airport_disruption_association
2022,MEI,origin,87,3,0,84,1,recovery_transition_2021_2022,0.034482758620689655,0.0,0.011904761904761904,retrospective_airport_disruption_association
2022,MEM,destination,2125,53,2,2070,56,recovery_transition_2021_2022,0.024941176470588234,0.0009411764705882353,0.02705314009661836,retrospective_airport_disruption_association
2022,MEM,origin,2128,56,5,2067,76,recovery_transition_2021_2022,0.02631578947368421,0.002349624060150376,0.036768263183357526,retrospective_airport_disruption_association
2022,MFE,destination,343,12,0,331,11,recovery_transition_2021_2022,0.03498542274052478,0.0,0.03323262839879154,retrospective_airport_disruption_association
2022,MFE,origin,359,15,0,344,15,recovery_transition_2021_2022,0.04178272980501393,0.0,0.0436046511627907,retrospective_airport_disruption_association
2022,MFR,destination,751,10,3,738,17,recovery_transition_2021_2022,0.013315579227696404,0.0039946737683089215,0.023035230352303523,retrospective_airport_disruption_association
2022,MFR,origin,805,10,2,793,12,recovery_transition_2021_2022,0.012422360248447204,0.002484472049689441,0.015132408575031526,retrospective_airport_disruption_association
2022,MGM,destination,247,5,0,242,11,recovery_transition_2021_2022,0.020242914979757085,0.0,0.045454545454545456,retrospective_airport_disruption_association
2022,MGM,origin,272,7,0,265,8,recovery_transition_2021_2022,0.025735294117647058,0.0,0.03018867924528302,retrospective_airport_disruption_association
2022,MHK,destination,215,7,2,206,2,recovery_transition_2021_2022,0.03255813953488372,0.009302325581395349,0.009708737864077669,retrospective_airport_disruption_association
2022,MHK,origin,188,4,0,184,12,recovery_transition_2021_2022,0.02127659574468085,0.0,0.06521739130434782,retrospective_airport_disruption_association
2022,MHT,destination,688,32,2,654,14,recovery_transition_2021_2022,0.046511627906976744,0.0029069767441860465,0.021406727828746176,retrospective_airport_disruption_association
2022,MHT,origin,685,23,1,661,13,recovery_transition_2021_2022,0.033576642335766425,0.00145985401459854,0.019667170953101363,retrospective_airport_disruption_association
2022,MIA,destination,10971,310,48,10613,365,recovery_transition_2021_2022,0.028256312095524566,0.004375170905113481,0.03439178366154716,retrospective_airport_disruption_association
2022,MIA,origin,10941,305,31,10605,363,recovery_transition_2021_2022,0.027876793711726532,0.0028333790329951557,0.034229137199434226,retrospective_airport_disruption_association
2022,MKE,destination,2697,75,6,2616,85,recovery_transition_2021_2022,0.027808676307007785,0.002224694104560623,0.03249235474006116,retrospective_airport_disruption_association
2022,MKE,origin,2650,68,2,2580,72,recovery_transition_2021_2022,0.025660377358490565,0.0007547169811320754,0.027906976744186046,retrospective_airport_disruption_association
2022,MKG,destination,46,3,0,43,0,recovery_transition_2021_2022,0.06521739130434782,0.0,0.0,retrospective_airport_disruption_association
2022,MKG,origin,44,4,0,40,1,recovery_transition_2021_2022,0.09090909090909091,0.0,0.025,retrospective_airport_disruption_association
2022,MLB,destination,269,7,1,261,5,recovery_transition_2021_2022,0.026022304832713755,0.0037174721189591076,0.019157088122605363,retrospective_airport_disruption_association
2022,MLB,origin,247,8,2,237,4,recovery_transition_2021_2022,0.032388663967611336,0.008097165991902834,0.016877637130801686,retrospective_airport_disruption_association
2022,MLI,destination,405,14,1,390,11,recovery_transition_2021_2022,0.0345679012345679,0.0024691358024691358,0.028205128205128206,retrospective_airport_disruption_association
2022,MLI,origin,418,8,1,409,13,recovery_transition_2021_2022,0.019138755980861243,0.0023923444976076554,0.03178484107579462,retrospective_airport_disruption_association
2022,MLU,destination,204,5,2,197,1,recovery_transition_2021_2022,0.024509803921568627,0.00980392156862745,0.005076142131979695,retrospective_airport_disruption_association
2022,MLU,origin,222,3,0,219,6,recovery_transition_2021_2022,0.013513513513513514,0.0,0.0273972602739726,retrospective_airport_disruption_association
2022,MOB,destination,338,1,2,335,8,recovery_transition_2021_2022,0.0029585798816568047,0.005917159763313609,0.023880597014925373,retrospective_airport_disruption_association
2022,MOB,origin,310,4,3,303,15,recovery_transition_2021_2022,0.012903225806451613,0.00967741935483871,0.04950495049504951,retrospective_airport_disruption_association
2022,MOT,destination,239,18,0,221,6,recovery_transition_2021_2022,0.07531380753138076,0.0,0.027149321266968326,retrospective_airport_disruption_association
2022,MOT,origin,239,8,1,230,11,recovery_transition_2021_2022,0.03347280334728033,0.0041841004184100415,0.04782608695652174,retrospective_airport_disruption_association
2022,MQT,destination,109,4,0,105,2,recovery_transition_2021_2022,0.03669724770642202,0.0,0.01904761904761905,retrospective_airport_disruption_association
2022,MQT,origin,113,8,0,105,3,recovery_transition_2021_2022,0.07079646017699115,0.0,0.02857142857142857,retrospective_airport_disruption_association
2022,MRY,destination,420,2,1,417,10,recovery_transition_2021_2022,0.004761904761904762,0.002380952380952381,0.023980815347721823,retrospective_airport_disruption_association
2022,MRY,origin,448,3,2,443,17,recovery_transition_2021_2022,0.006696428571428571,0.004464285714285714,0.03837471783295711,retrospective_airport_disruption_association
2022,MSN,destination,1096,34,0,1062,29,recovery_transition_2021_2022,0.03102189781021898,0.0,0.027306967984934087,retrospective_airport_disruption_association
2022,MSN,origin,1068,24,0,1044,35,recovery_transition_2021_2022,0.02247191011235955,0.0,0.033524904214559385,retrospective_airport_disruption_association
2022,MSO,destination,462,5,3,454,10,recovery_transition_2021_2022,0.010822510822510822,0.006493506493506494,0.022026431718061675,retrospective_airport_disruption_association
2022,MSO,origin,451,9,1,441,8,recovery_transition_2021_2022,0.019955654101995565,0.0022172949002217295,0.018140589569160998,retrospective_airport_disruption_association
2022,MSP,destination,12329,211,21,12097,301,recovery_transition_2021_2022,0.01711412117771109,0.0017033011598669803,0.024882202198892287,retrospective_airport_disruption_association
2022,MSP,origin,12327,194,29,12104,274,recovery_transition_2021_2022,0.015737811308509774,0.0023525594224061003,0.022637144745538663,retrospective_airport_disruption_association
2022,MSY,destination,4905,133,8,4764,128,recovery_transition_2021_2022,0.02711518858307849,0.0016309887869520897,0.02686817800167926,retrospective_airport_disruption_association
2022,MSY,origin,5042,123,17,4902,130,recovery_transition_2021_2022,0.02439508131693772,0.0033716779055930186,0.026519787841697267,retrospective_airport_disruption_association
2022,MTJ,destination,310,9,1,300,6,recovery_transition_2021_2022,0.02903225806451613,0.0032258064516129032,0.02,retrospective_airport_disruption_association
2022,MTJ,origin,294,7,1,286,3,recovery_transition_2021_2022,0.023809523809523808,0.003401360544217687,0.01048951048951049,retrospective_airport_disruption_association
2022,MVY,destination,95,1,0,94,7,recovery_transition_2021_2022,0.010526315789473684,0.0,0.07446808510638298,retrospective_airport_disruption_association
2022,MVY,origin,79,0,0,79,6,recovery_transition_2021_2022,0.0,0.0,0.0759493670886076,retrospective_airport_disruption_association
2022,MYR,destination,1678,45,0,1633,39,recovery_transition_2021_2022,0.026817640047675805,0.0,0.023882424984690752,retrospective_airport_disruption_association
2022,MYR,origin,1577,41,1,1535,45,recovery_transition_2021_2022,0.02599873176918199,0.0006341154090044388,0.029315960912052116,retrospective_airport_disruption_association
2022,OAJ,destination,201,3,1,197,0,recovery_transition_2021_2022,0.014925373134328358,0.004975124378109453,0.0,retrospective_airport_disruption_association
2022,OAJ,origin,202,11,0,191,10,recovery_transition_2021_2022,0.054455445544554455,0.0,0.05235602094240838,retrospective_airport_disruption_association
2022,OAK,destination,4796,81,2,4713,58,recovery_transition_2021_2022,0.01688907422852377,0.0004170141784820684,0.012306386590282199,retrospective_airport_disruption_association
2022,OAK,origin,4855,91,4,4760,72,recovery_transition_2021_2022,0.01874356333676622,0.0008238928939237899,0.015126050420168067,retrospective_airport_disruption_association
2022,OGD,destination,1,0,0,1,0,recovery_transition_2021_2022,0.0,0.0,0.0,retrospective_airport_disruption_association
2022,OGD,origin,2,0,0,2,0,recovery_transition_2021_2022,0.0,0.0,0.0,retrospective_airport_disruption_association
2022,OGG,destination,3124,23,4,3097,41,recovery_transition_2021_2022,0.00736235595390525,0.0012804097311139564,0.013238618017436228,retrospective_airport_disruption_association
2022,OGG,origin,3164,26,4,3134,37,recovery_transition_2021_2022,0.008217446270543615,0.0012642225031605564,0.011805998723675814,retrospective_airport_disruption_association
2022,OGS,destination,26,4,1,21,1,recovery_transition_2021_2022,0.15384615384615385,0.038461538461538464,0.047619047619047616,retrospective_airport_disruption_association
2022,OGS,origin,29,0,0,29,1,recovery_transition_2021_2022,0.0,0.0,0.034482758620689655,retrospective_airport_disruption_association
2022,OKC,destination,2078,39,2,2037,63,recovery_transition_2021_2022,0.018768046198267566,0.0009624639076034649,0.030927835051546393,retrospective_airport_disruption_association
2022,OKC,origin,2111,48,4,2059,49,recovery_transition_2021_2022,0.022738038844149693,0.0018948365703458077,0.023797960174842158,retrospective_airport_disruption_association
2022,OMA,destination,2200,40,5,2155,44,recovery_transition_2021_2022,0.01818181818181818,0.0022727272727272726,0.020417633410672854,retrospective_airport_disruption_association
2022,OMA,origin,2174,48,2,2124,47,recovery_transition_2021_2022,0.02207911683532659,0.0009199632014719411,0.022128060263653482,retrospective_airport_disruption_association
2022,OME,destination,80,6,0,74,0,recovery_transition_2021_2022,0.075,0.0,0.0,retrospective_airport_disruption_association
2022,OME,origin,75,2,1,72,0,recovery_transition_2021_2022,0.02666666666666667,0.013333333333333334,0.0,retrospective_airport_disruption_association
2022,ONT,destination,2439,43,2,2394,43,recovery_transition_2021_2022,0.017630176301763018,0.0008200082000820008,0.01796157059314954,retrospective_airport_disruption_association
2022,ONT,origin,2402,49,5,2348,36,recovery_transition_2021_2022,0.020399666944213156,0.0020815986677768525,0.015332197614991482,retrospective_airport_disruption_association
2022,ORD,destination,26685,764,67,25854,774,recovery_transition_2021_2022,0.028630316657298108,0.002510773842982949,0.02993734045022047,retrospective_airport_disruption_association
2022,ORD,origin,26511,734,65,25712,669,recovery_transition_2021_2022,0.027686620648032893,0.0024518124552072723,0.02601897946484132,retrospective_airport_disruption_association
2022,ORF,destination,2204,89,3,2112,73,recovery_transition_2021_2022,0.04038112522686026,0.0013611615245009074,0.034564393939393936,retrospective_airport_disruption_association
2022,ORF,origin,2229,78,7,2144,59,recovery_transition_2021_2022,0.034993270524899055,0.0031404217137729925,0.02751865671641791,retrospective_airport_disruption_association
2022,ORH,destination,175,11,0,164,7,recovery_transition_2021_2022,0.06285714285714286,0.0,0.042682926829268296,retrospective_airport_disruption_association
2022,ORH,origin,175,11,2,162,8,recovery_transition_2021_2022,0.06285714285714286,0.011428571428571429,0.04938271604938271,retrospective_airport_disruption_association
2022,OTH,destination,30,0,2,28,0,recovery_transition_2021_2022,0.0,0.06666666666666667,0.0,retrospective_airport_disruption_association
2022,OTH,origin,27,2,0,25,2,recovery_transition_2021_2022,0.07407407407407407,0.0,0.08,retrospective_airport_disruption_association
2022,OTZ,destination,76,6,1,69,1,recovery_transition_2021_2022,0.07894736842105263,0.013157894736842105,0.014492753623188406,retrospective_airport_disruption_association
2022,OTZ,origin,98,6,0,92,1,recovery_transition_2021_2022,0.061224489795918366,0.0,0.010869565217391304,retrospective_airport_disruption_association
2022,OWB,destination,4,2,0,2,0,recovery_transition_2021_2022,0.5,0.0,0.0,retrospective_airport_disruption_association
2022,OWB,origin,12,2,0,10,0,recovery_transition_2021_2022,0.16666666666666666,0.0,0.0,retrospective_airport_disruption_association
2022,PAE,destination,454,11,2,441,7,recovery_transition_2021_2022,0.024229074889867842,0.004405286343612335,0.015873015873015872,retrospective_airport_disruption_association
2022,PAE,origin,416,10,1,405,4,recovery_transition_2021_2022,0.02403846153846154,0.002403846153846154,0.009876543209876543,retrospective_airport_disruption_association
2022,PAH,destination,76,3,0,73,1,recovery_transition_2021_2022,0.039473684210526314,0.0,0.0136986301369863,retrospective_airport_disruption_association
2022,PAH,origin,80,1,0,79,2,recovery_transition_2021_2022,0.0125,0.0,0.02531645569620253,retrospective_airport_disruption_association
2022,PBG,destination,72,2,0,70,4,recovery_transition_2021_2022,0.027777777777777776,0.0,0.05714285714285714,retrospective_airport_disruption_association
2022,PBG,origin,71,3,1,67,3,recovery_transition_2021_2022,0.04225352112676056,0.014084507042253521,0.04477611940298507,retrospective_airport_disruption_association
2022,PBI,destination,2579,90,5,2484,110,recovery_transition_2021_2022,0.03489724699495929,0.0019387359441644049,0.04428341384863124,retrospective_airport_disruption_association
2022,PBI,origin,2497,110,5,2382,114,recovery_transition_2021_2022,0.04405286343612335,0.002002402883460152,0.04785894206549118,retrospective_airport_disruption_association
2022,PDX,destination,6073,115,6,5952,122,recovery_transition_2021_2022,0.018936275316976784,0.0009879795817553103,0.02049731182795699,retrospective_airport_disruption_association
2022,PDX,origin,6202,122,12,6068,103,recovery_transition_2021_2022,0.019671073847146083,0.0019348597226701064,0.016974291364535266,retrospective_airport_disruption_association
2022,PGD,destination,627,17,9,601,43,recovery_transition_2021_2022,0.02711323763955343,0.014354066985645933,0.07154742096505824,retrospective_airport_disruption_association
2022,PGD,origin,637,27,2,608,35,recovery_transition_2021_2022,0.0423861852433281,0.0031397174254317113,0.05756578947368421,retrospective_airport_disruption_association
2022,PGV,destination,10,2,0,8,0,recovery_transition_2021_2022,0.2,0.0,0.0,retrospective_airport_disruption_association
2022,PGV,origin,6,1,0,5,1,recovery_transition_2021_2022,0.16666666666666666,0.0,0.2,retrospective_airport_disruption_association
2022,PHF,destination,41,1,0,40,0,recovery_transition_2021_2022,0.024390243902439025,0.0,0.0,retrospective_airport_disruption_association
2022,PHF,origin,48,1,0,47,2,recovery_transition_2021_2022,0.020833333333333332,0.0,0.0425531914893617,retrospective_airport_disruption_association
2022,PHL,destination,8851,251,15,8585,270,recovery_transition_2021_2022,0.028358377584453733,0.0016947237600271157,0.0314502038439138,retrospective_airport_disruption_association
2022,PHL,origin,8973,245,23,8705,279,recovery_transition_2021_2022,0.027304134626100523,0.002563245291429845,0.03205054566341183,retrospective_airport_disruption_association
2022,PHX,destination,16928,316,34,16578,399,recovery_transition_2021_2022,0.018667296786389415,0.002008506616257089,0.02406804198335143,retrospective_airport_disruption_association
2022,PHX,origin,16883,299,39,16545,328,recovery_transition_2021_2022,0.017710122608541136,0.002310015992418409,0.019824720459353278,retrospective_airport_disruption_association
2022,PIA,destination,343,14,2,327,7,recovery_transition_2021_2022,0.04081632653061224,0.0058309037900874635,0.021406727828746176,retrospective_airport_disruption_association
2022,PIA,origin,334,11,1,322,16,recovery_transition_2021_2022,0.03293413173652695,0.0029940119760479044,0.049689440993788817,retrospective_airport_disruption_association
2022,PIB,destination,56,0,0,56,0,recovery_transition_2021_2022,0.0,0.0,0.0,retrospective_airport_disruption_association
2022,PIB,origin,70,2,0,68,4,recovery_transition_2021_2022,0.02857142857142857,0.0,0.058823529411764705,retrospective_airport_disruption_association
2022,PIE,destination,825,26,5,794,36,recovery_transition_2021_2022,0.03151515151515152,0.006060606060606061,0.04534005037783375,retrospective_airport_disruption_association
2022,PIE,origin,764,24,1,739,28,recovery_transition_2021_2022,0.031413612565445025,0.0013089005235602095,0.037889039242219216,retrospective_airport_disruption_association
2022,PIH,destination,41,0,1,40,0,recovery_transition_2021_2022,0.0,0.024390243902439025,0.0,retrospective_airport_disruption_association
2022,PIH,origin,42,0,0,42,2,recovery_transition_2021_2022,0.0,0.0,0.047619047619047616,retrospective_airport_disruption_association
2022,PIT,destination,4168,146,3,4019,120,recovery_transition_2021_2022,0.03502879078694818,0.0007197696737044146,0.029858173675043544,retrospective_airport_disruption_association
2022,PIT,origin,4189,141,15,4033,95,recovery_transition_2021_2022,0.033659584626402485,0.0035808068751492002,0.02355566575750062,retrospective_airport_disruption_association
2022,PLN,destination,72,3,1,68,2,recovery_transition_2021_2022,0.041666666666666664,0.013888888888888888,0.029411764705882353,retrospective_airport_disruption_association
2022,PLN,origin,71,2,0,69,2,recovery_transition_2021_2022,0.028169014084507043,0.0,0.028985507246376812,retrospective_airport_disruption_association
2022,PNS,destination,1146,35,3,1108,27,recovery_transition_2021_2022,0.030541012216404886,0.002617801047120419,0.024368231046931407,retrospective_airport_disruption_association
2022,PNS,origin,1077,21,5,1051,37,recovery_transition_2021_2022,0.019498607242339833,0.004642525533890436,0.035204567078972404,retrospective_airport_disruption_association
2022,PPG,destination,7,0,0,7,0,recovery_transition_2021_2022,0.0,0.0,0.0,retrospective_airport_disruption_association
2022,PPG,origin,7,0,0,7,0,recovery_transition_2021_2022,0.0,0.0,0.0,retrospective_airport_disruption_association
2022,PRC,destination,71,0,0,71,3,recovery_transition_2021_2022,0.0,0.0,0.04225352112676056,retrospective_airport_disruption_association
2022,PRC,origin,69,1,0,68,7,recovery_transition_2021_2022,0.014492753623188406,0.0,0.10294117647058823,retrospective_airport_disruption_association
2022,PSC,destination,585,11,1,573,20,recovery_transition_2021_2022,0.018803418803418803,0.0017094017094017094,0.034904013961605584,retrospective_airport_disruption_association
2022,PSC,origin,608,15,1,592,18,recovery_transition_2021_2022,0.024671052631578948,0.001644736842105263,0.030405405405405407,retrospective_airport_disruption_association
2022,PSE,destination,77,4,0,73,1,recovery_transition_2021_2022,0.05194805194805195,0.0,0.0136986301369863,retrospective_airport_disruption_association
2022,PSE,origin,82,0,0,82,5,recovery_transition_2021_2022,0.0,0.0,0.06097560975609756,retrospective_airport_disruption_association
2022,PSG,destination,72,0,1,71,0,recovery_transition_2021_2022,0.0,0.013888888888888888,0.0,retrospective_airport_disruption_association
2022,PSG,origin,84,5,1,78,3,recovery_transition_2021_2022,0.05952380952380952,0.011904761904761904,0.038461538461538464,retrospective_airport_disruption_association
2022,PSM,destination,47,2,1,44,0,recovery_transition_2021_2022,0.0425531914893617,0.02127659574468085,0.0,retrospective_airport_disruption_association
2022,PSM,origin,40,0,0,40,3,recovery_transition_2021_2022,0.0,0.0,0.075,retrospective_airport_disruption_association
2022,PSP,destination,1503,25,6,1472,28,recovery_transition_2021_2022,0.0166333998669328,0.003992015968063872,0.019021739130434784,retrospective_airport_disruption_association
2022,PSP,origin,1428,26,2,1400,30,recovery_transition_2021_2022,0.018207282913165267,0.0014005602240896359,0.02142857142857143,retrospective_airport_disruption_association
2022,PUB,destination,54,2,0,52,1,recovery_transition_2021_2022,0.037037037037037035,0.0,0.019230769230769232,retrospective_airport_disruption_association
2022,PUB,origin,40,2,0,38,1,recovery_transition_2021_2022,0.05,0.0,0.02631578947368421,retrospective_airport_disruption_association
2022,PUW,destination,144,4,0,140,2,recovery_transition_2021_2022,0.027777777777777776,0.0,0.014285714285714285,retrospective_airport_disruption_association
2022,PUW,origin,145,3,1,141,2,recovery_transition_2021_2022,0.020689655172413793,0.006896551724137931,0.014184397163120567,retrospective_airport_disruption_association
2022,PVD,destination,1529,56,1,1472,44,recovery_transition_2021_2022,0.03662524525833878,0.0006540222367560497,0.029891304347826088,retrospective_airport_disruption_association
2022,PVD,origin,1562,61,2,1499,54,recovery_transition_2021_2022,0.03905249679897567,0.0012804097311139564,0.03602401601067378,retrospective_airport_disruption_association
2022,PVU,destination,142,7,0,135,3,recovery_transition_2021_2022,0.04929577464788732,0.0,0.022222222222222223,retrospective_airport_disruption_association
2022,PVU,origin,158,4,1,153,7,recovery_transition_2021_2022,0.02531645569620253,0.006329113924050633,0.0457516339869281,retrospective_airport_disruption_association
2022,PWM,destination,1100,53,8,1039,37,recovery_transition_2021_2022,0.04818181818181818,0.007272727272727273,0.0356111645813282,retrospective_airport_disruption_association
2022,PWM,origin,1122,53,3,1066,42,recovery_transition_2021_2022,0.04723707664884135,0.00267379679144385,0.039399624765478425,retrospective_airport_disruption_association
2022,RAP,destination,448,9,2,437,17,recovery_transition_2021_2022,0.020089285714285716,0.004464285714285714,0.038901601830663615,retrospective_airport_disruption_association
2022,RAP,origin,457,7,0,450,17,recovery_transition_2021_2022,0.015317286652078774,0.0,0.03777777777777778,retrospective_airport_disruption_association
2022,RDD,destination,169,1,0,168,1,recovery_transition_2021_2022,0.005917159763313609,0.0,0.005952380952380952,retrospective_airport_disruption_association
2022,RDD,origin,180,0,0,180,3,recovery_transition_2021_2022,0.0,0.0,0.016666666666666666,retrospective_airport_disruption_association
2022,RDM,destination,791,11,2,778,16,recovery_transition_2021_2022,0.01390644753476612,0.0025284450063211127,0.02056555269922879,retrospective_airport_disruption_association
2022,RDM,origin,784,8,5,771,16,recovery_transition_2021_2022,0.01020408163265306,0.006377551020408163,0.020752269779507133,retrospective_airport_disruption_association
2022,RDU,destination,5599,175,10,5414,182,recovery_transition_2021_2022,0.03125558135381318,0.001786033220217896,0.03361654968599926,retrospective_airport_disruption_association
2022,RDU,origin,5539,170,10,5359,176,recovery_transition_2021_2022,0.03069146055244629,0.0018053800324968406,0.03284194812465012,retrospective_airport_disruption_association
2022,RFD,destination,68,1,0,67,1,recovery_transition_2021_2022,0.014705882352941176,0.0,0.014925373134328358,retrospective_airport_disruption_association
2022,RFD,origin,79,2,0,77,5,recovery_transition_2021_2022,0.02531645569620253,0.0,0.06493506493506493,retrospective_airport_disruption_association
2022,RHI,destination,73,0,0,73,2,recovery_transition_2021_2022,0.0,0.0,0.0273972602739726,retrospective_airport_disruption_association
2022,RHI,origin,63,2,0,61,3,recovery_transition_2021_2022,0.031746031746031744,0.0,0.04918032786885246,retrospective_airport_disruption_association
2022,RIC,destination,1912,62,2,1848,55,recovery_transition_2021_2022,0.032426778242677826,0.0010460251046025104,0.02976190476190476,retrospective_airport_disruption_association
2022,RIC,origin,1897,47,5,1845,62,recovery_transition_2021_2022,0.024775962045334738,0.002635740643120717,0.03360433604336043,retrospective_airport_disruption_association
2022,RIW,destination,32,3,0,29,0,recovery_transition_2021_2022,0.09375,0.0,0.0,retrospective_airport_disruption_association
2022,RIW,origin,37,2,0,35,0,recovery_transition_2021_2022,0.05405405405405406,0.0,0.0,retrospective_airport_disruption_association
2022,RKS,destination,42,3,0,39,1,recovery_transition_2021_2022,0.07142857142857142,0.0,0.02564102564102564,retrospective_airport_disruption_association
2022,RKS,origin,39,0,0,39,1,recovery_transition_2021_2022,0.0,0.0,0.02564102564102564,retrospective_airport_disruption_association
2022,RNO,destination,1979,28,9,1942,38,recovery_transition_2021_2022,0.01414855987872663,0.004547751389590703,0.01956745623069001,retrospective_airport_disruption_association
2022,RNO,origin,2023,34,6,1983,44,recovery_transition_2021_2022,0.01680672268907563,0.002965892239248641,0.022188603126575897,retrospective_airport_disruption_association
2022,ROA,destination,209,5,0,204,5,recovery_transition_2021_2022,0.023923444976076555,0.0,0.024509803921568627,retrospective_airport_disruption_association
2022,ROA,origin,242,4,0,238,13,recovery_transition_2021_2022,0.01652892561983471,0.0,0.0546218487394958,retrospective_airport_disruption_association
2022,ROC,destination,1290,59,0,1231,32,recovery_transition_2021_2022,0.04573643410852713,0.0,0.025995125913891144,retrospective_airport_disruption_association
2022,ROC,origin,1259,51,2,1206,48,recovery_transition_2021_2022,0.04050833995234313,0.0015885623510722795,0.03980099502487562,retrospective_airport_disruption_association
2022,ROW,destination,128,0,1,127,6,recovery_transition_2021_2022,0.0,0.0078125,0.047244094488188976,retrospective_airport_disruption_association
2022,ROW,origin,141,2,0,139,10,recovery_transition_2021_2022,0.014184397163120567,0.0,0.07194244604316546,retrospective_airport_disruption_association
2022,RST,destination,159,1,0,158,3,recovery_transition_2021_2022,0.006289308176100629,0.0,0.0189873417721519,retrospective_airport_disruption_association
2022,RST,origin,175,2,0,173,4,recovery_transition_2021_2022,0.011428571428571429,0.0,0.023121387283236993,retrospective_airport_disruption_association
2022,RSW,destination,3683,202,9,3472,111,recovery_transition_2021_2022,0.05484659245180559,0.0024436600597339125,0.03197004608294931,retrospective_airport_disruption_association
2022,RSW,origin,3769,202,9,3558,145,recovery_transition_2021_2022,0.05359511806845317,0.0023879013000795966,0.040753232152894885,retrospective_airport_disruption_association
2022,SAF,destination,179,4,1,174,4,recovery_transition_2021_2022,0.0223463687150838,0.00558659217877095,0.022988505747126436,retrospective_airport_disruption_association
2022,SAF,origin,190,5,1,184,7,recovery_transition_2021_2022,0.02631578947368421,0.005263157894736842,0.03804347826086957,retrospective_airport_disruption_association
2022,SAN,destination,8892,191,21,8680,140,recovery_transition_2021_2022,0.021479982006297797,0.0023616734143049934,0.016129032258064516,retrospective_airport_disruption_association
2022,SAN,origin,8794,177,22,8595,162,recovery_transition_2021_2022,0.02012735956333864,0.002501705708437571,0.018848167539267015,retrospective_airport_disruption_association
2022,SAT,destination,3600,72,7,3521,69,recovery_transition_2021_2022,0.02,0.0019444444444444444,0.01959670548139733,retrospective_airport_disruption_association
2022,SAT,origin,3542,78,11,3453,73,recovery_transition_2021_2022,0.0220214568040655,0.003105590062111801,0.021141036779611933,retrospective_airport_disruption_association
2022,SAV,destination,1797,48,4,1745,54,recovery_transition_2021_2022,0.02671118530884808,0.0022259321090706734,0.030945558739255013,retrospective_airport_disruption_association
2022,SAV,origin,1885,70,9,1806,58,recovery_transition_2021_2022,0.03713527851458886,0.004774535809018567,0.03211517165005537,retrospective_airport_disruption_association
2022,SBA,destination,763,14,2,747,19,recovery_transition_2021_2022,0.01834862385321101,0.002621231979030144,0.025435073627844713,retrospective_airport_disruption_association
2022,SBA,origin,756,16,1,739,14,recovery_transition_2021_2022,0.021164021164021163,0.0013227513227513227,0.018944519621109608,retrospective_airport_disruption_association
2022,SBN,destination,550,13,0,537,16,recovery_transition_2021_2022,0.023636363636363636,0.0,0.0297951582867784,retrospective_airport_disruption_association
2022,SBN,origin,554,10,1,543,20,recovery_transition_2021_2022,0.018050541516245487,0.0018050541516245488,0.03683241252302026,retrospective_airport_disruption_association
2022,SBP,destination,536,6,3,527,12,recovery_transition_2021_2022,0.011194029850746268,0.005597014925373134,0.022770398481973434,retrospective_airport_disruption_association
2022,SBP,origin,503,10,2,491,11,recovery_transition_2021_2022,0.019880715705765408,0.003976143141153081,0.02240325865580448,retrospective_airport_disruption_association
2022,SCC,destination,41,0,0,41,1,recovery_transition_2021_2022,0.0,0.0,0.024390243902439025,retrospective_airport_disruption_association
2022,SCC,origin,41,0,0,41,1,recovery_transition_2021_2022,0.0,0.0,0.024390243902439025,retrospective_airport_disruption_association
2022,SCE,destination,62,0,0,62,3,recovery_transition_2021_2022,0.0,0.0,0.04838709677419355,retrospective_airport_disruption_association
2022,SCE,origin,67,3,0,64,1,recovery_transition_2021_2022,0.04477611940298507,0.0,0.015625,retrospective_airport_disruption_association
2022,SCK,destination,76,0,0,76,0,recovery_transition_2021_2022,0.0,0.0,0.0,retrospective_airport_disruption_association
2022,SCK,origin,61,2,0,59,4,recovery_transition_2021_2022,0.03278688524590164,0.0,0.06779661016949153,retrospective_airport_disruption_association
2022,SDF,destination,2236,63,2,2171,68,recovery_transition_2021_2022,0.02817531305903399,0.0008944543828264759,0.03132197144173192,retrospective_airport_disruption_association
2022,SDF,origin,2202,72,6,2124,63,recovery_transition_2021_2022,0.0326975476839237,0.0027247956403269754,0.029661016949152543,retrospective_airport_disruption_association
2022,SEA,destination,17798,350,31,17417,315,recovery_transition_2021_2022,0.019665130913585797,0.0017417687380604562,0.018085778262616984,retrospective_airport_disruption_association
2022,SEA,origin,17805,348,38,17419,279,recovery_transition_2021_2022,0.019545071609098567,0.002134231957315361,0.016016992938745048,retrospective_airport_disruption_association
2022,SFB,destination,904,51,1,852,46,recovery_transition_2021_2022,0.05641592920353982,0.0011061946902654867,0.0539906103286385,retrospective_airport_disruption_association
2022,SFB,origin,923,33,2,888,37,recovery_transition_2021_2022,0.035752979414951244,0.0021668472372697724,0.041666666666666664,retrospective_airport_disruption_association
2022,SFO,destination,13365,195,15,13155,276,recovery_transition_2021_2022,0.014590347923681257,0.001122334455667789,0.0209806157354618,retrospective_airport_disruption_association
2022,SFO,origin,13449,230,27,13192,236,recovery_transition_2021_2022,0.017101643244850917,0.002007584207004238,0.017889630078835657,retrospective_airport_disruption_association
2022,SGF,destination,633,16,1,616,9,recovery_transition_2021_2022,0.02527646129541864,0.001579778830963665,0.01461038961038961,retrospective_airport_disruption_association
2022,SGF,origin,670,11,0,659,26,recovery_transition_2021_2022,0.016417910447761194,0.0,0.03945371775417299,retrospective_airport_disruption_association
2022,SGU,destination,296,2,0,294,1,recovery_transition_2021_2022,0.006756756756756757,0.0,0.003401360544217687,retrospective_airport_disruption_association
2022,SGU,origin,316,0,0,316,7,recovery_transition_2021_2022,0.0,0.0,0.022151898734177215,retrospective_airport_disruption_association
2022,SHD,destination,58,2,0,56,6,recovery_transition_2021_2022,0.034482758620689655,0.0,0.10714285714285714,retrospective_airport_disruption_association
2022,SHD,origin,47,1,0,46,1,recovery_transition_2021_2022,0.02127659574468085,0.0,0.021739130434782608,retrospective_airport_disruption_association
2022,SHR,destination,62,1,0,61,1,recovery_transition_2021_2022,0.016129032258064516,0.0,0.01639344262295082,retrospective_airport_disruption_association
2022,SHR,origin,67,0,0,67,1,recovery_transition_2021_2022,0.0,0.0,0.014925373134328358,retrospective_airport_disruption_association
2022,SHV,destination,429,8,1,420,12,recovery_transition_2021_2022,0.018648018648018648,0.002331002331002331,0.02857142857142857,retrospective_airport_disruption_association
2022,SHV,origin,413,5,3,405,12,recovery_transition_2021_2022,0.012106537530266344,0.007263922518159807,0.02962962962962963,retrospective_airport_disruption_association
2022,SIT,destination,152,6,2,144,1,recovery_transition_2021_2022,0.039473684210526314,0.013157894736842105,0.006944444444444444,retrospective_airport_disruption_association
2022,SIT,origin,148,6,4,138,2,recovery_transition_2021_2022,0.04054054054054054,0.02702702702702703,0.014492753623188406,retrospective_airport_disruption_association
2022,SJC,destination,5409,113,1,5295,58,recovery_transition_2021_2022,0.020891107413569976,0.00018487705675725643,0.010953729933899906,retrospective_airport_disruption_association
2022,SJC,origin,5555,101,5,5449,72,recovery_transition_2021_2022,0.01818181818181818,0.0009000900090009,0.013213433657551845,retrospective_airport_disruption_association
2022,SJT,destination,150,4,0,146,1,recovery_transition_2021_2022,0.02666666666666667,0.0,0.00684931506849315,retrospective_airport_disruption_association
2022,SJT,origin,153,4,0,149,5,recovery_transition_2021_2022,0.026143790849673203,0.0,0.03355704697986577,retrospective_airport_disruption_association
2022,SJU,destination,2987,68,7,2912,122,recovery_transition_2021_2022,0.022765316370940744,0.002343488449949782,0.04189560439560439,retrospective_airport_disruption_association
2022,SJU,origin,2999,70,12,2917,113,recovery_transition_2021_2022,0.02334111370456819,0.0040013337779259755,0.03873842989372643,retrospective_airport_disruption_association
2022,SLC,destination,11048,122,17,10909,218,recovery_transition_2021_2022,0.011042722664735698,0.0015387400434467777,0.019983499862498855,retrospective_airport_disruption_association
2022,SLC,origin,11157,106,27,11024,188,recovery_transition_2021_2022,0.00950076185354486,0.0024200053777897286,0.017053701015965168,retrospective_airport_disruption_association
2022,SLN,destination,99,3,0,96,4,recovery_transition_2021_2022,0.030303030303030304,0.0,0.041666666666666664,retrospective_airport_disruption_association
2022,SLN,origin,82,0,0,82,1,recovery_transition_2021_2022,0.0,0.0,0.012195121951219513,retrospective_airport_disruption_association
2022,SMF,destination,5457,116,2,5339,89,recovery_transition_2021_2022,0.02125710097122961,0.0003665017408832692,0.016669788349878253,retrospective_airport_disruption_association
2022,SMF,origin,5489,108,12,5369,77,recovery_transition_2021_2022,0.01967571506649663,0.00218619056294407,0.014341590612777053,retrospective_airport_disruption_association
2022,SMX,destination,6,0,0,6,0,recovery_transition_2021_2022,0.0,0.0,0.0,retrospective_airport_disruption_association
2022,SMX,origin,12,1,0,11,1,recovery_transition_2021_2022,0.08333333333333333,0.0,0.09090909090909091,retrospective_airport_disruption_association
2022,SNA,destination,4753,93,9,4651,60,recovery_transition_2021_2022,0.0195665895224069,0.0018935409215232485,0.012900451515803053,retrospective_airport_disruption_association
2022,SNA,origin,4687,138,12,4537,83,recovery_transition_2021_2022,0.029443140601664176,0.002560273095796885,0.018294026890015427,retrospective_airport_disruption_association
2022,SPI,destination,124,5,1,118,7,recovery_transition_2021_2022,0.04032258064516129,0.008064516129032258,0.059322033898305086,retrospective_airport_disruption_association
2022,SPI,origin,117,1,0,116,6,recovery_transition_2021_2022,0.008547008547008548,0.0,0.05172413793103448,retrospective_airport_disruption_association
2022,SPN,destination,35,0,0,35,0,recovery_transition_2021_2022,0.0,0.0,0.0,retrospective_airport_disruption_association
2022,SPN,origin,30,0,0,30,0,recovery_transition_2021_2022,0.0,0.0,0.0,retrospective_airport_disruption_association
2022,SPS,destination,110,8,0,102,1,recovery_transition_2021_2022,0.07272727272727272,0.0,0.00980392156862745,retrospective_airport_disruption_association
2022,SPS,origin,117,6,0,111,3,recovery_transition_2021_2022,0.05128205128205128,0.0,0.02702702702702703,retrospective_airport_disruption_association
2022,SRQ,destination,1581,54,9,1518,50,recovery_transition_2021_2022,0.03415559772296015,0.0056925996204933585,0.03293807641633729,retrospective_airport_disruption_association
2022,SRQ,origin,1570,52,8,1510,63,recovery_transition_2021_2022,0.033121019108280254,0.005095541401273885,0.041721854304635764,retrospective_airport_disruption_association
2022,STC,destination,17,1,0,16,0,recovery_transition_2021_2022,0.058823529411764705,0.0,0.0,retrospective_airport_disruption_association
2022,STC,origin,10,0,0,10,0,recovery_transition_2021_2022,0.0,0.0,0.0,retrospective_airport_disruption_association
2022,STL,destination,5922,194,11,5717,118,recovery_transition_2021_2022,0.03275920297196893,0.0018574805808848362,0.0206401959069442,retrospective_airport_disruption_association
2022,STL,origin,6203,216,23,5964,148,recovery_transition_2021_2022,0.0348218603901338,0.0037078832822827665,0.02481556002682763,retrospective_airport_disruption_association
2022,STS,destination,440,5,0,435,14,recovery_transition_2021_2022,0.011363636363636364,0.0,0.03218390804597701,retrospective_airport_disruption_association
2022,STS,origin,443,5,2,436,6,recovery_transition_2021_2022,0.011286681715575621,0.004514672686230248,0.013761467889908258,retrospective_airport_disruption_association
2022,STT,destination,567,9,1,557,13,recovery_transition_2021_2022,0.015873015873015872,0.001763668430335097,0.02333931777378815,retrospective_airport_disruption_association
2022,STT,origin,512,15,32,465,20,recovery_transition_2021_2022,0.029296875,0.0625,0.043010752688172046,retrospective_airport_disruption_association
2022,STX,destination,122,2,0,120,1,recovery_transition_2021_2022,0.01639344262295082,0.0,0.008333333333333333,retrospective_airport_disruption_association
2022,STX,origin,118,1,0,117,3,recovery_transition_2021_2022,0.00847457627118644,0.0,0.02564102564102564,retrospective_airport_disruption_association
2022,SUN,destination,206,2,3,201,3,recovery_transition_2021_2022,0.009708737864077669,0.014563106796116505,0.014925373134328358,retrospective_airport_disruption_association
2022,SUN,origin,199,4,3,192,4,recovery_transition_2021_2022,0.020100502512562814,0.01507537688442211,0.020833333333333332,retrospective_airport_disruption_association
2022,SUX,destination,69,0,0,69,2,recovery_transition_2021_2022,0.0,0.0,0.028985507246376812,retrospective_airport_disruption_association
2022,SUX,origin,82,1,1,80,1,recovery_transition_2021_2022,0.012195121951219513,0.012195121951219513,0.0125,retrospective_airport_disruption_association
2022,SWF,destination,83,1,0,82,2,recovery_transition_2021_2022,0.012048192771084338,0.0,0.024390243902439025,retrospective_airport_disruption_association
2022,SWF,origin,88,3,0,85,5,recovery_transition_2021_2022,0.03409090909090909,0.0,0.058823529411764705,retrospective_airport_disruption_association
2022,SWO,destination,78,5,0,73,1,recovery_transition_2021_2022,0.0641025641025641,0.0,0.0136986301369863,retrospective_airport_disruption_association
2022,SWO,origin,66,1,0,65,1,recovery_transition_2021_2022,0.015151515151515152,0.0,0.015384615384615385,retrospective_airport_disruption_association
2022,SYR,destination,1383,61,2,1320,33,recovery_transition_2021_2022,0.044107013738250184,0.0014461315979754157,0.025,retrospective_airport_disruption_association
2022,SYR,origin,1346,55,4,1287,49,recovery_transition_2021_2022,0.04086181277860327,0.0029717682020802376,0.03807303807303807,retrospective_airport_disruption_association
2022,TBN,destination,49,1,0,48,3,recovery_transition_2021_2022,0.02040816326530612,0.0,0.0625,retrospective_airport_disruption_association
2022,TBN,origin,53,3,0,50,1,recovery_transition_2021_2022,0.05660377358490566,0.0,0.02,retrospective_airport_disruption_association
2022,TLH,destination,543,10,0,533,13,recovery_transition_2021_2022,0.01841620626151013,0.0,0.024390243902439025,retrospective_airport_disruption_association
2022,TLH,origin,544,12,2,530,14,recovery_transition_2021_2022,0.022058823529411766,0.003676470588235294,0.026415094339622643,retrospective_airport_disruption_association
2022,TOL,destination,76,1,0,75,1,recovery_transition_2021_2022,0.013157894736842105,0.0,0.013333333333333334,retrospective_airport_disruption_association
2022,TOL,origin,84,2,1,81,3,recovery_transition_2021_2022,0.023809523809523808,0.011904761904761904,0.037037037037037035,retrospective_airport_disruption_association
2022,TPA,destination,7600,274,19,7307,225,recovery_transition_2021_2022,0.03605263157894737,0.0025,0.030792390858081293,retrospective_airport_disruption_association
2022,TPA,origin,7489,259,19,7211,249,recovery_transition_2021_2022,0.03458405661637068,0.002537054346374683,0.03453057828317848,retrospective_airport_disruption_association
2022,TRI,destination,337,2,0,335,7,recovery_transition_2021_2022,0.005934718100890208,0.0,0.020895522388059702,retrospective_airport_disruption_association
2022,TRI,origin,315,3,1,311,10,recovery_transition_2021_2022,0.009523809523809525,0.0031746031746031746,0.03215434083601286,retrospective_airport_disruption_association
2022,TTN,destination,223,11,0,212,6,recovery_transition_2021_2022,0.04932735426008968,0.0,0.02830188679245283,retrospective_airport_disruption_association
2022,TTN,origin,221,13,2,206,7,recovery_transition_2021_2022,0.058823529411764705,0.00904977375565611,0.03398058252427184,retrospective_airport_disruption_association
2022,TUL,destination,1570,47,1,1522,35,recovery_transition_2021_2022,0.029936305732484077,0.0006369426751592356,0.022996057818659658,retrospective_airport_disruption_association
2022,TUL,origin,1578,37,6,1535,45,recovery_transition_2021_2022,0.023447401774397972,0.0038022813688212928,0.029315960912052116,retrospective_airport_disruption_association
2022,TUS,destination,1775,29,1,1745,37,recovery_transition_2021_2022,0.016338028169014085,0.0005633802816901409,0.021203438395415473,retrospective_airport_disruption_association
2022,TUS,origin,1642,25,4,1613,39,recovery_transition_2021_2022,0.015225334957369063,0.00243605359317905,0.02417854928704278,retrospective_airport_disruption_association
2022,TVC,destination,429,6,0,423,10,recovery_transition_2021_2022,0.013986013986013986,0.0,0.02364066193853428,retrospective_airport_disruption_association
2022,TVC,origin,420,9,1,410,15,recovery_transition_2021_2022,0.02142857142857143,0.002380952380952381,0.036585365853658534,retrospective_airport_disruption_association
2022,TWF,destination,46,0,0,46,0,recovery_transition_2021_2022,0.0,0.0,0.0,retrospective_airport_disruption_association
2022,TWF,origin,45,0,0,45,1,recovery_transition_2021_2022,0.0,0.0,0.022222222222222223,retrospective_airport_disruption_association
2022,TXK,destination,109,2,0,107,2,recovery_transition_2021_2022,0.01834862385321101,0.0,0.018691588785046728,retrospective_airport_disruption_association
2022,TXK,origin,85,2,0,83,2,recovery_transition_2021_2022,0.023529411764705882,0.0,0.024096385542168676,retrospective_airport_disruption_association
2022,TYR,destination,112,5,1,106,1,recovery_transition_2021_2022,0.044642857142857144,0.008928571428571428,0.009433962264150943,retrospective_airport_disruption_association
2022,TYR,origin,136,4,0,132,3,recovery_transition_2021_2022,0.029411764705882353,0.0,0.022727272727272728,retrospective_airport_disruption_association
2022,TYS,destination,1329,28,2,1299,47,recovery_transition_2021_2022,0.021068472535741158,0.0015048908954100827,0.036181678214010776,retrospective_airport_disruption_association
2022,TYS,origin,1336,23,6,1307,34,recovery_transition_2021_2022,0.01721556886227545,0.004491017964071856,0.026013771996939557,retrospective_airport_disruption_association
2022,USA,destination,96,8,1,87,2,recovery_transition_2021_2022,0.08333333333333333,0.010416666666666666,0.022988505747126436,retrospective_airport_disruption_association
2022,USA,origin,98,3,0,95,6,recovery_transition_2021_2022,0.030612244897959183,0.0,0.06315789473684211,retrospective_airport_disruption_association
2022,VCT,destination,55,2,0,53,1,recovery_transition_2021_2022,0.03636363636363636,0.0,0.018867924528301886,retrospective_airport_disruption_association
2022,VCT,origin,58,2,0,56,0,recovery_transition_2021_2022,0.034482758620689655,0.0,0.0,retrospective_airport_disruption_association
2022,VEL,destination,52,4,0,48,0,recovery_transition_2021_2022,0.07692307692307693,0.0,0.0,retrospective_airport_disruption_association
2022,VEL,origin,48,1,2,45,0,recovery_transition_2021_2022,0.020833333333333332,0.041666666666666664,0.0,retrospective_airport_disruption_association
2022,VLD,destination,103,0,1,102,7,recovery_transition_2021_2022,0.0,0.009708737864077669,0.06862745098039216,retrospective_airport_disruption_association
2022,VLD,origin,94,2,0,92,4,recovery_transition_2021_2022,0.02127659574468085,0.0,0.043478260869565216,retrospective_airport_disruption_association
2022,VPS,destination,957,24,4,929,27,recovery_transition_2021_2022,0.025078369905956112,0.0041797283176593526,0.02906350914962325,retrospective_airport_disruption_association
2022,VPS,origin,880,21,1,858,18,recovery_transition_2021_2022,0.023863636363636365,0.0011363636363636363,0.02097902097902098,retrospective_airport_disruption_association
2022,WRG,destination,77,1,0,76,2,recovery_transition_2021_2022,0.012987012987012988,0.0,0.02631578947368421,retrospective_airport_disruption_association
2022,WRG,origin,75,2,1,72,2,recovery_transition_2021_2022,0.02666666666666667,0.013333333333333334,0.027777777777777776,retrospective_airport_disruption_association
2022,WYS,destination,21,0,0,21,0,recovery_transition_2021_2022,0.0,0.0,0.0,retrospective_airport_disruption_association
2022,WYS,origin,26,0,0,26,1,recovery_transition_2021_2022,0.0,0.0,0.038461538461538464,retrospective_airport_disruption_association
2022,XNA,destination,1095,25,1,1069,21,recovery_transition_2021_2022,0.0228310502283105,0.0009132420091324201,0.019644527595884004,retrospective_airport_disruption_association
2022,XNA,origin,1096,22,5,1069,43,recovery_transition_2021_2022,0.020072992700729927,0.004562043795620438,0.040224508886810104,retrospective_airport_disruption_association
2022,XWA,destination,160,7,0,153,1,recovery_transition_2021_2022,0.04375,0.0,0.006535947712418301,retrospective_airport_disruption_association
2022,XWA,origin,133,8,0,125,7,recovery_transition_2021_2022,0.06015037593984962,0.0,0.056,retrospective_airport_disruption_association
2022,YAK,destination,66,2,0,64,1,recovery_transition_2021_2022,0.030303030303030304,0.0,0.015625,retrospective_airport_disruption_association
2022,YAK,origin,73,0,1,72,1,recovery_transition_2021_2022,0.0,0.0136986301369863,0.013888888888888888,retrospective_airport_disruption_association
2022,YKM,destination,60,2,0,58,2,recovery_transition_2021_2022,0.03333333333333333,0.0,0.034482758620689655,retrospective_airport_disruption_association
2022,YKM,origin,70,2,0,68,1,recovery_transition_2021_2022,0.02857142857142857,0.0,0.014705882352941176,retrospective_airport_disruption_association
2022,YUM,destination,160,1,0,159,4,recovery_transition_2021_2022,0.00625,0.0,0.025157232704402517,retrospective_airport_disruption_association
2022,YUM,origin,172,2,0,170,2,recovery_transition_2021_2022,0.011627906976744186,0.0,0.011764705882352941,retrospective_airport_disruption_association
2023,ABE,destination,291,3,0,288,15,partial_2023,0.010309278350515464,0.0,0.052083333333333336,retrospective_airport_disruption_association
2023,ABE,origin,260,3,1,256,9,partial_2023,0.011538461538461539,0.0038461538461538464,0.03515625,retrospective_airport_disruption_association
2023,ABI,destination,95,1,0,94,2,partial_2023,0.010526315789473684,0.0,0.02127659574468085,retrospective_airport_disruption_association
2023,ABI,origin,76,2,0,74,0,partial_2023,0.02631578947368421,0.0,0.0,retrospective_airport_disruption_association
2023,ABQ,destination,1561,11,1,1549,21,partial_2023,0.007046764894298526,0.0006406149903907751,0.01355713363460297,retrospective_airport_disruption_association
2023,ABQ,origin,1500,14,4,1482,31,partial_2023,0.009333333333333334,0.0026666666666666666,0.020917678812415654,retrospective_airport_disruption_association
2023,ABR,destination,44,1,0,43,1,partial_2023,0.022727272727272728,0.0,0.023255813953488372,retrospective_airport_disruption_association
2023,ABR,origin,57,0,0,57,3,partial_2023,0.0,0.0,0.05263157894736842,retrospective_airport_disruption_association
2023,ABY,destination,59,1,0,58,1,partial_2023,0.01694915254237288,0.0,0.017241379310344827,retrospective_airport_disruption_association
2023,ABY,origin,51,0,0,51,2,partial_2023,0.0,0.0,0.0392156862745098,retrospective_airport_disruption_association
2023,ACK,destination,147,5,1,141,6,partial_2023,0.034013605442176874,0.006802721088435374,0.0425531914893617,retrospective_airport_disruption_association
2023,ACK,origin,142,9,1,132,14,partial_2023,0.06338028169014084,0.007042253521126761,0.10606060606060606,retrospective_airport_disruption_association
2023,ACT,destination,77,1,0,76,0,partial_2023,0.012987012987012988,0.0,0.0,retrospective_airport_disruption_association
2023,ACT,origin,73,2,0,71,7,partial_2023,0.0273972602739726,0.0,0.09859154929577464,retrospective_airport_disruption_association
2023,ACV,destination,110,2,0,108,2,partial_2023,0.01818181818181818,0.0,0.018518518518518517,retrospective_airport_disruption_association
2023,ACV,origin,103,3,0,100,5,partial_2023,0.02912621359223301,0.0,0.05,retrospective_airport_disruption_association
2023,ACY,destination,204,5,0,199,5,partial_2023,0.024509803921568627,0.0,0.02512562814070352,retrospective_airport_disruption_association
2023,ACY,origin,179,3,0,176,6,partial_2023,0.01675977653631285,0.0,0.03409090909090909,retrospective_airport_disruption_association
2023,ADK,destination,6,2,0,4,0,partial_2023,0.3333333333333333,0.0,0.0,retrospective_airport_disruption_association
2023,ADK,origin,7,0,0,7,0,partial_2023,0.0,0.0,0.0,retrospective_airport_disruption_association
2023,ADQ,destination,66,1,0,65,3,partial_2023,0.015151515151515152,0.0,0.046153846153846156,retrospective_airport_disruption_association
2023,ADQ,origin,67,3,0,64,1,partial_2023,0.04477611940298507,0.0,0.015625,retrospective_airport_disruption_association
2023,AEX,destination,113,1,0,112,0,partial_2023,0.008849557522123894,0.0,0.0,retrospective_airport_disruption_association
2023,AEX,origin,117,0,0,117,3,partial_2023,0.0,0.0,0.02564102564102564,retrospective_airport_disruption_association
2023,AGS,destination,239,2,0,237,4,partial_2023,0.008368200836820083,0.0,0.016877637130801686,retrospective_airport_disruption_association
2023,AGS,origin,273,2,0,271,12,partial_2023,0.007326007326007326,0.0,0.04428044280442804,retrospective_airport_disruption_association
2023,AKN,destination,17,0,0,17,0,partial_2023,0.0,0.0,0.0,retrospective_airport_disruption_association
2023,AKN,origin,21,1,0,20,1,partial_2023,0.047619047619047616,0.0,0.05,retrospective_airport_disruption_association
2023,ALB,destination,830,15,3,812,18,partial_2023,0.018072289156626505,0.0036144578313253013,0.022167487684729065,retrospective_airport_disruption_association
2023,ALB,origin,808,11,2,795,30,partial_2023,0.013613861386138614,0.0024752475247524753,0.03773584905660377,retrospective_airport_disruption_association
2023,ALO,destination,5,1,0,4,0,partial_2023,0.2,0.0,0.0,retrospective_airport_disruption_association
2023,ALO,origin,4,1,0,3,0,partial_2023,0.25,0.0,0.0,retrospective_airport_disruption_association
2023,ALW,destination,10,0,0,10,1,partial_2023,0.0,0.0,0.1,retrospective_airport_disruption_association
2023,ALW,origin,14,0,0,14,0,partial_2023,0.0,0.0,0.0,retrospective_airport_disruption_association
2023,AMA,destination,413,10,1,402,12,partial_2023,0.024213075060532687,0.002421307506053269,0.029850746268656716,retrospective_airport_disruption_association
2023,AMA,origin,357,10,2,345,9,partial_2023,0.028011204481792718,0.0056022408963585435,0.02608695652173913,retrospective_airport_disruption_association
2023,ANC,destination,1342,19,1,1322,18,partial_2023,0.014157973174366617,0.0007451564828614009,0.01361573373676248,retrospective_airport_disruption_association
2023,ANC,origin,1312,18,1,1293,21,partial_2023,0.013719512195121951,0.0007621951219512195,0.016241299303944315,retrospective_airport_disruption_association
2023,APN,destination,23,1,0,22,0,partial_2023,0.043478260869565216,0.0,0.0,retrospective_airport_disruption_association
2023,APN,origin,26,2,0,24,1,partial_2023,0.07692307692307693,0.0,0.041666666666666664,retrospective_airport_disruption_association
2023,ASE,destination,467,33,26,408,20,partial_2023,0.07066381156316917,0.055674518201284794,0.049019607843137254,retrospective_airport_disruption_association
2023,ASE,origin,459,36,2,421,18,partial_2023,0.0784313725490196,0.004357298474945534,0.04275534441805225,retrospective_airport_disruption_association
2023,ATL,destination,22796,271,56,22469,738,partial_2023,0.011888050535181612,0.0024565713283032113,0.03284525346032311,retrospective_airport_disruption_association
2023,ATL,origin,22733,269,55,22409,650,partial_2023,0.01183301807944398,0.0024193903136409626,0.029006202864920345,retrospective_airport_disruption_association
2023,ATW,destination,349,8,3,338,14,partial_2023,0.022922636103151862,0.008595988538681949,0.04142011834319527,retrospective_airport_disruption_association
2023,ATW,origin,301,2,0,299,13,partial_2023,0.006644518272425249,0.0,0.043478260869565216,retrospective_airport_disruption_association
2023,AUS,destination,6227,99,9,6119,155,partial_2023,0.015898506503934477,0.0014453187730849527,0.025330936427520837,retrospective_airport_disruption_association
2023,AUS,origin,6281,100,12,6169,185,partial_2023,0.01592103168285305,0.001910523801942366,0.029988652942130004,retrospective_airport_disruption_association
2023,AVL,destination,707,7,1,699,23,partial_2023,0.009900990099009901,0.0014144271570014145,0.032904148783977114,retrospective_airport_disruption_association
2023,AVL,origin,704,13,4,687,24,partial_2023,0.018465909090909092,0.005681818181818182,0.034934497816593885,retrospective_airport_disruption_association
2023,AVP,destination,132,1,1,130,2,partial_2023,0.007575757575757576,0.007575757575757576,0.015384615384615385,retrospective_airport_disruption_association
2023,AVP,origin,133,1,0,132,7,partial_2023,0.007518796992481203,0.0,0.05303030303030303,retrospective_airport_disruption_association
2023,AZA,destination,384,2,1,381,10,partial_2023,0.005208333333333333,0.0026041666666666665,0.026246719160104987,retrospective_airport_disruption_association
2023,AZA,origin,390,1,0,389,6,partial_2023,0.002564102564102564,0.0,0.015424164524421594,retrospective_airport_disruption_association
2023,AZO,destination,79,2,0,77,2,partial_2023,0.02531645569620253,0.0,0.025974025974025976,retrospective_airport_disruption_association
2023,AZO,origin,53,1,0,52,3,partial_2023,0.018867924528301886,0.0,0.057692307692307696,retrospective_airport_disruption_association
2023,BDL,destination,1500,26,0,1474,46,partial_2023,0.017333333333333333,0.0,0.031207598371777476,retrospective_airport_disruption_association
2023,BDL,origin,1459,33,3,1423,62,partial_2023,0.022618231665524333,0.00205620287868403,0.04356992269852424,retrospective_airport_disruption_association
2023,BET,destination,37,1,0,36,0,partial_2023,0.02702702702702703,0.0,0.0,retrospective_airport_disruption_association
2023,BET,origin,40,0,0,40,0,partial_2023,0.0,0.0,0.0,retrospective_airport_disruption_association
2023,BFF,destination,39,0,0,39,1,partial_2023,0.0,0.0,0.02564102564102564,retrospective_airport_disruption_association
2023,BFF,origin,36,2,0,34,0,partial_2023,0.05555555555555555,0.0,0.0,retrospective_airport_disruption_association
2023,BFL,destination,179,3,0,176,11,partial_2023,0.01675977653631285,0.0,0.0625,retrospective_airport_disruption_association
2023,BFL,origin,186,2,0,184,7,partial_2023,0.010752688172043012,0.0,0.03804347826086957,retrospective_airport_disruption_association
2023,BGM,destination,60,2,0,58,4,partial_2023,0.03333333333333333,0.0,0.06896551724137931,retrospective_airport_disruption_association
2023,BGM,origin,39,2,0,37,2,partial_2023,0.05128205128205128,0.0,0.05405405405405406,retrospective_airport_disruption_association
2023,BGR,destination,299,10,0,289,9,partial_2023,0.033444816053511704,0.0,0.031141868512110725,retrospective_airport_disruption_association
2023,BGR,origin,332,16,1,315,8,partial_2023,0.04819277108433735,0.0030120481927710845,0.025396825396825397,retrospective_airport_disruption_association
2023,BHM,destination,1030,10,4,1016,32,partial_2023,0.009708737864077669,0.003883495145631068,0.031496062992125984,retrospective_airport_disruption_association
2023,BHM,origin,993,15,4,974,38,partial_2023,0.015105740181268883,0.004028197381671702,0.039014373716632446,retrospective_airport_disruption_association
2023,BIH,destination,24,1,0,23,1,partial_2023,0.041666666666666664,0.0,0.043478260869565216,retrospective_airport_disruption_association
2023,BIH,origin,26,1,0,25,1,partial_2023,0.038461538461538464,0.0,0.04,retrospective_airport_disruption_association
2023,BIL,destination,261,4,1,256,6,partial_2023,0.01532567049808429,0.0038314176245210726,0.0234375,retrospective_airport_disruption_association
2023,BIL,origin,240,4,0,236,6,partial_2023,0.016666666666666666,0.0,0.025423728813559324,retrospective_airport_disruption_association
2023,BIS,destination,237,3,1,233,9,partial_2023,0.012658227848101266,0.004219409282700422,0.03862660944206009,retrospective_airport_disruption_association
2023,BIS,origin,207,5,2,200,6,partial_2023,0.024154589371980676,0.00966183574879227,0.03,retrospective_airport_disruption_association
2023,BJI,destination,46,1,0,45,0,partial_2023,0.021739130434782608,0.0,0.0,retrospective_airport_disruption_association
2023,BJI,origin,47,0,0,47,2,partial_2023,0.0,0.0,0.0425531914893617,retrospective_airport_disruption_association
2023,BLI,destination,175,0,0,175,1,partial_2023,0.0,0.0,0.005714285714285714,retrospective_airport_disruption_association
2023,BLI,origin,201,0,1,200,3,partial_2023,0.0,0.004975124378109453,0.015,retrospective_airport_disruption_association
2023,BLV,destination,79,1,1,77,1,partial_2023,0.012658227848101266,0.012658227848101266,0.012987012987012988,retrospective_airport_disruption_association
2023,BLV,origin,72,0,0,72,2,partial_2023,0.0,0.0,0.027777777777777776,retrospective_airport_disruption_association
2023,BMI,destination,130,0,0,130,3,partial_2023,0.0,0.0,0.023076923076923078,retrospective_airport_disruption_association
2023,BMI,origin,124,1,0,123,3,partial_2023,0.008064516129032258,0.0,0.024390243902439025,retrospective_airport_disruption_association
2023,BNA,destination,6404,90,17,6296,189,partial_2023,0.014053716427232979,0.002654590880699563,0.030019059720457434,retrospective_airport_disruption_association
2023,BNA,origin,6549,105,13,6431,183,partial_2023,0.01603298213467705,0.001985035883340968,0.0284559166537086,retrospective_airport_disruption_association
2023,BOI,destination,1422,9,0,1413,31,partial_2023,0.006329113924050633,0.0,0.021939136588818117,retrospective_airport_disruption_association
2023,BOI,origin,1433,14,3,1416,32,partial_2023,0.009769713886950453,0.00209351011863224,0.022598870056497175,retrospective_airport_disruption_association
2023,BOS,destination,9661,216,20,9425,430,partial_2023,0.02235793396128765,0.0020701790704895973,0.04562334217506631,retrospective_airport_disruption_association
2023,BOS,origin,9527,207,22,9298,384,partial_2023,0.021727721213393513,0.002309226409152934,0.041299204129920414,retrospective_airport_disruption_association
2023,BPT,destination,45,3,0,42,0,partial_2023,0.06666666666666667,0.0,0.0,retrospective_airport_disruption_association
2023,BPT,origin,54,2,0,52,2,partial_2023,0.037037037037037035,0.0,0.038461538461538464,retrospective_airport_disruption_association
2023,BQK,destination,48,0,0,48,2,partial_2023,0.0,0.0,0.041666666666666664,retrospective_airport_disruption_association
2023,BQK,origin,52,1,0,51,1,partial_2023,0.019230769230769232,0.0,0.0196078431372549,retrospective_airport_disruption_association
2023,BQN,destination,196,8,1,187,13,partial_2023,0.04081632653061224,0.00510204081632653,0.06951871657754011,retrospective_airport_disruption_association
2023,BQN,origin,197,5,0,192,13,partial_2023,0.025380710659898477,0.0,0.06770833333333333,retrospective_airport_disruption_association
2023,BRD,destination,37,0,0,37,0,partial_2023,0.0,0.0,0.0,retrospective_airport_disruption_association
2023,BRD,origin,37,0,0,37,1,partial_2023,0.0,0.0,0.02702702702702703,retrospective_airport_disruption_association
2023,BRO,destination,87,1,1,85,2,partial_2023,0.011494252873563218,0.011494252873563218,0.023529411764705882,retrospective_airport_disruption_association
2023,BRO,origin,84,1,1,82,2,partial_2023,0.011904761904761904,0.011904761904761904,0.024390243902439025,retrospective_airport_disruption_association
2023,BRW,destination,26,0,0,26,0,partial_2023,0.0,0.0,0.0,retrospective_airport_disruption_association
2023,BRW,origin,20,1,0,19,0,partial_2023,0.05,0.0,0.0,retrospective_airport_disruption_association
2023,BTM,destination,46,0,0,46,0,partial_2023,0.0,0.0,0.0,retrospective_airport_disruption_association
2023,BTM,origin,48,2,0,46,0,partial_2023,0.041666666666666664,0.0,0.0,retrospective_airport_disruption_association
2023,BTR,destination,252,2,1,249,9,partial_2023,0.007936507936507936,0.003968253968253968,0.03614457831325301,retrospective_airport_disruption_association
2023,BTR,origin,285,4,0,281,11,partial_2023,0.014035087719298246,0.0,0.03914590747330961,retrospective_airport_disruption_association
2023,BTV,destination,549,20,0,529,17,partial_2023,0.03642987249544627,0.0,0.03213610586011342,retrospective_airport_disruption_association
2023,BTV,origin,553,17,0,536,20,partial_2023,0.03074141048824593,0.0,0.03731343283582089,retrospective_airport_disruption_association
2023,BUF,destination,1300,37,3,1260,54,partial_2023,0.02846153846153846,0.002307692307692308,0.04285714285714286,retrospective_airport_disruption_association
2023,BUF,origin,1353,33,4,1316,47,partial_2023,0.024390243902439025,0.0029563932002956393,0.03571428571428571,retrospective_airport_disruption_association
2023,BUR,destination,2012,34,5,1973,38,partial_2023,0.016898608349900597,0.002485089463220676,0.01926001013684744,retrospective_airport_disruption_association
2023,BUR,origin,2006,39,8,1959,36,partial_2023,0.019441674975074777,0.003988035892323031,0.018376722817764167,retrospective_airport_disruption_association
2023,BWI,destination,6477,96,10,6371,141,partial_2023,0.014821676702176934,0.001543924656476764,0.02213153351122273,retrospective_airport_disruption_association
2023,BWI,origin,6316,80,16,6220,191,partial_2023,0.01266624445851805,0.00253324889170361,0.030707395498392284,retrospective_airport_disruption_association
2023,BZN,destination,686,7,1,678,20,partial_2023,0.01020408163265306,0.0014577259475218659,0.029498525073746312,retrospective_airport_disruption_association
2023,BZN,origin,699,7,1,691,25,partial_2023,0.010014306151645207,0.001430615164520744,0.0361794500723589,retrospective_airport_disruption_association
2023,CAE,destination,422,15,0,407,15,partial_2023,0.035545023696682464,0.0,0.036855036855036855,retrospective_airport_disruption_association
2023,CAE,origin,423,9,0,414,19,partial_2023,0.02127659574468085,0.0,0.04589371980676329,retrospective_airport_disruption_association
2023,CAK,destination,232,4,1,227,6,partial_2023,0.017241379310344827,0.004310344827586207,0.02643171806167401,retrospective_airport_disruption_association
2023,CAK,origin,219,5,1,213,9,partial_2023,0.0228310502283105,0.0045662100456621,0.04225352112676056,retrospective_airport_disruption_association
2023,CDC,destination,40,0,0,40,0,partial_2023,0.0,0.0,0.0,retrospective_airport_disruption_association
2023,CDC,origin,40,0,1,39,1,partial_2023,0.0,0.025,0.02564102564102564,retrospective_airport_disruption_association
2023,CDV,destination,48,0,0,48,1,partial_2023,0.0,0.0,0.020833333333333332,retrospective_airport_disruption_association
2023,CDV,origin,46,0,0,46,1,partial_2023,0.0,0.0,0.021739130434782608,retrospective_airport_disruption_association
2023,CHA,destination,390,0,0,390,7,partial_2023,0.0,0.0,0.017948717948717947,retrospective_airport_disruption_association
2023,CHA,origin,391,2,0,389,12,partial_2023,0.005115089514066497,0.0,0.030848329048843187,retrospective_airport_disruption_association
2023,CHO,destination,214,5,0,209,2,partial_2023,0.02336448598130841,0.0,0.009569377990430622,retrospective_airport_disruption_association
2023,CHO,origin,183,6,0,177,6,partial_2023,0.03278688524590164,0.0,0.03389830508474576,retrospective_airport_disruption_association
2023,CHS,destination,1732,40,9,1683,49,partial_2023,0.023094688221709007,0.005196304849884526,0.029114676173499703,retrospective_airport_disruption_association
2023,CHS,origin,1642,25,5,1612,46,partial_2023,0.015225334957369063,0.0030450669914738123,0.028535980148883373,retrospective_airport_disruption_association
2023,CID,destination,460,11,0,449,15,partial_2023,0.02391304347826087,0.0,0.0334075723830735,retrospective_airport_disruption_association
2023,CID,origin,412,6,0,406,20,partial_2023,0.014563106796116505,0.0,0.04926108374384237,retrospective_airport_disruption_association
2023,CIU,destination,41,0,0,41,0,partial_2023,0.0,0.0,0.0,retrospective_airport_disruption_association
2023,CIU,origin,49,3,0,46,3,partial_2023,0.061224489795918366,0.0,0.06521739130434782,retrospective_airport_disruption_association
2023,CKB,destination,14,0,0,14,2,partial_2023,0.0,0.0,0.14285714285714285,retrospective_airport_disruption_association
2023,CKB,origin,12,0,0,12,0,partial_2023,0.0,0.0,0.0,retrospective_airport_disruption_association
2023,CLE,destination,2653,57,3,2593,89,partial_2023,0.02148511119487373,0.0011307953260459858,0.03432317778634786,retrospective_airport_disruption_association
2023,CLE,origin,2782,66,5,2711,87,partial_2023,0.02372393961179008,0.0017972681524083393,0.032091479158981924,retrospective_airport_disruption_association
2023,CLL,destination,71,2,1,68,3,partial_2023,0.028169014084507043,0.014084507042253521,0.04411764705882353,retrospective_airport_disruption_association
2023,CLL,origin,50,3,0,47,3,partial_2023,0.06,0.0,0.06382978723404255,retrospective_airport_disruption_association
2023,CLT,destination,13073,156,19,12898,492,partial_2023,0.011932991662204543,0.0014533771896274765,0.03814544890680726,retrospective_airport_disruption_association
2023,CLT,origin,12978,142,37,12799,465,partial_2023,0.010941593465865311,0.002850978579133919,0.03633096335651223,retrospective_airport_disruption_association
2023,CMH,destination,2786,57,1,2728,102,partial_2023,0.020459440057430008,0.0003589375448671931,0.0373900293255132,retrospective_airport_disruption_association
2023,CMH,origin,2812,51,3,2758,71,partial_2023,0.01813655761024182,0.0010668563300142249,0.02574329224075417,retrospective_airport_disruption_association
2023,CMI,destination,90,2,0,88,0,partial_2023,0.022222222222222223,0.0,0.0,retrospective_airport_disruption_association
2023,CMI,origin,95,1,0,94,2,partial_2023,0.010526315789473684,0.0,0.02127659574468085,retrospective_airport_disruption_association
2023,CMX,destination,43,3,0,40,4,partial_2023,0.06976744186046512,0.0,0.1,retrospective_airport_disruption_association
2023,CMX,origin,50,1,0,49,0,partial_2023,0.02,0.0,0.0,retrospective_airport_disruption_association
2023,CNY,destination,34,0,0,34,0,partial_2023,0.0,0.0,0.0,retrospective_airport_disruption_association
2023,CNY,origin,41,2,0,39,2,partial_2023,0.04878048780487805,0.0,0.05128205128205128,retrospective_airport_disruption_association
2023,COS,destination,796,21,0,775,24,partial_2023,0.026381909547738693,0.0,0.03096774193548387,retrospective_airport_disruption_association
2023,COS,origin,709,10,0,699,18,partial_2023,0.014104372355430184,0.0,0.02575107296137339,retrospective_airport_disruption_association
2023,COU,destination,92,1,0,91,0,partial_2023,0.010869565217391304,0.0,0.0,retrospective_airport_disruption_association
2023,COU,origin,83,1,0,82,2,partial_2023,0.012048192771084338,0.0,0.024390243902439025,retrospective_airport_disruption_association
2023,CPR,destination,117,3,0,114,4,partial_2023,0.02564102564102564,0.0,0.03508771929824561,retrospective_airport_disruption_association
2023,CPR,origin,130,5,0,125,5,partial_2023,0.038461538461538464,0.0,0.04,retrospective_airport_disruption_association
2023,CRP,destination,248,3,1,244,3,partial_2023,0.012096774193548387,0.004032258064516129,0.012295081967213115,retrospective_airport_disruption_association
2023,CRP,origin,264,7,0,257,1,partial_2023,0.026515151515151516,0.0,0.0038910505836575876,retrospective_airport_disruption_association
2023,CRW,destination,240,5,2,233,7,partial_2023,0.020833333333333332,0.008333333333333333,0.030042918454935622,retrospective_airport_disruption_association
2023,CRW,origin,241,4,1,236,15,partial_2023,0.016597510373443983,0.004149377593360996,0.0635593220338983,retrospective_airport_disruption_association
2023,CSG,destination,67,2,1,64,2,partial_2023,0.029850746268656716,0.014925373134328358,0.03125,retrospective_airport_disruption_association
2023,CSG,origin,71,0,0,71,1,partial_2023,0.0,0.0,0.014084507042253521,retrospective_airport_disruption_association
2023,CVG,destination,2638,38,5,2595,83,partial_2023,0.014404852160727824,0.0018953752843062926,0.03198458574181118,retrospective_airport_disruption_association
2023,CVG,origin,2725,49,5,2671,79,partial_2023,0.01798165137614679,0.001834862385321101,0.029576937476600524,retrospective_airport_disruption_association
2023,CWA,destination,79,1,0,78,2,partial_2023,0.012658227848101266,0.0,0.02564102564102564,retrospective_airport_disruption_association
2023,CWA,origin,92,0,0,92,1,partial_2023,0.0,0.0,0.010869565217391304,retrospective_airport_disruption_association
2023,CYS,destination,24,1,0,23,1,partial_2023,0.041666666666666664,0.0,0.043478260869565216,retrospective_airport_disruption_association
2023,CYS,origin,11,0,0,11,1,partial_2023,0.0,0.0,0.09090909090909091,retrospective_airport_disruption_association
2023,DAB,destination,212,3,1,208,5,partial_2023,0.014150943396226415,0.0047169811320754715,0.02403846153846154,retrospective_airport_disruption_association
2023,DAB,origin,208,4,1,203,9,partial_2023,0.019230769230769232,0.004807692307692308,0.04433497536945813,retrospective_airport_disruption_association
2023,DAL,destination,5023,116,26,4881,94,partial_2023,0.023093768664144934,0.005176189528170416,0.019258348699037083,retrospective_airport_disruption_association
2023,DAL,origin,5053,125,10,4918,87,partial_2023,0.024737779536908765,0.0019790223629527013,0.01769011793411956,retrospective_airport_disruption_association
2023,DAY,destination,437,6,1,430,12,partial_2023,0.013729977116704805,0.002288329519450801,0.027906976744186046,retrospective_airport_disruption_association
2023,DAY,origin,470,4,1,465,16,partial_2023,0.00851063829787234,0.002127659574468085,0.034408602150537634,retrospective_airport_disruption_association
2023,DCA,destination,9645,165,42,9438,273,partial_2023,0.017107309486780714,0.004354587869362364,0.028925619834710745,retrospective_airport_disruption_association
2023,DCA,origin,9622,192,29,9401,283,partial_2023,0.01995427146123467,0.0030139264186239867,0.030103180512711415,retrospective_airport_disruption_association
2023,DDC,destination,32,1,0,31,1,partial_2023,0.03125,0.0,0.03225806451612903,retrospective_airport_disruption_association
2023,DDC,origin,41,2,1,38,2,partial_2023,0.04878048780487805,0.024390243902439025,0.05263157894736842,retrospective_airport_disruption_association
2023,DEC,destination,59,0,1,58,1,partial_2023,0.0,0.01694915254237288,0.017241379310344827,retrospective_airport_disruption_association
2023,DEC,origin,62,2,0,60,4,partial_2023,0.03225806451612903,0.0,0.06666666666666667,retrospective_airport_disruption_association
2023,DEN,destination,19591,397,108,19086,705,partial_2023,0.020264407125720994,0.005512735439742739,0.03693806978937441,retrospective_airport_disruption_association
2023,DEN,origin,19344,349,55,18940,659,partial_2023,0.01804177005789909,0.0028432588916459884,0.034794086589229146,retrospective_airport_disruption_association
2023,DFW,destination,19157,443,72,18642,820,partial_2023,0.023124706373649318,0.003758417288719528,0.04398669670636198,retrospective_airport_disruption_association
2023,DFW,origin,19271,417,61,18793,802,partial_2023,0.02163873177313061,0.003165378029162991,0.04267546426861065,retrospective_airport_disruption_association
2023,DHN,destination,39,0,0,39,0,partial_2023,0.0,0.0,0.0,retrospective_airport_disruption_association
2023,DHN,origin,60,1,0,59,0,partial_2023,0.016666666666666666,0.0,0.0,retrospective_airport_disruption_association
2023,DIK,destination,44,0,1,43,2,partial_2023,0.0,0.022727272727272728,0.046511627906976744,retrospective_airport_disruption_association
2023,DIK,origin,40,1,1,38,0,partial_2023,0.025,0.025,0.0,retrospective_airport_disruption_association
2023,DLG,destination,17,1,0,16,0,partial_2023,0.058823529411764705,0.0,0.0,retrospective_airport_disruption_association
2023,DLG,origin,13,1,0,12,0,partial_2023,0.07692307692307693,0.0,0.0,retrospective_airport_disruption_association
2023,DLH,destination,128,1,1,126,2,partial_2023,0.0078125,0.0078125,0.015873015873015872,retrospective_airport_disruption_association
2023,DLH,origin,116,3,0,113,5,partial_2023,0.02586206896551724,0.0,0.04424778761061947,retrospective_airport_disruption_association
2023,DRO,destination,226,5,0,221,7,partial_2023,0.022123893805309734,0.0,0.03167420814479638,retrospective_airport_disruption_association
2023,DRO,origin,248,3,1,244,11,partial_2023,0.012096774193548387,0.004032258064516129,0.045081967213114756,retrospective_airport_disruption_association
2023,DRT,destination,10,0,0,10,0,partial_2023,0.0,0.0,0.0,retrospective_airport_disruption_association
2023,DRT,origin,18,1,0,17,1,partial_2023,0.05555555555555555,0.0,0.058823529411764705,retrospective_airport_disruption_association
2023,DSM,destination,988,10,0,978,34,partial_2023,0.010121457489878543,0.0,0.034764826175869123,retrospective_airport_disruption_association
2023,DSM,origin,1010,9,5,996,32,partial_2023,0.00891089108910891,0.0049504950495049506,0.0321285140562249,retrospective_airport_disruption_association
2023,DTW,destination,8624,140,12,8472,286,partial_2023,0.016233766233766232,0.0013914656771799629,0.03375826251180359,retrospective_airport_disruption_association
2023,DTW,origin,8641,153,16,8472,231,partial_2023,0.017706283994907996,0.0018516375419511631,0.02726628895184136,retrospective_airport_disruption_association
2023,DVL,destination,55,1,1,53,0,partial_2023,0.01818181818181818,0.01818181818181818,0.0,retrospective_airport_disruption_association
2023,DVL,origin,43,7,2,34,2,partial_2023,0.16279069767441862,0.046511627906976744,0.058823529411764705,retrospective_airport_disruption_association
2023,ECP,destination,458,2,0,456,9,partial_2023,0.004366812227074236,0.0,0.019736842105263157,retrospective_airport_disruption_association
2023,ECP,origin,453,3,0,450,13,partial_2023,0.006622516556291391,0.0,0.028888888888888888,retrospective_airport_disruption_association
2023,EGE,destination,247,3,0,244,8,partial_2023,0.012145748987854251,0.0,0.03278688524590164,retrospective_airport_disruption_association
2023,EGE,origin,258,7,4,247,14,partial_2023,0.027131782945736434,0.015503875968992248,0.05668016194331984,retrospective_airport_disruption_association
2023,EKO,destination,21,0,0,21,0,partial_2023,0.0,0.0,0.0,retrospective_airport_disruption_association
2023,EKO,origin,23,0,0,23,0,partial_2023,0.0,0.0,0.0,retrospective_airport_disruption_association
2023,ELM,destination,66,1,0,65,1,partial_2023,0.015151515151515152,0.0,0.015384615384615385,retrospective_airport_disruption_association
2023,ELM,origin,73,1,0,72,2,partial_2023,0.0136986301369863,0.0,0.027777777777777776,retrospective_airport_disruption_association
2023,ELP,destination,1135,14,2,1119,33,partial_2023,0.012334801762114538,0.001762114537444934,0.029490616621983913,retrospective_airport_disruption_association
2023,ELP,origin,1072,14,4,1054,26,partial_2023,0.013059701492537313,0.0037313432835820895,0.024667931688804556,retrospective_airport_disruption_association
2023,ERI,destination,28,0,0,28,2,partial_2023,0.0,0.0,0.07142857142857142,retrospective_airport_disruption_association
2023,ERI,origin,22,1,0,21,1,partial_2023,0.045454545454545456,0.0,0.047619047619047616,retrospective_airport_disruption_association
2023,ESC,destination,46,0,0,46,0,partial_2023,0.0,0.0,0.0,retrospective_airport_disruption_association
2023,ESC,origin,44,0,0,44,2,partial_2023,0.0,0.0,0.045454545454545456,retrospective_airport_disruption_association
2023,EUG,destination,512,2,0,510,9,partial_2023,0.00390625,0.0,0.01764705882352941,retrospective_airport_disruption_association
2023,EUG,origin,482,1,0,481,12,partial_2023,0.002074688796680498,0.0,0.02494802494802495,retrospective_airport_disruption_association
2023,EVV,destination,143,3,0,140,2,partial_2023,0.02097902097902098,0.0,0.014285714285714285,retrospective_airport_disruption_association
2023,EVV,origin,131,2,0,129,3,partial_2023,0.015267175572519083,0.0,0.023255813953488372,retrospective_airport_disruption_association
2023,EWN,destination,11,0,0,11,1,partial_2023,0.0,0.0,0.09090909090909091,retrospective_airport_disruption_association
2023,EWN,origin,13,0,0,13,0,partial_2023,0.0,0.0,0.0,retrospective_airport_disruption_association
2023,EWR,destination,9624,335,40,9249,398,partial_2023,0.03480881130507066,0.004156275976724855,0.04303167910044329,retrospective_airport_disruption_association
2023,EWR,origin,9583,341,24,9218,450,partial_2023,0.035583846394657205,0.002504434936867369,0.04881753091776958,retrospective_airport_disruption_association
2023,EYW,destination,471,5,1,465,11,partial_2023,0.010615711252653927,0.0021231422505307855,0.023655913978494623,retrospective_airport_disruption_association
2023,EYW,origin,491,6,4,481,15,partial_2023,0.012219959266802444,0.008146639511201629,0.031185031185031187,retrospective_airport_disruption_association
2023,FAI,destination,205,1,0,204,2,partial_2023,0.004878048780487805,0.0,0.00980392156862745,retrospective_airport_disruption_association
2023,FAI,origin,248,2,0,246,1,partial_2023,0.008064516129032258,0.0,0.0040650406504065045,retrospective_airport_disruption_association
2023,FAR,destination,463,13,0,450,8,partial_2023,0.028077753779697623,0.0,0.017777777777777778,retrospective_airport_disruption_association
2023,FAR,origin,420,11,0,409,10,partial_2023,0.02619047619047619,0.0,0.02444987775061125,retrospective_airport_disruption_association
2023,FAT,destination,746,4,0,742,22,partial_2023,0.005361930294906166,0.0,0.029649595687331536,retrospective_airport_disruption_association
2023,FAT,origin,777,4,2,771,19,partial_2023,0.005148005148005148,0.002574002574002574,0.02464332036316472,retrospective_airport_disruption_association
2023,FAY,destination,84,0,1,83,2,partial_2023,0.0,0.011904761904761904,0.024096385542168676,retrospective_airport_disruption_association
2023,FAY,origin,84,4,0,80,6,partial_2023,0.047619047619047616,0.0,0.075,retrospective_airport_disruption_association
2023,FCA,destination,227,2,0,225,6,partial_2023,0.00881057268722467,0.0,0.02666666666666667,retrospective_airport_disruption_association
2023,FCA,origin,279,3,0,276,10,partial_2023,0.010752688172043012,0.0,0.036231884057971016,retrospective_airport_disruption_association
2023,FLG,destination,107,6,0,101,0,partial_2023,0.056074766355140186,0.0,0.0,retrospective_airport_disruption_association
2023,FLG,origin,112,6,1,105,1,partial_2023,0.05357142857142857,0.008928571428571428,0.009523809523809525,retrospective_airport_disruption_association
2023,FLL,destination,6186,155,38,5993,312,partial_2023,0.02505657937277724,0.006142903330100227,0.052060737527114966,retrospective_airport_disruption_association
2023,FLL,origin,6231,167,14,6050,384,partial_2023,0.026801476488525117,0.0022468303643074948,0.06347107438016529,retrospective_airport_disruption_association
2023,FNT,destination,134,2,0,132,8,partial_2023,0.014925373134328358,0.0,0.06060606060606061,retrospective_airport_disruption_association
2023,FNT,origin,158,1,1,156,10,partial_2023,0.006329113924050633,0.006329113924050633,0.0641025641025641,retrospective_airport_disruption_association
2023,FOD,destination,38,3,0,35,2,partial_2023,0.07894736842105263,0.0,0.05714285714285714,retrospective_airport_disruption_association
2023,FOD,origin,43,4,1,38,4,partial_2023,0.09302325581395349,0.023255813953488372,0.10526315789473684,retrospective_airport_disruption_association
2023,FSD,destination,496,10,1,485,20,partial_2023,0.020161290322580645,0.0020161290322580645,0.041237113402061855,retrospective_airport_disruption_association
2023,FSD,origin,473,15,1,457,16,partial_2023,0.03171247357293869,0.0021141649048625794,0.0350109409190372,retrospective_airport_disruption_association
2023,FSM,destination,64,1,0,63,0,partial_2023,0.015625,0.0,0.0,retrospective_airport_disruption_association
2023,FSM,origin,74,1,0,73,2,partial_2023,0.013513513513513514,0.0,0.0273972602739726,retrospective_airport_disruption_association
2023,FWA,destination,262,4,0,258,5,partial_2023,0.015267175572519083,0.0,0.01937984496124031,retrospective_airport_disruption_association
2023,FWA,origin,276,7,0,269,17,partial_2023,0.025362318840579712,0.0,0.06319702602230483,retrospective_airport_disruption_association
2023,GCC,destination,35,1,0,34,2,partial_2023,0.02857142857142857,0.0,0.058823529411764705,retrospective_airport_disruption_association
2023,GCC,origin,40,2,0,38,2,partial_2023,0.05,0.0,0.05263157894736842,retrospective_airport_disruption_association
2023,GCK,destination,57,3,0,54,3,partial_2023,0.05263157894736842,0.0,0.05555555555555555,retrospective_airport_disruption_association
2023,GCK,origin,51,2,0,49,1,partial_2023,0.0392156862745098,0.0,0.02040816326530612,retrospective_airport_disruption_association
2023,GEG,destination,1083,11,1,1071,22,partial_2023,0.010156971375807941,0.0009233610341643582,0.02054154995331466,retrospective_airport_disruption_association
2023,GEG,origin,1093,4,1,1088,25,partial_2023,0.0036596523330283625,0.0009149130832570906,0.02297794117647059,retrospective_airport_disruption_association
2023,GFK,destination,85,1,0,84,1,partial_2023,0.011764705882352941,0.0,0.011904761904761904,retrospective_airport_disruption_association
2023,GFK,origin,74,0,1,73,2,partial_2023,0.0,0.013513513513513514,0.0273972602739726,retrospective_airport_disruption_association
2023,GGG,destination,51,1,0,50,0,partial_2023,0.0196078431372549,0.0,0.0,retrospective_airport_disruption_association
2023,GGG,origin,61,2,0,59,6,partial_2023,0.03278688524590164,0.0,0.1016949152542373,retrospective_airport_disruption_association
2023,GJT,destination,222,7,1,214,2,partial_2023,0.03153153153153153,0.0045045045045045045,0.009345794392523364,retrospective_airport_disruption_association
2023,GJT,origin,207,1,1,205,9,partial_2023,0.004830917874396135,0.004830917874396135,0.04390243902439024,retrospective_airport_disruption_association
2023,GNV,destination,188,2,0,186,5,partial_2023,0.010638297872340425,0.0,0.026881720430107527,retrospective_airport_disruption_association
2023,GNV,origin,199,2,0,197,8,partial_2023,0.010050251256281407,0.0,0.04060913705583756,retrospective_airport_disruption_association
2023,GPT,destination,194,3,1,190,4,partial_2023,0.015463917525773196,0.005154639175257732,0.021052631578947368,retrospective_airport_disruption_association
2023,GPT,origin,220,5,0,215,6,partial_2023,0.022727272727272728,0.0,0.027906976744186046,retrospective_airport_disruption_association
2023,GRB,destination,248,3,1,244,6,partial_2023,0.012096774193548387,0.004032258064516129,0.02459016393442623,retrospective_airport_disruption_association
2023,GRB,origin,269,5,0,264,9,partial_2023,0.01858736059479554,0.0,0.03409090909090909,retrospective_airport_disruption_association
2023,GRI,destination,60,0,0,60,0,partial_2023,0.0,0.0,0.0,retrospective_airport_disruption_association
2023,GRI,origin,60,2,1,57,4,partial_2023,0.03333333333333333,0.016666666666666666,0.07017543859649122,retrospective_airport_disruption_association
2023,GRK,destination,99,2,0,97,0,partial_2023,0.020202020202020204,0.0,0.0,retrospective_airport_disruption_association
2023,GRK,origin,94,1,0,93,0,partial_2023,0.010638297872340425,0.0,0.0,retrospective_airport_disruption_association
2023,GRR,destination,1058,29,3,1026,35,partial_2023,0.027410207939508508,0.002835538752362949,0.0341130604288499,retrospective_airport_disruption_association
2023,GRR,origin,1123,25,5,1093,25,partial_2023,0.02226179875333927,0.004452359750667854,0.022872827081427266,retrospective_airport_disruption_association
2023,GSO,destination,672,14,0,658,17,partial_2023,0.020833333333333332,0.0,0.025835866261398176,retrospective_airport_disruption_association
2023,GSO,origin,691,16,2,673,15,partial_2023,0.023154848046309694,0.002894356005788712,0.022288261515601784,retrospective_airport_disruption_association
2023,GSP,destination,858,18,1,839,20,partial_2023,0.02097902097902098,0.0011655011655011655,0.023837902264600714,retrospective_airport_disruption_association
2023,GSP,origin,879,9,2,868,18,partial_2023,0.010238907849829351,0.0022753128555176336,0.020737327188940093,retrospective_airport_disruption_association
2023,GST,destination,14,0,0,14,0,partial_2023,0.0,0.0,0.0,retrospective_airport_disruption_association
2023,GST,origin,7,0,0,7,0,partial_2023,0.0,0.0,0.0,retrospective_airport_disruption_association
2023,GTF,destination,168,0,0,168,0,partial_2023,0.0,0.0,0.0,retrospective_airport_disruption_association
2023,GTF,origin,186,2,2,182,6,partial_2023,0.010752688172043012,0.010752688172043012,0.03296703296703297,retrospective_airport_disruption_association
2023,GTR,destination,65,0,0,65,2,partial_2023,0.0,0.0,0.03076923076923077,retrospective_airport_disruption_association
2023,GTR,origin,61,0,0,61,2,partial_2023,0.0,0.0,0.03278688524590164,retrospective_airport_disruption_association
2023,GUC,destination,47,3,1,43,3,partial_2023,0.06382978723404255,0.02127659574468085,0.06976744186046512,retrospective_airport_disruption_association
2023,GUC,origin,61,3,0,58,2,partial_2023,0.04918032786885246,0.0,0.034482758620689655,retrospective_airport_disruption_association
2023,GUM,destination,53,1,0,52,0,partial_2023,0.018867924528301886,0.0,0.0,retrospective_airport_disruption_association
2023,GUM,origin,49,2,0,47,0,partial_2023,0.04081632653061224,0.0,0.0,retrospective_airport_disruption_association
2023,HDN,destination,180,5,3,172,3,partial_2023,0.027777777777777776,0.016666666666666666,0.01744186046511628,retrospective_airport_disruption_association
2023,HDN,origin,214,8,0,206,6,partial_2023,0.037383177570093455,0.0,0.02912621359223301,retrospective_airport_disruption_association
2023,HGR,destination,11,0,0,11,0,partial_2023,0.0,0.0,0.0,retrospective_airport_disruption_association
2023,HGR,origin,22,0,0,22,2,partial_2023,0.0,0.0,0.09090909090909091,retrospective_airport_disruption_association
2023,HHH,destination,125,0,0,125,1,partial_2023,0.0,0.0,0.008,retrospective_airport_disruption_association
2023,HHH,origin,134,1,1,132,5,partial_2023,0.007462686567164179,0.007462686567164179,0.03787878787878788,retrospective_airport_disruption_association
2023,HIB,destination,49,1,0,48,0,partial_2023,0.02040816326530612,0.0,0.0,retrospective_airport_disruption_association
2023,HIB,origin,51,3,0,48,2,partial_2023,0.058823529411764705,0.0,0.041666666666666664,retrospective_airport_disruption_association
2023,HLN,destination,95,1,0,94,0,partial_2023,0.010526315789473684,0.0,0.0,retrospective_airport_disruption_association
2023,HLN,origin,101,1,0,100,4,partial_2023,0.009900990099009901,0.0,0.04,retrospective_airport_disruption_association
2023,HNL,destination,4169,40,5,4124,77,partial_2023,0.00959462700887503,0.0011993283761093788,0.018671193016488844,retrospective_airport_disruption_association
2023,HNL,origin,4116,48,6,4062,59,partial_2023,0.011661807580174927,0.0014577259475218659,0.014524864598719843,retrospective_airport_disruption_association
2023,HOU,destination,3467,38,9,3420,52,partial_2023,0.010960484568791463,0.0025959042399769255,0.0152046783625731,retrospective_airport_disruption_association
2023,HOU,origin,3648,33,4,3611,55,partial_2023,0.009046052631578948,0.0010964912280701754,0.015231237884242592,retrospective_airport_disruption_association
2023,HPN,destination,864,17,5,842,36,partial_2023,0.019675925925925927,0.005787037037037037,0.04275534441805225,retrospective_airport_disruption_association
2023,HPN,origin,919,14,3,902,30,partial_2023,0.015233949945593036,0.003264417845484222,0.03325942350332594,retrospective_airport_disruption_association
2023,HRL,destination,243,6,0,237,4,partial_2023,0.024691358024691357,0.0,0.016877637130801686,retrospective_airport_disruption_association
2023,HRL,origin,208,2,1,205,0,partial_2023,0.009615384615384616,0.004807692307692308,0.0,retrospective_airport_disruption_association
2023,HSV,destination,535,10,0,525,16,partial_2023,0.018691588785046728,0.0,0.030476190476190476,retrospective_airport_disruption_association
2023,HSV,origin,534,10,0,524,13,partial_2023,0.018726591760299626,0.0,0.02480916030534351,retrospective_airport_disruption_association
2023,HTS,destination,28,1,0,27,0,partial_2023,0.03571428571428571,0.0,0.0,retrospective_airport_disruption_association
2023,HTS,origin,20,1,0,19,2,partial_2023,0.05,0.0,0.10526315789473684,retrospective_airport_disruption_association
2023,HYA,destination,20,3,0,17,1,partial_2023,0.15,0.0,0.058823529411764705,retrospective_airport_disruption_association
2023,HYA,origin,18,2,0,16,1,partial_2023,0.1111111111111111,0.0,0.0625,retrospective_airport_disruption_association
2023,HYS,destination,39,1,0,38,0,partial_2023,0.02564102564102564,0.0,0.0,retrospective_airport_disruption_association
2023,HYS,origin,57,2,0,55,5,partial_2023,0.03508771929824561,0.0,0.09090909090909091,retrospective_airport_disruption_association
2023,IAD,destination,3302,43,7,3252,94,partial_2023,0.013022410660205935,0.0021199273167777106,0.02890528905289053,retrospective_airport_disruption_association
2023,IAD,origin,3389,44,10,3335,96,partial_2023,0.012983180879315432,0.0029507229271171437,0.0287856071964018,retrospective_airport_disruption_association
2023,IAG,destination,16,0,0,16,0,partial_2023,0.0,0.0,0.0,retrospective_airport_disruption_association
2023,IAG,origin,19,0,0,19,2,partial_2023,0.0,0.0,0.10526315789473684,retrospective_airport_disruption_association
2023,IAH,destination,7696,134,30,7532,287,partial_2023,0.017411642411642413,0.0038981288981288983,0.03810408921933085,retrospective_airport_disruption_association
2023,IAH,origin,7779,98,31,7650,313,partial_2023,0.012598020311093971,0.00398508805759095,0.04091503267973856,retrospective_airport_disruption_association
2023,ICT,destination,586,5,2,579,8,partial_2023,0.008532423208191127,0.0034129692832764505,0.013816925734024179,retrospective_airport_disruption_association
2023,ICT,origin,582,7,1,574,16,partial_2023,0.012027491408934709,0.001718213058419244,0.027874564459930314,retrospective_airport_disruption_association
2023,IDA,destination,226,3,0,223,2,partial_2023,0.01327433628318584,0.0,0.008968609865470852,retrospective_airport_disruption_association
2023,IDA,origin,203,2,3,198,11,partial_2023,0.009852216748768473,0.014778325123152709,0.05555555555555555,retrospective_airport_disruption_association
2023,ILM,destination,541,15,0,526,15,partial_2023,0.027726432532347505,0.0,0.028517110266159697,retrospective_airport_disruption_association
2023,ILM,origin,496,21,1,474,16,partial_2023,0.04233870967741935,0.0020161290322580645,0.03375527426160337,retrospective_airport_disruption_association
2023,IMT,destination,39,0,0,39,0,partial_2023,0.0,0.0,0.0,retrospective_airport_disruption_association
2023,IMT,origin,48,0,0,48,0,partial_2023,0.0,0.0,0.0,retrospective_airport_disruption_association
2023,IND,destination,3006,55,3,2948,90,partial_2023,0.018296739853626082,0.000998003992015968,0.030529172320217096,retrospective_airport_disruption_association
2023,IND,origin,3048,63,6,2979,84,partial_2023,0.02066929133858268,0.001968503937007874,0.028197381671701913,retrospective_airport_disruption_association
2023,INL,destination,39,0,0,39,0,partial_2023,0.0,0.0,0.0,retrospective_airport_disruption_association
2023,INL,origin,29,0,0,29,0,partial_2023,0.0,0.0,0.0,retrospective_airport_disruption_association
2023,ISP,destination,315,3,0,312,8,partial_2023,0.009523809523809525,0.0,0.02564102564102564,retrospective_airport_disruption_association
2023,ISP,origin,333,6,1,326,12,partial_2023,0.018018018018018018,0.003003003003003003,0.03680981595092025,retrospective_airport_disruption_association
2023,ITH,destination,40,4,0,36,1,partial_2023,0.1,0.0,0.027777777777777776,retrospective_airport_disruption_association
2023,ITH,origin,59,2,0,57,2,partial_2023,0.03389830508474576,0.0,0.03508771929824561,retrospective_airport_disruption_association
2023,ITO,destination,477,4,0,473,1,partial_2023,0.008385744234800839,0.0,0.0021141649048625794,retrospective_airport_disruption_association
2023,ITO,origin,466,3,0,463,2,partial_2023,0.006437768240343348,0.0,0.004319654427645789,retrospective_airport_disruption_association
2023,JAC,destination,405,5,5,395,10,partial_2023,0.012345679012345678,0.012345679012345678,0.02531645569620253,retrospective_airport_disruption_association
2023,JAC,origin,405,3,5,397,22,partial_2023,0.007407407407407408,0.012345679012345678,0.055415617128463476,retrospective_airport_disruption_association
2023,JAN,destination,457,3,0,454,10,partial_2023,0.006564551422319475,0.0,0.022026431718061675,retrospective_airport_disruption_association
2023,JAN,origin,473,5,1,467,7,partial_2023,0.010570824524312896,0.0021141649048625794,0.014989293361884369,retrospective_airport_disruption_association
2023,JAX,destination,1860,23,3,1834,67,partial_2023,0.012365591397849462,0.0016129032258064516,0.03653217011995638,retrospective_airport_disruption_association
2023,JAX,origin,1881,37,9,1835,89,partial_2023,0.019670388091440724,0.004784688995215311,0.048501362397820165,retrospective_airport_disruption_association
2023,JFK,destination,9200,258,24,8918,406,partial_2023,0.028043478260869566,0.0026086956521739132,0.04552590266875981,retrospective_airport_disruption_association
2023,JFK,origin,9211,252,35,8924,385,partial_2023,0.0273585929866464,0.003799804581478667,0.043142088749439714,retrospective_airport_disruption_association
2023,JLN,destination,35,0,0,35,1,partial_2023,0.0,0.0,0.02857142857142857,retrospective_airport_disruption_association
2023,JLN,origin,29,0,0,29,1,partial_2023,0.0,0.0,0.034482758620689655,retrospective_airport_disruption_association
2023,JMS,destination,36,3,2,31,0,partial_2023,0.08333333333333333,0.05555555555555555,0.0,retrospective_airport_disruption_association
2023,JMS,origin,52,0,0,52,0,partial_2023,0.0,0.0,0.0,retrospective_airport_disruption_association
2023,JNU,destination,346,3,0,343,6,partial_2023,0.008670520231213872,0.0,0.01749271137026239,retrospective_airport_disruption_association
2023,JNU,origin,329,6,1,322,3,partial_2023,0.0182370820668693,0.00303951367781155,0.009316770186335404,retrospective_airport_disruption_association
2023,JST,destination,54,2,0,52,2,partial_2023,0.037037037037037035,0.0,0.038461538461538464,retrospective_airport_disruption_association
2023,JST,origin,47,1,0,46,3,partial_2023,0.02127659574468085,0.0,0.06521739130434782,retrospective_airport_disruption_association
2023,KOA,destination,1181,10,2,1169,6,partial_2023,0.00846740050804403,0.001693480101608806,0.0051325919589392645,retrospective_airport_disruption_association
2023,KOA,origin,1187,12,2,1173,17,partial_2023,0.010109519797809604,0.0016849199663016006,0.014492753623188406,retrospective_airport_disruption_association
2023,KTN,destination,171,1,2,168,0,partial_2023,0.005847953216374269,0.011695906432748537,0.0,retrospective_airport_disruption_association
2023,KTN,origin,172,3,0,169,3,partial_2023,0.01744186046511628,0.0,0.01775147928994083,retrospective_airport_disruption_association
2023,LAN,destination,87,1,0,86,0,partial_2023,0.011494252873563218,0.0,0.0,retrospective_airport_disruption_association
2023,LAN,origin,97,5,0,92,4,partial_2023,0.05154639175257732,0.0,0.043478260869565216,retrospective_airport_disruption_association
2023,LAR,destination,44,2,0,42,1,partial_2023,0.045454545454545456,0.0,0.023809523809523808,retrospective_airport_disruption_association
2023,LAR,origin,32,1,0,31,2,partial_2023,0.03125,0.0,0.06451612903225806,retrospective_airport_disruption_association
2023,LAS,destination,12611,207,30,12374,463,partial_2023,0.016414241535167712,0.0023788755848069146,0.037417165023436234,retrospective_airport_disruption_association
2023,LAS,origin,12853,190,28,12635,376,partial_2023,0.0147825410410021,0.002178479732358204,0.029758607043925602,retrospective_airport_disruption_association
2023,LAW,destination,73,2,1,70,4,partial_2023,0.0273972602739726,0.0136986301369863,0.05714285714285714,retrospective_airport_disruption_association
2023,LAW,origin,53,2,0,51,3,partial_2023,0.03773584905660377,0.0,0.058823529411764705,retrospective_airport_disruption_association
2023,LAX,destination,13266,147,22,13097,389,partial_2023,0.011080958842152872,0.001658374792703151,0.029701458349240283,retrospective_airport_disruption_association
2023,LAX,origin,13166,146,43,12977,321,partial_2023,0.01108916907185174,0.0032659881512988,0.024736071511135084,retrospective_airport_disruption_association
2023,LBB,destination,397,5,1,391,7,partial_2023,0.012594458438287154,0.0025188916876574307,0.017902813299232736,retrospective_airport_disruption_association
2023,LBB,origin,391,11,2,378,7,partial_2023,0.028132992327365727,0.005115089514066497,0.018518518518518517,retrospective_airport_disruption_association
2023,LBE,destination,44,1,0,43,1,partial_2023,0.022727272727272728,0.0,0.023255813953488372,retrospective_airport_disruption_association
2023,LBE,origin,38,0,1,37,3,partial_2023,0.0,0.02631578947368421,0.08108108108108109,retrospective_airport_disruption_association
2023,LBF,destination,46,3,2,41,1,partial_2023,0.06521739130434782,0.043478260869565216,0.024390243902439025,retrospective_airport_disruption_association
2023,LBF,origin,48,5,0,43,1,partial_2023,0.10416666666666667,0.0,0.023255813953488372,retrospective_airport_disruption_association
2023,LBL,destination,45,2,1,42,0,partial_2023,0.044444444444444446,0.022222222222222223,0.0,retrospective_airport_disruption_association
2023,LBL,origin,35,1,0,34,2,partial_2023,0.02857142857142857,0.0,0.058823529411764705,retrospective_airport_disruption_association
2023,LCH,destination,82,3,0,79,4,partial_2023,0.036585365853658534,0.0,0.05063291139240506,retrospective_airport_disruption_association
2023,LCH,origin,74,2,0,72,1,partial_2023,0.02702702702702703,0.0,0.013888888888888888,retrospective_airport_disruption_association
2023,LCK,destination,73,0,1,72,4,partial_2023,0.0,0.0136986301369863,0.05555555555555555,retrospective_airport_disruption_association
2023,LCK,origin,71,0,0,71,3,partial_2023,0.0,0.0,0.04225352112676056,retrospective_airport_disruption_association
2023,LEX,destination,518,7,3,508,13,partial_2023,0.013513513513513514,0.005791505791505791,0.025590551181102362,retrospective_airport_disruption_association
2023,LEX,origin,566,6,0,560,17,partial_2023,0.01060070671378092,0.0,0.030357142857142857,retrospective_airport_disruption_association
2023,LFT,destination,183,3,1,179,5,partial_2023,0.01639344262295082,0.00546448087431694,0.027932960893854747,retrospective_airport_disruption_association
2023,LFT,origin,210,3,0,207,8,partial_2023,0.014285714285714285,0.0,0.03864734299516908,retrospective_airport_disruption_association
2023,LGA,destination,11284,364,64,10856,382,partial_2023,0.03225806451612903,0.005671747607231478,0.03518791451731761,retrospective_airport_disruption_association
2023,LGA,origin,11249,368,33,10847,351,partial_2023,0.032714019023913236,0.002933594097253089,0.03235917765280723,retrospective_airport_disruption_association
2023,LGB,destination,1076,13,3,1060,8,partial_2023,0.012081784386617101,0.0027881040892193307,0.007547169811320755,retrospective_airport_disruption_association
2023,LGB,origin,1095,9,4,1082,16,partial_2023,0.00821917808219178,0.0036529680365296802,0.014787430683918669,retrospective_airport_disruption_association
2023,LIH,destination,1132,13,6,1113,14,partial_2023,0.011484098939929329,0.00530035335689046,0.012578616352201259,retrospective_airport_disruption_association
2023,LIH,origin,1128,7,1,1120,13,partial_2023,0.0062056737588652485,0.0008865248226950354,0.011607142857142858,retrospective_airport_disruption_association
2023,LIT,destination,802,11,1,790,19,partial_2023,0.01371571072319202,0.0012468827930174563,0.024050632911392405,retrospective_airport_disruption_association
2023,LIT,origin,796,7,2,787,25,partial_2023,0.008793969849246231,0.002512562814070352,0.03176620076238882,retrospective_airport_disruption_association
2023,LNK,destination,65,1,0,64,1,partial_2023,0.015384615384615385,0.0,0.015625,retrospective_airport_disruption_association
2023,LNK,origin,56,2,1,53,0,partial_2023,0.03571428571428571,0.017857142857142856,0.0,retrospective_airport_disruption_association
2023,LRD,destination,77,1,0,76,0,partial_2023,0.012987012987012988,0.0,0.0,retrospective_airport_disruption_association
2023,LRD,origin,73,1,1,71,5,partial_2023,0.0136986301369863,0.0136986301369863,0.07042253521126761,retrospective_airport_disruption_association
2023,LSE,destination,35,0,0,35,1,partial_2023,0.0,0.0,0.02857142857142857,retrospective_airport_disruption_association
2023,LSE,origin,27,0,0,27,0,partial_2023,0.0,0.0,0.0,retrospective_airport_disruption_association
2023,LWS,destination,54,1,0,53,0,partial_2023,0.018518518518518517,0.0,0.0,retrospective_airport_disruption_association
2023,LWS,origin,52,0,0,52,0,partial_2023,0.0,0.0,0.0,retrospective_airport_disruption_association
2023,MAF,destination,532,9,1,522,9,partial_2023,0.016917293233082706,0.0018796992481203006,0.017241379310344827,retrospective_airport_disruption_association
2023,MAF,origin,515,4,0,511,7,partial_2023,0.007766990291262136,0.0,0.0136986301369863,retrospective_airport_disruption_association
2023,MBS,destination,108,1,0,107,4,partial_2023,0.009259259259259259,0.0,0.037383177570093455,retrospective_airport_disruption_association
2023,MBS,origin,94,2,0,92,2,partial_2023,0.02127659574468085,0.0,0.021739130434782608,retrospective_airport_disruption_association
2023,MCI,destination,3243,47,4,3192,87,partial_2023,0.014492753623188406,0.0012334258402713536,0.02725563909774436,retrospective_airport_disruption_association
2023,MCI,origin,3294,41,13,3240,92,partial_2023,0.012446873102610808,0.003946569520340012,0.028395061728395062,retrospective_airport_disruption_association
2023,MCO,destination,10934,189,48,10697,529,partial_2023,0.017285531370038413,0.004389976220962136,0.04945311769655043,retrospective_airport_disruption_association
2023,MCO,origin,11134,183,25,10926,602,partial_2023,0.016436141548410273,0.002245374528471349,0.05509793153944719,retrospective_airport_disruption_association
2023,MCW,destination,49,2,1,46,4,partial_2023,0.04081632653061224,0.02040816326530612,0.08695652173913043,retrospective_airport_disruption_association
2023,MCW,origin,39,2,0,37,1,partial_2023,0.05128205128205128,0.0,0.02702702702702703,retrospective_airport_disruption_association
2023,MDT,destination,413,10,0,403,8,partial_2023,0.024213075060532687,0.0,0.019851116625310174,retrospective_airport_disruption_association
2023,MDT,origin,391,3,1,387,12,partial_2023,0.0076726342710997444,0.0025575447570332483,0.031007751937984496,retrospective_airport_disruption_association
2023,MDW,destination,5756,97,27,5632,121,partial_2023,0.016851980542043087,0.004690757470465601,0.021484375,retrospective_airport_disruption_association
2023,MDW,origin,5725,103,14,5608,123,partial_2023,0.01799126637554585,0.002445414847161572,0.021932952924393723,retrospective_airport_disruption_association
2023,MEI,destination,54,1,1,52,2,partial_2023,0.018518518518518517,0.018518518518518517,0.038461538461538464,retrospective_airport_disruption_association
2023,MEI,origin,58,1,0,57,3,partial_2023,0.017241379310344827,0.0,0.05263157894736842,retrospective_airport_disruption_association
2023,MEM,destination,1532,32,6,1494,61,partial_2023,0.020887728459530026,0.0039164490861618795,0.040829986613119144,retrospective_airport_disruption_association
2023,MEM,origin,1620,28,4,1588,46,partial_2023,0.01728395061728395,0.0024691358024691358,0.028967254408060455,retrospective_airport_disruption_association
2023,MFE,destination,182,5,0,177,8,partial_2023,0.027472527472527472,0.0,0.04519774011299435,retrospective_airport_disruption_association
2023,MFE,origin,177,7,1,169,8,partial_2023,0.03954802259887006,0.005649717514124294,0.047337278106508875,retrospective_airport_disruption_association
2023,MFR,destination,321,2,0,319,4,partial_2023,0.006230529595015576,0.0,0.012539184952978056,retrospective_airport_disruption_association
2023,MFR,origin,294,1,2,291,7,partial_2023,0.003401360544217687,0.006802721088435374,0.024054982817869417,retrospective_airport_disruption_association
2023,MGM,destination,148,1,2,145,4,partial_2023,0.006756756756756757,0.013513513513513514,0.027586206896551724,retrospective_airport_disruption_association
2023,MGM,origin,151,1,0,150,8,partial_2023,0.006622516556291391,0.0,0.05333333333333334,retrospective_airport_disruption_association
2023,MHK,destination,60,1,0,59,1,partial_2023,0.016666666666666666,0.0,0.01694915254237288,retrospective_airport_disruption_association
2023,MHK,origin,55,3,0,52,0,partial_2023,0.05454545454545454,0.0,0.0,retrospective_airport_disruption_association
2023,MHT,destination,422,11,2,409,5,partial_2023,0.026066350710900472,0.004739336492890996,0.012224938875305624,retrospective_airport_disruption_association
2023,MHT,origin,442,14,3,425,19,partial_2023,0.03167420814479638,0.006787330316742082,0.04470588235294118,retrospective_airport_disruption_association
2023,MIA,destination,6883,79,30,6774,270,partial_2023,0.011477553392416098,0.004358564579398518,0.03985828166519043,retrospective_airport_disruption_association
2023,MIA,origin,6833,87,19,6727,340,partial_2023,0.01273232840626372,0.0027806234450460997,0.050542589564441805,retrospective_airport_disruption_association
2023,MKE,destination,1703,36,3,1664,62,partial_2023,0.021139166177334117,0.0017615971814445098,0.037259615384615384,retrospective_airport_disruption_association
2023,MKE,origin,1739,29,4,1706,50,partial_2023,0.01667625071880391,0.0023001725129384704,0.029308323563892145,retrospective_airport_disruption_association
2023,MLB,destination,191,1,1,189,7,partial_2023,0.005235602094240838,0.005235602094240838,0.037037037037037035,retrospective_airport_disruption_association
2023,MLB,origin,174,1,0,173,7,partial_2023,0.005747126436781609,0.0,0.04046242774566474,retrospective_airport_disruption_association
2023,MLI,destination,216,2,0,214,5,partial_2023,0.009259259259259259,0.0,0.02336448598130841,retrospective_airport_disruption_association
2023,MLI,origin,244,5,0,239,5,partial_2023,0.020491803278688523,0.0,0.02092050209205021,retrospective_airport_disruption_association
2023,MLU,destination,125,3,0,122,2,partial_2023,0.024,0.0,0.01639344262295082,retrospective_airport_disruption_association
2023,MLU,origin,119,6,0,113,7,partial_2023,0.05042016806722689,0.0,0.061946902654867256,retrospective_airport_disruption_association
2023,MOB,destination,145,3,0,142,4,partial_2023,0.020689655172413793,0.0,0.028169014084507043,retrospective_airport_disruption_association
2023,MOB,origin,168,3,0,165,4,partial_2023,0.017857142857142856,0.0,0.024242424242424242,retrospective_airport_disruption_association
2023,MOT,destination,163,8,0,155,1,partial_2023,0.049079754601226995,0.0,0.0064516129032258064,retrospective_airport_disruption_association
2023,MOT,origin,148,5,1,142,5,partial_2023,0.033783783783783786,0.006756756756756757,0.035211267605633804,retrospective_airport_disruption_association
2023,MQT,destination,41,0,0,41,1,partial_2023,0.0,0.0,0.024390243902439025,retrospective_airport_disruption_association
2023,MQT,origin,43,4,0,39,1,partial_2023,0.09302325581395349,0.0,0.02564102564102564,retrospective_airport_disruption_association
2023,MRY,destination,226,2,1,223,5,partial_2023,0.008849557522123894,0.004424778761061947,0.02242152466367713,retrospective_airport_disruption_association
2023,MRY,origin,261,3,0,258,11,partial_2023,0.011494252873563218,0.0,0.04263565891472868,retrospective_airport_disruption_association
2023,MSN,destination,656,15,0,641,19,partial_2023,0.022865853658536585,0.0,0.029641185647425898,retrospective_airport_disruption_association
2023,MSN,origin,700,13,2,685,28,partial_2023,0.018571428571428572,0.002857142857142857,0.040875912408759124,retrospective_airport_disruption_association
2023,MSO,destination,266,0,3,263,8,partial_2023,0.0,0.011278195488721804,0.030418250950570342,retrospective_airport_disruption_association
2023,MSO,origin,281,4,3,274,10,partial_2023,0.014234875444839857,0.010676156583629894,0.0364963503649635,retrospective_airport_disruption_association
2023,MSP,destination,8133,133,8,7992,215,partial_2023,0.016353129226607647,0.0009836468707733923,0.026901901901901903,retrospective_airport_disruption_association
2023,MSP,origin,8381,136,21,8224,171,partial_2023,0.016227180527383367,0.0025056675814341964,0.020792801556420232,retrospective_airport_disruption_association
2023,MSY,destination,3355,42,13,3300,113,partial_2023,0.012518628912071535,0.0038748137108792846,0.03424242424242424,retrospective_airport_disruption_association
2023,MSY,origin,3407,42,9,3356,112,partial_2023,0.012327560904021134,0.0026416201937188143,0.033373063170441,retrospective_airport_disruption_association
2023,MTJ,destination,215,6,1,208,5,partial_2023,0.027906976744186046,0.004651162790697674,0.02403846153846154,retrospective_airport_disruption_association
2023,MTJ,origin,205,3,2,200,7,partial_2023,0.014634146341463415,0.00975609756097561,0.035,retrospective_airport_disruption_association
2023,MVY,destination,91,5,0,86,3,partial_2023,0.054945054945054944,0.0,0.03488372093023256,retrospective_airport_disruption_association
2023,MVY,origin,89,9,1,79,8,partial_2023,0.10112359550561797,0.011235955056179775,0.10126582278481013,retrospective_airport_disruption_association
2023,MYR,destination,1022,15,0,1007,27,partial_2023,0.014677103718199608,0.0,0.026812313803376366,retrospective_airport_disruption_association
2023,MYR,origin,1011,23,2,986,36,partial_2023,0.02274975272007913,0.0019782393669634025,0.036511156186612576,retrospective_airport_disruption_association
2023,OAJ,destination,77,1,0,76,0,partial_2023,0.012987012987012988,0.0,0.0,retrospective_airport_disruption_association
2023,OAJ,origin,72,2,0,70,0,partial_2023,0.027777777777777776,0.0,0.0,retrospective_airport_disruption_association
2023,OAK,destination,3192,32,2,3158,44,partial_2023,0.010025062656641603,0.0006265664160401002,0.013932868904369854,retrospective_airport_disruption_association
2023,OAK,origin,3084,31,5,3048,37,partial_2023,0.010051880674448769,0.001621271076523995,0.012139107611548556,retrospective_airport_disruption_association
2023,OGG,destination,2229,29,5,2195,33,partial_2023,0.01301031852848811,0.0022431583669807087,0.015034168564920273,retrospective_airport_disruption_association
2023,OGG,origin,2209,29,6,2174,33,partial_2023,0.013128112267994568,0.002716161158895428,0.01517939282428703,retrospective_airport_disruption_association
2023,OKC,destination,1494,15,5,1474,44,partial_2023,0.010040160642570281,0.0033467202141900937,0.029850746268656716,retrospective_airport_disruption_association
2023,OKC,origin,1432,15,2,1415,45,partial_2023,0.01047486033519553,0.0013966480446927375,0.03180212014134275,retrospective_airport_disruption_association
2023,OMA,destination,1485,18,0,1467,31,partial_2023,0.012121212121212121,0.0,0.021131561008861623,retrospective_airport_disruption_association
2023,OMA,origin,1532,24,1,1507,34,partial_2023,0.015665796344647518,0.0006527415143603133,0.0225613802256138,retrospective_airport_disruption_association
2023,OME,destination,46,1,0,45,0,partial_2023,0.021739130434782608,0.0,0.0,retrospective_airport_disruption_association
2023,OME,origin,47,3,0,44,0,partial_2023,0.06382978723404255,0.0,0.0,retrospective_airport_disruption_association
2023,ONT,destination,1610,26,4,1580,44,partial_2023,0.016149068322981366,0.002484472049689441,0.027848101265822784,retrospective_airport_disruption_association
2023,ONT,origin,1636,30,6,1600,44,partial_2023,0.018337408312958436,0.003667481662591687,0.0275,retrospective_airport_disruption_association
2023,ORD,destination,17651,351,50,17250,629,partial_2023,0.019885558891847486,0.0028327006968443713,0.03646376811594203,retrospective_airport_disruption_association
2023,ORD,origin,17396,303,43,17050,577,partial_2023,0.017417797194757414,0.002471832605196597,0.033841642228739005,retrospective_airport_disruption_association
2023,ORF,destination,1461,38,7,1416,42,partial_2023,0.026009582477754964,0.004791238877481177,0.029661016949152543,retrospective_airport_disruption_association
2023,ORF,origin,1459,46,2,1411,67,partial_2023,0.031528444139821796,0.0013708019191226869,0.04748405386250886,retrospective_airport_disruption_association
2023,ORH,destination,105,4,1,100,5,partial_2023,0.0380952380952381,0.009523809523809525,0.05,retrospective_airport_disruption_association
2023,ORH,origin,110,3,0,107,8,partial_2023,0.02727272727272727,0.0,0.07476635514018691,retrospective_airport_disruption_association
2023,OTH,destination,22,0,0,22,0,partial_2023,0.0,0.0,0.0,retrospective_airport_disruption_association
2023,OTH,origin,23,0,0,23,1,partial_2023,0.0,0.0,0.043478260869565216,retrospective_airport_disruption_association
2023,OTZ,destination,41,4,0,37,1,partial_2023,0.0975609756097561,0.0,0.02702702702702703,retrospective_airport_disruption_association
2023,OTZ,origin,50,2,0,48,0,partial_2023,0.04,0.0,0.0,retrospective_airport_disruption_association
2023,OWB,destination,2,0,0,2,0,partial_2023,0.0,0.0,0.0,retrospective_airport_disruption_association
2023,OWB,origin,5,0,1,4,0,partial_2023,0.0,0.2,0.0,retrospective_airport_disruption_association
2023,PAE,destination,59,0,0,59,2,partial_2023,0.0,0.0,0.03389830508474576,retrospective_airport_disruption_association
2023,PAE,origin,47,0,0,47,0,partial_2023,0.0,0.0,0.0,retrospective_airport_disruption_association
2023,PBG,destination,26,0,0,26,1,partial_2023,0.0,0.0,0.038461538461538464,retrospective_airport_disruption_association
2023,PBG,origin,40,1,0,39,4,partial_2023,0.025,0.0,0.10256410256410256,retrospective_airport_disruption_association
2023,PBI,destination,1958,32,7,1919,86,partial_2023,0.01634320735444331,0.003575076608784474,0.044815007816571134,retrospective_airport_disruption_association
2023,PBI,origin,1891,40,4,1847,84,partial_2023,0.021152829190904283,0.0021152829190904283,0.04547915538711424,retrospective_airport_disruption_association
2023,PDX,destination,4038,57,4,3977,83,partial_2023,0.01411589895988113,0.0009905894006934125,0.020870002514458134,retrospective_airport_disruption_association
2023,PDX,origin,3924,59,14,3851,86,partial_2023,0.015035677879714576,0.003567787971457696,0.02233186185406388,retrospective_airport_disruption_association
2023,PGD,destination,424,2,2,420,22,partial_2023,0.0047169811320754715,0.0047169811320754715,0.05238095238095238,retrospective_airport_disruption_association
2023,PGD,origin,442,4,2,436,23,partial_2023,0.00904977375565611,0.004524886877828055,0.052752293577981654,retrospective_airport_disruption_association
2023,PGV,destination,14,0,0,14,0,partial_2023,0.0,0.0,0.0,retrospective_airport_disruption_association
2023,PGV,origin,15,0,0,15,1,partial_2023,0.0,0.0,0.06666666666666667,retrospective_airport_disruption_association
2023,PHL,destination,6026,113,10,5903,252,partial_2023,0.018752074344507135,0.001659475605708596,0.04269015754700999,retrospective_airport_disruption_association
2023,PHL,origin,5987,96,13,5878,227,partial_2023,0.01603474194087189,0.0021713713044930684,0.038618577747533175,retrospective_airport_disruption_association
2023,PHX,destination,11661,107,22,11532,302,partial_2023,0.009175885430066031,0.0018866306491724552,0.026187998612556364,retrospective_airport_disruption_association
2023,PHX,origin,11733,109,36,11588,265,partial_2023,0.009290036648768431,0.003068268984914344,0.022868484639282014,retrospective_airport_disruption_association
2023,PIA,destination,216,5,0,211,5,partial_2023,0.023148148148148147,0.0,0.023696682464454975,retrospective_airport_disruption_association
2023,PIA,origin,223,2,1,220,8,partial_2023,0.008968609865470852,0.004484304932735426,0.03636363636363636,retrospective_airport_disruption_association
2023,PIB,destination,50,2,0,48,2,partial_2023,0.04,0.0,0.041666666666666664,retrospective_airport_disruption_association
2023,PIB,origin,41,2,1,38,1,partial_2023,0.04878048780487805,0.024390243902439025,0.02631578947368421,retrospective_airport_disruption_association
2023,PIE,destination,548,4,1,543,24,partial_2023,0.0072992700729927005,0.0018248175182481751,0.04419889502762431,retrospective_airport_disruption_association
2023,PIE,origin,559,3,2,554,20,partial_2023,0.005366726296958855,0.0035778175313059034,0.036101083032490974,retrospective_airport_disruption_association
2023,PIH,destination,23,0,0,23,0,partial_2023,0.0,0.0,0.0,retrospective_airport_disruption_association
2023,PIH,origin,30,0,0,30,1,partial_2023,0.0,0.0,0.03333333333333333,retrospective_airport_disruption_association
2023,PIT,destination,2896,42,1,2853,79,partial_2023,0.014502762430939226,0.0003453038674033149,0.027690150718541886,retrospective_airport_disruption_association
2023,PIT,origin,2890,59,4,2827,77,partial_2023,0.02041522491349481,0.001384083044982699,0.027237354085603113,retrospective_airport_disruption_association
2023,PLN,destination,70,0,1,69,3,partial_2023,0.0,0.014285714285714285,0.043478260869565216,retrospective_airport_disruption_association
2023,PLN,origin,59,1,0,58,2,partial_2023,0.01694915254237288,0.0,0.034482758620689655,retrospective_airport_disruption_association
2023,PNS,destination,771,12,1,758,21,partial_2023,0.01556420233463035,0.0012970168612191958,0.027704485488126648,retrospective_airport_disruption_association
2023,PNS,origin,763,18,0,745,30,partial_2023,0.023591087811271297,0.0,0.040268456375838924,retrospective_airport_disruption_association
2023,PPG,destination,7,0,0,7,1,partial_2023,0.0,0.0,0.14285714285714285,retrospective_airport_disruption_association
2023,PPG,origin,12,0,0,12,0,partial_2023,0.0,0.0,0.0,retrospective_airport_disruption_association
2023,PRC,destination,47,1,0,46,0,partial_2023,0.02127659574468085,0.0,0.0,retrospective_airport_disruption_association
2023,PRC,origin,60,0,0,60,2,partial_2023,0.0,0.0,0.03333333333333333,retrospective_airport_disruption_association
2023,PSC,destination,348,4,0,344,5,partial_2023,0.011494252873563218,0.0,0.014534883720930232,retrospective_airport_disruption_association
2023,PSC,origin,347,2,0,345,5,partial_2023,0.005763688760806916,0.0,0.014492753623188406,retrospective_airport_disruption_association
2023,PSE,destination,75,4,0,71,5,partial_2023,0.05333333333333334,0.0,0.07042253521126761,retrospective_airport_disruption_association
2023,PSE,origin,68,3,0,65,3,partial_2023,0.04411764705882353,0.0,0.046153846153846156,retrospective_airport_disruption_association
2023,PSG,destination,55,1,0,54,0,partial_2023,0.01818181818181818,0.0,0.0,retrospective_airport_disruption_association
2023,PSG,origin,35,1,0,34,0,partial_2023,0.02857142857142857,0.0,0.0,retrospective_airport_disruption_association
2023,PSM,destination,19,0,1,18,0,partial_2023,0.0,0.05263157894736842,0.0,retrospective_airport_disruption_association
2023,PSM,origin,24,0,0,24,1,partial_2023,0.0,0.0,0.041666666666666664,retrospective_airport_disruption_association
2023,PSP,destination,977,17,4,956,21,partial_2023,0.017400204708290685,0.0040941658137154556,0.021966527196652718,retrospective_airport_disruption_association
2023,PSP,origin,1044,21,4,1019,20,partial_2023,0.020114942528735632,0.0038314176245210726,0.019627085377821395,retrospective_airport_disruption_association
2023,PUB,destination,4,1,0,3,0,partial_2023,0.25,0.0,0.0,retrospective_airport_disruption_association
2023,PUB,origin,2,0,0,2,0,partial_2023,0.0,0.0,0.0,retrospective_airport_disruption_association
2023,PVD,destination,1038,21,1,1016,37,partial_2023,0.02023121387283237,0.0009633911368015414,0.03641732283464567,retrospective_airport_disruption_association
2023,PVD,origin,1050,19,4,1027,33,partial_2023,0.018095238095238095,0.0038095238095238095,0.03213242453748783,retrospective_airport_disruption_association
2023,PVU,destination,127,1,0,126,11,partial_2023,0.007874015748031496,0.0,0.0873015873015873,retrospective_airport_disruption_association
2023,PVU,origin,136,2,0,134,5,partial_2023,0.014705882352941176,0.0,0.03731343283582089,retrospective_airport_disruption_association
2023,PWM,destination,742,31,0,711,18,partial_2023,0.04177897574123989,0.0,0.02531645569620253,retrospective_airport_disruption_association
2023,PWM,origin,771,28,4,739,30,partial_2023,0.03631647211413749,0.005188067444876783,0.04059539918809202,retrospective_airport_disruption_association
2023,RAP,destination,267,2,2,263,5,partial_2023,0.00749063670411985,0.00749063670411985,0.019011406844106463,retrospective_airport_disruption_association
2023,RAP,origin,302,10,0,292,2,partial_2023,0.033112582781456956,0.0,0.00684931506849315,retrospective_airport_disruption_association
2023,RDD,destination,93,3,0,90,5,partial_2023,0.03225806451612903,0.0,0.05555555555555555,retrospective_airport_disruption_association
2023,RDD,origin,107,1,1,105,6,partial_2023,0.009345794392523364,0.009345794392523364,0.05714285714285714,retrospective_airport_disruption_association
2023,RDM,destination,368,2,0,366,11,partial_2023,0.005434782608695652,0.0,0.030054644808743168,retrospective_airport_disruption_association
2023,RDM,origin,405,1,1,403,4,partial_2023,0.0024691358024691358,0.0024691358024691358,0.009925558312655087,retrospective_airport_disruption_association
2023,RDU,destination,4105,69,5,4031,140,partial_2023,0.016808769792935444,0.001218026796589525,0.0347308360208385,retrospective_airport_disruption_association
2023,RDU,origin,3998,78,11,3909,145,partial_2023,0.01950975487743872,0.002751375687843922,0.03709388590432336,retrospective_airport_disruption_association
2023,RFD,destination,56,0,0,56,2,partial_2023,0.0,0.0,0.03571428571428571,retrospective_airport_disruption_association
2023,RFD,origin,47,0,0,47,0,partial_2023,0.0,0.0,0.0,retrospective_airport_disruption_association
2023,RHI,destination,58,0,0,58,0,partial_2023,0.0,0.0,0.0,retrospective_airport_disruption_association
2023,RHI,origin,52,0,0,52,1,partial_2023,0.0,0.0,0.019230769230769232,retrospective_airport_disruption_association
2023,RIC,destination,1293,21,1,1271,41,partial_2023,0.016241299303944315,0.0007733952049497294,0.03225806451612903,retrospective_airport_disruption_association
2023,RIC,origin,1295,22,9,1264,50,partial_2023,0.01698841698841699,0.0069498069498069494,0.03955696202531646,retrospective_airport_disruption_association
2023,RIW,destination,31,0,0,31,0,partial_2023,0.0,0.0,0.0,retrospective_airport_disruption_association
2023,RIW,origin,40,1,0,39,2,partial_2023,0.025,0.0,0.05128205128205128,retrospective_airport_disruption_association
2023,RKS,destination,18,0,0,18,0,partial_2023,0.0,0.0,0.0,retrospective_airport_disruption_association
2023,RKS,origin,29,0,0,29,0,partial_2023,0.0,0.0,0.0,retrospective_airport_disruption_association
2023,RNO,destination,1258,16,9,1233,30,partial_2023,0.012718600953895072,0.007154213036565978,0.024330900243309004,retrospective_airport_disruption_association
2023,RNO,origin,1331,18,7,1306,38,partial_2023,0.013523666416228399,0.005259203606311044,0.02909647779479326,retrospective_airport_disruption_association
2023,ROA,destination,191,4,1,186,2,partial_2023,0.020942408376963352,0.005235602094240838,0.010752688172043012,retrospective_airport_disruption_association
2023,ROA,origin,177,2,0,175,5,partial_2023,0.011299435028248588,0.0,0.02857142857142857,retrospective_airport_disruption_association
2023,ROC,destination,879,10,1,868,23,partial_2023,0.011376564277588168,0.0011376564277588168,0.026497695852534562,retrospective_airport_disruption_association
2023,ROC,origin,928,26,1,901,32,partial_2023,0.028017241379310345,0.0010775862068965517,0.03551609322974473,retrospective_airport_disruption_association
2023,ROW,destination,55,0,0,55,1,partial_2023,0.0,0.0,0.01818181818181818,retrospective_airport_disruption_association
2023,ROW,origin,65,0,0,65,1,partial_2023,0.0,0.0,0.015384615384615385,retrospective_airport_disruption_association
2023,RST,destination,95,4,0,91,0,partial_2023,0.042105263157894736,0.0,0.0,retrospective_airport_disruption_association
2023,RST,origin,116,6,0,110,3,partial_2023,0.05172413793103448,0.0,0.02727272727272727,retrospective_airport_disruption_association
2023,RSW,destination,2261,29,4,2228,84,partial_2023,0.012826183104820876,0.0017691287041132243,0.03770197486535009,retrospective_airport_disruption_association
2023,RSW,origin,2273,29,11,2233,78,partial_2023,0.012758468983721953,0.004839419269687638,0.03493058665472459,retrospective_airport_disruption_association
2023,SAF,destination,133,1,0,132,2,partial_2023,0.007518796992481203,0.0,0.015151515151515152,retrospective_airport_disruption_association
2023,SAF,origin,109,0,1,108,2,partial_2023,0.0,0.009174311926605505,0.018518518518518517,retrospective_airport_disruption_association
2023,SAN,destination,6149,75,12,6062,112,partial_2023,0.012197105220361035,0.0019515368352577655,0.018475750577367205,retrospective_airport_disruption_association
2023,SAN,origin,6152,80,28,6044,126,partial_2023,0.013003901170351105,0.004551365409622887,0.02084712111184646,retrospective_airport_disruption_association
2023,SAT,destination,2585,33,4,2548,72,partial_2023,0.01276595744680851,0.0015473887814313346,0.0282574568288854,retrospective_airport_disruption_association
2023,SAT,origin,2546,40,5,2501,67,partial_2023,0.015710919088766692,0.0019638648860958365,0.026789284286285485,retrospective_airport_disruption_association
2023,SAV,destination,1158,22,1,1135,37,partial_2023,0.018998272884283247,0.0008635578583765112,0.03259911894273128,retrospective_airport_disruption_association
2023,SAV,origin,1122,22,7,1093,29,partial_2023,0.0196078431372549,0.006238859180035651,0.026532479414455627,retrospective_airport_disruption_association
2023,SBA,destination,489,15,2,472,12,partial_2023,0.03067484662576687,0.00408997955010225,0.025423728813559324,retrospective_airport_disruption_association
2023,SBA,origin,491,13,0,478,14,partial_2023,0.026476578411405296,0.0,0.029288702928870293,retrospective_airport_disruption_association
2023,SBN,destination,372,7,1,364,7,partial_2023,0.01881720430107527,0.002688172043010753,0.019230769230769232,retrospective_airport_disruption_association
2023,SBN,origin,367,4,1,362,8,partial_2023,0.010899182561307902,0.0027247956403269754,0.022099447513812154,retrospective_airport_disruption_association
2023,SBP,destination,315,4,2,309,9,partial_2023,0.012698412698412698,0.006349206349206349,0.02912621359223301,retrospective_airport_disruption_association
2023,SBP,origin,298,6,2,290,14,partial_2023,0.020134228187919462,0.006711409395973154,0.04827586206896552,retrospective_airport_disruption_association
2023,SCC,destination,32,0,0,32,1,partial_2023,0.0,0.0,0.03125,retrospective_airport_disruption_association
2023,SCC,origin,33,1,0,32,1,partial_2023,0.030303030303030304,0.0,0.03125,retrospective_airport_disruption_association
2023,SCE,destination,88,2,0,86,0,partial_2023,0.022727272727272728,0.0,0.0,retrospective_airport_disruption_association
2023,SCE,origin,96,0,0,96,3,partial_2023,0.0,0.0,0.03125,retrospective_airport_disruption_association
2023,SCK,destination,32,0,0,32,1,partial_2023,0.0,0.0,0.03125,retrospective_airport_disruption_association
2023,SCK,origin,36,0,0,36,4,partial_2023,0.0,0.0,0.1111111111111111,retrospective_airport_disruption_association
2023,SDF,destination,1581,25,9,1547,55,partial_2023,0.015812776723592662,0.0056925996204933585,0.03555268261150614,retrospective_airport_disruption_association
2023,SDF,origin,1562,34,9,1519,61,partial_2023,0.02176696542893726,0.005761843790012804,0.040157998683344305,retrospective_airport_disruption_association
2023,SEA,destination,11009,99,16,10894,205,partial_2023,0.008992642383504406,0.001453356344808793,0.01881769781531118,retrospective_airport_disruption_association
2023,SEA,origin,10894,79,28,10787,196,partial_2023,0.007251698182485772,0.0025702221406278683,0.018170019467878003,retrospective_airport_disruption_association
2023,SFB,destination,577,3,2,572,34,partial_2023,0.005199306759098787,0.0034662045060658577,0.05944055944055944,retrospective_airport_disruption_association
2023,SFB,origin,618,6,3,609,28,partial_2023,0.009708737864077669,0.0048543689320388345,0.04597701149425287,retrospective_airport_disruption_association
2023,SFO,destination,9154,135,22,8997,292,partial_2023,0.014747651299978152,0.002403320952589032,0.03245526286539958,retrospective_airport_disruption_association
2023,SFO,origin,9105,148,26,8931,231,partial_2023,0.016254805052169138,0.0028555738605162,0.02586496472959355,retrospective_airport_disruption_association
2023,SGF,destination,479,3,1,475,18,partial_2023,0.006263048016701462,0.0020876826722338203,0.037894736842105266,retrospective_airport_disruption_association
2023,SGF,origin,441,7,1,433,17,partial_2023,0.015873015873015872,0.0022675736961451248,0.03926096997690531,retrospective_airport_disruption_association
2023,SGU,destination,176,3,1,172,4,partial_2023,0.017045454545454544,0.005681818181818182,0.023255813953488372,retrospective_airport_disruption_association
2023,SGU,origin,141,1,1,139,3,partial_2023,0.0070921985815602835,0.0070921985815602835,0.02158273381294964,retrospective_airport_disruption_association
2023,SHR,destination,41,0,0,41,2,partial_2023,0.0,0.0,0.04878048780487805,retrospective_airport_disruption_association
2023,SHR,origin,32,0,0,32,0,partial_2023,0.0,0.0,0.0,retrospective_airport_disruption_association
2023,SHV,destination,281,8,1,272,8,partial_2023,0.028469750889679714,0.0035587188612099642,0.029411764705882353,retrospective_airport_disruption_association
2023,SHV,origin,273,4,0,269,7,partial_2023,0.014652014652014652,0.0,0.026022304832713755,retrospective_airport_disruption_association
2023,SIT,destination,110,1,0,109,0,partial_2023,0.00909090909090909,0.0,0.0,retrospective_airport_disruption_association
2023,SIT,origin,80,1,0,79,6,partial_2023,0.0125,0.0,0.0759493670886076,retrospective_airport_disruption_association
2023,SJC,destination,3665,42,5,3618,40,partial_2023,0.01145975443383356,0.001364256480218281,0.01105583195135434,retrospective_airport_disruption_association
2023,SJC,origin,3586,36,7,3543,49,partial_2023,0.010039040713887339,0.0019520356943669827,0.013830087496471917,retrospective_airport_disruption_association
2023,SJT,destination,81,2,0,79,0,partial_2023,0.024691358024691357,0.0,0.0,retrospective_airport_disruption_association
2023,SJT,origin,88,2,0,86,3,partial_2023,0.022727272727272728,0.0,0.03488372093023256,retrospective_airport_disruption_association
2023,SJU,destination,2327,22,3,2302,144,partial_2023,0.009454232917920068,0.001289213579716373,0.06255430060816682,retrospective_airport_disruption_association
2023,SJU,origin,2239,27,9,2203,106,partial_2023,0.01205895489057615,0.00401965163019205,0.048116205174761686,retrospective_airport_disruption_association
2023,SLC,destination,7428,74,16,7338,202,partial_2023,0.00996230479267636,0.002154011847065159,0.027527936767511585,retrospective_airport_disruption_association
2023,SLC,origin,7453,80,16,7357,192,partial_2023,0.010733932644572656,0.002146786528914531,0.026097594128041322,retrospective_airport_disruption_association
2023,SLN,destination,59,0,0,59,3,partial_2023,0.0,0.0,0.05084745762711865,retrospective_airport_disruption_association
2023,SLN,origin,55,2,1,52,3,partial_2023,0.03636363636363636,0.01818181818181818,0.057692307692307696,retrospective_airport_disruption_association
2023,SMF,destination,3516,56,0,3460,64,partial_2023,0.015927189988623434,0.0,0.018497109826589597,retrospective_airport_disruption_association
2023,SMF,origin,3629,37,6,3586,62,partial_2023,0.010195646183521631,0.0016533480297602646,0.01728945900725042,retrospective_airport_disruption_association
2023,SMX,destination,11,0,0,11,0,partial_2023,0.0,0.0,0.0,retrospective_airport_disruption_association
2023,SMX,origin,7,0,0,7,2,partial_2023,0.0,0.0,0.2857142857142857,retrospective_airport_disruption_association
2023,SNA,destination,3067,35,9,3023,40,partial_2023,0.011411803064884252,0.0029344636452559502,0.013231888852133642,retrospective_airport_disruption_association
2023,SNA,origin,3055,54,10,2991,54,partial_2023,0.0176759410801964,0.0032733224222585926,0.01805416248746239,retrospective_airport_disruption_association
2023,SPI,destination,36,0,0,36,2,partial_2023,0.0,0.0,0.05555555555555555,retrospective_airport_disruption_association
2023,SPI,origin,29,1,0,28,0,partial_2023,0.034482758620689655,0.0,0.0,retrospective_airport_disruption_association
2023,SPN,destination,28,0,0,28,0,partial_2023,0.0,0.0,0.0,retrospective_airport_disruption_association
2023,SPN,origin,30,1,0,29,0,partial_2023,0.03333333333333333,0.0,0.0,retrospective_airport_disruption_association
2023,SPS,destination,53,0,1,52,1,partial_2023,0.0,0.018867924528301886,0.019230769230769232,retrospective_airport_disruption_association
2023,SPS,origin,51,2,0,49,3,partial_2023,0.0392156862745098,0.0,0.061224489795918366,retrospective_airport_disruption_association
2023,SRQ,destination,1078,14,2,1062,32,partial_2023,0.012987012987012988,0.0018552875695732839,0.030131826741996232,retrospective_airport_disruption_association
2023,SRQ,origin,1092,19,4,1069,46,partial_2023,0.0173992673992674,0.003663003663003663,0.04303086997193639,retrospective_airport_disruption_association
2023,STC,destination,8,0,0,8,0,partial_2023,0.0,0.0,0.0,retrospective_airport_disruption_association
2023,STC,origin,3,0,0,3,1,partial_2023,0.0,0.0,0.3333333333333333,retrospective_airport_disruption_association
2023,STL,destination,4107,46,6,4055,84,partial_2023,0.011200389578767957,0.0014609203798392988,0.020715166461159062,retrospective_airport_disruption_association
2023,STL,origin,4088,43,14,4031,95,partial_2023,0.010518590998043052,0.003424657534246575,0.02356735301414041,retrospective_airport_disruption_association
2023,STS,destination,249,1,3,245,2,partial_2023,0.004016064257028112,0.012048192771084338,0.00816326530612245,retrospective_airport_disruption_association
2023,STS,origin,222,1,0,221,9,partial_2023,0.0045045045045045045,0.0,0.04072398190045249,retrospective_airport_disruption_association
2023,STT,destination,326,1,0,325,13,partial_2023,0.003067484662576687,0.0,0.04,retrospective_airport_disruption_association
2023,STT,origin,336,3,5,328,17,partial_2023,0.008928571428571428,0.01488095238095238,0.051829268292682924,retrospective_airport_disruption_association
2023,STX,destination,106,2,0,104,8,partial_2023,0.018867924528301886,0.0,0.07692307692307693,retrospective_airport_disruption_association
2023,STX,origin,103,1,0,102,4,partial_2023,0.009708737864077669,0.0,0.0392156862745098,retrospective_airport_disruption_association
2023,SUN,destination,125,1,1,123,2,partial_2023,0.008,0.008,0.016260162601626018,retrospective_airport_disruption_association
2023,SUN,origin,98,3,1,94,3,partial_2023,0.030612244897959183,0.01020408163265306,0.031914893617021274,retrospective_airport_disruption_association
2023,SUX,destination,42,4,0,38,1,partial_2023,0.09523809523809523,0.0,0.02631578947368421,retrospective_airport_disruption_association
2023,SUX,origin,44,2,1,41,1,partial_2023,0.045454545454545456,0.022727272727272728,0.024390243902439025,retrospective_airport_disruption_association
2023,SWF,destination,33,0,0,33,0,partial_2023,0.0,0.0,0.0,retrospective_airport_disruption_association
2023,SWF,origin,33,1,1,31,1,partial_2023,0.030303030303030304,0.030303030303030304,0.03225806451612903,retrospective_airport_disruption_association
2023,SWO,destination,53,2,0,51,0,partial_2023,0.03773584905660377,0.0,0.0,retrospective_airport_disruption_association
2023,SWO,origin,49,1,1,47,2,partial_2023,0.02040816326530612,0.02040816326530612,0.0425531914893617,retrospective_airport_disruption_association
2023,SYR,destination,904,29,1,874,33,partial_2023,0.032079646017699116,0.0011061946902654867,0.03775743707093822,retrospective_airport_disruption_association
2023,SYR,origin,915,14,1,900,22,partial_2023,0.015300546448087432,0.001092896174863388,0.024444444444444446,retrospective_airport_disruption_association
2023,TLH,destination,297,4,2,291,4,partial_2023,0.013468013468013467,0.006734006734006734,0.013745704467353952,retrospective_airport_disruption_association
2023,TLH,origin,323,5,2,316,14,partial_2023,0.015479876160990712,0.006191950464396285,0.04430379746835443,retrospective_airport_disruption_association
2023,TOL,destination,29,0,0,29,2,partial_2023,0.0,0.0,0.06896551724137931,retrospective_airport_disruption_association
2023,TOL,origin,24,0,0,24,3,partial_2023,0.0,0.0,0.125,retrospective_airport_disruption_association
2023,TPA,destination,5290,114,11,5165,180,partial_2023,0.02155009451795841,0.0020793950850661624,0.03484995159728945,retrospective_airport_disruption_association
2023,TPA,origin,5399,102,14,5283,177,partial_2023,0.018892387479162807,0.0025930727912576402,0.033503691084611015,retrospective_airport_disruption_association
2023,TRI,destination,189,1,0,188,3,partial_2023,0.005291005291005291,0.0,0.015957446808510637,retrospective_airport_disruption_association
2023,TRI,origin,183,0,0,183,6,partial_2023,0.0,0.0,0.03278688524590164,retrospective_airport_disruption_association
2023,TTN,destination,161,5,0,156,10,partial_2023,0.031055900621118012,0.0,0.0641025641025641,retrospective_airport_disruption_association
2023,TTN,origin,142,4,0,138,11,partial_2023,0.028169014084507043,0.0,0.07971014492753623,retrospective_airport_disruption_association
2023,TUL,destination,1132,17,2,1113,24,partial_2023,0.015017667844522967,0.0017667844522968198,0.0215633423180593,retrospective_airport_disruption_association
2023,TUL,origin,1121,13,3,1105,23,partial_2023,0.01159678858162355,0.0026761819803746653,0.02081447963800905,retrospective_airport_disruption_association
2023,TUS,destination,1126,2,1,1123,27,partial_2023,0.0017761989342806395,0.0008880994671403197,0.02404274265360641,retrospective_airport_disruption_association
2023,TUS,origin,1051,13,4,1034,21,partial_2023,0.012369172216936251,0.003805899143672693,0.020309477756286266,retrospective_airport_disruption_association
2023,TVC,destination,293,6,0,287,10,partial_2023,0.020477815699658702,0.0,0.03484320557491289,retrospective_airport_disruption_association
2023,TVC,origin,293,7,2,284,13,partial_2023,0.023890784982935155,0.006825938566552901,0.045774647887323945,retrospective_airport_disruption_association
2023,TWF,destination,29,0,1,28,0,partial_2023,0.0,0.034482758620689655,0.0,retrospective_airport_disruption_association
2023,TWF,origin,18,0,0,18,1,partial_2023,0.0,0.0,0.05555555555555555,retrospective_airport_disruption_association
2023,TXK,destination,83,4,0,79,3,partial_2023,0.04819277108433735,0.0,0.0379746835443038,retrospective_airport_disruption_association
2023,TXK,origin,76,3,0,73,4,partial_2023,0.039473684210526314,0.0,0.0547945205479452,retrospective_airport_disruption_association
2023,TYR,destination,68,2,0,66,0,partial_2023,0.029411764705882353,0.0,0.0,retrospective_airport_disruption_association
2023,TYR,origin,67,5,0,62,2,partial_2023,0.07462686567164178,0.0,0.03225806451612903,retrospective_airport_disruption_association
2023,TYS,destination,945,7,3,935,31,partial_2023,0.007407407407407408,0.0031746031746031746,0.033155080213903745,retrospective_airport_disruption_association
2023,TYS,origin,887,10,2,875,25,partial_2023,0.011273957158962795,0.002254791431792559,0.02857142857142857,retrospective_airport_disruption_association
2023,USA,destination,42,1,0,41,1,partial_2023,0.023809523809523808,0.0,0.024390243902439025,retrospective_airport_disruption_association
2023,USA,origin,49,1,0,48,1,partial_2023,0.02040816326530612,0.0,0.020833333333333332,retrospective_airport_disruption_association
2023,VCT,destination,39,0,0,39,1,partial_2023,0.0,0.0,0.02564102564102564,retrospective_airport_disruption_association
2023,VCT,origin,41,0,0,41,1,partial_2023,0.0,0.0,0.024390243902439025,retrospective_airport_disruption_association
2023,VEL,destination,55,3,1,51,0,partial_2023,0.05454545454545454,0.01818181818181818,0.0,retrospective_airport_disruption_association
2023,VEL,origin,60,6,0,54,6,partial_2023,0.1,0.0,0.1111111111111111,retrospective_airport_disruption_association
2023,VLD,destination,53,1,1,51,1,partial_2023,0.018867924528301886,0.018867924528301886,0.0196078431372549,retrospective_airport_disruption_association
2023,VLD,origin,74,0,0,74,1,partial_2023,0.0,0.0,0.013513513513513514,retrospective_airport_disruption_association
2023,VPS,destination,650,6,3,641,19,partial_2023,0.009230769230769232,0.004615384615384616,0.029641185647425898,retrospective_airport_disruption_association
2023,VPS,origin,633,8,5,620,32,partial_2023,0.01263823064770932,0.007898894154818325,0.05161290322580645,retrospective_airport_disruption_association
2023,WRG,destination,44,3,0,41,2,partial_2023,0.06818181818181818,0.0,0.04878048780487805,retrospective_airport_disruption_association
2023,WRG,origin,53,1,0,52,0,partial_2023,0.018867924528301886,0.0,0.0,retrospective_airport_disruption_association
2023,WYS,destination,21,0,0,21,0,partial_2023,0.0,0.0,0.0,retrospective_airport_disruption_association
2023,WYS,origin,16,0,0,16,0,partial_2023,0.0,0.0,0.0,retrospective_airport_disruption_association
2023,XNA,destination,808,10,0,798,28,partial_2023,0.012376237623762377,0.0,0.03508771929824561,retrospective_airport_disruption_association
2023,XNA,origin,767,10,4,753,23,partial_2023,0.01303780964797914,0.005215123859191656,0.03054448871181939,retrospective_airport_disruption_association
2023,XWA,destination,117,2,2,113,2,partial_2023,0.017094017094017096,0.017094017094017096,0.017699115044247787,retrospective_airport_disruption_association
2023,XWA,origin,120,8,1,111,5,partial_2023,0.06666666666666667,0.008333333333333333,0.04504504504504504,retrospective_airport_disruption_association
2023,YAK,destination,49,2,0,47,0,partial_2023,0.04081632653061224,0.0,0.0,retrospective_airport_disruption_association
2023,YAK,origin,45,1,0,44,1,partial_2023,0.022222222222222223,0.0,0.022727272727272728,retrospective_airport_disruption_association
2023,YUM,destination,108,3,0,105,1,partial_2023,0.027777777777777776,0.0,0.009523809523809525,retrospective_airport_disruption_association
2023,YUM,origin,75,0,0,75,2,partial_2023,0.0,0.0,0.02666666666666667,retrospective_airport_disruption_association
