utc_year,window_start_utc,window_end_utc_exclusive,airport,in_degree,out_degree,weighted_in_degree,weighted_out_degree,betweenness_centrality,closeness_centrality,pagerank,outgoing_route_count,incoming_route_count,outgoing_scheduled_flight_count,incoming_scheduled_flight_count,outgoing_route_diversity,incoming_route_diversity,outgoing_route_concentration_hhi,incoming_route_concentration_hhi
2019,2019-01-01T00:00:00+00:00,2020-01-01T00:00:00+00:00,ABE,11,11,527,489,0.00016352830245447685,0.43833943833943834,0.0010966475574187417,11,11,489,527,11,11,0.16496669050397078,0.1682179390701007
2019,2019-01-01T00:00:00+00:00,2020-01-01T00:00:00+00:00,ABI,1,1,227,215,0.0,0.39800443458980045,0.0006779014727359588,1,1,215,227,1,1,1.0,1.0
2019,2019-01-01T00:00:00+00:00,2020-01-01T00:00:00+00:00,ABQ,25,25,2401,2467,3.299387895344719e-05,0.4924554183813443,0.002780806886823267,25,25,2467,2401,25,25,0.07280554063537355,0.07097573706360376
2019,2019-01-01T00:00:00+00:00,2020-01-01T00:00:00+00:00,ABR,1,1,73,68,0.0,0.37552301255230125,0.0005029675081725944,1,1,68,73,1,1,1.0,1.0
2019,2019-01-01T00:00:00+00:00,2020-01-01T00:00:00+00:00,ABY,1,1,112,94,0.0,0.3914940021810251,0.0005277381429714609,1,1,94,112,1,1,1.0,1.0
2019,2019-01-01T00:00:00+00:00,2020-01-01T00:00:00+00:00,ACK,5,6,124,109,6.539960789038767e-06,0.37048503611971106,0.0005277240513878569,6,5,109,124,6,5,0.25898493392812055,0.23764308012486995
2019,2019-01-01T00:00:00+00:00,2020-01-01T00:00:00+00:00,ACT,1,1,167,188,0.0,0.39800443458980045,0.0006088526253167627,1,1,188,167,1,1,1.0,1.0
2019,2019-01-01T00:00:00+00:00,2020-01-01T00:00:00+00:00,ACV,3,3,209,208,0.0,0.39800443458980045,0.0006127721330613091,3,3,208,209,3,3,0.47203217455621305,0.548407774547286
2019,2019-01-01T00:00:00+00:00,2020-01-01T00:00:00+00:00,ACY,7,7,303,308,9.369558839760452e-06,0.40066964285714285,0.0007099224714023076,7,7,308,303,7,7,0.17644206442907742,0.1765948872114934
2019,2019-01-01T00:00:00+00:00,2020-01-01T00:00:00+00:00,ADK,1,1,12,7,0.0,0.3317929759704251,0.0004559903500263399,1,1,7,12,1,1,1.0,1.0
2019,2019-01-01T00:00:00+00:00,2020-01-01T00:00:00+00:00,ADQ,1,1,51,50,0.0,0.3317929759704251,0.0005837923209452778,1,1,50,51,1,1,1.0,1.0
2019,2019-01-01T00:00:00+00:00,2020-01-01T00:00:00+00:00,AEX,3,3,327,369,0.0,0.4179278230500582,0.0007559562216723069,3,3,369,327,3,3,0.3429102312703344,0.34057178127542576
2019,2019-01-01T00:00:00+00:00,2020-01-01T00:00:00+00:00,AGS,5,4,490,468,0.0,0.4233490566037736,0.0009078545408078557,4,5,468,490,4,5,0.5341058514135437,0.4688213244481466
2019,2019-01-01T00:00:00+00:00,2020-01-01T00:00:00+00:00,AKN,1,1,4,6,0.0,0.3317929759704251,0.0004297745611198911,1,1,6,4,1,1,1.0,1.0
2019,2019-01-01T00:00:00+00:00,2020-01-01T00:00:00+00:00,ALB,22,22,1251,1223,0.0003633378825130121,0.47299077733860345,0.0017006526910289122,22,22,1223,1251,22,22,0.09103721329198003,0.09181527679535029
2019,2019-01-01T00:00:00+00:00,2020-01-01T00:00:00+00:00,ALO,1,1,75,85,0.0,0.39933259176863184,0.0004976497676414909,1,1,85,75,1,1,1.0,1.0
2019,2019-01-01T00:00:00+00:00,2020-01-01T00:00:00+00:00,AMA,7,7,498,527,5.734184289761727e-06,0.429940119760479,0.0009220292179085118,7,7,527,498,7,7,0.3184867262691329,0.2973500427412461
2019,2019-01-01T00:00:00+00:00,2020-01-01T00:00:00+00:00,ANC,29,28,1968,1869,0.06049305788752936,0.4958563535911602,0.0071983230841462615,28,29,1869,1968,28,29,0.16751790140792253,0.1846402191156058
2019,2019-01-01T00:00:00+00:00,2020-01-01T00:00:00+00:00,APN,3,2,50,58,3.890384525606511e-06,0.367827868852459,0.000543262330132308,2,3,58,50,2,3,0.538049940546968,0.5688
2019,2019-01-01T00:00:00+00:00,2020-01-01T00:00:00+00:00,ART,1,1,26,21,0.0,0.3557978196233895,0.000440337273255072,1,1,21,26,1,1,1.0,1.0
2019,2019-01-01T00:00:00+00:00,2020-01-01T00:00:00+00:00,ASE,10,10,694,685,0.0,0.4662337662337662,0.0011587877122449007,10,10,685,694,10,10,0.1960274921412968,0.18668455015821078
2019,2019-01-01T00:00:00+00:00,2020-01-01T00:00:00+00:00,ATL,167,166,40222,40132,0.10496651337368869,0.6422182468694096,0.046842462546154096,166,167,40132,40222,166,167,0.010497576675332809,0.010569563525882203
2019,2019-01-01T00:00:00+00:00,2020-01-01T00:00:00+00:00,ATW,9,9,449,415,0.00030593387519365023,0.4476309226932668,0.0009714326372116281,9,9,415,449,9,9,0.23812454637828423,0.2038829172474343
2019,2019-01-01T00:00:00+00:00,2020-01-01T00:00:00+00:00,ATY,3,3,57,49,0.0002186288995783053,0.42285041224970554,0.0005928760786171737,3,3,49,57,3,3,0.3810912119950021,0.3450292397660818
2019,2019-01-01T00:00:00+00:00,2020-01-01T00:00:00+00:00,AUS,55,54,6980,6917,0.0017608484944246288,0.5256222547584187,0.007228529143024557,54,55,6917,6980,54,55,0.03459251415548273,0.03518099194587893
2019,2019-01-01T00:00:00+00:00,2020-01-01T00:00:00+00:00,AVL,17,18,979,970,0.0003721440018100388,0.4812332439678284,0.0015638999457970387,18,17,970,979,18,17,0.16952067169731108,0.17611621372624917
2019,2019-01-01T00:00:00+00:00,2020-01-01T00:00:00+00:00,AVP,5,4,341,355,0.0,0.4243498817966903,0.0007695996053987968,4,5,355,341,4,5,0.2931085102162269,0.3002296161883713
2019,2019-01-01T00:00:00+00:00,2020-01-01T00:00:00+00:00,AZA,45,46,582,629,0.012390603550146824,0.3997772828507795,0.0025297422677031563,46,45,629,582,46,45,0.033002140829691565,0.03467129580425361
2019,2019-01-01T00:00:00+00:00,2020-01-01T00:00:00+00:00,AZO,3,3,202,232,0.0,0.411697247706422,0.0006389896731252754,3,3,232,202,3,3,0.37169292508917956,0.3475149495147535
2019,2019-01-01T00:00:00+00:00,2020-01-01T00:00:00+00:00,BDL,26,26,2925,2994,7.475477045620384e-05,0.4924554183813443,0.0032555994812989305,26,26,2994,2925,26,26,0.05992546214673836,0.059560230842282125
2019,2019-01-01T00:00:00+00:00,2020-01-01T00:00:00+00:00,BET,1,1,76,81,0.0,0.3317929759704251,0.0006657166612779303,1,1,81,76,1,1,1.0,1.0
2019,2019-01-01T00:00:00+00:00,2020-01-01T00:00:00+00:00,BFF,1,1,60,62,0.0,0.3945054945054945,0.00048440915123777343,1,1,62,60,1,1,1.0,1.0
2019,2019-01-01T00:00:00+00:00,2020-01-01T00:00:00+00:00,BFL,4,4,248,266,0.0,0.4223529411764706,0.0006736504002023031,4,4,266,248,4,4,0.31878568601956014,0.2964360041623309
2019,2019-01-01T00:00:00+00:00,2020-01-01T00:00:00+00:00,BFM,2,2,19,22,0.0,0.4223529411764706,0.00043782285306839244,2,2,22,19,2,2,0.5041322314049586,0.5678670360110804
2019,2019-01-01T00:00:00+00:00,2020-01-01T00:00:00+00:00,BGM,1,1,89,91,0.0,0.3670756646216769,0.0005119150358902746,1,1,91,89,1,1,1.0,1.0
2019,2019-01-01T00:00:00+00:00,2020-01-01T00:00:00+00:00,BGR,9,9,418,396,7.797034950187223e-05,0.42942583732057416,0.0008573637154434518,9,9,396,418,9,9,0.22106162636465668,0.20558137405279184
2019,2019-01-01T00:00:00+00:00,2020-01-01T00:00:00+00:00,BHM,20,19,2024,1978,0.00039519622168843904,0.48058902275769744,0.002395325555093303,19,20,1978,2024,19,20,0.08206602250641792,0.08592395210048587
2019,2019-01-01T00:00:00+00:00,2020-01-01T00:00:00+00:00,BIL,8,8,411,438,0.00015926773350485364,0.46025641025641023,0.0009196009568477283,8,8,438,411,8,8,0.2376931256646025,0.2432675629436245
2019,2019-01-01T00:00:00+00:00,2020-01-01T00:00:00+00:00,BIS,7,7,436,414,0.0002288052415667918,0.462033462033462,0.0009851546676442834,7,7,414,436,7,7,0.30145394291582067,0.3144200824846393
2019,2019-01-01T00:00:00+00:00,2020-01-01T00:00:00+00:00,BJI,1,1,71,68,0.0,0.37552301255230125,0.0005006031015559936,1,1,68,71,1,1,1.0,1.0
2019,2019-01-01T00:00:00+00:00,2020-01-01T00:00:00+00:00,BKG,3,3,22,19,0.0,0.44157441574415746,0.0004411549892655092,3,3,19,22,3,3,0.3905817174515235,0.4380165289256198
2019,2019-01-01T00:00:00+00:00,2020-01-01T00:00:00+00:00,BLI,11,11,201,193,0.0007570858425555852,0.3932092004381161,0.0006657114178574391,11,11,193,201,11,11,0.22736180837069453,0.22511819014380835
2019,2019-01-01T00:00:00+00:00,2020-01-01T00:00:00+00:00,BLV,10,9,109,85,0.0001415361966242761,0.3958103638368247,0.0006310253476462464,9,10,85,109,9,10,0.2362629757785467,0.18037202255702384
2019,2019-01-01T00:00:00+00:00,2020-01-01T00:00:00+00:00,BMI,7,7,330,301,0.00013681186906914881,0.4656290531776913,0.0007948654415638808,7,7,301,330,7,7,0.246498383020055,0.25201101928374653
2019,2019-01-01T00:00:00+00:00,2020-01-01T00:00:00+00:00,BNA,66,66,8448,8367,0.0029586292268486375,0.5350223546944859,0.008582341153857673,66,66,8367,8448,66,66,0.03063314421283372,0.030889786088871673
2019,2019-01-01T00:00:00+00:00,2020-01-01T00:00:00+00:00,BOI,19,19,1995,1993,0.0003016791222536739,0.47112860892388453,0.0024941981419278753,19,19,1993,1995,19,19,0.07727825109911786,0.07726509255595128
2019,2019-01-01T00:00:00+00:00,2020-01-01T00:00:00+00:00,BOS,66,67,15251,15370,0.004217189165560035,0.5358208955223881,0.014965226950248788,67,66,15370,15251,67,66,0.030236292467434173,0.030024673872280448
2019,2019-01-01T00:00:00+00:00,2020-01-01T00:00:00+00:00,BPT,1,1,119,88,0.0,0.39800443458980045,0.0005536135473814057,1,1,88,119,1,1,1.0,1.0
2019,2019-01-01T00:00:00+00:00,2020-01-01T00:00:00+00:00,BQK,1,1,93,105,0.0,0.3914940021810251,0.0005088956603840405,1,1,105,93,1,1,1.0,1.0
2019,2019-01-01T00:00:00+00:00,2020-01-01T00:00:00+00:00,BQN,4,4,237,251,5.460188807868787e-07,0.3790918690601901,0.0006291238141846897,4,4,251,237,4,4,0.2846780209837939,0.2902134629421923
2019,2019-01-01T00:00:00+00:00,2020-01-01T00:00:00+00:00,BRD,1,1,52,59,0.0,0.37552301255230125,0.00047814123869828647,1,1,59,52,1,1,1.0,1.0
2019,2019-01-01T00:00:00+00:00,2020-01-01T00:00:00+00:00,BRO,4,3,280,259,0.0,0.4421182266009852,0.0007085305236864708,3,4,259,280,3,4,0.48760453779758806,0.49910714285714286
2019,2019-01-01T00:00:00+00:00,2020-01-01T00:00:00+00:00,BRW,1,2,76,73,3.890384525606511e-06,0.24965229485396384,0.0008374931059985263,2,1,73,76,2,1,0.5045974854569337,1.0
2019,2019-01-01T00:00:00+00:00,2020-01-01T00:00:00+00:00,BTM,1,1,62,78,0.0,0.36262626262626263,0.0004923220743769337,1,1,78,62,1,1,1.0,1.0
2019,2019-01-01T00:00:00+00:00,2020-01-01T00:00:00+00:00,BTR,4,4,715,838,0.0,0.4223529411764706,0.0011540032728498454,4,4,838,715,4,4,0.2658990322452025,0.27714802679837647
2019,2019-01-01T00:00:00+00:00,2020-01-01T00:00:00+00:00,BTV,12,12,1012,987,2.2194877464135506e-06,0.4538558786346397,0.0013824888092271392,12,12,987,1012,12,12,0.1169909943757192,0.11534901341998781
2019,2019-01-01T00:00:00+00:00,2020-01-01T00:00:00+00:00,BUF,26,26,2563,2597,1.964539278661982e-05,0.4938101788170564,0.0028141678101306303,26,26,2597,2563,26,26,0.06846811929703552,0.0669969671039702
2019,2019-01-01T00:00:00+00:00,2020-01-01T00:00:00+00:00,BUR,18,18,3234,3217,1.387436681350793e-05,0.4644243208279431,0.003482461794994933,18,18,3217,3234,18,18,0.09946392382943078,0.10013102896749862
2019,2019-01-01T00:00:00+00:00,2020-01-01T00:00:00+00:00,BWI,71,71,10826,10775,0.0024346113148340934,0.5374251497005988,0.010919508935666657,71,71,10775,10826,71,71,0.024788195584649092,0.024830575815780232
2019,2019-01-01T00:00:00+00:00,2020-01-01T00:00:00+00:00,BZN,17,16,739,705,0.00039975420227194084,0.48644986449864497,0.0012670623889621201,16,17,705,739,16,17,0.14337508173633118,0.14242081882952679
2019,2019-01-01T00:00:00+00:00,2020-01-01T00:00:00+00:00,CAE,8,7,756,778,0.0,0.4253554502369668,0.001159925756407092,7,8,778,756,7,8,0.2563589984205761,0.24744548024971305
2019,2019-01-01T00:00:00+00:00,2020-01-01T00:00:00+00:00,CAK,11,11,625,644,1.8219163830005907e-06,0.43253012048192774,0.0010191253162461567,11,11,644,625,11,11,0.1531914277998534,0.13910783999999998
2019,2019-01-01T00:00:00+00:00,2020-01-01T00:00:00+00:00,CDC,1,1,71,83,0.0,0.36262626262626263,0.000503304310980037,1,1,83,71,1,1,1.0,1.0
2019,2019-01-01T00:00:00+00:00,2020-01-01T00:00:00+00:00,CDV,2,2,67,82,0.0011973420133011621,0.33240740740740743,0.0010026097578205743,2,2,82,67,2,2,0.5240928019036288,0.5090220539095567
2019,2019-01-01T00:00:00+00:00,2020-01-01T00:00:00+00:00,CGI,2,2,97,119,0.0,0.3997772828507795,0.0008298504718183825,2,2,119,97,2,2,0.5296942306334298,0.5510681262620895
2019,2019-01-01T00:00:00+00:00,2020-01-01T00:00:00+00:00,CHA,11,12,902,918,0.0001468019071452836,0.45616264294790343,0.0013582618596027548,12,11,918,902,12,11,0.23684385397828944,0.241581899794003
2019,2019-01-01T00:00:00+00:00,2020-01-01T00:00:00+00:00,CHO,4,4,554,623,0.0,0.4198830409356725,0.0009580647295378083,4,4,623,554,4,4,0.2589834822958346,0.27172907244979083
2019,2019-01-01T00:00:00+00:00,2020-01-01T00:00:00+00:00,CHS,30,30,2663,2633,0.000774575710671668,0.49654218533886585,0.0029662350352624846,30,30,2633,2663,30,30,0.066933191435531,0.06696219130068395
2019,2019-01-01T00:00:00+00:00,2020-01-01T00:00:00+00:00,CID,15,15,939,968,0.0006453462171174893,0.4851351351351351,0.0015353812348517396,15,15,968,939,15,15,0.14292696878628508,0.14848801378213744
2019,2019-01-01T00:00:00+00:00,2020-01-01T00:00:00+00:00,CIU,2,2,59,67,0.0,0.3876889848812095,0.0004831687513930335,2,2,67,59,2,2,0.5491200712853642,0.5001436368859523
2019,2019-01-01T00:00:00+00:00,2020-01-01T00:00:00+00:00,CKB,4,4,77,100,2.3198441662924824e-05,0.4107551487414188,0.000511920754318372,4,4,100,77,4,4,0.3852,0.3722381514589307
2019,2019-01-01T00:00:00+00:00,2020-01-01T00:00:00+00:00,CLE,48,48,4988,5018,0.0012258021856327423,0.521044992743106,0.005244739795980763,48,48,5018,4988,48,48,0.04609273494654,0.04630656478515559
2019,2019-01-01T00:00:00+00:00,2020-01-01T00:00:00+00:00,CLL,2,3,225,243,0.0,0.40022296544035674,0.0006580148911209823,3,2,243,225,3,2,0.5154193974495758,0.5166024691358024
2019,2019-01-01T00:00:00+00:00,2020-01-01T00:00:00+00:00,CLT,136,135,24211,23997,0.05890551614289085,0.5953565505804311,0.028170075150610173,135,136,23997,24211,135,136,0.011515505432539474,0.01149981406242003
2019,2019-01-01T00:00:00+00:00,2020-01-01T00:00:00+00:00,CMH,38,38,4885,4922,0.000163554512788432,0.5121255349500713,0.005103312001519512,38,38,4922,4885,38,38,0.04771716303798831,0.04460742418512167
2019,2019-01-01T00:00:00+00:00,2020-01-01T00:00:00+00:00,CMI,3,3,283,318,0.0,0.43253012048192774,0.0007237457447526745,3,3,318,283,3,3,0.379435148926071,0.4098065901684377
2019,2019-01-01T00:00:00+00:00,2020-01-01T00:00:00+00:00,CMX,1,1,62,73,0.0,0.39933259176863184,0.00048361269680585473,1,1,73,62,1,1,1.0,1.0
2019,2019-01-01T00:00:00+00:00,2020-01-01T00:00:00+00:00,CNY,1,1,65,73,0.0,0.3945054945054945,0.0004900543582853656,1,1,73,65,1,1,1.0,1.0
2019,2019-01-01T00:00:00+00:00,2020-01-01T00:00:00+00:00,COD,3,3,42,47,0.0,0.4258600237247924,0.00046549645276758685,3,3,47,42,3,3,0.46491625169760076,0.49999999999999994
2019,2019-01-01T00:00:00+00:00,2020-01-01T00:00:00+00:00,COS,13,13,1056,994,0.0,0.4773936170212766,0.0015467775139922219,13,13,994,1056,13,13,0.14736912420195217,0.14843211949035812
2019,2019-01-01T00:00:00+00:00,2020-01-01T00:00:00+00:00,COU,3,3,242,215,0.0,0.44157441574415746,0.0006861427876963647,3,3,215,242,3,3,0.44436992969172534,0.4530769756164196
2019,2019-01-01T00:00:00+00:00,2020-01-01T00:00:00+00:00,CPR,2,2,116,112,0.0,0.39756367663344405,0.0005552056596316166,2,2,112,116,2,2,0.5516581632653061,0.5928953626634959
2019,2019-01-01T00:00:00+00:00,2020-01-01T00:00:00+00:00,CRP,4,4,607,618,5.734184289761727e-06,0.40201567749160133,0.0010405091131254593,4,4,618,607,4,4,0.3562331772813439,0.3546189567619942
2019,2019-01-01T00:00:00+00:00,2020-01-01T00:00:00+00:00,CRW,7,7,471,489,0.0,0.4309723889555822,0.0008832549002033101,7,7,489,471,7,7,0.29915816678585316,0.29457584486186056
2019,2019-01-01T00:00:00+00:00,2020-01-01T00:00:00+00:00,CSG,1,1,135,138,0.0,0.3914940021810251,0.0005505474639983382,1,1,138,135,1,1,1.0,1.0
2019,2019-01-01T00:00:00+00:00,2020-01-01T00:00:00+00:00,CVG,49,49,4947,4942,0.0021523203288969857,0.5225618631732168,0.005466805359260101,49,49,4942,4947,49,49,0.045458684561225884,0.04342742183784461
2019,2019-01-01T00:00:00+00:00,2020-01-01T00:00:00+00:00,CWA,3,3,236,249,0.0,0.411697247706422,0.0006791328208925113,3,3,249,236,3,3,0.3416880372897212,0.34774490089054866
2019,2019-01-01T00:00:00+00:00,2020-01-01T00:00:00+00:00,CYS,1,1,65,49,0.0,0.39800443458980045,0.0004914695847041292,1,1,49,65,1,1,1.0,1.0
2019,2019-01-01T00:00:00+00:00,2020-01-01T00:00:00+00:00,DAB,3,3,391,338,0.0,0.3966850828729282,0.0008046190578475547,3,3,338,391,3,3,0.49119428591435865,0.4829050045460195
2019,2019-01-01T00:00:00+00:00,2020-01-01T00:00:00+00:00,DAL,63,62,7484,7441,0.0029538000768476744,0.5035063113604488,0.007629615140084126,62,63,7441,7484,62,63,0.03139109053759304,0.03093908372780871
2019,2019-01-01T00:00:00+00:00,2020-01-01T00:00:00+00:00,DAY,16,16,1388,1389,0.0003863880091351754,0.4831763122476447,0.0018581742220394766,16,16,1389,1388,16,16,0.0996625237583585,0.09833671071099336
2019,2019-01-01T00:00:00+00:00,2020-01-01T00:00:00+00:00,DBQ,1,1,107,104,0.0,0.39933259176863184,0.0005322025573907493,1,1,104,107,1,1,1.0,1.0
2019,2019-01-01T00:00:00+00:00,2020-01-01T00:00:00+00:00,DCA,92,93,14378,14223,0.012826642701267058,0.5548686244204019,0.014802516161588695,93,92,14223,14378,93,92,0.02302597822990351,0.023322975254635964
2019,2019-01-01T00:00:00+00:00,2020-01-01T00:00:00+00:00,DEN,174,170,25658,25713,0.14992719399339638,0.6503623188405797,0.03415689148986708,170,174,25713,25658,170,174,0.013625735409847017,0.01356590735748119
2019,2019-01-01T00:00:00+00:00,2020-01-01T00:00:00+00:00,DFW,182,183,30855,31365,0.17176023995554615,0.6599264705882353,0.04247970598017601,183,182,31365,30855,183,182,0.009684624061851875,0.009677687762328965
2019,2019-01-01T00:00:00+00:00,2020-01-01T00:00:00+00:00,DHN,1,1,144,134,0.0,0.3914940021810251,0.0005594728504871164,1,1,134,144,1,1,1.0,1.0
2019,2019-01-01T00:00:00+00:00,2020-01-01T00:00:00+00:00,DLG,1,1,6,10,0.0,0.3317929759704251,0.00043632850834650333,1,1,10,6,1,1,1.0,1.0
2019,2019-01-01T00:00:00+00:00,2020-01-01T00:00:00+00:00,DLH,2,2,360,323,0.0,0.40749148694665155,0.000825768848444398,2,2,323,360,2,2,0.5010783195468183,0.5055709876543211
2019,2019-01-01T00:00:00+00:00,2020-01-01T00:00:00+00:00,DRO,6,5,328,309,0.0,0.44596273291925465,0.0007759361310006752,5,6,309,328,5,6,0.3284318346058378,0.3262566924449732
2019,2019-01-01T00:00:00+00:00,2020-01-01T00:00:00+00:00,DRT,1,1,78,68,0.0,0.39800443458980045,0.0005064301683116218,1,1,68,78,1,1,1.0,1.0
2019,2019-01-01T00:00:00+00:00,2020-01-01T00:00:00+00:00,DSM,23,23,1716,1690,0.0009722302299268891,0.49791955617198336,0.0023264911922943323,23,23,1690,1716,23,23,0.08663772276881061,0.08888780217451545
2019,2019-01-01T00:00:00+00:00,2020-01-01T00:00:00+00:00,DTW,116,116,16270,16458,0.05363325781214376,0.5790322580645161,0.020726947736327356,116,116,16458,16270,116,116,0.014906874683505591,0.01507268440638896
2019,2019-01-01T00:00:00+00:00,2020-01-01T00:00:00+00:00,DVL,1,2,58,61,0.0,0.2833464877663773,0.0008440983711813994,2,1,61,58,2,1,0.5108841709217952,1.0
2019,2019-01-01T00:00:00+00:00,2020-01-01T00:00:00+00:00,EAR,2,2,67,74,0.0,0.4223529411764706,0.0004921153741849861,2,2,74,67,2,2,0.8071585098612126,0.887725551347739
2019,2019-01-01T00:00:00+00:00,2020-01-01T00:00:00+00:00,EAU,1,1,86,71,0.0,0.39933259176863184,0.0005095272891177985,1,1,71,86,1,1,1.0,1.0
2019,2019-01-01T00:00:00+00:00,2020-01-01T00:00:00+00:00,ECP,13,14,710,632,2.390177959748014e-05,0.4476309226932668,0.0011038326920718203,14,13,632,710,14,13,0.18024955936548628,0.1670739932553065
2019,2019-01-01T00:00:00+00:00,2020-01-01T00:00:00+00:00,EGE,14,14,220,250,1.0096692582917777e-05,0.4674479166666667,0.0006468472270818168,14,14,250,220,14,14,0.16864,0.14834710743801655
2019,2019-01-01T00:00:00+00:00,2020-01-01T00:00:00+00:00,EKO,1,1,55,66,0.0,0.36262626262626263,0.00048378033479674226,1,1,66,55,1,1,1.0,1.0
2019,2019-01-01T00:00:00+00:00,2020-01-01T00:00:00+00:00,ELM,5,4,56,59,4.821690036210928e-05,0.4126436781609195,0.0005246314896067095,4,5,59,56,4,5,0.3588049411088768,0.3411989795918367
2019,2019-01-01T00:00:00+00:00,2020-01-01T00:00:00+00:00,ELP,15,16,1840,1744,9.160202652018496e-05,0.469281045751634,0.0022435142368764007,16,15,1744,1840,16,15,0.10327479273630166,0.1065477315689981
2019,2019-01-01T00:00:00+00:00,2020-01-01T00:00:00+00:00,ERI,2,2,99,125,0.0,0.4051918735891648,0.0005228371703775327,2,2,125,99,2,2,0.742208,0.6433017039077644
2019,2019-01-01T00:00:00+00:00,2020-01-01T00:00:00+00:00,ESC,1,1,63,64,0.0,0.3670756646216769,0.00048408966960023186,1,1,64,63,1,1,1.0,1.0
2019,2019-01-01T00:00:00+00:00,2020-01-01T00:00:00+00:00,EUG,12,11,505,535,0.00017027524307365168,0.462033462033462,0.0009547890679674154,11,12,535,505,11,12,0.19939208664512187,0.18392314478972652
2019,2019-01-01T00:00:00+00:00,2020-01-01T00:00:00+00:00,EVV,7,7,393,398,7.779963442114197e-05,0.4504391468005019,0.0008435563994503675,7,7,398,393,7,7,0.2295396580894422,0.21966474370180447
2019,2019-01-01T00:00:00+00:00,2020-01-01T00:00:00+00:00,EWN,2,2,237,246,0.0,0.3958103638368247,0.0006526796667902512,2,2,246,237,2,2,0.5611078062000132,0.605761184995282
2019,2019-01-01T00:00:00+00:00,2020-01-01T00:00:00+00:00,EWR,91,91,13812,13946,0.010012630902189896,0.5635792778649922,0.01404587829391709,91,91,13946,13812,91,91,0.024269493388575536,0.023984440765904547
2019,2019-01-01T00:00:00+00:00,2020-01-01T00:00:00+00:00,EYW,9,9,548,573,6.814506916624924e-07,0.4421182266009852,0.0009453698912438145,9,9,573,548,9,9,0.21017637796234875,0.22087617880547714
2019,2019-01-01T00:00:00+00:00,2020-01-01T00:00:00+00:00,FAI,6,7,505,511,0.0019956480423330395,0.43833943833943834,0.0017657736778946972,7,6,511,505,7,6,0.40351790932173204,0.365528869718655
2019,2019-01-01T00:00:00+00:00,2020-01-01T00:00:00+00:00,FAR,10,10,644,588,0.0003085141726013977,0.47424042272126815,0.0012450761373341136,10,10,588,644,10,10,0.24696885556943868,0.24163323174260254
2019,2019-01-01T00:00:00+00:00,2020-01-01T00:00:00+00:00,FAT,11,11,1304,1252,0.0,0.46025641025641023,0.0017221651051054355,11,11,1252,1304,11,11,0.11567817370800967,0.11309585419097444
2019,2019-01-01T00:00:00+00:00,2020-01-01T00:00:00+00:00,FAY,2,2,364,348,0.0,0.3958103638368247,0.0007787115695481327,2,2,348,364,2,2,0.5037158145065399,0.5005434126313248
2019,2019-01-01T00:00:00+00:00,2020-01-01T00:00:00+00:00,FCA,11,10,318,295,0.0001860729640786979,0.47174770039421815,0.0008012634021490323,10,11,295,318,10,11,0.22240735420856078,0.21551758237411495
2019,2019-01-01T00:00:00+00:00,2020-01-01T00:00:00+00:00,FLG,3,2,195,199,0.0,0.40749148694665155,0.0006170022871599209,2,3,199,195,2,3,0.5912224438776799,0.5420907297830375
2019,2019-01-01T00:00:00+00:00,2020-01-01T00:00:00+00:00,FLL,79,79,10015,9990,0.017922815388641756,0.543939393939394,0.01083060088192081,79,79,9990,10015,79,79,0.030200651101552,0.03027180646902836
2019,2019-01-01T00:00:00+00:00,2020-01-01T00:00:00+00:00,FNT,8,8,374,372,0.0001305312651846059,0.4335748792270531,0.0008977622457195804,8,8,372,374,8,8,0.31137992831541217,0.31582258571877947
2019,2019-01-01T00:00:00+00:00,2020-01-01T00:00:00+00:00,FSD,12,11,733,728,0.0005244720422196203,0.4767596281540505,0.0013166812008010226,11,12,728,733,11,12,0.190975576621181,0.18948275509083565
2019,2019-01-01T00:00:00+00:00,2020-01-01T00:00:00+00:00,FSM,2,2,212,220,0.0,0.4169570267131243,0.000652843139705497,2,2,220,212,2,2,0.5565702479338843,0.6445799216803132
2019,2019-01-01T00:00:00+00:00,2020-01-01T00:00:00+00:00,FWA,11,11,741,740,0.0004722466992300009,0.4656290531776913,0.001297402580130912,11,11,740,741,11,11,0.18147187728268807,0.18560285276671384
2019,2019-01-01T00:00:00+00:00,2020-01-01T00:00:00+00:00,GCC,1,1,100,76,0.0,0.3945054945054945,0.0005295708076185112,1,1,76,100,1,1,1.0,1.0
2019,2019-01-01T00:00:00+00:00,2020-01-01T00:00:00+00:00,GCK,1,1,65,87,0.0,0.39800443458980045,0.0004914695847041292,1,1,87,65,1,1,1.0,1.0
2019,2019-01-01T00:00:00+00:00,2020-01-01T00:00:00+00:00,GEG,15,15,1223,1228,2.023656043621321e-06,0.4662337662337662,0.001702783570145794,15,15,1228,1223,15,15,0.09840290082653397,0.1045944820218101
2019,2019-01-01T00:00:00+00:00,2020-01-01T00:00:00+00:00,GFK,4,4,201,208,5.102232543579587e-05,0.40337078651685393,0.0006874875434692285,4,4,208,201,4,4,0.7573502218934912,0.7414915472389297
2019,2019-01-01T00:00:00+00:00,2020-01-01T00:00:00+00:00,GGG,1,1,105,82,0.0,0.39800443458980045,0.00053750214965026,1,1,82,105,1,1,1.0,1.0
2019,2019-01-01T00:00:00+00:00,2020-01-01T00:00:00+00:00,GJT,8,8,445,418,0.0001472454214161057,0.45558375634517767,0.0009339512390523848,8,8,418,445,8,8,0.22524667475561455,0.2340765054917308
2019,2019-01-01T00:00:00+00:00,2020-01-01T00:00:00+00:00,GNV,4,4,539,540,0.0,0.4218566392479436,0.0009565031388954244,4,4,540,539,4,4,0.3481550068587106,0.33877413336729534
2019,2019-01-01T00:00:00+00:00,2020-01-01T00:00:00+00:00,GPT,5,5,443,457,4.895989036760082e-05,0.4309723889555822,0.000883409826537165,5,5,457,443,5,5,0.2648276984807205,0.262386050374779
2019,2019-01-01T00:00:00+00:00,2020-01-01T00:00:00+00:00,GRB,6,7,576,537,0.0,0.4493116395494368,0.001048930075248367,7,6,537,576,7,6,0.2954027652070784,0.27876036844135804
2019,2019-01-01T00:00:00+00:00,2020-01-01T00:00:00+00:00,GRI,3,3,132,134,4.1601500086364284e-05,0.40935005701254273,0.0006046414003624773,3,3,134,132,3,3,0.5806415682780129,0.5486685032139579
2019,2019-01-01T00:00:00+00:00,2020-01-01T00:00:00+00:00,GRK,2,2,330,365,0.0,0.40022296544035674,0.0007784680925096262,2,2,365,330,2,2,0.5878551322949896,0.5925803489439854
2019,2019-01-01T00:00:00+00:00,2020-01-01T00:00:00+00:00,GRR,30,29,1950,1929,0.0009693378045007703,0.49722991689750695,0.002598888749555842,29,30,1929,1950,29,30,0.07806551983705635,0.08447389875082183
2019,2019-01-01T00:00:00+00:00,2020-01-01T00:00:00+00:00,GSO,17,16,1465,1506,0.00016737354445384953,0.46262886597938147,0.0018755710494779458,16,17,1506,1465,16,17,0.1428063752074482,0.13749304010530117
2019,2019-01-01T00:00:00+00:00,2020-01-01T00:00:00+00:00,GSP,20,21,1601,1673,0.00024741680154901556,0.4838274932614555,0.002042138148337564,21,20,1673,1601,21,20,0.12461230706459506,0.12825018404721286
2019,2019-01-01T00:00:00+00:00,2020-01-01T00:00:00+00:00,GST,1,1,12,8,0.0,0.2681105302464526,0.00048180908901176056,1,1,8,12,1,1,1.0,1.0
2019,2019-01-01T00:00:00+00:00,2020-01-01T00:00:00+00:00,GTF,6,6,185,188,0.00010941344034399466,0.4394124847001224,0.0006677259256486584,6,6,188,185,6,6,0.35445903123585326,0.4338056975894814
2019,2019-01-01T00:00:00+00:00,2020-01-01T00:00:00+00:00,GTR,1,1,128,113,0.0,0.3914940021810251,0.0005436054967292886,1,1,113,128,1,1,1.0,1.0
2019,2019-01-01T00:00:00+00:00,2020-01-01T00:00:00+00:00,GUC,2,2,24,21,0.0,0.40022296544035674,0.0004419925160646491,2,2,21,24,2,2,0.510204081632653,0.5
2019,2019-01-01T00:00:00+00:00,2020-01-01T00:00:00+00:00,GUM,2,2,78,96,0.005571030640668525,0.33677298311444653,0.001445795618852032,2,2,96,78,2,2,0.5217013888888888,0.5082182774490467
2019,2019-01-01T00:00:00+00:00,2020-01-01T00:00:00+00:00,HDN,14,14,115,120,8.598298120419101e-05,0.47174770039421815,0.0005368804052183161,14,14,120,115,14,14,0.12125000000000001,0.12574669187145557
2019,2019-01-01T00:00:00+00:00,2020-01-01T00:00:00+00:00,HGR,3,3,14,15,5.137095198702195e-06,0.35544554455445543,0.0004516546914916371,3,3,15,14,3,3,0.5022222222222222,0.5612244897959183
2019,2019-01-01T00:00:00+00:00,2020-01-01T00:00:00+00:00,HHH,7,7,215,233,5.060997320461142e-07,0.4223529411764706,0.0006295074745844812,7,7,233,215,7,7,0.3806111735342335,0.36558139534883727
2019,2019-01-01T00:00:00+00:00,2020-01-01T00:00:00+00:00,HIB,1,1,50,68,0.0,0.37552301255230125,0.0004757768320816857,1,1,68,50,1,1,1.0,1.0
2019,2019-01-01T00:00:00+00:00,2020-01-01T00:00:00+00:00,HLN,2,3,126,145,0.0,0.3860215053763441,0.0005690863969996685,3,2,145,126,3,2,0.6530796670630202,0.5987654320987654
2019,2019-01-01T00:00:00+00:00,2020-01-01T00:00:00+00:00,HNL,30,30,5321,5230,0.018753581860585105,0.5056338028169014,0.006963305186280948,30,30,5230,5321,30,30,0.11372103140800427,0.11545156876649174
2019,2019-01-01T00:00:00+00:00,2020-01-01T00:00:00+00:00,HOB,2,2,72,79,0.0,0.40382452193475815,0.00048660998656822484,2,2,79,72,2,2,0.838487421887518,0.8707561728395061
2019,2019-01-01T00:00:00+00:00,2020-01-01T00:00:00+00:00,HOU,57,58,6254,6163,0.0022399187433082197,0.5013966480446927,0.006483484833555196,58,57,6163,6254,58,57,0.03720130147068251,0.037184721126096824
2019,2019-01-01T00:00:00+00:00,2020-01-01T00:00:00+00:00,HPN,11,11,1190,1193,0.00021767237304816777,0.43253012048192774,0.0015966625316130246,11,11,1193,1190,11,11,0.12061206436821667,0.12066238260009887
2019,2019-01-01T00:00:00+00:00,2020-01-01T00:00:00+00:00,HRL,8,8,435,464,1.797512093393121e-05,0.4504391468005019,0.0008460967961524005,8,8,464,435,8,8,0.25797042211652793,0.2557008851895891
2019,2019-01-01T00:00:00+00:00,2020-01-01T00:00:00+00:00,HSV,10,10,971,954,2.5099255003912973e-07,0.4662337662337662,0.0014043703121767548,10,10,954,971,10,10,0.16143216908613847,0.176083772343375
2019,2019-01-01T00:00:00+00:00,2020-01-01T00:00:00+00:00,HTS,6,6,80,72,4.482193418421121e-05,0.39021739130434785,0.0005722210235127653,6,6,72,80,6,6,0.27739197530864196,0.25562500000000005
2019,2019-01-01T00:00:00+00:00,2020-01-01T00:00:00+00:00,HVN,2,2,113,117,0.0,0.3743482794577685,0.0005203253488921402,2,2,117,113,2,2,0.8875009131419387,0.8533949408724253
2019,2019-01-01T00:00:00+00:00,2020-01-01T00:00:00+00:00,HYA,1,1,11,6,0.0,0.34990253411306044,0.0004265047577211939,1,1,6,11,1,1,1.0,1.0
2019,2019-01-01T00:00:00+00:00,2020-01-01T00:00:00+00:00,HYS,2,2,108,122,0.0001896192120372302,0.39537444933920707,0.0009046257174032905,2,2,122,108,2,2,0.5021499596882559,0.5027434842249658
2019,2019-01-01T00:00:00+00:00,2020-01-01T00:00:00+00:00,IAD,81,81,7116,7096,0.014096747869727424,0.5472560975609756,0.008300579860349634,81,81,7096,7116,81,81,0.02868511913916283,0.0278927914546102
2019,2019-01-01T00:00:00+00:00,2020-01-01T00:00:00+00:00,IAG,6,5,86,82,2.5629324192656242e-05,0.3743482794577685,0.0005825957523829593,5,6,82,86,5,6,0.2016656751933373,0.18929150892374258
2019,2019-01-01T00:00:00+00:00,2020-01-01T00:00:00+00:00,IAH,115,118,17956,18297,0.0341751986238269,0.5875613747954174,0.020664213512649635,118,115,18297,17956,118,115,0.014455403485335657,0.014405042280278104
2019,2019-01-01T00:00:00+00:00,2020-01-01T00:00:00+00:00,ICT,13,14,1068,1066,0.00038977470890435694,0.4761273209549072,0.001582879718962966,14,13,1066,1068,14,13,0.13461802463312553,0.13482269354318338
2019,2019-01-01T00:00:00+00:00,2020-01-01T00:00:00+00:00,IDA,7,7,210,203,8.08854899419515e-05,0.41890315052508753,0.0007036637000877953,7,7,203,210,7,7,0.44822732898153317,0.5045804988662131
2019,2019-01-01T00:00:00+00:00,2020-01-01T00:00:00+00:00,ILM,8,8,711,727,2.5099255003912973e-07,0.44157441574415746,0.0011169894701632248,8,8,727,711,8,8,0.29027546265200205,0.30798522712211757
2019,2019-01-01T00:00:00+00:00,2020-01-01T00:00:00+00:00,IMT,2,2,66,63,0.0,0.3876889848812095,0.0004920041591137837,2,2,63,66,2,2,0.5011337868480725,0.5371900826446281
2019,2019-01-01T00:00:00+00:00,2020-01-01T00:00:00+00:00,IND,47,47,4973,5027,0.0013376688974408761,0.5202898550724637,0.0054411825267043365,47,47,5027,4973,47,47,0.042727576240479646,0.04234307043678332
2019,2019-01-01T00:00:00+00:00,2020-01-01T00:00:00+00:00,INL,1,1,62,73,0.0,0.37552301255230125,0.0004899632717812902,1,1,73,62,1,1,1.0,1.0
2019,2019-01-01T00:00:00+00:00,2020-01-01T00:00:00+00:00,ISN,1,2,65,57,0.0,0.37552301255230125,0.0004935098817061914,2,1,57,65,2,1,0.9655278547245305,1.0
2019,2019-01-01T00:00:00+00:00,2020-01-01T00:00:00+00:00,ISP,9,9,546,589,9.945912102813268e-06,0.40382452193475815,0.0009143769925375748,9,9,589,546,9,9,0.19042087391654006,0.20057293134216214
2019,2019-01-01T00:00:00+00:00,2020-01-01T00:00:00+00:00,ITH,2,2,115,111,0.0,0.3851931330472103,0.0005396675575480856,2,2,111,115,2,2,0.9139680220761301,0.9827599243856333
2019,2019-01-01T00:00:00+00:00,2020-01-01T00:00:00+00:00,ITO,3,3,607,701,0.0,0.36896197327852004,0.00109069092422495,3,3,701,607,3,3,0.7058207044755708,0.7214485586879051
2019,2019-01-01T00:00:00+00:00,2020-01-01T00:00:00+00:00,JAC,14,14,454,453,1.0594602846370302e-05,0.4767596281540505,0.0009190571354578858,14,14,453,454,14,14,0.1622492190888314,0.16965204059849792
2019,2019-01-01T00:00:00+00:00,2020-01-01T00:00:00+00:00,JAN,8,8,886,873,0.0,0.46084724005134786,0.0013298130664302836,8,8,873,886,8,8,0.22386367662167425,0.22702536063878034
2019,2019-01-01T00:00:00+00:00,2020-01-01T00:00:00+00:00,JAX,34,34,3533,3393,0.0013587815094846228,0.49654218533886585,0.0038341540044432723,34,34,3393,3533,34,34,0.06436866734436782,0.06392784092470419
2019,2019-01-01T00:00:00+00:00,2020-01-01T00:00:00+00:00,JFK,69,69,12851,13012,0.015068512803104608,0.5374251497005988,0.013693339845181056,69,69,13012,12851,69,69,0.030608152950918864,0.031224106401255926
2019,2019-01-01T00:00:00+00:00,2020-01-01T00:00:00+00:00,JLN,2,2,127,150,0.0,0.4243498817966903,0.0005604757587189966,2,2,150,127,2,2,0.5747555555555556,0.6153512307024613
2019,2019-01-01T00:00:00+00:00,2020-01-01T00:00:00+00:00,JMS,2,2,92,103,0.002785515320334262,0.3949394939493949,0.0008927175761154021,2,2,103,92,2,2,0.5079649354321802,0.5285916824196597
2019,2019-01-01T00:00:00+00:00,2020-01-01T00:00:00+00:00,JNU,7,7,463,475,0.015711047211889886,0.3659531090723751,0.0030273773954532794,7,7,475,463,7,7,0.2250770083102493,0.23457216295266572
2019,2019-01-01T00:00:00+00:00,2020-01-01T00:00:00+00:00,KOA,16,16,1575,1597,0.00020808298710655698,0.44266337854500615,0.002105214819981068,16,16,1597,1575,16,16,0.2795030130461428,0.28739894179894176
2019,2019-01-01T00:00:00+00:00,2020-01-01T00:00:00+00:00,KTN,4,4,242,242,0.005475975578759538,0.3611670020120724,0.0014556703531685728,4,4,242,242,4,4,0.35014684789290346,0.3867563691004713
2019,2019-01-01T00:00:00+00:00,2020-01-01T00:00:00+00:00,LAN,4,4,293,322,0.0,0.4159907300115875,0.0007320313289741088,4,4,322,293,4,4,0.378091123027661,0.35486726694545073
2019,2019-01-01T00:00:00+00:00,2020-01-01T00:00:00+00:00,LAR,1,1,72,67,0.0,0.3945054945054945,0.0004979576481519948,1,1,67,72,1,1,1.0,1.0
2019,2019-01-01T00:00:00+00:00,2020-01-01T00:00:00+00:00,LAS,114,114,16876,16924,0.03393613624209222,0.5780998389694042,0.01819550042021682,114,114,16924,16876,114,114,0.024394744343740123,0.024664850389278944
2019,2019-01-01T00:00:00+00:00,2020-01-01T00:00:00+00:00,LAW,1,1,139,147,0.0,0.39800443458980045,0.0005766298298544711,1,1,147,139,1,1,1.0,1.0
2019,2019-01-01T00:00:00+00:00,2020-01-01T00:00:00+00:00,LAX,106,107,22412,22468,0.032167336678902855,0.5780998389694042,0.024076298438104583,107,106,22468,22412,107,106,0.026299845623022684,0.0264665094733135
2019,2019-01-01T00:00:00+00:00,2020-01-01T00:00:00+00:00,LBB,8,8,724,721,5.734184289761727e-06,0.43149038461538464,0.0011580378003165652,8,8,721,724,8,8,0.22255074147672077,0.24197979304661027
2019,2019-01-01T00:00:00+00:00,2020-01-01T00:00:00+00:00,LBE,5,5,103,113,3.882251254105164e-06,0.3663265306122449,0.000522053783665388,5,5,113,103,5,5,0.2564805388049182,0.23875954378357997
2019,2019-01-01T00:00:00+00:00,2020-01-01T00:00:00+00:00,LBF,1,1,67,57,0.0,0.3945054945054945,0.0004923124411044025,1,1,57,67,1,1,1.0,1.0
2019,2019-01-01T00:00:00+00:00,2020-01-01T00:00:00+00:00,LBL,2,2,63,62,0.0,0.3949394939493949,0.0006373346756768416,2,2,62,63,2,2,0.5,0.510204081632653
2019,2019-01-01T00:00:00+00:00,2020-01-01T00:00:00+00:00,LCH,2,2,206,184,0.0,0.40022296544035674,0.0006338557332018741,2,2,184,206,2,2,0.5,0.5000471297954567
2019,2019-01-01T00:00:00+00:00,2020-01-01T00:00:00+00:00,LCK,10,10,103,119,8.729246344938562e-05,0.37670514165792235,0.0006122634919247922,10,10,119,103,10,10,0.1278864486971259,0.13526251296069375
2019,2019-01-01T00:00:00+00:00,2020-01-01T00:00:00+00:00,LEX,16,16,954,959,0.00033726599043786004,0.469281045751634,0.0015012898529563811,16,16,959,954,16,16,0.15418280903922119,0.15376721209164546
2019,2019-01-01T00:00:00+00:00,2020-01-01T00:00:00+00:00,LFT,5,5,511,515,0.0,0.44157441574415746,0.000948180631887393,5,5,515,511,5,5,0.32848713356584036,0.3423815012963339
2019,2019-01-01T00:00:00+00:00,2020-01-01T00:00:00+00:00,LGA,75,76,17485,17539,0.007777832570987154,0.5248538011695907,0.01792344916520381,76,75,17539,17485,76,75,0.030419429260758073,0.03001998608390917
2019,2019-01-01T00:00:00+00:00,2020-01-01T00:00:00+00:00,LGB,17,18,1659,1647,7.25556195011315e-05,0.4253554502369668,0.002040390231384585,18,17,1647,1659,18,17,0.10319106070944983,0.10342512265281054
2019,2019-01-01T00:00:00+00:00,2020-01-01T00:00:00+00:00,LIH,12,12,1403,1405,1.121348372136113e-06,0.4098173515981735,0.001890754832757129,12,12,1405,1403,12,12,0.2923939666417598,0.2650074247780822
2019,2019-01-01T00:00:00+00:00,2020-01-01T00:00:00+00:00,LIT,15,16,1439,1395,0.00016390075380225217,0.47930574098798395,0.001907273287154406,16,15,1395,1439,16,15,0.12401639238961473,0.12893238635238644
2019,2019-01-01T00:00:00+00:00,2020-01-01T00:00:00+00:00,LNK,4,4,232,221,0.0,0.4421182266009852,0.000678189224386495,4,4,221,232,4,4,0.33985790626727547,0.32264417360285375
2019,2019-01-01T00:00:00+00:00,2020-01-01T00:00:00+00:00,LRD,3,3,292,293,0.0,0.4098173515981735,0.0007288276920710294,3,3,293,292,3,3,0.48439702267935564,0.4908284856445862
2019,2019-01-01T00:00:00+00:00,2020-01-01T00:00:00+00:00,LSE,3,3,199,199,0.0,0.411697247706422,0.0006382390627181022,3,3,199,199,3,3,0.40046968510896186,0.40445948334638016
2019,2019-01-01T00:00:00+00:00,2020-01-01T00:00:00+00:00,LWB,2,2,58,61,0.0,0.40022296544035674,0.0004769824660606859,2,2,61,58,2,2,0.5162590701424348,0.5023781212841855
2019,2019-01-01T00:00:00+00:00,2020-01-01T00:00:00+00:00,LWS,1,1,86,113,0.0,0.36262626262626263,0.0005216080386518757,1,1,113,86,1,1,1.0,1.0
2019,2019-01-01T00:00:00+00:00,2020-01-01T00:00:00+00:00,LYH,1,1,84,82,0.0,0.37356919875130074,0.0005004450548039556,1,1,82,84,1,1,1.0,1.0
2019,2019-01-01T00:00:00+00:00,2020-01-01T00:00:00+00:00,MAF,7,7,987,1002,5.734184289761727e-06,0.429940119760479,0.0014085267917755277,7,7,1002,987,7,7,0.20317847339253628,0.19606762276360673
2019,2019-01-01T00:00:00+00:00,2020-01-01T00:00:00+00:00,MBS,3,4,255,248,0.00019749098036442997,0.411697247706422,0.0006938832108592779,4,3,248,255,4,3,0.4056321540062435,0.41831603229527103
2019,2019-01-01T00:00:00+00:00,2020-01-01T00:00:00+00:00,MCI,51,50,5593,5751,0.0020786209231280586,0.5233236151603499,0.005879676788412703,50,51,5751,5593,50,51,0.03607900356536846,0.03659401075691374
2019,2019-01-01T00:00:00+00:00,2020-01-01T00:00:00+00:00,MCO,92,92,14508,14473,0.01730412931434556,0.5548686244204019,0.015287700261640204,92,92,14473,14508,92,92,0.024418372340304504,0.0244001503139954
2019,2019-01-01T00:00:00+00:00,2020-01-01T00:00:00+00:00,MDT,14,15,643,662,0.0003316993157946775,0.4780292942743009,0.001179400280620445,15,14,662,643,15,14,0.1960414746123164,0.1912956616172732
2019,2019-01-01T00:00:00+00:00,2020-01-01T00:00:00+00:00,MDW,64,64,8481,8646,0.0015753531456191988,0.5042134831460674,0.008486701976703627,64,64,8646,8481,64,64,0.024412455495619753,0.024253427009507552
2019,2019-01-01T00:00:00+00:00,2020-01-01T00:00:00+00:00,MEI,3,3,124,83,0.00020915660625650154,0.42485207100591715,0.0008067208117906056,3,3,83,124,3,3,0.35375235883292205,0.34092091571279914
2019,2019-01-01T00:00:00+00:00,2020-01-01T00:00:00+00:00,MEM,29,28,2644,2539,0.0007801254701165458,0.49722991689750695,0.003092808354906495,28,29,2539,2644,28,29,0.0666770495279547,0.07213689660144512
2019,2019-01-01T00:00:00+00:00,2020-01-01T00:00:00+00:00,MFE,6,6,577,531,0.00012489872237765723,0.42789034564958284,0.001044270888008025,6,6,531,577,6,6,0.41957221034114645,0.4098621628034806
2019,2019-01-01T00:00:00+00:00,2020-01-01T00:00:00+00:00,MFR,8,7,439,406,5.18549665307614e-05,0.41502890173410406,0.0008496613085425627,7,8,406,439,7,8,0.24848940765366792,0.27056210791766333
2019,2019-01-01T00:00:00+00:00,2020-01-01T00:00:00+00:00,MGM,4,4,362,383,0.0,0.42285041224970554,0.0007921945576342033,4,4,383,362,4,4,0.4139983229826368,0.43245016940874814
2019,2019-01-01T00:00:00+00:00,2020-01-01T00:00:00+00:00,MHK,2,2,221,202,0.0,0.4243498817966903,0.000663253288599244,2,2,202,221,2,2,0.5012253700617586,0.5000921357056571
2019,2019-01-01T00:00:00+00:00,2020-01-01T00:00:00+00:00,MHT,13,13,866,837,6.734860128028217e-06,0.43149038461538464,0.0012060024778727933,13,13,837,866,13,13,0.13288769557316982,0.13140770925227616
2019,2019-01-01T00:00:00+00:00,2020-01-01T00:00:00+00:00,MIA,65,65,9147,9086,0.003452956287405197,0.5263929618768328,0.009660767949939832,65,65,9086,9147,65,65,0.029997554611693705,0.030176588409500264
2019,2019-01-01T00:00:00+00:00,2020-01-01T00:00:00+00:00,MKE,35,36,3161,3089,0.000993118649686735,0.5106685633001422,0.0035500192128372805,36,35,3089,3161,36,35,0.04892358677042076,0.0508904143657661
2019,2019-01-01T00:00:00+00:00,2020-01-01T00:00:00+00:00,MKG,1,1,67,88,0.0,0.39933259176863184,0.0004890115702041763,1,1,88,67,1,1,1.0,1.0
2019,2019-01-01T00:00:00+00:00,2020-01-01T00:00:00+00:00,MLB,4,4,240,260,0.0,0.39800443458980045,0.0006546593508154786,4,4,260,240,4,4,0.4850591715976331,0.48951388888888886
2019,2019-01-01T00:00:00+00:00,2020-01-01T00:00:00+00:00,MLI,11,11,485,509,0.0005206885505042052,0.4786666666666667,0.0010002199352177098,11,11,509,485,11,11,0.20514433709920835,0.18219577000743967
2019,2019-01-01T00:00:00+00:00,2020-01-01T00:00:00+00:00,MLU,3,3,298,298,0.0,0.4179278230500582,0.0007215660662455348,3,3,298,298,3,3,0.35730372505742986,0.3656817260483762
2019,2019-01-01T00:00:00+00:00,2020-01-01T00:00:00+00:00,MMH,3,3,54,53,0.0,0.39800443458980045,0.00046802711998794556,3,3,53,54,3,3,0.43111427554289783,0.5
2019,2019-01-01T00:00:00+00:00,2020-01-01T00:00:00+00:00,MOB,4,4,581,590,0.0,0.4223529411764706,0.0010064989997980007,4,4,590,581,4,4,0.3381614478598104,0.3541730235424116
2019,2019-01-01T00:00:00+00:00,2020-01-01T00:00:00+00:00,MOT,4,4,235,234,5.370827465031378e-05,0.41359447004608296,0.000725707789813744,4,4,234,235,4,4,0.5716268536781358,0.5968492530556813
2019,2019-01-01T00:00:00+00:00,2020-01-01T00:00:00+00:00,MQT,3,3,159,146,0.0,0.411697247706422,0.0005925430478261146,3,3,146,159,3,3,0.36432726590354664,0.34187729915747
2019,2019-01-01T00:00:00+00:00,2020-01-01T00:00:00+00:00,MRY,7,7,433,417,0.0,0.429940119760479,0.0008307488323358591,7,7,417,433,7,7,0.25305223447141567,0.2381739728730752
2019,2019-01-01T00:00:00+00:00,2020-01-01T00:00:00+00:00,MSN,19,18,1431,1471,8.885592495489141e-06,0.4897680763983629,0.0019137643610868703,18,19,1471,1431,18,19,0.10313927871779859,0.1079583994421224
2019,2019-01-01T00:00:00+00:00,2020-01-01T00:00:00+00:00,MSO,11,11,350,341,0.0002021140217778761,0.47174770039421815,0.0008397366007537451,11,11,341,350,11,11,0.21512542891787995,0.19528163265306125
2019,2019-01-01T00:00:00+00:00,2020-01-01T00:00:00+00:00,MSP,128,128,16391,16538,0.07811163285108112,0.6003344481605352,0.023005234975254054,128,128,16538,16391,128,128,0.015589766469145675,0.015669606627894177
2019,2019-01-01T00:00:00+00:00,2020-01-01T00:00:00+00:00,MSY,46,47,5884,5905,0.0016180913581601774,0.5172910662824207,0.006021988954600598,47,46,5905,5884,47,46,0.037962202843354526,0.03891528998664874
2019,2019-01-01T00:00:00+00:00,2020-01-01T00:00:00+00:00,MTJ,11,12,175,183,2.8399298822632683e-06,0.4656290531776913,0.0006059626393489112,12,11,183,175,12,11,0.23527128310788614,0.24244897959183676
2019,2019-01-01T00:00:00+00:00,2020-01-01T00:00:00+00:00,MVY,4,4,46,57,7.410256239250496e-07,0.37010309278350517,0.00045710331889783017,4,4,57,46,4,4,0.33764235149276695,0.3506616257088847
2019,2019-01-01T00:00:00+00:00,2020-01-01T00:00:00+00:00,MYR,43,43,1182,1208,0.012629493672725523,0.500697350069735,0.0019449586022574062,43,43,1208,1182,43,43,0.08864194552870487,0.08634165614505226
2019,2019-01-01T00:00:00+00:00,2020-01-01T00:00:00+00:00,OAJ,2,2,257,313,0.0,0.3958103638368247,0.0006724177723750623,2,2,313,257,2,2,0.517765823883065,0.5228996653999303
2019,2019-01-01T00:00:00+00:00,2020-01-01T00:00:00+00:00,OAK,49,51,5415,5414,0.002910300100810428,0.5172910662824207,0.005786873375671074,51,49,5414,5415,51,49,0.053973819602450866,0.052890017725462514
2019,2019-01-01T00:00:00+00:00,2020-01-01T00:00:00+00:00,OGD,1,1,10,4,0.0,0.285828025477707,0.00045084482837852717,1,1,4,10,1,1,1.0,1.0
2019,2019-01-01T00:00:00+00:00,2020-01-01T00:00:00+00:00,OGG,20,20,2793,2824,0.001182716922249385,0.4736147757255937,0.0033845748935884623,20,20,2824,2793,20,20,0.19680460480382636,0.19202025318013463
2019,2019-01-01T00:00:00+00:00,2020-01-01T00:00:00+00:00,OGS,4,3,41,51,2.798343299414659e-05,0.41122565864833904,0.0004751031928441499,3,4,51,41,3,4,0.4125336409073433,0.34205829863176684
2019,2019-01-01T00:00:00+00:00,2020-01-01T00:00:00+00:00,OKC,28,28,2395,2433,0.0003179928937893027,0.5049226441631505,0.0028821539192359683,28,28,2433,2395,28,28,0.0727817891037554,0.07446289024193584
2019,2019-01-01T00:00:00+00:00,2020-01-01T00:00:00+00:00,OMA,33,33,2666,2730,0.0012890065857147188,0.5099431818181818,0.003157963197520535,33,33,2730,2666,33,33,0.06039796589247139,0.06134147940586047
2019,2019-01-01T00:00:00+00:00,2020-01-01T00:00:00+00:00,OME,2,2,71,70,0.0,0.33209990749306195,0.0008410127132889027,2,2,70,71,2,2,0.7975510204081633,0.5048601467962706
2019,2019-01-01T00:00:00+00:00,2020-01-01T00:00:00+00:00,ONT,20,20,2340,2365,2.449134842502769e-05,0.4812332439678284,0.002703084090811495,20,20,2365,2340,20,20,0.09469188169615919,0.09481773686901891
2019,2019-01-01T00:00:00+00:00,2020-01-01T00:00:00+00:00,ORD,185,185,34750,34579,0.15630840156225478,0.6635859519408502,0.043939034923755116,185,185,34579,34750,185,185,0.01247519834999477,0.01251926256404948
2019,2019-01-01T00:00:00+00:00,2020-01-01T00:00:00+00:00,ORF,31,30,2527,2559,0.0005344777832208517,0.49722991689750695,0.002864935177564021,30,31,2559,2527,30,31,0.07293156993201935,0.0725334570258149
2019,2019-01-01T00:00:00+00:00,2020-01-01T00:00:00+00:00,ORH,4,4,114,143,0.0,0.38110403397027603,0.0005227362322156344,4,4,143,114,4,4,0.2790845518118245,0.2711603570329332
2019,2019-01-01T00:00:00+00:00,2020-01-01T00:00:00+00:00,OTH,2,2,48,43,0.0,0.39537444933920707,0.00046227125423335425,2,2,43,48,2,2,0.8702001081665764,0.8472222222222221
2019,2019-01-01T00:00:00+00:00,2020-01-01T00:00:00+00:00,OTZ,2,2,72,65,0.0,0.33209990749306195,0.0007081438941571565,2,2,65,72,2,2,0.5001183431952663,0.8024691358024691
2019,2019-01-01T00:00:00+00:00,2020-01-01T00:00:00+00:00,OWB,1,1,6,9,0.0,0.28951612903225804,0.00043241113530408646,1,1,9,6,1,1,1.0,1.0
2019,2019-01-01T00:00:00+00:00,2020-01-01T00:00:00+00:00,PAE,2,2,185,174,0.0,0.39537444933920707,0.0006005519817106398,2,2,174,185,2,2,0.5517901968555952,0.573644996347699
2019,2019-01-01T00:00:00+00:00,2020-01-01T00:00:00+00:00,PAH,2,2,143,134,0.0,0.3997772828507795,0.0009298305456333349,2,2,134,143,2,2,0.5010024504343951,0.500611276835053
2019,2019-01-01T00:00:00+00:00,2020-01-01T00:00:00+00:00,PBG,6,6,143,133,3.080632958123981e-05,0.3819148936170213,0.0006332387010029398,6,6,133,143,6,6,0.31471535982814175,0.2870066995941122
2019,2019-01-01T00:00:00+00:00,2020-01-01T00:00:00+00:00,PBI,30,29,2638,2628,0.001334928327459489,0.4736147757255937,0.00298134147929499,29,30,2628,2638,29,30,0.0813178068291598,0.0818290558300824
2019,2019-01-01T00:00:00+00:00,2020-01-01T00:00:00+00:00,PDX,51,51,6290,6359,0.002365215210946078,0.5287187039764359,0.00692647180599938,51,51,6359,6290,51,51,0.04118658409880821,0.041306537997831363
2019,2019-01-01T00:00:00+00:00,2020-01-01T00:00:00+00:00,PGD,44,45,532,589,0.0052167411467751055,0.3806998939554613,0.001686562495719913,45,44,589,532,45,44,0.032563609582585085,0.0324212787608118
2019,2019-01-01T00:00:00+00:00,2020-01-01T00:00:00+00:00,PGV,1,1,8,8,0.0,0.37356919875130074,0.00042464556077497997,1,1,8,8,1,1,1.0,1.0
2019,2019-01-01T00:00:00+00:00,2020-01-01T00:00:00+00:00,PHF,3,3,249,254,0.0,0.3966850828729282,0.0006611346331891612,3,3,254,249,3,3,0.4490358980717961,0.3829776939081628
2019,2019-01-01T00:00:00+00:00,2020-01-01T00:00:00+00:00,PHL,88,87,12085,12048,0.014798377902590374,0.5514592933947773,0.012906921505638942,87,88,12048,12085,87,88,0.023996711802634525,0.02462009805390003
2019,2019-01-01T00:00:00+00:00,2020-01-01T00:00:00+00:00,PHX,102,102,18316,17638,0.020765259849347732,0.5744,0.02005519389597261,102,102,17638,18316,102,102,0.019287220953337292,0.019086553877069472
2019,2019-01-01T00:00:00+00:00,2020-01-01T00:00:00+00:00,PIA,11,11,478,487,0.00044478395482258593,0.4644243208279431,0.0010178531720756458,11,11,487,478,11,11,0.16478966475382534,0.1717319374660808
2019,2019-01-01T00:00:00+00:00,2020-01-01T00:00:00+00:00,PIB,2,2,67,83,0.0,0.39844617092119866,0.0006217648497597933,2,2,83,67,2,2,0.5122659311946581,0.6070394297170862
2019,2019-01-01T00:00:00+00:00,2020-01-01T00:00:00+00:00,PIE,54,54,803,744,0.004963117712260251,0.39933259176863184,0.0021538199545339406,54,54,744,803,54,54,0.028482338998728176,0.02827038704484584
2019,2019-01-01T00:00:00+00:00,2020-01-01T00:00:00+00:00,PIH,1,1,136,100,0.0,0.36262626262626263,0.0005826204642246716,1,1,100,136,1,1,1.0,1.0
2019,2019-01-01T00:00:00+00:00,2020-01-01T00:00:00+00:00,PIR,2,2,67,65,0.0,0.3949394939493949,0.0005930248214922625,2,2,65,67,2,2,0.6137278106508877,0.7255513477389173
2019,2019-01-01T00:00:00+00:00,2020-01-01T00:00:00+00:00,PIT,46,46,5240,5151,0.0011828214433210937,0.5195369030390738,0.005470018433233952,46,46,5151,5240,46,46,0.044181351226355636,0.04589337742555795
2019,2019-01-01T00:00:00+00:00,2020-01-01T00:00:00+00:00,PLN,2,2,109,93,0.0,0.36745138178096215,0.0006780362430153491,2,2,93,109,2,2,0.7442478899294716,0.6889150744886794
2019,2019-01-01T00:00:00+00:00,2020-01-01T00:00:00+00:00,PNS,16,17,1285,1263,2.5778487911137734e-05,0.4674479166666667,0.0016779420977469834,17,16,1263,1285,17,16,0.12228484881539196,0.12939423761147026
2019,2019-01-01T00:00:00+00:00,2020-01-01T00:00:00+00:00,PPG,1,1,16,9,0.0,0.33614232209737827,0.0004347992163286869,1,1,9,16,1,1,1.0,1.0
2019,2019-01-01T00:00:00+00:00,2020-01-01T00:00:00+00:00,PRC,2,2,68,89,0.0,0.39756367663344405,0.0004855906224669261,2,2,89,68,2,2,0.5015780835753061,0.5017301038062284
2019,2019-01-01T00:00:00+00:00,2020-01-01T00:00:00+00:00,PSC,8,8,341,296,0.00011670205936315276,0.42285041224970554,0.0008472832762848407,8,8,296,341,8,8,0.16615686632578525,0.1667770315012771
2019,2019-01-01T00:00:00+00:00,2020-01-01T00:00:00+00:00,PSE,2,2,78,77,0.0,0.3648373983739837,0.00048658603848637387,2,2,77,78,2,2,0.5304435823916344,0.5210387902695595
2019,2019-01-01T00:00:00+00:00,2020-01-01T00:00:00+00:00,PSG,2,2,68,65,7.949352380655971e-05,0.268511593118923,0.0010735057411479791,2,2,65,68,2,2,0.5029585798816568,0.5
2019,2019-01-01T00:00:00+00:00,2020-01-01T00:00:00+00:00,PSM,5,5,44,38,2.5864095516327197e-05,0.3774973711882229,0.0005088055582827862,5,5,38,44,5,5,0.2742382271468144,0.2799586776859504
2019,2019-01-01T00:00:00+00:00,2020-01-01T00:00:00+00:00,PSP,18,16,1299,1237,0.00027451069190668917,0.4812332439678284,0.0017673436733237895,16,18,1237,1299,16,18,0.13076006637175372,0.12734791552215508
2019,2019-01-01T00:00:00+00:00,2020-01-01T00:00:00+00:00,PUB,2,2,89,96,0.0,0.3949394939493949,0.0007530209874017374,2,2,96,89,2,2,0.595703125,0.5460169170559274
2019,2019-01-01T00:00:00+00:00,2020-01-01T00:00:00+00:00,PVD,21,21,1842,1870,0.00016487372318820252,0.4662337662337662,0.002149724060419346,21,21,1870,1842,21,21,0.08950784980983156,0.0920074601439921
2019,2019-01-01T00:00:00+00:00,2020-01-01T00:00:00+00:00,PVU,3,3,72,76,1.9145869746192988e-05,0.37513061650992685,0.0006289953451674484,3,3,76,72,3,3,0.5806786703601108,0.66820987654321
2019,2019-01-01T00:00:00+00:00,2020-01-01T00:00:00+00:00,PWM,17,17,1074,1112,9.51578154895815e-06,0.45966709346991036,0.0014085470665422685,17,17,1112,1074,17,17,0.09536255887376428,0.10372474156376033
2019,2019-01-01T00:00:00+00:00,2020-01-01T00:00:00+00:00,RAP,13,13,514,505,0.00023404516936427624,0.47174770039421815,0.0010489501298176873,13,13,505,514,13,13,0.18533477110087246,0.18484761313570228
2019,2019-01-01T00:00:00+00:00,2020-01-01T00:00:00+00:00,RDD,2,2,134,158,0.0,0.37048503611971106,0.0005410907479672933,2,2,158,134,2,2,0.6551033488223041,0.6443528625529071
2019,2019-01-01T00:00:00+00:00,2020-01-01T00:00:00+00:00,RDM,9,9,437,396,0.00014146049075094286,0.4437577255871446,0.0008661894177001145,9,9,396,437,9,9,0.24790837669625546,0.2218003969230608
2019,2019-01-01T00:00:00+00:00,2020-01-01T00:00:00+00:00,RDU,58,57,6534,6563,0.002372520081563199,0.5287187039764359,0.0066330670579619,57,58,6563,6534,57,58,0.040833335635628,0.0418796867582242
2019,2019-01-01T00:00:00+00:00,2020-01-01T00:00:00+00:00,RFD,7,7,82,85,8.263164339959311e-05,0.38894907908992415,0.0006082357779946304,7,7,85,82,7,7,0.196401384083045,0.21564544913741823
2019,2019-01-01T00:00:00+00:00,2020-01-01T00:00:00+00:00,RHI,1,1,95,82,0.0,0.37552301255230125,0.0005289759809552027,1,1,82,95,1,1,1.0,1.0
2019,2019-01-01T00:00:00+00:00,2020-01-01T00:00:00+00:00,RIC,22,22,2541,2433,0.00027957469136508605,0.4884353741496599,0.0029147933784452536,22,22,2433,2541,22,22,0.09112154782279348,0.0889991312874215
2019,2019-01-01T00:00:00+00:00,2020-01-01T00:00:00+00:00,RKS,1,1,69,67,0.0,0.3945054945054945,0.0004945705239234394,1,1,67,69,1,1,1.0,1.0
2019,2019-01-01T00:00:00+00:00,2020-01-01T00:00:00+00:00,RNO,18,20,2077,2030,8.571452686469272e-05,0.4680573663624511,0.002460342980981711,20,18,2030,2077,20,18,0.09779368584532505,0.09278108193250283
2019,2019-01-01T00:00:00+00:00,2020-01-01T00:00:00+00:00,ROA,7,7,283,310,7.246064270620403e-05,0.4304556354916067,0.0007432507050704333,7,7,310,283,7,7,0.4174817898022893,0.3836357052778784
2019,2019-01-01T00:00:00+00:00,2020-01-01T00:00:00+00:00,ROC,18,17,1585,1497,0.00021923620751876973,0.4493116395494368,0.0019803908175744034,17,18,1497,1585,17,18,0.09998933516108147,0.09818905551851446
2019,2019-01-01T00:00:00+00:00,2020-01-01T00:00:00+00:00,ROW,2,2,152,127,0.0,0.4015659955257271,0.0005842174668059124,2,2,127,152,2,2,0.5684791369582739,0.6121883656509695
2019,2019-01-01T00:00:00+00:00,2020-01-01T00:00:00+00:00,RST,3,3,347,343,0.0,0.4233490566037736,0.0008001585201142334,3,3,343,347,3,3,0.39326301116031587,0.39336760541155563
2019,2019-01-01T00:00:00+00:00,2020-01-01T00:00:00+00:00,RSW,46,47,3581,3574,0.0024867707698410743,0.5070621468926554,0.003965124697511499,47,46,3574,3581,47,46,0.047676137646479315,0.04644614705696803
2019,2019-01-01T00:00:00+00:00,2020-01-01T00:00:00+00:00,SAF,2,2,190,173,0.0,0.4015659955257271,0.0006264738141735265,2,2,173,190,2,2,0.5939724013498613,0.622382271468144
2019,2019-01-01T00:00:00+00:00,2020-01-01T00:00:00+00:00,SAN,60,60,9521,9576,0.004065746390695351,0.5302806499261448,0.009812974937544336,60,60,9576,9521,60,60,0.039505091048423056,0.038841309567479845
2019,2019-01-01T00:00:00+00:00,2020-01-01T00:00:00+00:00,SAT,38,38,4195,4222,0.0005932268256743066,0.5128571428571429,0.004552717070911677,38,38,4222,4195,38,38,0.05013945359860746,0.04873882154389484
2019,2019-01-01T00:00:00+00:00,2020-01-01T00:00:00+00:00,SAV,28,30,1829,1840,0.002336763705440982,0.48777173913043476,0.0022438370602656387,30,28,1840,1829,30,28,0.10247637051039697,0.10141720731032532
2019,2019-01-01T00:00:00+00:00,2020-01-01T00:00:00+00:00,SBA,7,7,717,764,0.0,0.43253012048192774,0.001142698468134268,7,7,764,717,7,7,0.1897083413283627,0.182094929088154
2019,2019-01-01T00:00:00+00:00,2020-01-01T00:00:00+00:00,SBN,13,14,710,724,0.0005102163255843278,0.4698952879581152,0.001273117519147121,14,13,724,710,14,13,0.14633634504441256,0.1526958936718905
2019,2019-01-01T00:00:00+00:00,2020-01-01T00:00:00+00:00,SBP,6,6,576,539,0.0,0.42891278375149344,0.0009815278160019115,6,6,539,576,6,6,0.23378344422606281,0.2287326388888889
2019,2019-01-01T00:00:00+00:00,2020-01-01T00:00:00+00:00,SCC,2,2,96,111,0.002785515320334262,0.33209990749306195,0.0007225125685503026,2,2,111,96,2,2,0.5682168655141628,0.6050347222222221
2019,2019-01-01T00:00:00+00:00,2020-01-01T00:00:00+00:00,SCE,5,5,193,188,4.788102295155155e-05,0.41647331786542924,0.0006343278016248265,5,5,188,193,5,5,0.47595065640561335,0.4639856103519557
2019,2019-01-01T00:00:00+00:00,2020-01-01T00:00:00+00:00,SCK,4,4,94,97,1.3032233362951753e-05,0.38232161874334397,0.000524862825430987,4,4,97,94,4,4,0.4090764161972579,0.43662290629243994
2019,2019-01-01T00:00:00+00:00,2020-01-01T00:00:00+00:00,SDF,32,31,2509,2521,0.0006748051139598862,0.4993045897079277,0.0029319014268372108,31,32,2521,2509,31,32,0.0624930669641965,0.06343222589193054
2019,2019-01-01T00:00:00+00:00,2020-01-01T00:00:00+00:00,SEA,80,78,14535,14602,0.037518554772079125,0.5583203732503889,0.018087413894795547,78,80,14602,14535,78,80,0.03005260277625941,0.029492101730884814
2019,2019-01-01T00:00:00+00:00,2020-01-01T00:00:00+00:00,SFB,73,72,1070,1090,0.015627119997283858,0.4070294784580499,0.00336631659576175,72,73,1090,1070,72,73,0.021440956148472353,0.021242029871604506
2019,2019-01-01T00:00:00+00:00,2020-01-01T00:00:00+00:00,SFO,88,86,17415,17649,0.01873593305889431,0.5618153364632238,0.019387616129743584,86,88,17649,17415,86,88,0.029341574776293938,0.02883753902821044
2019,2019-01-01T00:00:00+00:00,2020-01-01T00:00:00+00:00,SGF,12,12,874,856,0.0004175243683456794,0.47424042272126815,0.0014292280703170402,12,12,856,874,12,12,0.1886873307712464,0.19494787112044362
2019,2019-01-01T00:00:00+00:00,2020-01-01T00:00:00+00:00,SGU,6,6,282,272,0.0001104646779395678,0.4330518697225573,0.0007301564326500557,6,6,272,282,6,6,0.28533196366782004,0.2617826065087269
2019,2019-01-01T00:00:00+00:00,2020-01-01T00:00:00+00:00,SHD,2,2,59,69,0.0,0.40022296544035674,0.00047754865584556986,2,2,69,59,2,2,0.5085066162570888,0.5070382074116633
2019,2019-01-01T00:00:00+00:00,2020-01-01T00:00:00+00:00,SHV,8,8,723,715,8.392847367066684e-05,0.45674300254452926,0.0011780166240270768,8,8,715,723,8,8,0.2422671035258448,0.2585527108693032
2019,2019-01-01T00:00:00+00:00,2020-01-01T00:00:00+00:00,SIT,3,3,137,139,0.0,0.3608040201005025,0.0010396701218704724,3,3,139,137,3,3,0.40292945499715344,0.40593531887687145
2019,2019-01-01T00:00:00+00:00,2020-01-01T00:00:00+00:00,SJC,41,44,6397,6379,0.0010705827016417693,0.5099431818181818,0.006666556817219744,44,41,6379,6397,44,41,0.055825642421253055,0.05566679941641591
2019,2019-01-01T00:00:00+00:00,2020-01-01T00:00:00+00:00,SJT,1,1,186,190,0.0,0.39800443458980045,0.0006307180936661748,1,1,190,186,1,1,1.0,1.0
2019,2019-01-01T00:00:00+00:00,2020-01-01T00:00:00+00:00,SJU,26,24,2702,2643,0.000402720437565605,0.4767596281540505,0.002970451187072041,24,26,2643,2702,24,26,0.08934329060308077,0.09509993693845226
2019,2019-01-01T00:00:00+00:00,2020-01-01T00:00:00+00:00,SLC,95,95,11818,11784,0.0500261769945088,0.5680379746835443,0.016916702615908406,95,95,11784,11818,95,95,0.021170846681774543,0.021188467924175544
2019,2019-01-01T00:00:00+00:00,2020-01-01T00:00:00+00:00,SLN,2,2,102,99,0.00021344172021082992,0.40022296544035674,0.0008663462676053423,2,2,99,102,2,2,0.5147433935312723,0.537677816224529
2019,2019-01-01T00:00:00+00:00,2020-01-01T00:00:00+00:00,SMF,38,37,5287,5240,0.0006498839080932147,0.5113960113960114,0.005611918542389004,37,38,5240,5287,37,38,0.05818090437620185,0.05911559767975301
2019,2019-01-01T00:00:00+00:00,2020-01-01T00:00:00+00:00,SMX,1,1,24,17,0.0,0.36670071501532175,0.0004385996846559322,1,1,17,24,1,1,1.0,1.0
2019,2019-01-01T00:00:00+00:00,2020-01-01T00:00:00+00:00,SNA,21,21,4248,4052,2.6006537483808543e-05,0.48644986449864497,0.004642562965437757,21,21,4052,4248,21,21,0.07196682515258207,0.07193426129854838
2019,2019-01-01T00:00:00+00:00,2020-01-01T00:00:00+00:00,SPI,3,3,184,179,5.148342318310309e-05,0.4309723889555822,0.0006337083361366436,3,3,179,184,3,3,0.48572141943135355,0.47140831758034024
2019,2019-01-01T00:00:00+00:00,2020-01-01T00:00:00+00:00,SPN,1,1,58,44,0.0,0.2521067415730337,0.0011593196269273937,1,1,44,58,1,1,1.0,1.0
2019,2019-01-01T00:00:00+00:00,2020-01-01T00:00:00+00:00,SPS,1,1,135,135,0.0,0.39800443458980045,0.0005720265733598581,1,1,135,135,1,1,1.0,1.0
2019,2019-01-01T00:00:00+00:00,2020-01-01T00:00:00+00:00,SRQ,29,32,826,845,0.0019297974668688366,0.4662337662337662,0.0012654720860024778,32,29,845,826,32,29,0.11018241658205245,0.1224636364169339
2019,2019-01-01T00:00:00+00:00,2020-01-01T00:00:00+00:00,STC,2,2,9,13,8.102715336216842e-06,0.2979253112033195,0.0004454574184683963,2,2,13,9,2,2,0.6449704142011835,0.654320987654321
2019,2019-01-01T00:00:00+00:00,2020-01-01T00:00:00+00:00,STL,57,57,7000,7059,0.0007672710045598409,0.5248538011695907,0.007178991478709501,57,57,7059,7000,57,57,0.029406467227704017,0.029324938775510203
2019,2019-01-01T00:00:00+00:00,2020-01-01T00:00:00+00:00,STS,8,8,283,296,0.0,0.429940119760479,0.0006867305944772031,8,8,296,283,8,8,0.20519083272461652,0.21682128631897016
2019,2019-01-01T00:00:00+00:00,2020-01-01T00:00:00+00:00,STT,13,13,417,378,1.3245235674770727e-06,0.43833943833943834,0.0008049138985057661,13,13,378,417,13,13,0.12257495590828922,0.12165806922807078
2019,2019-01-01T00:00:00+00:00,2020-01-01T00:00:00+00:00,STX,4,5,98,86,3.5216117703468587e-07,0.4011173184357542,0.0005064633021686901,5,4,86,98,5,4,0.5232558139534884,0.5387338608912953
2019,2019-01-01T00:00:00+00:00,2020-01-01T00:00:00+00:00,SUN,5,5,162,172,0.0,0.429940119760479,0.0005993276978791726,5,5,172,162,5,5,0.41421038399134663,0.40832190214906267
2019,2019-01-01T00:00:00+00:00,2020-01-01T00:00:00+00:00,SUX,2,2,125,161,0.0,0.4243498817966903,0.000554409039940276,2,2,161,125,2,2,0.5865900235330428,0.570688
2019,2019-01-01T00:00:00+00:00,2020-01-01T00:00:00+00:00,SWF,7,7,180,163,5.310548483128324e-05,0.39192139737991266,0.0006284709357220282,7,7,163,180,7,7,0.24656554631337274,0.2601851851851852
2019,2019-01-01T00:00:00+00:00,2020-01-01T00:00:00+00:00,SWO,1,1,82,82,0.0,0.39800443458980045,0.0005110334248062348,1,1,82,82,1,1,1.0,1.0
2019,2019-01-01T00:00:00+00:00,2020-01-01T00:00:00+00:00,SYR,24,24,1459,1381,0.0004078371990086997,0.4748677248677249,0.0018993292757849337,24,24,1381,1459,24,24,0.09220354233334259,0.09650530070029281
2019,2019-01-01T00:00:00+00:00,2020-01-01T00:00:00+00:00,TLH,5,5,699,663,0.0,0.4233490566037736,0.0011093575895745034,5,5,663,699,5,5,0.2423533051693818,0.2467432526744726
2019,2019-01-01T00:00:00+00:00,2020-01-01T00:00:00+00:00,TOL,6,6,221,245,9.119124036121548e-05,0.42384887839433294,0.0007049173543467154,6,6,245,221,6,6,0.3639983340274885,0.35881738703138755
2019,2019-01-01T00:00:00+00:00,2020-01-01T00:00:00+00:00,TPA,65,65,7708,7664,0.004045729684486931,0.5310650887573964,0.007888955534727578,65,65,7664,7708,65,65,0.03160987601387721,0.03190136128525105
2019,2019-01-01T00:00:00+00:00,2020-01-01T00:00:00+00:00,TRI,5,5,330,275,7.20192034330696e-05,0.43253012048192774,0.0007714768216815388,5,5,275,330,5,5,0.5676826446280991,0.5651790633608814
2019,2019-01-01T00:00:00+00:00,2020-01-01T00:00:00+00:00,TTN,16,16,309,294,3.919555371223291e-05,0.445409429280397,0.0007165820449491535,16,16,294,309,16,16,0.09137396455180713,0.08230956944313528
2019,2019-01-01T00:00:00+00:00,2020-01-01T00:00:00+00:00,TUL,18,18,1758,1824,0.00033306132847118287,0.4884353741496599,0.0022550183132780464,18,18,1824,1758,18,18,0.10591480070791012,0.10158340031139948
2019,2019-01-01T00:00:00+00:00,2020-01-01T00:00:00+00:00,TUS,23,22,1998,1966,0.0017891228533635612,0.4891008174386921,0.002494514685475528,22,23,1966,1998,22,23,0.08984113448461072,0.0894152410668927
2019,2019-01-01T00:00:00+00:00,2020-01-01T00:00:00+00:00,TVC,14,14,467,456,0.0006182653712380927,0.4838274932614555,0.0009364568613358907,14,14,456,467,14,14,0.3384791474299785,0.31479350173552995
2019,2019-01-01T00:00:00+00:00,2020-01-01T00:00:00+00:00,TWF,1,4,122,128,0.0,0.36262626262626263,0.0005655369850642888,4,1,128,122,4,1,0.8382568359375,1.0
2019,2019-01-01T00:00:00+00:00,2020-01-01T00:00:00+00:00,TXK,1,1,141,112,0.0,0.39800443458980045,0.0005789314581017777,1,1,112,141,1,1,1.0,1.0
2019,2019-01-01T00:00:00+00:00,2020-01-01T00:00:00+00:00,TYR,2,2,167,137,0.0,0.4208675263774912,0.0006086131254612796,2,2,137,167,2,2,0.9296712664499974,0.8769407293198035
2019,2019-01-01T00:00:00+00:00,2020-01-01T00:00:00+00:00,TYS,25,23,1863,1813,0.000511552361426053,0.4924554183813443,0.0024387436112933624,23,25,1813,1863,23,25,0.08767195553106828,0.08741953152168871
2019,2019-01-01T00:00:00+00:00,2020-01-01T00:00:00+00:00,UIN,1,1,57,51,0.0,0.39933259176863184,0.00047821382340753314,1,1,51,57,1,1,1.0,1.0
2019,2019-01-01T00:00:00+00:00,2020-01-01T00:00:00+00:00,USA,7,7,137,153,4.7831274139732355e-05,0.37552301255230125,0.0006568154007916382,7,7,153,137,7,7,0.23388440343457642,0.21114603868080345
2019,2019-01-01T00:00:00+00:00,2020-01-01T00:00:00+00:00,VEL,1,1,59,69,0.0,0.3945054945054945,0.000483280109828255,1,1,69,59,1,1,1.0,1.0
2019,2019-01-01T00:00:00+00:00,2020-01-01T00:00:00+00:00,VLD,1,1,102,111,0.0,0.3914940021810251,0.0005178210468728186,1,1,111,102,1,1,1.0,1.0
2019,2019-01-01T00:00:00+00:00,2020-01-01T00:00:00+00:00,VPS,36,35,941,905,0.0038992268787984884,0.4818791946308725,0.001646102116042191,35,36,905,941,35,36,0.14974268184731845,0.14406068566123947
2019,2019-01-01T00:00:00+00:00,2020-01-01T00:00:00+00:00,WRG,2,2,86,69,7.780769051213022e-06,0.2659259259259259,0.0011253747785745568,2,2,69,86,2,2,0.5001050199537913,0.5457003785830179
2019,2019-01-01T00:00:00+00:00,2020-01-01T00:00:00+00:00,WYS,1,1,31,32,0.0,0.36262626262626263,0.0004544943705218002,1,1,32,31,1,1,1.0,1.0
2019,2019-01-01T00:00:00+00:00,2020-01-01T00:00:00+00:00,XNA,18,18,1384,1402,0.00017449601835827159,0.4844804318488529,0.001881243286534,18,18,1402,1384,18,18,0.130199165243864,0.1305704751244612
2019,2019-01-01T00:00:00+00:00,2020-01-01T00:00:00+00:00,XWA,2,2,17,20,0.0,0.4061085972850679,0.0004366046372114274,2,2,20,17,2,2,0.8200000000000001,0.7093425605536332
2019,2019-01-01T00:00:00+00:00,2020-01-01T00:00:00+00:00,YAK,2,2,84,60,3.994128112956018e-05,0.268511593118923,0.0011217431547598906,2,2,60,84,2,2,0.5005555555555556,0.518140589569161
2019,2019-01-01T00:00:00+00:00,2020-01-01T00:00:00+00:00,YUM,2,2,186,225,0.0,0.4015659955257271,0.0006025165727067788,2,2,225,186,2,2,0.7251950617283951,0.7081165452653486
2020,2020-01-01T00:00:00+00:00,2021-01-01T00:00:00+00:00,ABE,13,13,380,361,0.00016994420324348075,0.4282385085181613,0.0011520823601404283,13,13,361,380,13,13,0.14402130124845572,0.16555401662049862
2020,2020-01-01T00:00:00+00:00,2021-01-01T00:00:00+00:00,ABI,2,2,177,173,0.0,0.3986886442940166,0.0007174698406022535,2,2,173,177,2,2,0.8910755454575829,0.8355517252385967
2020,2020-01-01T00:00:00+00:00,2021-01-01T00:00:00+00:00,ABQ,24,25,1655,1529,0.0003098849458674682,0.48859427146367407,0.003001229730332794,25,24,1529,1655,25,24,0.08660939730289613,0.08748039904710618
2020,2020-01-01T00:00:00+00:00,2021-01-01T00:00:00+00:00,ABR,1,1,72,87,0.0,0.3691711280328977,0.0005392707844427655,1,1,87,72,1,1,1.0,1.0
2020,2020-01-01T00:00:00+00:00,2021-01-01T00:00:00+00:00,ABY,1,1,77,86,0.0,0.38356452290878523,0.0005271442330835334,1,1,86,77,1,1,1.0,1.0
2020,2020-01-01T00:00:00+00:00,2021-01-01T00:00:00+00:00,ACK,6,5,55,33,6.746960179668014e-07,0.38115469344548397,0.00048686412928554336,5,6,33,55,5,6,0.28191000918273645,0.24760330578512396
2020,2020-01-01T00:00:00+00:00,2021-01-01T00:00:00+00:00,ACT,1,1,120,131,0.0,0.3965171375168161,0.0006205819157872037,1,1,131,120,1,1,1.0,1.0
2020,2020-01-01T00:00:00+00:00,2021-01-01T00:00:00+00:00,ACV,3,3,138,113,0.0,0.3969495444279576,0.00061405609803614,3,3,113,138,3,3,0.4521105803116924,0.5180634320520899
2020,2020-01-01T00:00:00+00:00,2021-01-01T00:00:00+00:00,ACY,8,7,180,168,1.0038277908293176e-05,0.3947968896317106,0.0006827919775663095,7,8,168,180,7,8,0.18877551020408165,0.1883333333333333
2020,2020-01-01T00:00:00+00:00,2021-01-01T00:00:00+00:00,ADK,2,2,14,10,0.0,0.33001154328235466,0.0007779778514394511,2,2,10,14,2,2,0.5,0.510204081632653
2020,2020-01-01T00:00:00+00:00,2021-01-01T00:00:00+00:00,ADQ,1,1,57,51,0.0,0.3297126197830047,0.0007108463115386354,1,1,51,57,1,1,1.0,1.0
2020,2020-01-01T00:00:00+00:00,2021-01-01T00:00:00+00:00,AEX,3,3,256,229,0.0,0.4145816995904751,0.0008247781379538476,3,3,229,256,3,3,0.34985984248965507,0.375274658203125
2020,2020-01-01T00:00:00+00:00,2021-01-01T00:00:00+00:00,AGS,4,4,356,331,0.0,0.4183939451039507,0.0009700029981567582,4,4,331,356,4,4,0.43503618988508685,0.4172295164751926
2020,2020-01-01T00:00:00+00:00,2021-01-01T00:00:00+00:00,AKN,1,2,17,19,0.0,0.3297126197830047,0.0004994979081465384,2,1,19,17,2,1,0.5678670360110804,1.0
2020,2020-01-01T00:00:00+00:00,2021-01-01T00:00:00+00:00,ALB,19,18,832,743,0.0003018893926171161,0.46547663969365366,0.0017416578653726093,18,19,743,832,18,19,0.10617716905564542,0.10668223002958581
2020,2020-01-01T00:00:00+00:00,2021-01-01T00:00:00+00:00,ALO,1,1,47,57,0.0,0.3922443235349538,0.0004902276028454753,1,1,57,47,1,1,1.0,1.0
2020,2020-01-01T00:00:00+00:00,2021-01-01T00:00:00+00:00,ALS,1,1,11,7,0.0,0.393942350909564,0.00042954332695678115,1,1,7,11,1,1,1.0,1.0
2020,2020-01-01T00:00:00+00:00,2021-01-01T00:00:00+00:00,AMA,6,6,409,357,6.1226449683185565e-06,0.43026327687994936,0.0010686846656344567,6,6,357,409,6,6,0.3535453397045093,0.35064950592117455
2020,2020-01-01T00:00:00+00:00,2021-01-01T00:00:00+00:00,ANC,27,25,1298,1255,0.0664549040851072,0.4918955841086989,0.007792438075270542,25,27,1255,1298,25,27,0.20240250154759448,0.2030515122233803
2020,2020-01-01T00:00:00+00:00,2021-01-01T00:00:00+00:00,APN,2,2,64,66,0.0,0.36400273224043717,0.0006137904381881003,2,2,66,64,2,2,0.6657483930211203,0.58251953125
2020,2020-01-01T00:00:00+00:00,2021-01-01T00:00:00+00:00,ASE,10,11,514,489,1.4306861001972908e-05,0.4590198388908413,0.0012852272639699565,11,10,489,514,11,10,0.19250923172787,0.210124301654832
2020,2020-01-01T00:00:00+00:00,2021-01-01T00:00:00+00:00,ATL,164,165,26033,26082,0.09906419480293731,0.622226892718696,0.04683922916124112,165,164,26082,26033,165,164,0.01066446304986072,0.010687449258048737
2020,2020-01-01T00:00:00+00:00,2021-01-01T00:00:00+00:00,ATW,14,11,377,337,0.0004913023870109208,0.4684719848654275,0.001145692588733274,11,14,337,377,11,14,0.18486558832075653,0.1785209211350252
2020,2020-01-01T00:00:00+00:00,2021-01-01T00:00:00+00:00,ATY,2,2,49,50,0.0,0.4217876387490581,0.0004967948634664176,2,2,50,49,2,2,0.5008,0.5751770095793419
2020,2020-01-01T00:00:00+00:00,2021-01-01T00:00:00+00:00,AUS,54,56,3961,3941,0.002247854411905264,0.5222420835587334,0.006472212287453519,56,54,3941,3961,56,54,0.038816710396130286,0.040032770917608
2020,2020-01-01T00:00:00+00:00,2021-01-01T00:00:00+00:00,AVL,21,22,691,687,0.000430513979597572,0.47582056502017933,0.0016552371809590207,22,21,687,691,22,21,0.16378406208882365,0.15852986820417986
2020,2020-01-01T00:00:00+00:00,2021-01-01T00:00:00+00:00,AVP,4,4,197,196,0.0,0.4145816995904751,0.0007330574536077025,4,4,196,197,4,4,0.42362557267805084,0.38050452214692465
2020,2020-01-01T00:00:00+00:00,2021-01-01T00:00:00+00:00,AZA,44,45,532,529,0.011349140867595055,0.3909803783463342,0.0027929693630240524,45,44,529,532,45,44,0.03207893053555412,0.030894906439029902
2020,2020-01-01T00:00:00+00:00,2021-01-01T00:00:00+00:00,AZO,3,3,206,186,0.0,0.40489736622962974,0.0007646166410246711,3,3,186,206,3,3,0.4214360041623309,0.4338297671788104
2020,2020-01-01T00:00:00+00:00,2021-01-01T00:00:00+00:00,BDL,27,27,1652,1680,0.00011290180738880654,0.4912317574094968,0.0029541316140345776,27,27,1680,1652,27,27,0.06430980725623582,0.06087052746982159
2020,2020-01-01T00:00:00+00:00,2021-01-01T00:00:00+00:00,BET,1,1,47,54,0.0,0.3297126197830047,0.0006580092106906112,1,1,54,47,1,1,1.0,1.0
2020,2020-01-01T00:00:00+00:00,2021-01-01T00:00:00+00:00,BFF,2,2,57,65,0.0,0.39436915735691996,0.0005551417304476454,2,2,65,57,2,2,0.8324260355029585,0.8116343490304709
2020,2020-01-01T00:00:00+00:00,2021-01-01T00:00:00+00:00,BFL,4,4,215,219,0.0,0.4232589909772525,0.0007582141425176003,4,4,219,215,4,4,0.2913408811325868,0.2770146024878313
2020,2020-01-01T00:00:00+00:00,2021-01-01T00:00:00+00:00,BFM,2,2,5,5,0.0,0.4035507009317485,0.0004183075125669573,2,2,5,5,2,2,0.6800000000000002,0.6800000000000002
2020,2020-01-01T00:00:00+00:00,2021-01-01T00:00:00+00:00,BGM,1,1,42,53,0.0,0.36363909314728987,0.0004815610094325499,1,1,53,42,1,1,1.0,1.0
2020,2020-01-01T00:00:00+00:00,2021-01-01T00:00:00+00:00,BGR,10,10,213,230,8.691320319600174e-05,0.4212994586116171,0.0007842121410324972,10,10,230,213,10,10,0.13860113421550094,0.13778130441490885
2020,2020-01-01T00:00:00+00:00,2021-01-01T00:00:00+00:00,BHM,19,19,1171,1225,2.581641212798255e-05,0.47769387433128235,0.0022139434034468748,19,19,1225,1171,19,19,0.10400266555601832,0.0986106745641357
2020,2020-01-01T00:00:00+00:00,2021-01-01T00:00:00+00:00,BIL,10,9,358,320,0.0001497582608354918,0.4444477805133543,0.001078855602813372,9,10,320,358,9,10,0.231015625,0.2274585687088418
2020,2020-01-01T00:00:00+00:00,2021-01-01T00:00:00+00:00,BIS,8,8,333,314,0.0002758735980966974,0.46076295220308505,0.0010454522885672184,8,8,314,333,8,8,0.3333198101342854,0.34200867534200863
2020,2020-01-01T00:00:00+00:00,2021-01-01T00:00:00+00:00,BJI,1,1,71,75,0.0,0.3691711280328977,0.000537470840724184,1,1,75,71,1,1,1.0,1.0
2020,2020-01-01T00:00:00+00:00,2021-01-01T00:00:00+00:00,BKG,1,1,6,9,0.0,0.393942350909564,0.0004205121950241066,1,1,9,6,1,1,1.0,1.0
2020,2020-01-01T00:00:00+00:00,2021-01-01T00:00:00+00:00,BLI,7,8,90,87,0.0003719994815247667,0.3803581319126825,0.0005801464658544851,8,7,87,90,8,7,0.20861408376271634,0.2982716049382716
2020,2020-01-01T00:00:00+00:00,2021-01-01T00:00:00+00:00,BLV,11,11,103,119,0.0002132342849038788,0.3935164672869591,0.0006682976792794844,11,11,119,103,11,11,0.14356330767601158,0.14148364596097654
2020,2020-01-01T00:00:00+00:00,2021-01-01T00:00:00+00:00,BMI,9,9,204,203,0.0001760528186883762,0.46726923265781406,0.0007925730054084161,9,9,203,204,9,9,0.26317066660195587,0.22976739715494043
2020,2020-01-01T00:00:00+00:00,2021-01-01T00:00:00+00:00,BNA,75,75,5906,5976,0.005141693812464875,0.5392633070228698,0.009456230590639119,75,75,5976,5906,75,75,0.0270761761907066,0.0272054259249979
2020,2020-01-01T00:00:00+00:00,2021-01-01T00:00:00+00:00,BOI,20,20,1511,1497,0.0003717735700888819,0.48021468633303055,0.002866468864645921,20,20,1497,1511,20,20,0.0851995685871855,0.08423776050415199
2020,2020-01-01T00:00:00+00:00,2021-01-01T00:00:00+00:00,BOS,68,69,7561,7517,0.0040827757723192635,0.5345120884587916,0.011798782135165555,69,68,7517,7561,69,68,0.030293712859339593,0.030245507853848958
2020,2020-01-01T00:00:00+00:00,2021-01-01T00:00:00+00:00,BPT,1,1,64,71,0.0,0.3965171375168161,0.0005221586122154606,1,1,71,64,1,1,1.0,1.0
2020,2020-01-01T00:00:00+00:00,2021-01-01T00:00:00+00:00,BQK,1,1,80,84,0.0,0.38356452290878523,0.0005317209628125711,1,1,84,80,1,1,1.0,1.0
2020,2020-01-01T00:00:00+00:00,2021-01-01T00:00:00+00:00,BQN,4,4,64,69,4.0596454998730616e-07,0.3691711280328977,0.000500178483696777,4,4,69,64,4,4,0.2833438353287125,0.25537109375
2020,2020-01-01T00:00:00+00:00,2021-01-01T00:00:00+00:00,BRD,1,1,57,60,0.0,0.3691711280328977,0.000512271628664043,1,1,60,57,1,1,1.0,1.0
2020,2020-01-01T00:00:00+00:00,2021-01-01T00:00:00+00:00,BRO,2,2,161,169,0.0,0.3986886442940166,0.0006763829543377441,2,2,169,161,2,2,0.5050593466615315,0.50017360441341
2020,2020-01-01T00:00:00+00:00,2021-01-01T00:00:00+00:00,BRW,2,2,38,46,3.7427951193951643e-06,0.33001154328235466,0.0006908160902821901,2,2,46,38,2,2,0.5945179584120983,0.5221606648199446
2020,2020-01-01T00:00:00+00:00,2021-01-01T00:00:00+00:00,BTM,1,1,71,85,0.0,0.3596864943087324,0.0005335733459083728,1,1,85,71,1,1,1.0,1.0
2020,2020-01-01T00:00:00+00:00,2021-01-01T00:00:00+00:00,BTR,4,4,508,429,0.0,0.4179135846618108,0.0012323924596774388,4,4,429,508,4,4,0.26895637385147875,0.25992776985553967
2020,2020-01-01T00:00:00+00:00,2021-01-01T00:00:00+00:00,BTV,13,12,412,440,3.1825966229510923e-06,0.4533035270740189,0.0010496546460891476,12,13,440,412,12,13,0.13161157024793388,0.13727731171646715
2020,2020-01-01T00:00:00+00:00,2021-01-01T00:00:00+00:00,BUF,24,24,1283,1293,1.6655556111934865e-05,0.48793931935715434,0.002316277815532854,24,24,1293,1283,24,24,0.07031436451497713,0.0647553078843246
2020,2020-01-01T00:00:00+00:00,2021-01-01T00:00:00+00:00,BUR,17,18,1872,1839,2.1493745771110525e-05,0.46076295220308505,0.003222720831369839,18,17,1839,1872,18,17,0.10104582573040588,0.10280551446416832
2020,2020-01-01T00:00:00+00:00,2021-01-01T00:00:00+00:00,BWI,71,71,7310,7293,0.0028875241031413204,0.5337283463936029,0.011604318335694775,71,71,7293,7310,71,71,0.02482204159074002,0.02456459210159424
2020,2020-01-01T00:00:00+00:00,2021-01-01T00:00:00+00:00,BZN,20,20,642,625,0.0005548396440671473,0.4959165289379253,0.0015517863512675427,20,20,625,642,20,20,0.12953856,0.14208421890315504
2020,2020-01-01T00:00:00+00:00,2021-01-01T00:00:00+00:00,CAE,6,6,481,512,0.0,0.4193579864521165,0.001155170085431245,6,6,512,481,6,6,0.29355621337890625,0.3048093671794296
2020,2020-01-01T00:00:00+00:00,2021-01-01T00:00:00+00:00,CAK,11,11,274,283,1.0704262291588292e-06,0.42523683672948265,0.0008286589615965265,11,11,283,274,11,11,0.23872192186192862,0.20874846821887155
2020,2020-01-01T00:00:00+00:00,2021-01-01T00:00:00+00:00,CDB,2,2,10,12,0.0,0.33001154328235466,0.0007668742472165843,2,2,12,10,2,2,0.5,0.5
2020,2020-01-01T00:00:00+00:00,2021-01-01T00:00:00+00:00,CDC,1,1,45,48,0.0,0.3596864943087324,0.0004882020608479451,1,1,48,45,1,1,1.0,1.0
2020,2020-01-01T00:00:00+00:00,2021-01-01T00:00:00+00:00,CDV,2,2,72,73,0.0010458109570072257,0.3303110092925927,0.001064027715200439,2,2,73,72,2,2,0.5023456558453744,0.5061728395061729
2020,2020-01-01T00:00:00+00:00,2021-01-01T00:00:00+00:00,CGI,2,2,54,72,0.0,0.39266745657005087,0.0005151478121236714,2,2,72,54,2,2,0.9726080246913582,0.8950617283950617
2020,2020-01-01T00:00:00+00:00,2021-01-01T00:00:00+00:00,CHA,11,11,496,518,0.00014298802172809717,0.4477278379341171,0.0012217909637508026,11,11,518,496,11,11,0.2733560918889104,0.3163859261186264
2020,2020-01-01T00:00:00+00:00,2021-01-01T00:00:00+00:00,CHO,5,5,337,322,0.0,0.4113025223055787,0.0009281592303899282,5,5,322,337,5,5,0.32014582770726435,0.33177187436712485
2020,2020-01-01T00:00:00+00:00,2021-01-01T00:00:00+00:00,CHS,31,33,1602,1590,0.0008418992220275125,0.4925612073618906,0.0028756786576448414,33,31,1590,1602,33,31,0.07902219057790436,0.07320671258305396
2020,2020-01-01T00:00:00+00:00,2021-01-01T00:00:00+00:00,CID,14,15,661,645,0.0006732295007791159,0.48021468633303055,0.0016699456879885688,15,14,645,661,15,14,0.11912024517757347,0.12320991666685739
2020,2020-01-01T00:00:00+00:00,2021-01-01T00:00:00+00:00,CIU,2,2,68,74,0.0,0.38356452290878523,0.0005296850687773727,2,2,74,68,2,2,0.5178962746530315,0.5211937716262975
2020,2020-01-01T00:00:00+00:00,2021-01-01T00:00:00+00:00,CKB,4,4,73,87,2.1546099888923803e-05,0.4035507009317485,0.000546379926580405,4,4,87,73,4,4,0.36372043863125914,0.3799962469506474
2020,2020-01-01T00:00:00+00:00,2021-01-01T00:00:00+00:00,CLE,45,45,2828,2826,0.0010752254364653482,0.5105227661156202,0.00475558802472209,45,45,2826,2828,45,45,0.045041268295761376,0.044863798867257915
2020,2020-01-01T00:00:00+00:00,2021-01-01T00:00:00+00:00,CLL,2,2,150,158,0.0,0.3986886442940166,0.0006644589153572194,2,2,158,150,2,2,0.5320461464508893,0.5910222222222223
2020,2020-01-01T00:00:00+00:00,2021-01-01T00:00:00+00:00,CLT,135,136,17813,17187,0.05563381552186809,0.5899558059002223,0.032354643099503755,136,135,17187,17813,136,135,0.010865184133749643,0.010906456409489191
2020,2020-01-01T00:00:00+00:00,2021-01-01T00:00:00+00:00,CMH,34,36,2778,2785,6.694226483446107e-05,0.5048581584472083,0.0046412344072714615,36,34,2785,2778,36,34,0.04839119545913122,0.049200470009915405
2020,2020-01-01T00:00:00+00:00,2021-01-01T00:00:00+00:00,CMI,3,3,163,132,0.0,0.42523683672948265,0.0006890457311885365,3,3,132,163,3,3,0.40495867768595034,0.40411758063909065
2020,2020-01-01T00:00:00+00:00,2021-01-01T00:00:00+00:00,CMX,2,3,64,65,3.7427951193951643e-06,0.39266745657005087,0.000530466983048463,3,2,65,64,3,2,0.8286390532544378,0.939453125
2020,2020-01-01T00:00:00+00:00,2021-01-01T00:00:00+00:00,CNY,2,2,61,50,0.0,0.39436915735691996,0.0005536416539899272,2,2,50,61,2,2,0.8872,0.7968288094598226
2020,2020-01-01T00:00:00+00:00,2021-01-01T00:00:00+00:00,COD,2,2,57,63,0.0,0.3969495444279576,0.0005117732632815131,2,2,63,57,2,2,0.7329302091206853,0.6294244382887042
2020,2020-01-01T00:00:00+00:00,2021-01-01T00:00:00+00:00,COS,10,10,648,649,0.0,0.4660726405127236,0.0015061436903122867,10,10,649,648,10,10,0.18593260699760922,0.17994112940100593
2020,2020-01-01T00:00:00+00:00,2021-01-01T00:00:00+00:00,COU,3,3,153,120,0.0,0.4406812738988343,0.0006768558397017712,3,3,120,153,3,3,0.4759722222222222,0.44773377760690336
2020,2020-01-01T00:00:00+00:00,2021-01-01T00:00:00+00:00,CPR,2,2,159,153,0.0,0.3969495444279576,0.0006930718605736492,2,2,153,159,2,2,0.5292408902558845,0.5242276808670543
2020,2020-01-01T00:00:00+00:00,2021-01-01T00:00:00+00:00,CRP,3,3,389,368,4.829413057284083e-07,0.4008840663440938,0.0010324933186035123,3,3,368,389,3,3,0.35633270321361055,0.36056462751369606
2020,2020-01-01T00:00:00+00:00,2021-01-01T00:00:00+00:00,CRW,8,7,280,304,8.392934510158854e-07,0.4212994586116171,0.0008468095838669444,7,8,304,280,7,8,0.33526662049861494,0.3599234693877551
2020,2020-01-01T00:00:00+00:00,2021-01-01T00:00:00+00:00,CSG,1,1,78,81,0.0,0.38356452290878523,0.0005286698096598792,1,1,81,78,1,1,1.0,1.0
2020,2020-01-01T00:00:00+00:00,2021-01-01T00:00:00+00:00,CVG,49,49,2949,2841,0.0022762124679133362,0.5200039032006245,0.005255724843908254,49,49,2841,2949,49,49,0.04162920359234178,0.04157589844584108
2020,2020-01-01T00:00:00+00:00,2021-01-01T00:00:00+00:00,CWA,3,3,140,147,0.0,0.40489736622962974,0.0006537688653682056,3,3,147,140,3,3,0.37192836318200745,0.36153061224489796
2020,2020-01-01T00:00:00+00:00,2021-01-01T00:00:00+00:00,CYS,2,2,9,9,0.0,0.4217876387490581,0.0004256875372127996,2,2,9,9,2,2,0.5555555555555556,0.5061728395061729
2020,2020-01-01T00:00:00+00:00,2021-01-01T00:00:00+00:00,DAB,4,5,253,243,0.0,0.4179135846618108,0.0008047853344647712,5,4,243,253,5,4,0.47355586038713604,0.4811354653251886
2020,2020-01-01T00:00:00+00:00,2021-01-01T00:00:00+00:00,DAL,59,58,5463,5439,0.001910242095302889,0.49795175409088527,0.008686261138033726,58,59,5439,5463,58,59,0.03362628474912771,0.033471875381248635
2020,2020-01-01T00:00:00+00:00,2021-01-01T00:00:00+00:00,DAY,17,15,806,742,0.00040253766078138573,0.48084905183677296,0.001747086526769111,15,17,742,806,15,17,0.11454072551056733,0.11522760438153058
2020,2020-01-01T00:00:00+00:00,2021-01-01T00:00:00+00:00,DBQ,1,1,41,54,0.0,0.3922443235349538,0.000479944270997742,1,1,54,41,1,1,1.0,1.0
2020,2020-01-01T00:00:00+00:00,2021-01-01T00:00:00+00:00,DCA,92,92,6658,6656,0.011965261855390923,0.5506849201822044,0.011012311081353459,92,92,6656,6658,92,92,0.02626511613292807,0.025745650180320025
2020,2020-01-01T00:00:00+00:00,2021-01-01T00:00:00+00:00,DDC,2,1,44,51,0.0,0.39436915735691996,0.00050815026216225,1,2,51,44,1,2,1.0,0.8729338842975205
2020,2020-01-01T00:00:00+00:00,2021-01-01T00:00:00+00:00,DEC,1,2,45,45,0.0,0.3922443235349538,0.00048679982556289756,2,1,45,45,2,1,0.8024691358024691,1.0
2020,2020-01-01T00:00:00+00:00,2021-01-01T00:00:00+00:00,DEN,178,182,20176,20345,0.19270204444276112,0.6500048790007806,0.04323867544931001,182,178,20345,20176,182,178,0.012471098664769033,0.01245721827143972
2020,2020-01-01T00:00:00+00:00,2021-01-01T00:00:00+00:00,DFW,184,183,22950,23226,0.16729922095193087,0.6570446430332801,0.04804911338820445,183,184,23226,22950,183,184,0.009063380297198978,0.009149009165515637
2020,2020-01-01T00:00:00+00:00,2021-01-01T00:00:00+00:00,DHN,1,1,91,92,0.0,0.38356452290878523,0.0005485023051523762,1,1,92,91,1,1,1.0,1.0
2020,2020-01-01T00:00:00+00:00,2021-01-01T00:00:00+00:00,DIK,1,1,28,29,0.0,0.393942350909564,0.0004602491755278746,1,1,29,28,1,1,1.0,1.0
2020,2020-01-01T00:00:00+00:00,2021-01-01T00:00:00+00:00,DLG,2,1,16,16,0.0,0.33001154328235466,0.0005966521211217076,1,2,16,16,1,2,1.0,0.53125
2020,2020-01-01T00:00:00+00:00,2021-01-01T00:00:00+00:00,DLH,3,3,203,181,4.835050167316804e-05,0.4008840663440938,0.0007905360757774907,3,3,181,203,3,3,0.5921980403528586,0.560484360212575
2020,2020-01-01T00:00:00+00:00,2021-01-01T00:00:00+00:00,DRO,4,4,294,258,0.0,0.42375172554183604,0.0009160339225011212,4,4,258,294,4,4,0.34838651523345954,0.3654727197001249
2020,2020-01-01T00:00:00+00:00,2021-01-01T00:00:00+00:00,DRT,1,1,44,47,0.0,0.3965171375168161,0.00048700743236840954,1,1,47,44,1,1,1.0,1.0
2020,2020-01-01T00:00:00+00:00,2021-01-01T00:00:00+00:00,DSM,25,25,1140,1201,0.0010131195265866027,0.4952418125720233,0.002391599760230026,25,25,1201,1140,25,25,0.08789858021451732,0.08543705755617113
2020,2020-01-01T00:00:00+00:00,2021-01-01T00:00:00+00:00,DTW,115,114,11217,11128,0.056784438196416404,0.571432860660027,0.02241584117477167,114,115,11128,11217,114,115,0.015117612530176273,0.014912229856792926
2020,2020-01-01T00:00:00+00:00,2021-01-01T00:00:00+00:00,DVL,2,2,62,55,0.0,0.39436915735691996,0.0009408942811722365,2,2,55,62,2,2,0.5041322314049586,0.9375650364203956
2020,2020-01-01T00:00:00+00:00,2021-01-01T00:00:00+00:00,EAR,3,3,67,68,0.0002035276200517541,0.4222769515550315,0.0005762967742110775,3,3,68,67,3,3,0.47015570934256057,0.4208064156827801
2020,2020-01-01T00:00:00+00:00,2021-01-01T00:00:00+00:00,EAU,2,2,84,66,0.0,0.39266745657005087,0.0005640885496081557,2,2,66,84,2,2,0.9412304866850323,0.9535147392290249
2020,2020-01-01T00:00:00+00:00,2021-01-01T00:00:00+00:00,ECP,14,12,698,671,2.238133437096363e-05,0.4613469356659533,0.001454246279206432,12,14,671,698,12,14,0.13740419020035938,0.13617293782481263
2020,2020-01-01T00:00:00+00:00,2021-01-01T00:00:00+00:00,EGE,13,14,206,216,1.1497912995245637e-05,0.46369774807699,0.0007557793431563812,14,13,216,206,14,13,0.15620713305898493,0.20044302007729287
2020,2020-01-01T00:00:00+00:00,2021-01-01T00:00:00+00:00,EKO,1,1,64,62,0.0,0.3596864943087324,0.0005213579999305653,1,1,62,64,1,1,1.0,1.0
2020,2020-01-01T00:00:00+00:00,2021-01-01T00:00:00+00:00,ELM,5,4,113,141,4.394380761101786e-05,0.4031038009307167,0.0006398424530771861,4,5,141,113,4,5,0.7001156883456566,0.6007518208160388
2020,2020-01-01T00:00:00+00:00,2021-01-01T00:00:00+00:00,ELP,14,14,1061,1112,8.641080547578841e-05,0.4696809448263705,0.0020689633461480495,14,14,1112,1061,14,14,0.13312263857978365,0.1306460481771238
2020,2020-01-01T00:00:00+00:00,2021-01-01T00:00:00+00:00,ERI,3,3,63,60,0.0,0.40807481192874123,0.0005143772952646033,3,3,60,63,3,3,0.5088888888888888,0.38019652305366586
2020,2020-01-01T00:00:00+00:00,2021-01-01T00:00:00+00:00,ESC,1,1,59,64,0.0,0.36363909314728987,0.0005106577936318378,1,1,64,59,1,1,1.0,1.0
2020,2020-01-01T00:00:00+00:00,2021-01-01T00:00:00+00:00,EUG,12,12,509,489,0.00018228200091743922,0.44336508190065427,0.001271666300753413,12,12,489,509,12,12,0.14173159195553714,0.14893025733264886
2020,2020-01-01T00:00:00+00:00,2021-01-01T00:00:00+00:00,EVV,7,7,279,289,7.020093936101463e-05,0.4428257083216997,0.0008867097654411261,7,7,289,279,7,7,0.25786329186671614,0.2497270076180933
2020,2020-01-01T00:00:00+00:00,2021-01-01T00:00:00+00:00,EWN,2,2,147,146,0.0,0.38764934210909174,0.0006424607569909242,2,2,146,147,2,2,0.7345655845374368,0.6671757138229442
2020,2020-01-01T00:00:00+00:00,2021-01-01T00:00:00+00:00,EWR,77,78,6951,6885,0.005259876521047277,0.5416707325006505,0.011129798488387726,78,77,6885,6951,78,77,0.029399244460688066,0.029685509895490767
2020,2020-01-01T00:00:00+00:00,2021-01-01T00:00:00+00:00,EYW,15,15,568,538,1.8337216199482465e-06,0.4422876454926332,0.001271477435111169,15,15,538,568,15,15,0.15645167977225302,0.15938057925014879
2020,2020-01-01T00:00:00+00:00,2021-01-01T00:00:00+00:00,FAI,3,3,249,287,0.00017069312551693395,0.36039874479251205,0.0013701546444120892,3,3,287,249,3,3,0.46542995544440263,0.4539442912211093
2020,2020-01-01T00:00:00+00:00,2021-01-01T00:00:00+00:00,FAR,10,11,514,452,0.00033698363065935,0.4721176812457032,0.0013741892970917445,11,10,452,514,11,10,0.21895802333777117,0.2157867643719057
2020,2020-01-01T00:00:00+00:00,2021-01-01T00:00:00+00:00,FAT,11,11,801,804,0.0,0.4590198388908413,0.0016890750191575418,11,11,804,801,11,11,0.10759634662508355,0.1118000127805287
2020,2020-01-01T00:00:00+00:00,2021-01-01T00:00:00+00:00,FAY,2,2,285,324,0.0,0.38764934210909174,0.0008548278597773464,2,2,324,285,2,2,0.510078494131992,0.5000554016620499
2020,2020-01-01T00:00:00+00:00,2021-01-01T00:00:00+00:00,FCA,11,11,361,297,0.00022199386466262747,0.46488216122661197,0.0010785618525845971,11,11,297,361,11,11,0.22046503191284333,0.235303596504017
2020,2020-01-01T00:00:00+00:00,2021-01-01T00:00:00+00:00,FLG,3,3,160,182,0.0,0.4222769515550315,0.0006681500991606755,3,3,182,160,3,3,0.4230769230769231,0.39320312500000004
2020,2020-01-01T00:00:00+00:00,2021-01-01T00:00:00+00:00,FLL,82,80,6622,6597,0.018919412494678853,0.543287660060354,0.011163218503513166,80,82,6597,6622,80,82,0.031385757427049917,0.03118286053252655
2020,2020-01-01T00:00:00+00:00,2021-01-01T00:00:00+00:00,FNT,9,9,241,267,0.00011819903174088668,0.4227674009761175,0.0008943174782537048,9,9,267,241,9,9,0.2090224298278837,0.18699746905184136
2020,2020-01-01T00:00:00+00:00,2021-01-01T00:00:00+00:00,FSD,13,14,552,572,0.0006174404586974055,0.47582056502017933,0.0014575416528870597,14,13,572,552,14,13,0.17700743312631426,0.1815072988867885
2020,2020-01-01T00:00:00+00:00,2021-01-01T00:00:00+00:00,FSM,2,2,144,130,0.0,0.4131699571401103,0.0006560358415394728,2,2,130,144,2,2,0.6533727810650888,0.6783371913580247
2020,2020-01-01T00:00:00+00:00,2021-01-01T00:00:00+00:00,FWA,13,13,517,486,0.0005410233316271352,0.4619324013203517,0.0013876244980471032,13,13,486,517,13,13,0.16118816576063946,0.15379981967084316
2020,2020-01-01T00:00:00+00:00,2021-01-01T00:00:00+00:00,GCC,2,2,76,71,0.0,0.39436915735691996,0.000602705122074638,2,2,71,76,2,2,0.822257488593533,0.8327562326869806
2020,2020-01-01T00:00:00+00:00,2021-01-01T00:00:00+00:00,GCK,1,1,70,75,0.0,0.3965171375168161,0.000532703966169576,1,1,75,70,1,1,1.0,1.0
2020,2020-01-01T00:00:00+00:00,2021-01-01T00:00:00+00:00,GEG,17,17,1151,1128,6.3410019663405425e-06,0.4764433668068549,0.0022885727192243615,17,17,1128,1151,17,17,0.12193017202354005,0.1233928718350907
2020,2020-01-01T00:00:00+00:00,2021-01-01T00:00:00+00:00,GFK,4,3,117,137,3.872318215299896e-05,0.3986886442940166,0.0006297478701651029,3,4,137,117,3,4,0.740103361926581,0.8102125794433487
2020,2020-01-01T00:00:00+00:00,2021-01-01T00:00:00+00:00,GGG,1,1,71,64,0.0,0.3965171375168161,0.0005344615251619286,1,1,64,71,1,1,1.0,1.0
2020,2020-01-01T00:00:00+00:00,2021-01-01T00:00:00+00:00,GJT,8,8,335,370,0.0001873237092043561,0.4348897637281209,0.00100714674482806,8,8,370,335,8,8,0.22866325785244704,0.23127645355312987
2020,2020-01-01T00:00:00+00:00,2021-01-01T00:00:00+00:00,GNV,4,4,316,322,0.0,0.41695616522386847,0.0009046205090427579,4,4,322,316,4,4,0.3442961305505189,0.3175973401698446
2020,2020-01-01T00:00:00+00:00,2021-01-01T00:00:00+00:00,GPT,6,6,381,359,5.015327176200086e-05,0.4287429119439778,0.0010253492565368318,6,6,359,381,6,6,0.26116339879423656,0.2619643017063812
2020,2020-01-01T00:00:00+00:00,2021-01-01T00:00:00+00:00,GRB,6,6,344,346,0.0,0.44938608918572487,0.0010025912462074196,6,6,346,344,6,6,0.29327742323498945,0.2936384532179557
2020,2020-01-01T00:00:00+00:00,2021-01-01T00:00:00+00:00,GRI,3,3,91,84,4.424728173697908e-05,0.40807481192874123,0.0006029706982852077,3,3,84,91,3,3,0.5249433106575964,0.6507668156019805
2020,2020-01-01T00:00:00+00:00,2021-01-01T00:00:00+00:00,GRK,2,2,223,235,0.0,0.3986886442940166,0.0007921432959710099,2,2,235,223,2,2,0.7010049796287912,0.672545194956665
2020,2020-01-01T00:00:00+00:00,2021-01-01T00:00:00+00:00,GRR,34,34,1353,1354,0.001165699226971792,0.49931787687302764,0.002783097581189267,34,34,1354,1353,34,34,0.07418251954382114,0.0742173779326989
2020,2020-01-01T00:00:00+00:00,2021-01-01T00:00:00+00:00,GSO,14,13,765,744,0.0001465386713075443,0.45161629310227935,0.001618800221949756,13,14,744,765,13,14,0.16991487455197132,0.17032936050237088
2020,2020-01-01T00:00:00+00:00,2021-01-01T00:00:00+00:00,GSP,20,19,994,952,0.0002445179825879993,0.4795819924116431,0.0020010270922359175,19,20,952,994,19,20,0.18238692535837867,0.16695950349987246
2020,2020-01-01T00:00:00+00:00,2021-01-01T00:00:00+00:00,GST,1,1,13,11,0.0,0.2664734496635704,0.0005026884221252098,1,1,11,13,1,1,1.0,1.0
2020,2020-01-01T00:00:00+00:00,2021-01-01T00:00:00+00:00,GTF,6,6,183,188,0.00015422430351566194,0.415528233151184,0.000757176398536535,6,6,188,183,6,6,0.32226120416478043,0.30484636746394334
2020,2020-01-01T00:00:00+00:00,2021-01-01T00:00:00+00:00,GTR,1,1,92,91,0.0,0.38356452290878523,0.0005500278817287222,1,1,91,92,1,1,1.0,1.0
2020,2020-01-01T00:00:00+00:00,2021-01-01T00:00:00+00:00,GUC,3,3,64,46,0.0,0.4232589909772525,0.0005202172224709347,3,3,46,64,3,3,0.4300567107750473,0.37548828125
2020,2020-01-01T00:00:00+00:00,2021-01-01T00:00:00+00:00,GUM,2,2,60,58,0.005456995284078152,0.3336413677730863,0.0012043924267266539,2,2,58,60,2,2,0.509512485136742,0.5355555555555556
2020,2020-01-01T00:00:00+00:00,2021-01-01T00:00:00+00:00,HDN,14,13,142,146,5.646296019124888e-06,0.4751993893478292,0.0006502253291846695,13,14,146,142,13,14,0.22124225933571023,0.23824637968657014
2020,2020-01-01T00:00:00+00:00,2021-01-01T00:00:00+00:00,HGR,3,3,20,16,5.0259552535072914e-06,0.348327973435825,0.00046795013303453783,3,3,16,20,3,3,0.5390625,0.405
2020,2020-01-01T00:00:00+00:00,2021-01-01T00:00:00+00:00,HHH,7,8,194,245,3.583731117905252e-07,0.4141100480551048,0.0007136664789284284,8,7,245,194,8,7,0.43067055393586,0.4439366563928154
2020,2020-01-01T00:00:00+00:00,2021-01-01T00:00:00+00:00,HIB,1,1,64,61,0.0,0.3691711280328977,0.0005248712346941135,1,1,61,64,1,1,1.0,1.0
2020,2020-01-01T00:00:00+00:00,2021-01-01T00:00:00+00:00,HLN,4,4,104,118,0.0,0.4099129867572491,0.000594642716369803,4,4,118,104,4,4,0.44197069807526573,0.5528846153846153
2020,2020-01-01T00:00:00+00:00,2021-01-01T00:00:00+00:00,HNL,29,29,3156,3238,0.018411029957633017,0.49931787687302764,0.007048388499815824,29,29,3238,3156,29,29,0.11647720227792188,0.11434353218606279
2020,2020-01-01T00:00:00+00:00,2021-01-01T00:00:00+00:00,HOB,2,2,44,41,0.0,0.4067069633971365,0.0004804966135935105,2,2,41,44,2,2,0.6859012492563952,0.6487603305785123
2020,2020-01-01T00:00:00+00:00,2021-01-01T00:00:00+00:00,HOU,67,67,4381,4399,0.0038819466218053197,0.5000037530775235,0.007140392170080815,67,67,4399,4381,67,67,0.038007305076310255,0.039599990850907776
2020,2020-01-01T00:00:00+00:00,2021-01-01T00:00:00+00:00,HPN,10,10,413,413,4.095873690114428e-06,0.4227674009761175,0.0010431263292273393,10,10,413,413,10,10,0.11798744203225675,0.11788191289155708
2020,2020-01-01T00:00:00+00:00,2021-01-01T00:00:00+00:00,HRL,6,6,326,307,3.149933939858183e-06,0.43593141585681094,0.0009112869123200387,6,6,307,326,6,6,0.28926566860125835,0.3045466521133652
2020,2020-01-01T00:00:00+00:00,2021-01-01T00:00:00+00:00,HSV,10,10,587,640,3.583731117905252e-07,0.46488216122661197,0.0013534507506231192,10,10,640,587,10,10,0.19950195312500002,0.21059642626005243
2020,2020-01-01T00:00:00+00:00,2021-01-01T00:00:00+00:00,HTS,5,5,54,41,2.0451206057873456e-05,0.3523743777738985,0.0005697568509423686,5,5,41,54,5,5,0.3372992266508031,0.345679012345679
2020,2020-01-01T00:00:00+00:00,2021-01-01T00:00:00+00:00,HVN,2,2,49,33,0.0,0.3729536190988086,0.0004802982004511082,2,2,33,49,2,2,0.8861340679522498,0.8500624739691796
2020,2020-01-01T00:00:00+00:00,2021-01-01T00:00:00+00:00,HYA,1,0,2,0,0.0,0.3489037178265014,0.0004125470400088812,0,1,0,2,0,1,0.0,1.0
2020,2020-01-01T00:00:00+00:00,2021-01-01T00:00:00+00:00,HYS,2,3,90,83,3.7427951193951643e-06,0.39436915735691996,0.0007948316899326324,3,2,83,90,3,2,0.5148787922775439,0.548395061728395
2020,2020-01-01T00:00:00+00:00,2021-01-01T00:00:00+00:00,IAD,78,77,4277,4384,0.016169253982369743,0.5424779914164488,0.008255830614907388,77,78,4384,4277,77,78,0.0274195065666791,0.027302487234135486
2020,2020-01-01T00:00:00+00:00,2021-01-01T00:00:00+00:00,IAG,6,5,50,55,1.9548032780562536e-05,0.3714313594290175,0.0005587442325551729,5,6,55,50,5,6,0.28,0.2744
2020,2020-01-01T00:00:00+00:00,2021-01-01T00:00:00+00:00,IAH,119,120,10323,10550,0.04214969116952634,0.5759536902538562,0.019267387861719186,120,119,10550,10323,120,119,0.015125194851867658,0.015521788721627478
2020,2020-01-01T00:00:00+00:00,2021-01-01T00:00:00+00:00,ICT,14,14,736,744,0.00044095771623544976,0.47582056502017933,0.0016571559888844492,14,14,744,736,14,14,0.12633685975257256,0.12911670014177695
2020,2020-01-01T00:00:00+00:00,2021-01-01T00:00:00+00:00,IDA,6,6,204,235,6.849328207396633e-05,0.4067069633971365,0.0008013070884168549,6,6,235,204,6,6,0.4241014033499321,0.39922145328719716
2020,2020-01-01T00:00:00+00:00,2021-01-01T00:00:00+00:00,ILM,7,7,482,519,0.0,0.4323072829458874,0.0011683477420816749,7,7,519,482,7,7,0.33699384840418617,0.3357466297067888
2020,2020-01-01T00:00:00+00:00,2021-01-01T00:00:00+00:00,IMT,2,2,60,80,0.0,0.38356452290878523,0.0005151971508512738,2,2,80,60,2,2,0.5050000000000001,0.5022222222222222
2020,2020-01-01T00:00:00+00:00,2021-01-01T00:00:00+00:00,IND,47,49,3131,3060,0.0014253729168868957,0.5177848253775778,0.005397396704175219,49,47,3060,3131,49,47,0.04701161946259985,0.044941728489412754
2020,2020-01-01T00:00:00+00:00,2021-01-01T00:00:00+00:00,INL,1,1,57,66,0.0,0.3691711280328977,0.000512271628664043,1,1,66,57,1,1,1.0,1.0
2020,2020-01-01T00:00:00+00:00,2021-01-01T00:00:00+00:00,IPT,1,1,11,6,0.0,0.3710527341900481,0.0004272646945550035,1,1,6,11,1,1,1.0,1.0
2020,2020-01-01T00:00:00+00:00,2021-01-01T00:00:00+00:00,ISP,7,8,339,365,9.06931935488149e-06,0.36656871323306867,0.0008911466154186297,8,7,365,339,8,7,0.23248639519609685,0.23135023189843462
2020,2020-01-01T00:00:00+00:00,2021-01-01T00:00:00+00:00,ITH,1,1,47,52,0.0,0.36363909314728987,0.0004901188871382228,1,1,52,47,1,1,1.0,1.0
2020,2020-01-01T00:00:00+00:00,2021-01-01T00:00:00+00:00,ITO,3,3,422,439,0.0,0.36693823814560195,0.0011866809036538114,3,3,439,422,3,3,0.8676221065685628,0.8545293232407178
2020,2020-01-01T00:00:00+00:00,2021-01-01T00:00:00+00:00,JAC,14,13,381,427,5.682545713875601e-06,0.4745798334295139,0.0010579266524947948,13,14,427,381,13,14,0.19492785020484948,0.1824801427380633
2020,2020-01-01T00:00:00+00:00,2021-01-01T00:00:00+00:00,JAN,6,6,461,523,0.0,0.4328213225213284,0.001152892645625825,6,6,523,461,6,6,0.25247414350946334,0.25403136631203505
2020,2020-01-01T00:00:00+00:00,2021-01-01T00:00:00+00:00,JAX,31,32,1819,1823,0.001026413024368415,0.489250984194136,0.0031914306936637383,32,31,1823,1819,32,31,0.0818910796974961,0.0801221363525501
2020,2020-01-01T00:00:00+00:00,2021-01-01T00:00:00+00:00,JFK,69,69,5854,5803,0.012314179804265616,0.5329468993271408,0.009805857325333197,69,69,5803,5854,69,69,0.03444851016081487,0.034911172431921315
2020,2020-01-01T00:00:00+00:00,2021-01-01T00:00:00+00:00,JLN,2,2,92,77,0.0,0.4188754110937137,0.000570758879086441,2,2,77,92,2,2,0.7193455894754597,0.7419659735349717
2020,2020-01-01T00:00:00+00:00,2021-01-01T00:00:00+00:00,JMS,2,2,94,93,0.0,0.39436915735691996,0.0009614243076315395,2,2,93,94,2,2,0.5421436004162331,0.5654142145767316
2020,2020-01-01T00:00:00+00:00,2021-01-01T00:00:00+00:00,JNU,7,7,359,372,0.015545292834860117,0.36327617988067584,0.003123545584339832,7,7,372,359,7,7,0.20119377962770263,0.20942574933465755
2020,2020-01-01T00:00:00+00:00,2021-01-01T00:00:00+00:00,JST,2,1,7,1,0.0,0.3935164672869591,0.00042144525286798057,1,2,1,7,1,2,1.0,0.5918367346938775
2020,2020-01-01T00:00:00+00:00,2021-01-01T00:00:00+00:00,KOA,15,15,867,800,0.00013617186359609587,0.44336508190065427,0.001931659322281118,15,15,800,867,15,15,0.37311875,0.370236893183218
2020,2020-01-01T00:00:00+00:00,2021-01-01T00:00:00+00:00,KTN,4,4,187,173,0.0053591003983997475,0.35791812413022334,0.0013851042736665311,4,4,173,187,4,4,0.4393397707908717,0.3989533586891247
2020,2020-01-01T00:00:00+00:00,2021-01-01T00:00:00+00:00,LAN,4,4,199,189,0.0,0.40807481192874123,0.0007460644945838436,4,4,189,199,4,4,0.45415861817978215,0.43577182394383984
2020,2020-01-01T00:00:00+00:00,2021-01-01T00:00:00+00:00,LAR,1,1,68,53,0.0,0.393942350909564,0.000532498230989271,1,1,53,68,1,1,1.0,1.0
2020,2020-01-01T00:00:00+00:00,2021-01-01T00:00:00+00:00,LAS,113,112,11473,11586,0.03375613517965899,0.571432860660027,0.01916047750448353,112,113,11586,11473,112,113,0.023474747301374967,0.02404162816440958
2020,2020-01-01T00:00:00+00:00,2021-01-01T00:00:00+00:00,LAW,1,1,86,81,0.0,0.3965171375168161,0.0005608249100472169,1,1,81,86,1,1,1.0,1.0
2020,2020-01-01T00:00:00+00:00,2021-01-01T00:00:00+00:00,LAX,107,103,12615,12658,0.030122133413741873,0.5741368016410681,0.021158069641813573,103,107,12658,12615,103,107,0.028714539140105536,0.029302243379929618
2020,2020-01-01T00:00:00+00:00,2021-01-01T00:00:00+00:00,LBB,8,8,505,497,6.1226449683185565e-06,0.4323072829458874,0.001214545092095119,8,8,497,505,8,8,0.2246193458537948,0.244223115380845
2020,2020-01-01T00:00:00+00:00,2021-01-01T00:00:00+00:00,LBE,6,5,59,78,3.92574586596488e-06,0.36693823814560195,0.0005024837689238342,5,6,78,59,5,6,0.2738330046022354,0.262855501292732
2020,2020-01-01T00:00:00+00:00,2021-01-01T00:00:00+00:00,LBF,2,2,56,60,0.0,0.39436915735691996,0.0005486089846244256,2,2,60,56,2,2,0.768888888888889,0.78125
2020,2020-01-01T00:00:00+00:00,2021-01-01T00:00:00+00:00,LBL,2,2,54,68,0.0,0.39436915735691996,0.0005797669839962974,2,2,68,54,2,2,0.625,0.6982167352537723
2020,2020-01-01T00:00:00+00:00,2021-01-01T00:00:00+00:00,LCH,2,2,115,103,0.0,0.3986886442940166,0.0005984165612199419,2,2,103,115,2,2,0.5000471297954567,0.5085066162570888
2020,2020-01-01T00:00:00+00:00,2021-01-01T00:00:00+00:00,LCK,11,10,106,93,7.699318379404411e-05,0.3752605487014816,0.0006642719409301349,10,11,93,106,10,11,0.11989825413342582,0.11854752580989676
2020,2020-01-01T00:00:00+00:00,2021-01-01T00:00:00+00:00,LEX,16,15,599,566,0.0002797292671144198,0.4538687434419416,0.0014837865108981185,15,16,566,599,15,16,0.19839803218918953,0.18321855290258388
2020,2020-01-01T00:00:00+00:00,2021-01-01T00:00:00+00:00,LFT,3,3,335,305,0.0,0.4145816995904751,0.0009563768130987084,3,3,305,335,3,3,0.3381564095673206,0.3465270661617287
2020,2020-01-01T00:00:00+00:00,2021-01-01T00:00:00+00:00,LGA,72,73,7006,7323,0.0059758563716397406,0.5207478286701532,0.011523414366196714,73,72,7323,7006,73,72,0.035165767173807476,0.03629314427199915
2020,2020-01-01T00:00:00+00:00,2021-01-01T00:00:00+00:00,LGB,17,17,867,879,3.43199173304833e-05,0.42573418975489724,0.0016946867666362817,17,17,879,867,17,17,0.1252444537631319,0.12243760384946432
2020,2020-01-01T00:00:00+00:00,2021-01-01T00:00:00+00:00,LIH,12,12,744,723,1.20710666383402e-06,0.40807481192874123,0.0017062068286627257,12,12,723,744,12,12,0.4175375768323548,0.41225864261764367
2020,2020-01-01T00:00:00+00:00,2021-01-01T00:00:00+00:00,LIT,17,16,887,900,0.0001828185002427619,0.4795819924116431,0.0018376843164725305,16,17,900,887,16,17,0.1297037037037037,0.13250013663476826
2020,2020-01-01T00:00:00+00:00,2021-01-01T00:00:00+00:00,LNK,5,4,128,123,0.00011862016931338554,0.4428257083216997,0.0006371419694775906,4,5,123,128,4,5,0.3197170996100205,0.322509765625
2020,2020-01-01T00:00:00+00:00,2021-01-01T00:00:00+00:00,LRD,3,3,176,158,0.0,0.40807481192874123,0.0007009343164957262,3,3,158,176,3,3,0.43919243710943756,0.4551265495867768
2020,2020-01-01T00:00:00+00:00,2021-01-01T00:00:00+00:00,LSE,3,3,148,159,0.0,0.40489736622962974,0.0006679125629851342,3,3,159,148,3,3,0.3856255686088367,0.36778670562454346
2020,2020-01-01T00:00:00+00:00,2021-01-01T00:00:00+00:00,LWB,2,2,62,59,0.0,0.3935164672869591,0.0005143483021832366,2,2,59,62,2,2,0.5633438667049698,0.6503642039542143
2020,2020-01-01T00:00:00+00:00,2021-01-01T00:00:00+00:00,LWS,1,1,70,85,0.0,0.3596864943087324,0.0005318282964829717,1,1,85,70,1,1,1.0,1.0
2020,2020-01-01T00:00:00+00:00,2021-01-01T00:00:00+00:00,LYH,1,1,75,98,0.0,0.3710527341900481,0.0005296056856828951,1,1,98,75,1,1,1.0,1.0
2020,2020-01-01T00:00:00+00:00,2021-01-01T00:00:00+00:00,MAF,7,7,702,644,6.1226449683185565e-06,0.4307724641898664,0.0015153135427166259,7,7,644,702,7,7,0.19488059874233246,0.19527844741519956
2020,2020-01-01T00:00:00+00:00,2021-01-01T00:00:00+00:00,MBS,4,3,149,131,7.529605160415849e-05,0.4053482541652975,0.000698799100321475,3,4,131,149,3,4,0.5151797680787832,0.47227602360254045
2020,2020-01-01T00:00:00+00:00,2021-01-01T00:00:00+00:00,MCI,47,46,3333,3349,0.00104923108925193,0.5177848253775778,0.0055716572823879445,46,47,3349,3333,46,47,0.04290527265952739,0.04319018760561925
2020,2020-01-01T00:00:00+00:00,2021-01-01T00:00:00+00:00,MCO,92,91,9803,9648,0.017022467265100965,0.5515192912733896,0.015981040342626283,91,92,9648,9803,91,92,0.025958816682205337,0.025427734489404545
2020,2020-01-01T00:00:00+00:00,2021-01-01T00:00:00+00:00,MDT,12,14,439,397,0.0002234664415049151,0.4499415726086986,0.0012202256141145896,14,12,397,439,14,12,0.15483252859925511,0.1592509378842991
2020,2020-01-01T00:00:00+00:00,2021-01-01T00:00:00+00:00,MDW,67,68,6124,6261,0.0024447533180969984,0.5062624926848917,0.009504051893623659,68,67,6261,6124,68,67,0.0253074473928282,0.025640038379478158
2020,2020-01-01T00:00:00+00:00,2021-01-01T00:00:00+00:00,MEI,3,3,62,68,0.0,0.42032648064715605,0.0005114899041688361,3,3,68,62,3,3,0.3429930795847751,0.38553590010405825
2020,2020-01-01T00:00:00+00:00,2021-01-01T00:00:00+00:00,MEM,33,32,1582,1575,0.0009516957090145783,0.502072734124741,0.0029403189735616488,32,33,1575,1582,32,33,0.08196200554295793,0.07865190088879156
2020,2020-01-01T00:00:00+00:00,2021-01-01T00:00:00+00:00,MFE,6,6,385,352,0.00014455713938313163,0.42573418975489724,0.0010496071655779924,6,6,352,385,6,6,0.4255229855371901,0.40534997470062406
2020,2020-01-01T00:00:00+00:00,2021-01-01T00:00:00+00:00,MFR,8,9,397,429,0.00012450007752054496,0.4131699571401103,0.0010587296986269007,9,8,429,397,9,8,0.16354507962899573,0.1652634050085972
2020,2020-01-01T00:00:00+00:00,2021-01-01T00:00:00+00:00,MGM,4,4,225,252,0.0,0.4183939451039507,0.0007691584761935328,4,4,252,225,4,4,0.43304358780549257,0.4588444444444445
2020,2020-01-01T00:00:00+00:00,2021-01-01T00:00:00+00:00,MHK,2,2,99,80,0.0,0.4188754110937137,0.0005827124292243996,2,2,80,99,2,2,0.6012500000000001,0.654320987654321
2020,2020-01-01T00:00:00+00:00,2021-01-01T00:00:00+00:00,MHT,12,12,523,554,5.448130687069899e-06,0.4232589909772525,0.001175700523563632,12,12,554,523,12,12,0.14375920447288507,0.13120729429055056
2020,2020-01-01T00:00:00+00:00,2021-01-01T00:00:00+00:00,MIA,65,69,5711,5847,0.0038960363402054557,0.5222420835587334,0.009400775451200952,69,65,5847,5711,69,65,0.02971143557559451,0.029894693388463733
2020,2020-01-01T00:00:00+00:00,2021-01-01T00:00:00+00:00,MKE,29,30,1993,1973,9.765856120746755e-05,0.49931787687302764,0.00350879881383974,30,29,1973,1993,30,29,0.05620709789969967,0.057076083401790864
2020,2020-01-01T00:00:00+00:00,2021-01-01T00:00:00+00:00,MKG,1,2,64,68,0.0,0.3922443235349538,0.0005193637097473866,2,1,68,64,2,1,0.8153114186851211,1.0
2020,2020-01-01T00:00:00+00:00,2021-01-01T00:00:00+00:00,MLB,3,3,217,228,0.0,0.388891807949185,0.0007461824210136844,3,3,228,217,3,3,0.45248538011695905,0.4208413854615728
2020,2020-01-01T00:00:00+00:00,2021-01-01T00:00:00+00:00,MLI,11,11,337,297,0.0005696473135014978,0.4764433668068549,0.0010390609735961075,11,11,297,337,11,11,0.21740411976102214,0.2055226338173269
2020,2020-01-01T00:00:00+00:00,2021-01-01T00:00:00+00:00,MLU,3,3,224,244,0.0,0.4145816995904751,0.0007693368926733508,3,3,244,224,3,3,0.3872614888470841,0.3670679209183674
2020,2020-01-01T00:00:00+00:00,2021-01-01T00:00:00+00:00,MMH,3,3,18,28,0.0,0.3969495444279576,0.0004379644579042876,3,3,28,18,3,3,0.3954081632653061,0.3395061728395062
2020,2020-01-01T00:00:00+00:00,2021-01-01T00:00:00+00:00,MOB,4,4,317,340,0.0,0.4179135846618108,0.0009153854217921209,4,4,340,317,4,4,0.30558823529411766,0.3266526684512733
2020,2020-01-01T00:00:00+00:00,2021-01-01T00:00:00+00:00,MOT,4,4,240,232,6.303758030375406e-05,0.4117677966520782,0.0008815794131747398,4,4,232,240,4,4,0.44846165279429245,0.43732638888888886
2020,2020-01-01T00:00:00+00:00,2021-01-01T00:00:00+00:00,MQT,3,3,105,103,0.0,0.40489736622962974,0.0005917711127432039,3,3,103,105,3,3,0.34583843906117445,0.3465759637188209
2020,2020-01-01T00:00:00+00:00,2021-01-01T00:00:00+00:00,MRY,7,7,258,301,0.0,0.43026327687994936,0.0008007809475935942,7,7,301,258,7,7,0.19718325404796855,0.1823808665344631
2020,2020-01-01T00:00:00+00:00,2021-01-01T00:00:00+00:00,MSN,17,18,797,860,7.679176897674462e-06,0.4814850955561338,0.0017417627504077238,18,17,860,797,18,17,0.12245808545159545,0.11497160777004105
2020,2020-01-01T00:00:00+00:00,2021-01-01T00:00:00+00:00,MSO,10,10,307,303,0.00019042179586566414,0.45959940939449134,0.0009664876318797876,10,10,303,307,10,10,0.21911795139910029,0.2270687222145593
2020,2020-01-01T00:00:00+00:00,2021-01-01T00:00:00+00:00,MSP,119,117,10405,10322,0.06925234832052445,0.5852133958849473,0.021862495517576352,117,119,10322,10405,117,119,0.016428247403196608,0.016206389888053764
2020,2020-01-01T00:00:00+00:00,2021-01-01T00:00:00+00:00,MSY,44,46,3357,3350,0.0015347536140538074,0.5119588357812056,0.005482148395391597,46,44,3350,3357,46,44,0.042003475161505904,0.042087505786662684
2020,2020-01-01T00:00:00+00:00,2021-01-01T00:00:00+00:00,MTJ,12,11,210,186,9.620315527976485e-05,0.4590198388908413,0.0007711837503229231,11,12,186,210,11,12,0.24303387674875707,0.22412698412698415
2020,2020-01-01T00:00:00+00:00,2021-01-01T00:00:00+00:00,MVY,5,5,36,28,6.746960179668014e-07,0.368797094468528,0.0004602091492133142,5,5,28,36,5,5,0.298469387755102,0.32407407407407407
2020,2020-01-01T00:00:00+00:00,2021-01-01T00:00:00+00:00,MYR,43,40,842,816,0.01586497577878957,0.49389787278214,0.002044519379093289,40,43,816,842,40,43,0.11240268166089966,0.10745820662262118
2020,2020-01-01T00:00:00+00:00,2021-01-01T00:00:00+00:00,OAJ,2,2,234,273,0.0,0.38764934210909174,0.0007763619416934577,2,2,273,234,2,2,0.5001677199479397,0.5082182774490467
2020,2020-01-01T00:00:00+00:00,2021-01-01T00:00:00+00:00,OAK,46,45,3220,3242,0.0028992555699429543,0.5048581584472083,0.00546107978799408,45,46,3242,3220,45,46,0.05196923780683891,0.05211122256085799
2020,2020-01-01T00:00:00+00:00,2021-01-01T00:00:00+00:00,OGD,1,1,11,6,0.0,0.2810831909192565,0.0004590201840024114,1,1,6,11,1,1,1.0,1.0
2020,2020-01-01T00:00:00+00:00,2021-01-01T00:00:00+00:00,OGG,19,19,1333,1327,0.0010661308179591728,0.4721176812457032,0.0027395573614502036,19,19,1327,1333,19,19,0.24036687453043254,0.2591670048044645
2020,2020-01-01T00:00:00+00:00,2021-01-01T00:00:00+00:00,OGS,4,4,63,80,3.404170282827883e-05,0.40221296380158805,0.0005217010654958343,4,4,80,63,4,4,0.5140625000000001,0.4809775762156714
2020,2020-01-01T00:00:00+00:00,2021-01-01T00:00:00+00:00,OKC,26,28,1610,1595,0.0003504390821242793,0.502072734124741,0.0029804291177540298,28,26,1595,1610,28,26,0.08250823006849382,0.08060337178349601
2020,2020-01-01T00:00:00+00:00,2021-01-01T00:00:00+00:00,OMA,32,32,1728,1770,0.0013558676033312643,0.506967593649634,0.003239437427976462,32,32,1770,1728,32,32,0.07172268505218807,0.06985636895576132
2020,2020-01-01T00:00:00+00:00,2021-01-01T00:00:00+00:00,OME,2,2,45,55,0.0,0.33001154328235466,0.0007295716791847857,2,2,55,45,2,2,0.8651239669421487,0.7076543209876542
2020,2020-01-01T00:00:00+00:00,2021-01-01T00:00:00+00:00,ONT,20,20,1596,1619,3.47220917743903e-05,0.4795819924116431,0.0028776848266939435,20,20,1619,1596,20,20,0.08684815621779814,0.08803572213742375
2020,2020-01-01T00:00:00+00:00,2021-01-01T00:00:00+00:00,ORD,174,175,19539,19358,0.14193927472410997,0.6453949153199241,0.039047267017618396,175,174,19358,19539,175,174,0.012194234813534715,0.012180795484754127
2020,2020-01-01T00:00:00+00:00,2021-01-01T00:00:00+00:00,ORF,28,29,1408,1425,0.0007365740538181528,0.4932286344721371,0.00258274377865484,29,28,1425,1408,29,28,0.07987048322560787,0.08154801297778927
2020,2020-01-01T00:00:00+00:00,2021-01-01T00:00:00+00:00,ORH,4,4,53,64,0.0,0.3779882993150957,0.0004915317248699829,4,4,64,53,4,4,0.29833984375,0.2894268422926308
2020,2020-01-01T00:00:00+00:00,2021-01-01T00:00:00+00:00,OTH,2,2,34,27,0.0,0.3947968896317106,0.00046157163329232454,2,2,27,34,2,2,0.747599451303155,0.7491349480968859
2020,2020-01-01T00:00:00+00:00,2021-01-01T00:00:00+00:00,OTZ,2,2,39,35,0.0,0.33001154328235466,0.0006397453371061728,2,2,35,39,2,2,0.6473469387755102,0.8159105851413544
2020,2020-01-01T00:00:00+00:00,2021-01-01T00:00:00+00:00,OWB,1,1,12,11,0.0,0.2861656700003437,0.0004492156038786873,1,1,11,12,1,1,1.0,1.0
2020,2020-01-01T00:00:00+00:00,2021-01-01T00:00:00+00:00,PAE,3,2,59,55,0.0,0.3952255507496603,0.0005103814284146732,2,3,55,59,2,3,0.5133884297520661,0.5662166044240161
2020,2020-01-01T00:00:00+00:00,2021-01-01T00:00:00+00:00,PAH,2,2,56,72,0.0,0.39266745657005087,0.0005100207171029586,2,2,72,56,2,2,0.9201388888888891,0.9649234693877551
2020,2020-01-01T00:00:00+00:00,2021-01-01T00:00:00+00:00,PBG,5,7,109,129,3.8352319318034025e-05,0.37838121854515294,0.0006254333074784725,7,5,129,109,7,5,0.4177032630250586,0.38220688494234495
2020,2020-01-01T00:00:00+00:00,2021-01-01T00:00:00+00:00,PBI,31,30,1753,1720,0.001763367838862634,0.4846907220245501,0.003177530749482813,30,31,1720,1753,30,31,0.0783822336398053,0.07457609138144405
2020,2020-01-01T00:00:00+00:00,2021-01-01T00:00:00+00:00,PDX,48,48,3785,3641,0.003309673170075821,0.5252564678794187,0.006521966591590937,48,48,3641,3785,48,48,0.04988164259753105,0.04862250872089473
2020,2020-01-01T00:00:00+00:00,2021-01-01T00:00:00+00:00,PGD,48,49,585,595,0.006559320195060619,0.3872369491919544,0.0024769405212745842,49,48,595,585,49,48,0.0318762799237342,0.029018920300971585
2020,2020-01-01T00:00:00+00:00,2021-01-01T00:00:00+00:00,PHF,3,3,131,139,0.0,0.388891807949185,0.0006148863679604768,3,3,139,131,3,3,0.6754826354743544,0.5479284423984616
2020,2020-01-01T00:00:00+00:00,2021-01-01T00:00:00+00:00,PHL,90,89,7347,7301,0.013200831771017218,0.549853069849603,0.012262558814885877,89,90,7301,7347,89,90,0.02541546085299466,0.025471647376639057
2020,2020-01-01T00:00:00+00:00,2021-01-01T00:00:00+00:00,PHX,100,100,12561,12372,0.020040096090112005,0.567866976974161,0.021178175908870445,100,100,12372,12561,100,100,0.02047012490998677,0.020266985178565365
2020,2020-01-01T00:00:00+00:00,2021-01-01T00:00:00+00:00,PIA,12,12,312,323,0.00046114584668552545,0.4572898646236648,0.001022551582291874,12,12,323,312,12,12,0.15871905222900634,0.16060568704799474
2020,2020-01-01T00:00:00+00:00,2021-01-01T00:00:00+00:00,PIB,2,2,56,56,0.0,0.3986886442940166,0.0005023354992158099,2,2,56,56,2,2,0.5,0.5
2020,2020-01-01T00:00:00+00:00,2021-01-01T00:00:00+00:00,PIE,53,53,707,775,0.004351860066650716,0.38682543277410963,0.0025960396239338205,53,53,775,707,53,53,0.027589594172736733,0.025841804224875912
2020,2020-01-01T00:00:00+00:00,2021-01-01T00:00:00+00:00,PIH,1,1,100,94,0.0,0.3596864943087324,0.0005841797792450036,1,1,94,100,1,1,1.0,1.0
2020,2020-01-01T00:00:00+00:00,2021-01-01T00:00:00+00:00,PIR,2,2,62,53,0.0,0.39436915735691996,0.0005543829005578974,2,2,53,62,2,2,0.7992168031327875,0.8251821019771071
2020,2020-01-01T00:00:00+00:00,2021-01-01T00:00:00+00:00,PIT,46,46,2992,2958,0.0016366536448681169,0.5170493355688027,0.005057843853025378,46,46,2958,2992,46,46,0.04242491568915459,0.041526289356287
2020,2020-01-01T00:00:00+00:00,2021-01-01T00:00:00+00:00,PLN,2,2,87,82,0.0,0.36400273224043717,0.0006452864653192116,2,2,82,87,2,2,0.6439619274241524,0.729951116395825
2020,2020-01-01T00:00:00+00:00,2021-01-01T00:00:00+00:00,PNS,15,15,954,980,2.292819356632606e-05,0.4619324013203517,0.0018753128113904094,15,15,980,954,15,15,0.1306518117451062,0.1396195649785302
2020,2020-01-01T00:00:00+00:00,2021-01-01T00:00:00+00:00,PPG,1,1,3,2,0.0,0.3330308620681035,0.00041523056821856166,1,1,2,3,1,1,1.0,1.0
2020,2020-01-01T00:00:00+00:00,2021-01-01T00:00:00+00:00,PRC,2,2,67,61,0.0,0.3965171375168161,0.000521833537930816,2,2,61,67,2,2,0.5592582639075517,0.5491200712853642
2020,2020-01-01T00:00:00+00:00,2021-01-01T00:00:00+00:00,PSC,8,8,317,308,0.0001329487386350819,0.4212994586116171,0.0009822319693427407,8,8,308,317,8,8,0.23292292123460956,0.23784692851953945
2020,2020-01-01T00:00:00+00:00,2021-01-01T00:00:00+00:00,PSE,2,2,9,23,0.0,0.36291399026962823,0.0004223731008842532,2,2,23,9,2,2,0.500945179584121,0.8024691358024691
2020,2020-01-01T00:00:00+00:00,2021-01-01T00:00:00+00:00,PSG,2,2,68,77,8.292370520082173e-05,0.26686417319680145,0.0010331568377005842,2,2,77,68,2,2,0.5021082813290605,0.500432525951557
2020,2020-01-01T00:00:00+00:00,2021-01-01T00:00:00+00:00,PSM,3,3,32,34,8.122099196802366e-06,0.3503394920504689,0.0005140321101792778,3,3,34,32,3,3,0.44809688581314877,0.458984375
2020,2020-01-01T00:00:00+00:00,2021-01-01T00:00:00+00:00,PSP,19,20,940,959,0.000594112845915269,0.4795819924116431,0.0019654291697247892,20,19,959,940,20,19,0.12480305671205559,0.12321638750565868
2020,2020-01-01T00:00:00+00:00,2021-01-01T00:00:00+00:00,PUB,2,2,82,61,0.0,0.39436915735691996,0.0006502842151234744,2,2,61,82,2,2,0.7258801397473797,0.6713265913146937
2020,2020-01-01T00:00:00+00:00,2021-01-01T00:00:00+00:00,PVD,18,18,945,1004,9.718524274305969e-05,0.4328213225213284,0.0018212763397152595,18,18,1004,945,18,18,0.09977420993317566,0.10072170431958792
2020,2020-01-01T00:00:00+00:00,2021-01-01T00:00:00+00:00,PVU,4,4,75,68,6.018503707636136e-05,0.4031038009307167,0.0006729025259006549,4,4,68,75,4,4,0.4463667820069204,0.4990222222222222
2020,2020-01-01T00:00:00+00:00,2021-01-01T00:00:00+00:00,PWM,16,15,719,679,3.6101833493860232e-06,0.4460817797064181,0.0014896718559669403,15,16,679,719,15,16,0.10546350541491971,0.10464038873338607
2020,2020-01-01T00:00:00+00:00,2021-01-01T00:00:00+00:00,RAP,11,10,436,430,0.00022144388812809257,0.4660726405127236,0.0012219543379581766,10,11,430,436,10,11,0.19482963764196864,0.17674227758606176
2020,2020-01-01T00:00:00+00:00,2021-01-01T00:00:00+00:00,RDD,2,2,61,74,0.0,0.3676795275155931,0.0004995552915879365,2,2,74,61,2,2,0.7468955441928414,0.8495028218220908
2020,2020-01-01T00:00:00+00:00,2021-01-01T00:00:00+00:00,RDM,9,9,439,429,0.0001267649971989147,0.41363946845504224,0.0011447080951499048,9,9,429,439,9,9,0.17546633630549713,0.17396651117418446
2020,2020-01-01T00:00:00+00:00,2021-01-01T00:00:00+00:00,RDU,49,48,3473,3484,0.001472471613054285,0.5192621002003384,0.005692023330797149,48,49,3484,3473,48,49,0.04597019538885982,0.04420303258347124
2020,2020-01-01T00:00:00+00:00,2021-01-01T00:00:00+00:00,RFD,7,7,73,83,9.736622493227489e-05,0.3855961146614801,0.0006392333491333575,7,7,83,73,7,7,0.2027870518217448,0.1829611559392006
2020,2020-01-01T00:00:00+00:00,2021-01-01T00:00:00+00:00,RHI,1,1,67,69,0.0,0.3691711280328977,0.000530271065849858,1,1,69,67,1,1,1.0,1.0
2020,2020-01-01T00:00:00+00:00,2021-01-01T00:00:00+00:00,RIC,24,26,1285,1306,0.000645682901784307,0.48990946465738516,0.0024067408631274203,26,24,1306,1285,26,24,0.10549964939764404,0.1073027600720677
2020,2020-01-01T00:00:00+00:00,2021-01-01T00:00:00+00:00,RIW,3,3,47,45,7.485590238790329e-06,0.3947968896317106,0.0006083515923463883,3,3,45,47,3,3,0.6009876543209876,0.49298325033952006
2020,2020-01-01T00:00:00+00:00,2021-01-01T00:00:00+00:00,RKS,2,2,51,58,0.0,0.39436915735691996,0.0005502176631820424,2,2,58,51,2,2,0.7621878715814505,0.8231449442522107
2020,2020-01-01T00:00:00+00:00,2021-01-01T00:00:00+00:00,RNO,18,20,1285,1338,9.032071492970168e-05,0.47582056502017933,0.0024001986364040944,20,18,1338,1285,20,18,0.11365936710303176,0.11718269769413617
2020,2020-01-01T00:00:00+00:00,2021-01-01T00:00:00+00:00,ROA,6,7,160,176,6.66240077926405e-05,0.4193579864521165,0.0006785556543176354,7,6,176,160,7,6,0.36951188016528924,0.45070312500000004
2020,2020-01-01T00:00:00+00:00,2021-01-01T00:00:00+00:00,ROC,19,18,736,795,0.00015789948635544228,0.44121543301871174,0.0015624919760875923,18,19,795,736,18,19,0.11119338633756576,0.11176010160680529
2020,2020-01-01T00:00:00+00:00,2021-01-01T00:00:00+00:00,ROW,2,2,86,90,0.0,0.4004430497694578,0.0005590095535575202,2,2,90,86,2,2,0.7222222222222223,0.8702001081665764
2020,2020-01-01T00:00:00+00:00,2021-01-01T00:00:00+00:00,RST,4,4,209,229,0.0,0.4422876454926332,0.0007764774529271895,4,4,229,209,4,4,0.4248774813600046,0.42602046656441017
2020,2020-01-01T00:00:00+00:00,2021-01-01T00:00:00+00:00,RSW,50,49,3016,3116,0.002962294088048808,0.5090947304062059,0.005124937574274308,49,50,3116,3016,49,50,0.04792565103544421,0.0451370322031394
2020,2020-01-01T00:00:00+00:00,2021-01-01T00:00:00+00:00,SAF,3,3,121,128,0.0,0.4222769515550315,0.0006190283234597286,3,3,128,121,3,3,0.5704345703125,0.5669694692985452
2020,2020-01-01T00:00:00+00:00,2021-01-01T00:00:00+00:00,SAN,62,59,5507,5522,0.005880192618859924,0.5275401916528075,0.008977162519220216,59,62,5522,5507,59,62,0.04198792069547368,0.04233359467319092
2020,2020-01-01T00:00:00+00:00,2021-01-01T00:00:00+00:00,SAT,34,34,2427,2408,0.00043549265362858897,0.5076746614232039,0.004166349714221034,34,34,2408,2427,34,34,0.057399683778324745,0.05983621627926047
2020,2020-01-01T00:00:00+00:00,2021-01-01T00:00:00+00:00,SAV,30,29,1066,1158,0.0012630017246738506,0.48663466877063793,0.00210990407922463,29,30,1158,1066,29,30,0.10938697832305715,0.10884441143444484
2020,2020-01-01T00:00:00+00:00,2021-01-01T00:00:00+00:00,SBA,9,9,440,456,1.5906879257429448e-05,0.4343708021962257,0.0011182322766778835,9,9,456,440,9,9,0.17743921206525085,0.17631198347107438
2020,2020-01-01T00:00:00+00:00,2021-01-01T00:00:00+00:00,SBN,13,12,510,473,0.0005041840896387562,0.4613469356659533,0.0013570865976448281,12,13,473,510,12,13,0.1522690397758002,0.148719723183391
2020,2020-01-01T00:00:00+00:00,2021-01-01T00:00:00+00:00,SBP,8,8,392,396,1.6634644975089619e-06,0.4307724641898664,0.0010250583602817351,8,8,396,392,8,8,0.16800581573308848,0.1842982090795502
2020,2020-01-01T00:00:00+00:00,2021-01-01T00:00:00+00:00,SCC,2,2,67,60,3.7427951193951643e-06,0.33001154328235466,0.0007502643387013741,2,2,60,67,2,2,0.625,0.7255513477389173
2020,2020-01-01T00:00:00+00:00,2021-01-01T00:00:00+00:00,SCE,4,4,104,106,4.063123448346383e-05,0.4067069633971365,0.0006156076433942539,4,4,106,104,4,4,0.5049839800640797,0.35595414201183434
2020,2020-01-01T00:00:00+00:00,2021-01-01T00:00:00+00:00,SCK,4,4,73,68,1.3881668068044852e-05,0.37916951275045535,0.0005401737294508294,4,4,68,73,4,4,0.3810553633217993,0.39613435916682305
2020,2020-01-01T00:00:00+00:00,2021-01-01T00:00:00+00:00,SDF,33,34,1529,1577,0.0007060714426607099,0.49795175409088527,0.00286484029504579,34,33,1577,1529,34,33,0.07247130899193342,0.07344511453088555
2020,2020-01-01T00:00:00+00:00,2021-01-01T00:00:00+00:00,SEA,77,78,10380,10380,0.04106587199055939,0.5515192912733896,0.020646495749730275,78,77,10380,10380,78,77,0.027896614580432952,0.0274128214552218
2020,2020-01-01T00:00:00+00:00,2021-01-01T00:00:00+00:00,SFB,70,73,916,943,0.015577766742262111,0.4008840663440938,0.0036580357568396266,73,70,943,916,73,70,0.02173856816257314,0.022513396006941133
2020,2020-01-01T00:00:00+00:00,2021-01-01T00:00:00+00:00,SFO,83,85,9098,9248,0.015170651823226305,0.5440997492383216,0.016079531568031172,85,83,9248,9098,85,83,0.03286243130470181,0.0324789047484268
2020,2020-01-01T00:00:00+00:00,2021-01-01T00:00:00+00:00,SGF,12,12,649,672,0.0004808698199143913,0.47150612984512585,0.0015918623597946935,12,12,672,649,12,12,0.17656515731292519,0.16982628246371684
2020,2020-01-01T00:00:00+00:00,2021-01-01T00:00:00+00:00,SGU,5,5,260,274,0.0,0.4282385085181613,0.0008475156595059305,5,5,274,260,5,5,0.308274282060845,0.34976331360946744
2020,2020-01-01T00:00:00+00:00,2021-01-01T00:00:00+00:00,SHD,2,2,77,67,0.0,0.3935164672869591,0.0005369947734023951,2,2,67,77,2,2,0.5010024504343951,0.5021082813290605
2020,2020-01-01T00:00:00+00:00,2021-01-01T00:00:00+00:00,SHR,3,3,51,52,7.485590238790329e-06,0.3947968896317106,0.0005977709503552618,3,3,52,51,3,3,0.5480769230769231,0.5878508266051519
2020,2020-01-01T00:00:00+00:00,2021-01-01T00:00:00+00:00,SHV,8,8,483,459,0.00010011610922524803,0.45557288140229935,0.0012019416771502527,8,8,459,483,8,8,0.25493043985931335,0.243393387600787
2020,2020-01-01T00:00:00+00:00,2021-01-01T00:00:00+00:00,SIT,3,3,89,74,0.0,0.3575665346173253,0.0009222097607514305,3,3,74,89,3,3,0.4116143170197224,0.46117914404746874
2020,2020-01-01T00:00:00+00:00,2021-01-01T00:00:00+00:00,SJC,39,39,3437,3509,0.0008986559063534231,0.504158908920273,0.005699041168787268,39,39,3509,3437,39,39,0.06371183621710927,0.06488741314736372
2020,2020-01-01T00:00:00+00:00,2021-01-01T00:00:00+00:00,SJT,1,1,133,137,0.0,0.3965171375168161,0.000643430182687787,1,1,137,133,1,1,1.0,1.0
2020,2020-01-01T00:00:00+00:00,2021-01-01T00:00:00+00:00,SJU,24,24,2052,2080,0.00022961998633688266,0.466670169539022,0.0034069363998893705,24,24,2080,2052,24,24,0.08965930103550297,0.09413960230878256
2020,2020-01-01T00:00:00+00:00,2021-01-01T00:00:00+00:00,SLC,93,93,9517,9529,0.0507105801395443,0.561732611482156,0.019562661128071174,93,93,9529,9517,93,93,0.020491335632721368,0.019843013540117773
2020,2020-01-01T00:00:00+00:00,2021-01-01T00:00:00+00:00,SLN,3,3,66,66,0.0002035276200517541,0.4222769515550315,0.0006977751901238944,3,3,66,66,3,3,0.36409550045913686,0.34756657483930214
2020,2020-01-01T00:00:00+00:00,2021-01-01T00:00:00+00:00,SMF,36,33,3485,3428,0.000575606019065129,0.5055593503339405,0.005802072035532951,33,36,3428,3485,33,36,0.05956574248177886,0.05960013091564792
2020,2020-01-01T00:00:00+00:00,2021-01-01T00:00:00+00:00,SMX,2,1,14,18,0.0,0.3654645906028486,0.00043243527929925614,1,2,18,14,1,2,1.0,0.8673469387755102
2020,2020-01-01T00:00:00+00:00,2021-01-01T00:00:00+00:00,SNA,21,21,2425,2440,0.00015868215185402344,0.4872861208037981,0.00421623498810954,21,21,2440,2425,21,21,0.07847386455253964,0.07854964395791264
2020,2020-01-01T00:00:00+00:00,2021-01-01T00:00:00+00:00,SPI,4,3,112,84,0.0001974684665622293,0.4267323941857411,0.0006600574754930722,3,4,84,112,3,4,0.39710884353741494,0.42330994897959184
2020,2020-01-01T00:00:00+00:00,2021-01-01T00:00:00+00:00,SPN,1,1,25,22,0.0,0.2501736991343211,0.0008511151700953184,1,1,22,25,1,1,1.0,1.0
2020,2020-01-01T00:00:00+00:00,2021-01-01T00:00:00+00:00,SPS,1,1,76,74,0.0,0.3965171375168161,0.0005432493201236913,1,1,74,76,1,1,1.0,1.0
2020,2020-01-01T00:00:00+00:00,2021-01-01T00:00:00+00:00,SRQ,37,36,812,853,0.0025844188858016623,0.4918955841086989,0.0018296546962248022,36,37,853,812,36,37,0.09556643746847551,0.08482673687786649
2020,2020-01-01T00:00:00+00:00,2021-01-01T00:00:00+00:00,STC,2,2,18,15,1.0956821248956394e-05,0.29545676318217307,0.0004856729610133959,2,2,15,18,2,2,0.6088888888888888,0.5987654320987654
2020,2020-01-01T00:00:00+00:00,2021-01-01T00:00:00+00:00,STL,58,57,4654,4648,0.0008510080214441518,0.5222420835587334,0.0075385316601097015,57,58,4648,4654,57,58,0.02890384997082009,0.02888597431286726
2020,2020-01-01T00:00:00+00:00,2021-01-01T00:00:00+00:00,STS,9,9,213,186,1.7313610076113686e-06,0.43128285810478334,0.0007310608078943169,9,9,186,213,9,9,0.16446988091108797,0.1475677224536578
2020,2020-01-01T00:00:00+00:00,2021-01-01T00:00:00+00:00,STT,14,15,357,334,0.00010564207865609385,0.4449911152083584,0.0009285539752361554,15,14,334,357,15,14,0.131252465129621,0.13516779260723896
2020,2020-01-01T00:00:00+00:00,2021-01-01T00:00:00+00:00,STX,5,4,76,94,3.855192178648209e-07,0.39266745657005087,0.0005186950551442681,4,5,94,76,4,5,0.4502037120869171,0.4529085872576177
2020,2020-01-01T00:00:00+00:00,2021-01-01T00:00:00+00:00,SUN,5,5,119,132,0.0,0.4287429119439778,0.0006091905891656963,5,5,132,119,5,5,0.38957759412304876,0.39128592613516
2020,2020-01-01T00:00:00+00:00,2021-01-01T00:00:00+00:00,SUX,3,3,66,80,0.0,0.4406812738988343,0.0005236462089157673,3,3,80,66,3,3,0.5309375,0.6450872359963269
2020,2020-01-01T00:00:00+00:00,2021-01-01T00:00:00+00:00,SWF,7,7,82,84,5.2147106142594904e-05,0.3855961146614801,0.0006018098996579563,7,7,84,82,7,7,0.1564625850340136,0.15288518738845924
2020,2020-01-01T00:00:00+00:00,2021-01-01T00:00:00+00:00,SWO,1,1,59,72,0.0,0.3965171375168161,0.0005133708172536978,1,1,72,59,1,1,1.0,1.0
2020,2020-01-01T00:00:00+00:00,2021-01-01T00:00:00+00:00,SYR,23,24,724,709,0.0004097855282586971,0.4727308210914768,0.0016031921067186654,24,23,709,724,24,23,0.09098215369190402,0.10211455694270627
2020,2020-01-01T00:00:00+00:00,2021-01-01T00:00:00+00:00,TLH,6,6,437,426,0.0,0.42032648064715605,0.001089130229039207,6,6,426,437,6,6,0.24930018294430117,0.26060250616592223
2020,2020-01-01T00:00:00+00:00,2021-01-01T00:00:00+00:00,TOL,5,5,91,125,7.211275147982017e-05,0.4131699571401103,0.0006142834726006814,5,5,125,91,5,5,0.277824,0.26409853882381357
2020,2020-01-01T00:00:00+00:00,2021-01-01T00:00:00+00:00,TPA,61,62,5377,5208,0.004194444226365898,0.5244996141793042,0.008619656599231754,62,61,5208,5377,62,61,0.03319836432665331,0.03265442679783284
2020,2020-01-01T00:00:00+00:00,2021-01-01T00:00:00+00:00,TRI,5,5,228,217,7.109143349064547e-05,0.42623270754149545,0.0007998796633845628,5,5,217,228,5,5,0.4595765465395315,0.4437134502923976
2020,2020-01-01T00:00:00+00:00,2021-01-01T00:00:00+00:00,TTN,10,11,119,126,1.7527071093285193e-05,0.40000300246201886,0.00058508363146407,11,10,126,119,11,10,0.16465104560342655,0.1877692253371937
2020,2020-01-01T00:00:00+00:00,2021-01-01T00:00:00+00:00,TUL,18,17,1126,1141,0.00035866536922377334,0.48340336286910646,0.0022466646880213667,17,18,1141,1126,17,18,0.10886478871724835,0.1095406806343838
2020,2020-01-01T00:00:00+00:00,2021-01-01T00:00:00+00:00,TUS,20,21,1322,1257,0.0011569657168988509,0.4814850955561338,0.0025968400747456875,21,20,1257,1322,21,20,0.09325470286048092,0.0884267407609156
2020,2020-01-01T00:00:00+00:00,2021-01-01T00:00:00+00:00,TVC,10,10,348,345,0.0005303447038539173,0.4721176812457032,0.0010690200130351632,10,10,345,348,10,10,0.30863264020163833,0.3142257894041485
2020,2020-01-01T00:00:00+00:00,2021-01-01T00:00:00+00:00,TWF,1,3,82,85,0.0,0.3596864943087324,0.0005527688895877844,3,1,85,82,3,1,0.8881660899653979,1.0
2020,2020-01-01T00:00:00+00:00,2021-01-01T00:00:00+00:00,TXK,1,1,83,89,0.0,0.3965171375168161,0.0005555522330701592,1,1,89,83,1,1,1.0,1.0
2020,2020-01-01T00:00:00+00:00,2021-01-01T00:00:00+00:00,TYR,2,2,120,107,0.0,0.4217876387490581,0.0006207279179697508,2,2,107,120,2,2,0.9633155734125252,0.9512499999999999
2020,2020-01-01T00:00:00+00:00,2021-01-01T00:00:00+00:00,TYS,29,28,1106,1082,0.0005657023472124007,0.49389787278214,0.0022903236576531866,28,29,1082,1106,28,29,0.0927870275145978,0.10101566664159656
2020,2020-01-01T00:00:00+00:00,2021-01-01T00:00:00+00:00,UIN,1,1,2,1,0.0,0.3922443235349538,0.00041310261398747495,1,1,1,2,1,1,1.0,1.0
2020,2020-01-01T00:00:00+00:00,2021-01-01T00:00:00+00:00,USA,7,7,108,117,4.683771087239775e-05,0.3725718856094546,0.0006578172012591838,7,7,117,108,7,7,0.2221491708671196,0.19838820301783264
2020,2020-01-01T00:00:00+00:00,2021-01-01T00:00:00+00:00,VCT,1,1,9,13,0.0,0.3654645906028486,0.0004236405901522318,1,1,13,9,1,1,1.0,1.0
2020,2020-01-01T00:00:00+00:00,2021-01-01T00:00:00+00:00,VEL,2,2,50,67,0.0,0.39436915735691996,0.0005228047302376171,2,2,67,50,2,2,0.8128759189128982,0.8872
2020,2020-01-01T00:00:00+00:00,2021-01-01T00:00:00+00:00,VLD,1,1,76,88,0.0,0.38356452290878523,0.0005256186565071874,1,1,88,76,1,1,1.0,1.0
2020,2020-01-01T00:00:00+00:00,2021-01-01T00:00:00+00:00,VPS,40,40,750,732,0.004459401117467049,0.48212282415951946,0.0018034623252925876,40,40,732,750,40,40,0.13671280121831048,0.14092444444444444
2020,2020-01-01T00:00:00+00:00,2021-01-01T00:00:00+00:00,WRG,2,2,70,81,7.485590238790329e-06,0.26396137218305815,0.0010525827925885378,2,2,81,70,2,2,0.5092211553116903,0.5004081632653061
2020,2020-01-01T00:00:00+00:00,2021-01-01T00:00:00+00:00,WYS,1,1,29,24,0.0,0.3596864943087324,0.00046028127004152803,1,1,24,29,1,1,1.0,1.0
2020,2020-01-01T00:00:00+00:00,2021-01-01T00:00:00+00:00,XNA,19,19,846,810,0.0005277869679457436,0.48340336286910646,0.0018416312377441233,19,19,810,846,19,19,0.14447492760249964,0.1449485550134411
2020,2020-01-01T00:00:00+00:00,2021-01-01T00:00:00+00:00,XWA,2,2,51,53,0.0,0.40489736622962974,0.0005016101850475288,2,2,53,51,2,2,0.5300818796724813,0.5094194540561322
2020,2020-01-01T00:00:00+00:00,2021-01-01T00:00:00+00:00,YAK,2,2,80,73,3.842602989245702e-05,0.26686417319680145,0.0011873039575499159,2,2,73,80,2,2,0.507599924939013,0.5003124999999999
2020,2020-01-01T00:00:00+00:00,2021-01-01T00:00:00+00:00,YUM,2,2,132,138,0.0,0.4004430497694578,0.0006138371575200846,2,2,138,132,2,2,0.5656374711195127,0.5775941230486685
2021,2021-01-01T00:00:00+00:00,2022-01-01T00:00:00+00:00,ABE,12,12,446,470,0.0001383734518210204,0.43023255813953487,0.00110072853791392,12,12,470,446,12,12,0.1603168854685378,0.15874037282068812
2021,2021-01-01T00:00:00+00:00,2022-01-01T00:00:00+00:00,ABI,2,2,252,248,0.0,0.4017372421281216,0.0007545844199870165,2,2,248,252,2,2,0.6732895421436003,0.7169627110103302
2021,2021-01-01T00:00:00+00:00,2022-01-01T00:00:00+00:00,ABQ,23,22,1692,1719,3.592637605689615e-05,0.4868421052631579,0.0024828317049789576,22,23,1719,1692,22,23,0.08838932222794142,0.08416047706073358
2021,2021-01-01T00:00:00+00:00,2022-01-01T00:00:00+00:00,ABR,1,1,77,48,0.0,0.3714859437751004,0.0005123123663224455,1,1,48,77,1,1,1.0,1.0
2021,2021-01-01T00:00:00+00:00,2022-01-01T00:00:00+00:00,ABY,1,1,105,102,0.0,0.3854166666666667,0.0005303549635102954,1,1,102,105,1,1,1.0,1.0
2021,2021-01-01T00:00:00+00:00,2022-01-01T00:00:00+00:00,ACK,8,9,156,154,1.1678379533087543e-05,0.3882476390346275,0.0005794424318872083,9,8,154,156,9,8,0.19952774498229042,0.20553911900065747
2021,2021-01-01T00:00:00+00:00,2022-01-01T00:00:00+00:00,ACT,1,1,138,140,0.0,0.39870689655172414,0.0006011483874423284,1,1,140,138,1,1,1.0,1.0
2021,2021-01-01T00:00:00+00:00,2022-01-01T00:00:00+00:00,ACV,4,4,192,177,0.0,0.40130151843817785,0.0006271569131313567,4,4,177,192,4,4,0.3535063359826359,0.31298828125
2021,2021-01-01T00:00:00+00:00,2022-01-01T00:00:00+00:00,ACY,9,9,312,328,1.1904995931728592e-05,0.3965702036441586,0.0007603740278567866,9,9,328,312,9,9,0.16567519333729921,0.16728303747534518
2021,2021-01-01T00:00:00+00:00,2022-01-01T00:00:00+00:00,ADK,2,2,14,8,0.0,0.33666969972702454,0.0006373962801537885,2,2,8,14,2,2,0.625,0.5
2021,2021-01-01T00:00:00+00:00,2022-01-01T00:00:00+00:00,ADQ,1,1,104,108,0.0,0.33636363636363636,0.0007838848962689439,1,1,108,104,1,1,1.0,1.0
2021,2021-01-01T00:00:00+00:00,2022-01-01T00:00:00+00:00,AEX,4,3,251,240,0.0,0.41713641488162345,0.0007348852340535349,3,4,240,251,3,4,0.41406250000000006,0.39781908223678986
2021,2021-01-01T00:00:00+00:00,2022-01-01T00:00:00+00:00,AGS,4,4,378,372,0.0,0.4157303370786517,0.0008711356330805089,4,4,372,378,4,4,0.4956642386403052,0.4217827048514879
2021,2021-01-01T00:00:00+00:00,2022-01-01T00:00:00+00:00,AKN,2,2,36,52,0.0,0.33666969972702454,0.0005670164615490655,2,2,52,36,2,2,0.5894970414201184,0.7222222222222223
2021,2021-01-01T00:00:00+00:00,2022-01-01T00:00:00+00:00,ALB,18,19,854,872,0.00026311804963482534,0.46365914786967416,0.0014689096561940266,19,18,872,854,19,18,0.09389203349886374,0.09622166523153201
2021,2021-01-01T00:00:00+00:00,2022-01-01T00:00:00+00:00,ALO,1,1,58,51,0.0,0.3931987247608927,0.00048341770678387577,1,1,51,58,1,1,1.0,1.0
2021,2021-01-01T00:00:00+00:00,2022-01-01T00:00:00+00:00,ALS,1,1,56,53,0.0,0.39572192513368987,0.0004829308742536173,1,1,53,56,1,1,1.0,1.0
2021,2021-01-01T00:00:00+00:00,2022-01-01T00:00:00+00:00,ALW,1,1,79,89,0.0,0.361328125,0.0005096589863179089,1,1,89,79,1,1,1.0,1.0
2021,2021-01-01T00:00:00+00:00,2022-01-01T00:00:00+00:00,AMA,6,7,486,451,8.180311760157125e-05,0.4332552693208431,0.0010368989818187496,7,6,451,486,7,6,0.28722081012384404,0.3140781384951481
2021,2021-01-01T00:00:00+00:00,2022-01-01T00:00:00+00:00,ANC,32,32,1962,1880,0.06453433718361913,0.506155950752394,0.008064873645770935,32,32,1880,1962,32,32,0.1627772747849706,0.15649844497023466
2021,2021-01-01T00:00:00+00:00,2022-01-01T00:00:00+00:00,APN,1,1,73,62,0.0,0.3638151425762045,0.0004987968076299817,1,1,62,73,1,1,1.0,1.0
2021,2021-01-01T00:00:00+00:00,2022-01-01T00:00:00+00:00,ASE,8,10,604,554,1.9795669103513534e-07,0.45012165450121655,0.0011984039383459524,10,8,554,604,10,8,0.2030913996011938,0.2095741414850226
2021,2021-01-01T00:00:00+00:00,2022-01-01T00:00:00+00:00,ATL,158,157,31904,32066,0.07850352803793181,0.626057529610829,0.04530893175254694,157,158,32066,31904,157,158,0.010674381751829455,0.010619850084355374
2021,2021-01-01T00:00:00+00:00,2022-01-01T00:00:00+00:00,ATW,13,14,541,513,0.0004039845977086158,0.4659949622166247,0.0012414591488509414,14,13,513,541,14,13,0.14769596723018286,0.14444736761183677
2021,2021-01-01T00:00:00+00:00,2022-01-01T00:00:00+00:00,ATY,2,2,66,59,0.0,0.41950113378684806,0.0004958493758673513,2,2,59,66,2,2,0.5035909221488079,0.5114784205693297
2021,2021-01-01T00:00:00+00:00,2022-01-01T00:00:00+00:00,AUS,75,73,6238,6379,0.004196343186125679,0.541727672035139,0.007914890471072333,73,75,6379,6238,73,75,0.033439079048200586,0.03192268302302974
2021,2021-01-01T00:00:00+00:00,2022-01-01T00:00:00+00:00,AVL,25,25,845,824,0.00041715285942997413,0.48556430446194226,0.001639127669689511,25,25,824,845,25,25,0.13857338109152606,0.14119813732012182
2021,2021-01-01T00:00:00+00:00,2022-01-01T00:00:00+00:00,AVP,2,2,175,165,0.0,0.4061470911086718,0.0006265589228075768,2,2,165,175,2,2,0.5925803489439854,0.5823020408163265
2021,2021-01-01T00:00:00+00:00,2022-01-01T00:00:00+00:00,AZA,53,53,669,591,0.013137994152013131,0.4180790960451977,0.002849494945661146,53,53,591,669,53,53,0.03447940197147855,0.02974119728930805
2021,2021-01-01T00:00:00+00:00,2022-01-01T00:00:00+00:00,AZO,2,3,161,180,0.0,0.3982777179763186,0.0006164526374586452,3,2,180,161,3,2,0.5069135802469137,0.5541838663631805
2021,2021-01-01T00:00:00+00:00,2022-01-01T00:00:00+00:00,BDL,26,26,2038,2053,5.1111581495437e-05,0.4913678618857902,0.0028540179734366103,26,26,2053,2038,26,26,0.056799489609137686,0.0560152008790777
2021,2021-01-01T00:00:00+00:00,2022-01-01T00:00:00+00:00,BET,1,1,59,76,0.0,0.33636363636363636,0.0006196469130839446,1,1,76,59,1,1,1.0,1.0
2021,2021-01-01T00:00:00+00:00,2022-01-01T00:00:00+00:00,BFF,1,1,51,71,0.0,0.39572192513368987,0.00047591139159379534,1,1,71,51,1,1,1.0,1.0
2021,2021-01-01T00:00:00+00:00,2022-01-01T00:00:00+00:00,BFL,4,4,267,261,0.0,0.42577675489067895,0.000742783289044623,4,4,261,267,4,4,0.2947842809119068,0.3054468431314789
2021,2021-01-01T00:00:00+00:00,2022-01-01T00:00:00+00:00,BGM,1,1,32,36,0.0,0.3638151425762045,0.00044573037330366443,1,1,36,32,1,1,1.0,1.0
2021,2021-01-01T00:00:00+00:00,2022-01-01T00:00:00+00:00,BGR,15,14,390,360,0.0001744401343097874,0.4528763769889841,0.0009444522275028682,14,15,360,390,14,15,0.12430555555555556,0.12281393819855359
2021,2021-01-01T00:00:00+00:00,2022-01-01T00:00:00+00:00,BHM,18,18,1464,1418,1.5416641823884858e-05,0.47619047619047616,0.002212164860274474,18,18,1418,1464,18,18,0.1040381474533551,0.10918883812595181
2021,2021-01-01T00:00:00+00:00,2022-01-01T00:00:00+00:00,BIH,2,3,4,8,0.0,0.39742212674543503,0.00040916988117258734,3,2,8,4,3,2,0.34375,0.625
2021,2021-01-01T00:00:00+00:00,2022-01-01T00:00:00+00:00,BIL,11,12,569,566,0.00013109624055916244,0.4671717171717172,0.0012196502246425275,12,11,566,569,12,11,0.16791943962341896,0.1710057727768323
2021,2021-01-01T00:00:00+00:00,2022-01-01T00:00:00+00:00,BIS,7,7,398,430,0.0001647561744138139,0.45066991473812423,0.001015403462067254,7,7,430,398,7,7,0.2950892374256355,0.29486629125527136
2021,2021-01-01T00:00:00+00:00,2022-01-01T00:00:00+00:00,BJI,1,1,77,71,0.0,0.3714859437751004,0.0005123123663224455,1,1,71,77,1,1,1.0,1.0
2021,2021-01-01T00:00:00+00:00,2022-01-01T00:00:00+00:00,BKG,1,1,10,3,0.0,0.39572192513368987,0.0004183516337832557,1,1,3,10,1,1,1.0,1.0
2021,2021-01-01T00:00:00+00:00,2022-01-01T00:00:00+00:00,BLI,7,7,271,246,3.0488640729446418e-05,0.3894736842105263,0.0007738036642965576,7,7,246,271,7,7,0.3900456077731509,0.3727754251712258
2021,2021-01-01T00:00:00+00:00,2022-01-01T00:00:00+00:00,BLV,12,12,131,132,0.00017656661884800714,0.4034896401308615,0.0006840382830254968,12,12,132,131,12,12,0.1658631772268136,0.16671522638540878
2021,2021-01-01T00:00:00+00:00,2022-01-01T00:00:00+00:00,BMI,10,10,260,287,0.00018663737959973608,0.46835443037974683,0.0007911799655571671,10,10,287,260,10,10,0.21480168509997694,0.1976923076923077
2021,2021-01-01T00:00:00+00:00,2022-01-01T00:00:00+00:00,BNA,84,86,7591,7589,0.011629951922557448,0.5465288035450517,0.009647307526090925,86,84,7589,7591,86,84,0.026823036115844863,0.026851421389906625
2021,2021-01-01T00:00:00+00:00,2022-01-01T00:00:00+00:00,BOI,28,27,2508,2483,0.00209903780434822,0.4920212765957447,0.0036397670706834464,27,28,2483,2508,27,28,0.08928778521169081,0.0904998740871317
2021,2021-01-01T00:00:00+00:00,2022-01-01T00:00:00+00:00,BOS,73,72,9261,9105,0.003637635071946713,0.5385735080058224,0.011476591013298091,72,73,9105,9261,72,73,0.0284927357653298,0.02874038106491956
2021,2021-01-01T00:00:00+00:00,2022-01-01T00:00:00+00:00,BPT,1,1,99,100,0.0,0.39870689655172414,0.0005455209016439954,1,1,100,99,1,1,1.0,1.0
2021,2021-01-01T00:00:00+00:00,2022-01-01T00:00:00+00:00,BQK,1,1,79,112,0.0,0.3854166666666667,0.0004991444904511167,1,1,112,79,1,1,1.0,1.0
2021,2021-01-01T00:00:00+00:00,2022-01-01T00:00:00+00:00,BQN,4,4,175,156,4.802883651344267e-07,0.37793667007150156,0.00059727927919426,4,4,156,175,4,4,0.29594017094017094,0.2984816326530612
2021,2021-01-01T00:00:00+00:00,2022-01-01T00:00:00+00:00,BRD,1,1,58,80,0.0,0.3714859437751004,0.0004856630902274086,1,1,80,58,1,1,1.0,1.0
2021,2021-01-01T00:00:00+00:00,2022-01-01T00:00:00+00:00,BRO,2,2,144,152,0.0,0.4017372421281216,0.000603310610449458,2,2,152,144,2,2,0.7164127423822715,0.6701388888888888
2021,2021-01-01T00:00:00+00:00,2022-01-01T00:00:00+00:00,BRW,1,1,25,35,0.0,0.33636363636363636,0.0004955559924552783,1,1,35,25,1,1,1.0,1.0
2021,2021-01-01T00:00:00+00:00,2022-01-01T00:00:00+00:00,BTM,1,1,58,87,0.0,0.3595724003887269,0.0004821143211503214,1,1,87,58,1,1,1.0,1.0
2021,2021-01-01T00:00:00+00:00,2022-01-01T00:00:00+00:00,BTR,5,4,465,469,0.0,0.4238258877434135,0.0010056744253734095,4,5,469,465,4,5,0.33286355308441046,0.3246756850502948
2021,2021-01-01T00:00:00+00:00,2022-01-01T00:00:00+00:00,BTV,13,14,520,491,2.5114665183832717e-06,0.4659949622166247,0.0010363472927839173,14,13,491,520,14,13,0.1200716771541515,0.120051775147929
2021,2021-01-01T00:00:00+00:00,2022-01-01T00:00:00+00:00,BUF,25,26,1402,1485,3.282734451648915e-05,0.4849279161205767,0.0020525232007306696,26,25,1485,1402,26,25,0.06886780260517635,0.06973022032922196
2021,2021-01-01T00:00:00+00:00,2022-01-01T00:00:00+00:00,BUR,19,19,1965,1987,0.00011731456131944428,0.45510455104551045,0.002777998971701799,19,19,1987,1965,19,19,0.08872391227427194,0.08998879889154349
2021,2021-01-01T00:00:00+00:00,2022-01-01T00:00:00+00:00,BWI,71,70,7675,7756,0.002870880921989185,0.5346820809248555,0.009721729383075079,70,71,7756,7675,70,71,0.025549369221811936,0.025069235747859395
2021,2021-01-01T00:00:00+00:00,2022-01-01T00:00:00+00:00,BZN,28,28,1213,1176,0.00031341686673813765,0.5020352781546812,0.002010471221466998,28,28,1176,1213,28,28,0.09712532972372623,0.09973908652418258
2021,2021-01-01T00:00:00+00:00,2022-01-01T00:00:00+00:00,CAE,6,6,579,542,0.0,0.417607223476298,0.0011185546466297971,6,6,542,579,6,6,0.3185550305687559,0.36455863095504437
2021,2021-01-01T00:00:00+00:00,2022-01-01T00:00:00+00:00,CAK,6,7,211,239,1.6372714362021594e-06,0.3850156087408949,0.0006597902108984195,7,6,239,211,7,6,0.48610843647695245,0.5576020305024596
2021,2021-01-01T00:00:00+00:00,2022-01-01T00:00:00+00:00,CDB,2,2,7,16,0.0,0.33666969972702454,0.000558023753449619,2,2,16,7,2,2,0.5078125,0.5918367346938775
2021,2021-01-01T00:00:00+00:00,2022-01-01T00:00:00+00:00,CDC,1,1,70,69,0.0,0.3595724003887269,0.0004982112148096406,1,1,69,70,1,1,1.0,1.0
2021,2021-01-01T00:00:00+00:00,2022-01-01T00:00:00+00:00,CDV,2,2,73,75,0.0012110394913609586,0.33697632058287796,0.0009913716133877009,2,2,75,73,2,2,0.5008,0.5000938262338149
2021,2021-01-01T00:00:00+00:00,2022-01-01T00:00:00+00:00,CGI,2,1,54,56,0.0,0.39445628997867804,0.00047790134763054325,1,2,56,54,1,2,1.0,0.9636488340192044
2021,2021-01-01T00:00:00+00:00,2022-01-01T00:00:00+00:00,CHA,9,9,544,528,0.00014818726435852125,0.4484848484848485,0.0011288626347943948,9,9,528,544,9,9,0.30844668273645554,0.3099183607266436
2021,2021-01-01T00:00:00+00:00,2022-01-01T00:00:00+00:00,CHO,3,3,201,191,0.0,0.39112050739957716,0.0006443590843629013,3,3,191,201,3,3,0.4188755790685562,0.42793495210514587
2021,2021-01-01T00:00:00+00:00,2022-01-01T00:00:00+00:00,CHS,34,33,2343,2391,0.0011793737929521547,0.49865229110512127,0.0032532799981290295,33,34,2391,2343,33,34,0.06745933665577436,0.06109079105057536
2021,2021-01-01T00:00:00+00:00,2022-01-01T00:00:00+00:00,CID,17,16,840,795,0.0005386955366979452,0.4849279161205767,0.0016209611183685053,16,17,795,840,16,17,0.11444325778252441,0.1172108843537415
2021,2021-01-01T00:00:00+00:00,2022-01-01T00:00:00+00:00,CIU,2,2,75,86,0.0,0.3826266804550155,0.0005045258300530858,2,2,86,75,2,2,0.5270416441319632,0.5256888888888889
2021,2021-01-01T00:00:00+00:00,2022-01-01T00:00:00+00:00,CKB,5,5,92,100,2.986915240283594e-05,0.40748898678414097,0.0005495038316427359,5,5,100,92,5,5,0.3158,0.3140359168241966
2021,2021-01-01T00:00:00+00:00,2022-01-01T00:00:00+00:00,CLE,40,41,3462,3354,0.0007542492363520166,0.505464480874317,0.004588750584086433,41,40,3354,3462,41,40,0.0455839270583207,0.04489812809604717
2021,2021-01-01T00:00:00+00:00,2022-01-01T00:00:00+00:00,CLL,2,2,151,140,0.0,0.4017372421281216,0.0006192644925930343,2,2,140,151,2,2,0.9858163265306124,0.9738607955791414
2021,2021-01-01T00:00:00+00:00,2022-01-01T00:00:00+00:00,CLT,141,140,20724,20777,0.05501888492936013,0.5977382875605816,0.030089763508218573,140,141,20777,20724,140,141,0.010594545711960342,0.010712310853566814
2021,2021-01-01T00:00:00+00:00,2022-01-01T00:00:00+00:00,CMH,34,35,3172,3104,0.00015408068905667317,0.504774897680764,0.00422190274637137,35,34,3104,3172,35,34,0.045783334108300565,0.047377232054117924
2021,2021-01-01T00:00:00+00:00,2022-01-01T00:00:00+00:00,CMI,2,2,154,147,0.0,0.42093287827076226,0.0006187227913099496,2,2,147,154,2,2,0.5027997593595261,0.5041322314049586
2021,2021-01-01T00:00:00+00:00,2022-01-01T00:00:00+00:00,CMX,1,1,72,79,0.0,0.3931987247608927,0.0005025120263784222,1,1,79,72,1,1,1.0,1.0
2021,2021-01-01T00:00:00+00:00,2022-01-01T00:00:00+00:00,CNY,2,2,68,76,0.0,0.3982777179763186,0.0004986528355508098,2,2,76,68,2,2,0.5498614958448754,0.6107266435986161
2021,2021-01-01T00:00:00+00:00,2022-01-01T00:00:00+00:00,COD,2,3,60,82,0.0,0.3982777179763186,0.0004879840618382848,3,2,82,60,3,2,0.6969066032123735,0.7449999999999999
2021,2021-01-01T00:00:00+00:00,2022-01-01T00:00:00+00:00,COS,13,11,1190,1186,9.659491080042664e-06,0.4642409033877039,0.001957819846610192,11,13,1186,1190,11,13,0.1431256736120393,0.15654826636536967
2021,2021-01-01T00:00:00+00:00,2022-01-01T00:00:00+00:00,COU,2,2,129,126,0.0,0.42093287827076226,0.0005856252451325628,2,2,126,129,2,2,0.545477450239355,0.5555555555555556
2021,2021-01-01T00:00:00+00:00,2022-01-01T00:00:00+00:00,CPR,2,2,190,183,0.0,0.3982777179763186,0.0006672411971885564,2,2,183,190,2,2,0.5419391441966019,0.5640443213296399
2021,2021-01-01T00:00:00+00:00,2022-01-01T00:00:00+00:00,CRP,3,3,375,372,9.085070060679817e-07,0.40525739320920046,0.000898660867108695,3,3,372,375,3,3,0.45629552549427677,0.45042488888888893
2021,2021-01-01T00:00:00+00:00,2022-01-01T00:00:00+00:00,CRW,6,6,275,295,0.0,0.3982777179763186,0.0007345109899691986,6,6,295,275,6,6,0.3531513932777937,0.32699504132231405
2021,2021-01-01T00:00:00+00:00,2022-01-01T00:00:00+00:00,CSG,3,3,165,145,0.0,0.4147982062780269,0.0006072658803072152,3,3,145,165,3,3,0.5597621878715814,0.5246280991735537
2021,2021-01-01T00:00:00+00:00,2022-01-01T00:00:00+00:00,CVG,44,44,3364,3387,0.0016088815610552341,0.5174825174825175,0.0048089455008595815,44,44,3387,3364,44,44,0.039385991820441994,0.0393475153439722
2021,2021-01-01T00:00:00+00:00,2022-01-01T00:00:00+00:00,CWA,3,3,224,219,0.0,0.4057017543859649,0.0007076540466509163,3,3,219,224,3,3,0.3351264569129083,0.3335060586734694
2021,2021-01-01T00:00:00+00:00,2022-01-01T00:00:00+00:00,CYS,1,1,23,19,0.0,0.39572192513368987,0.0004366022886987927,1,1,19,23,1,1,1.0,1.0
2021,2021-01-01T00:00:00+00:00,2022-01-01T00:00:00+00:00,DAB,4,4,334,358,0.0,0.4157303370786517,0.0008127645914870672,4,4,358,334,4,4,0.36551605755126243,0.40300835454838824
2021,2021-01-01T00:00:00+00:00,2022-01-01T00:00:00+00:00,DAL,71,71,5912,5991,0.0030298313367865025,0.5211267605633803,0.0076228397676177005,71,71,5991,5912,71,71,0.026989881138404875,0.026661216104123444
2021,2021-01-01T00:00:00+00:00,2022-01-01T00:00:00+00:00,DAY,14,14,740,741,0.00023188567615703494,0.45962732919254656,0.0013844980158989662,14,14,741,740,14,14,0.15661623694864693,0.15385682980277576
2021,2021-01-01T00:00:00+00:00,2022-01-01T00:00:00+00:00,DBQ,1,1,60,47,0.0,0.3931987247608927,0.0004861454667259538,1,1,47,60,1,1,1.0,1.0
2021,2021-01-01T00:00:00+00:00,2022-01-01T00:00:00+00:00,DCA,96,95,8363,8236,0.01245812785448364,0.5547226386806596,0.01100054358004116,95,96,8236,8363,95,96,0.02275139928684667,0.022665716839871175
2021,2021-01-01T00:00:00+00:00,2022-01-01T00:00:00+00:00,DDC,1,1,69,77,0.0,0.39572192513368987,0.0005011815291691543,1,1,77,69,1,1,1.0,1.0
2021,2021-01-01T00:00:00+00:00,2022-01-01T00:00:00+00:00,DEC,1,1,57,66,0.0,0.3931987247608927,0.0004820538268128367,1,1,66,57,1,1,1.0,1.0
2021,2021-01-01T00:00:00+00:00,2022-01-01T00:00:00+00:00,DEN,183,182,26550,26824,0.18555843227113916,0.6537102473498233,0.04431128224135542,182,183,26824,26550,182,183,0.011415168956778627,0.011350193821131291
2021,2021-01-01T00:00:00+00:00,2022-01-01T00:00:00+00:00,DFW,190,190,28625,28380,0.16610327597976643,0.6618962432915921,0.04764778112654025,190,190,28380,28625,190,190,0.008672672444490135,0.008596750786598273
2021,2021-01-01T00:00:00+00:00,2022-01-01T00:00:00+00:00,DHN,1,1,115,103,0.0,0.3854166666666667,0.0005423589916099796,1,1,103,115,1,1,1.0,1.0
2021,2021-01-01T00:00:00+00:00,2022-01-01T00:00:00+00:00,DIK,1,1,9,11,0.0,0.39572192513368987,0.00041694773725129135,1,1,11,9,1,1,1.0,1.0
2021,2021-01-01T00:00:00+00:00,2022-01-01T00:00:00+00:00,DLG,2,2,49,64,0.0,0.33666969972702454,0.0006674818933711541,2,2,64,49,2,2,0.830078125,0.5751770095793419
2021,2021-01-01T00:00:00+00:00,2022-01-01T00:00:00+00:00,DLH,2,2,185,213,0.0,0.40261153427638735,0.0006628246243293716,2,2,213,185,2,2,0.7191033525094228,0.7662527392257124
2021,2021-01-01T00:00:00+00:00,2022-01-01T00:00:00+00:00,DRO,6,6,419,426,0.0,0.43376318874560377,0.0009672000352121279,6,6,426,419,6,6,0.32470409310322024,0.3072949003480272
2021,2021-01-01T00:00:00+00:00,2022-01-01T00:00:00+00:00,DRT,1,1,66,69,0.0,0.39870689655172414,0.0004984514905838676,1,1,69,66,1,1,1.0,1.0
2021,2021-01-01T00:00:00+00:00,2022-01-01T00:00:00+00:00,DSM,28,30,1384,1475,0.0008459285482962204,0.49731182795698925,0.0022779784156143224,30,28,1475,1384,30,28,0.08636828497558173,0.08941160747101473
2021,2021-01-01T00:00:00+00:00,2022-01-01T00:00:00+00:00,DTW,104,105,13005,13289,0.04901258916749645,0.5709876543209876,0.02024180798565806,105,104,13289,13005,105,104,0.015462521696439895,0.015493517487507023
2021,2021-01-01T00:00:00+00:00,2022-01-01T00:00:00+00:00,DVL,1,2,59,52,0.0,0.283960092095165,0.0009349174648733799,2,1,52,59,2,1,0.5266272189349113,1.0
2021,2021-01-01T00:00:00+00:00,2022-01-01T00:00:00+00:00,EAR,2,2,102,100,0.0,0.41950113378684806,0.0005457093694823381,2,2,100,102,2,2,0.5338,0.5069204152249135
2021,2021-01-01T00:00:00+00:00,2022-01-01T00:00:00+00:00,EAT,1,1,72,78,0.0,0.361328125,0.0005003245024574015,1,1,78,72,1,1,1.0,1.0
2021,2021-01-01T00:00:00+00:00,2022-01-01T00:00:00+00:00,EAU,1,1,92,87,0.0,0.3931987247608927,0.0005297896257992027,1,1,87,92,1,1,1.0,1.0
2021,2021-01-01T00:00:00+00:00,2022-01-01T00:00:00+00:00,ECP,18,18,925,947,1.5011147882202471e-05,0.4665825977301387,0.0015131845398325273,18,18,947,925,18,18,0.12545480698788705,0.12587173119065012
2021,2021-01-01T00:00:00+00:00,2022-01-01T00:00:00+00:00,EGE,13,13,340,295,3.38577398808771e-06,0.46192259675405745,0.0008551555618639325,13,13,295,340,13,13,0.18430336110313128,0.20427335640138408
2021,2021-01-01T00:00:00+00:00,2022-01-01T00:00:00+00:00,EKO,1,1,68,63,0.0,0.3595724003887269,0.000495528399199754,1,1,63,68,1,1,1.0,1.0
2021,2021-01-01T00:00:00+00:00,2022-01-01T00:00:00+00:00,ELM,4,4,138,98,2.197375217037584e-05,0.38065843621399176,0.0006539494753873866,4,4,98,138,4,4,0.5828821324448147,0.5218441503885738
2021,2021-01-01T00:00:00+00:00,2022-01-01T00:00:00+00:00,ELP,17,16,1369,1333,0.00021103279675673765,0.4849279161205767,0.002113579895813185,16,17,1333,1369,16,17,0.11001306215526124,0.11580701978111807
2021,2021-01-01T00:00:00+00:00,2022-01-01T00:00:00+00:00,ERI,1,1,52,61,0.0,0.37449392712550605,0.00046828725207496665,1,1,61,52,1,1,1.0,1.0
2021,2021-01-01T00:00:00+00:00,2022-01-01T00:00:00+00:00,ESC,2,2,72,70,0.0,0.3826266804550155,0.0005011843712365033,2,2,70,72,2,2,0.503673469387755,0.5015432098765432
2021,2021-01-01T00:00:00+00:00,2022-01-01T00:00:00+00:00,EUG,13,13,886,888,0.00012364384591487924,0.44417767106842737,0.0015828418908563993,13,13,888,886,13,13,0.1836346481616752,0.18952708039276633
2021,2021-01-01T00:00:00+00:00,2022-01-01T00:00:00+00:00,EVV,5,6,213,237,6.396255760803941e-05,0.44047619047619047,0.000701246590514253,6,5,237,213,6,5,0.3060228951912977,0.33641914082302893
2021,2021-01-01T00:00:00+00:00,2022-01-01T00:00:00+00:00,EWN,1,1,144,162,0.0,0.37449392712550605,0.000581473053848902,1,1,162,144,1,1,1.0,1.0
2021,2021-01-01T00:00:00+00:00,2022-01-01T00:00:00+00:00,EWR,82,81,9258,9280,0.007856739126820673,0.5530642750373692,0.011609840026717822,81,82,9280,9258,81,82,0.03040743906064209,0.029890131162828425
2021,2021-01-01T00:00:00+00:00,2022-01-01T00:00:00+00:00,EYW,21,22,1063,1010,0.00021337558985294087,0.45792079207920794,0.0016798367434149083,22,21,1010,1063,22,21,0.09706695422017449,0.1017505789981849
2021,2021-01-01T00:00:00+00:00,2022-01-01T00:00:00+00:00,FAI,7,7,474,471,0.0013163989397934352,0.45232273838630804,0.001633908555411047,7,7,471,474,7,7,0.4169157189158001,0.39717637842938275
2021,2021-01-01T00:00:00+00:00,2022-01-01T00:00:00+00:00,FAR,12,12,640,688,0.00034397486937249927,0.4719387755102041,0.0013882295112717109,12,12,688,640,12,12,0.2125388723634397,0.2058984375
2021,2021-01-01T00:00:00+00:00,2022-01-01T00:00:00+00:00,FAT,11,11,1271,1259,0.0,0.4601990049751244,0.001994484719028891,11,11,1259,1271,11,11,0.10598890529884593,0.10869044428115915
2021,2021-01-01T00:00:00+00:00,2022-01-01T00:00:00+00:00,FAY,3,3,318,316,0.0,0.4147982062780269,0.000797293255443909,3,3,316,318,3,3,0.4406545425412594,0.45112930659388467
2021,2021-01-01T00:00:00+00:00,2022-01-01T00:00:00+00:00,FCA,16,18,553,639,0.00021922527988644315,0.48239895697522817,0.001156290090610101,18,16,639,553,18,16,0.15420465761006658,0.14728474309127593
2021,2021-01-01T00:00:00+00:00,2022-01-01T00:00:00+00:00,FLG,3,3,241,250,0.0,0.42479908151549944,0.0007061856539617579,3,3,250,241,3,3,0.512608,0.47900346068421684
2021,2021-01-01T00:00:00+00:00,2022-01-01T00:00:00+00:00,FLL,82,81,8817,8922,0.014610297260550707,0.5433186490455213,0.011388149288126143,81,82,8922,8817,81,82,0.03122518752147243,0.03075905219804056
2021,2021-01-01T00:00:00+00:00,2022-01-01T00:00:00+00:00,FNT,10,10,298,273,0.0001915257977073008,0.4363207547169811,0.0009170299043390456,10,10,273,298,10,10,0.25153966912208675,0.24431331921985494
2021,2021-01-01T00:00:00+00:00,2022-01-01T00:00:00+00:00,FOD,2,2,50,54,0.0,0.41950113378684806,0.00047286681606389166,2,2,54,50,2,2,0.8950617283950617,0.7047999999999999
2021,2021-01-01T00:00:00+00:00,2022-01-01T00:00:00+00:00,FSD,16,17,765,756,0.0005415275266113851,0.48239895697522817,0.0015253914252930276,17,16,756,765,17,16,0.14041110271269,0.14202913409372464
2021,2021-01-01T00:00:00+00:00,2022-01-01T00:00:00+00:00,FSM,1,1,124,151,0.0,0.39870689655172414,0.0005811795463865166,1,1,151,124,1,1,1.0,1.0
2021,2021-01-01T00:00:00+00:00,2022-01-01T00:00:00+00:00,FWA,13,13,578,589,0.000373927820259701,0.4613466334164589,0.0012878578382011562,13,13,589,578,13,13,0.1589958520815978,0.1541468612684235
2021,2021-01-01T00:00:00+00:00,2022-01-01T00:00:00+00:00,GCC,1,1,77,84,0.0,0.39572192513368987,0.0005124127014248693,1,1,84,77,1,1,1.0,1.0
2021,2021-01-01T00:00:00+00:00,2022-01-01T00:00:00+00:00,GCK,1,1,80,75,0.0,0.39870689655172414,0.0005184203316396794,1,1,75,80,1,1,1.0,1.0
2021,2021-01-01T00:00:00+00:00,2022-01-01T00:00:00+00:00,GEG,20,21,2116,2056,0.00022442848067081653,0.4780361757105943,0.003098709180440658,21,20,2056,2116,21,20,0.14628154854729067,0.14927628546210167
2021,2021-01-01T00:00:00+00:00,2022-01-01T00:00:00+00:00,GFK,5,4,123,126,3.463404846114372e-05,0.4061470911086718,0.000588788619475126,4,5,126,123,4,5,0.6855631141345427,0.7385154339348271
2021,2021-01-01T00:00:00+00:00,2022-01-01T00:00:00+00:00,GGG,1,1,88,95,0.0,0.39870689655172414,0.0005298310979572861,1,1,95,88,1,1,1.0,1.0
2021,2021-01-01T00:00:00+00:00,2022-01-01T00:00:00+00:00,GJT,8,7,474,486,7.89499603055509e-05,0.43580683156654887,0.0010585309079483936,7,8,486,474,7,8,0.2251858625886975,0.240372803503712
2021,2021-01-01T00:00:00+00:00,2022-01-01T00:00:00+00:00,GNV,4,4,368,381,0.0,0.4157303370786517,0.000864118395410202,4,4,381,368,4,4,0.329241325149317,0.3465855387523629
2021,2021-01-01T00:00:00+00:00,2022-01-01T00:00:00+00:00,GPT,4,4,329,298,4.255115846583705e-05,0.4243119266055046,0.0008330135385644081,4,4,298,329,4,4,0.3300076573127336,0.3322123779344241
2021,2021-01-01T00:00:00+00:00,2022-01-01T00:00:00+00:00,GRB,6,6,406,423,0.0,0.44957472660996356,0.0009464214316077197,6,6,423,406,6,6,0.24970239592240498,0.2592637530636512
2021,2021-01-01T00:00:00+00:00,2022-01-01T00:00:00+00:00,GRI,3,3,102,90,2.8744647258937668e-05,0.41019955654101997,0.000588772344155783,3,3,90,102,3,3,0.5350617283950616,0.5530565167243368
2021,2021-01-01T00:00:00+00:00,2022-01-01T00:00:00+00:00,GRK,2,2,304,275,0.0,0.4017372421281216,0.0008264092554167327,2,2,275,304,2,2,0.6507504132231405,0.7078427977839334
2021,2021-01-01T00:00:00+00:00,2022-01-01T00:00:00+00:00,GRR,35,35,1560,1611,0.000924644190825183,0.5,0.002588269670166698,35,35,1611,1560,35,35,0.07055736072724723,0.0721112754766601
2021,2021-01-01T00:00:00+00:00,2022-01-01T00:00:00+00:00,GSO,15,15,794,818,0.00016420548190083383,0.4534313725490196,0.0013989745246723825,15,15,818,794,15,15,0.18303035012942295,0.16659581622876865
2021,2021-01-01T00:00:00+00:00,2022-01-01T00:00:00+00:00,GSP,18,18,1169,1156,0.00025919200409908717,0.4798962386511025,0.0018707157757427862,18,18,1156,1169,18,18,0.14654697620957602,0.152213476017536
2021,2021-01-01T00:00:00+00:00,2022-01-01T00:00:00+00:00,GST,1,1,6,5,0.0,0.2696793002915452,0.0004420007537574099,1,1,5,6,1,1,1.0,1.0
2021,2021-01-01T00:00:00+00:00,2022-01-01T00:00:00+00:00,GTF,6,6,287,322,6.217534358886136e-05,0.4238258877434135,0.0008192646385840292,6,6,322,287,6,6,0.24595887504340108,0.2681955590088504
2021,2021-01-01T00:00:00+00:00,2022-01-01T00:00:00+00:00,GTR,1,1,99,137,0.0,0.3854166666666667,0.000523152546650485,1,1,137,99,1,1,1.0,1.0
2021,2021-01-01T00:00:00+00:00,2022-01-01T00:00:00+00:00,GUC,3,3,53,73,0.0,0.42577675489067895,0.0004773167620663402,3,3,73,53,3,3,0.3818727716269469,0.41901032395870413
2021,2021-01-01T00:00:00+00:00,2022-01-01T00:00:00+00:00,GUM,3,2,82,53,0.005398081007837106,0.357487922705314,0.0011675279867813925,2,3,53,82,2,3,0.5087219651121395,0.48869720404521116
2021,2021-01-01T00:00:00+00:00,2022-01-01T00:00:00+00:00,HDN,16,16,241,276,9.896407295118757e-06,0.47865459249676584,0.0007307243810650537,16,16,276,241,16,16,0.5042533081285444,0.4748713004252682
2021,2021-01-01T00:00:00+00:00,2022-01-01T00:00:00+00:00,HGR,3,3,17,13,5.597431668039865e-06,0.3533906399235912,0.00045455890978333995,3,3,13,17,3,3,0.7278106508875739,0.6193771626297577
2021,2021-01-01T00:00:00+00:00,2022-01-01T00:00:00+00:00,HHH,10,10,368,367,1.407542853049388e-06,0.43580683156654887,0.0008512277886696139,10,10,367,368,10,10,0.23924002702522104,0.2344045368620038
2021,2021-01-01T00:00:00+00:00,2022-01-01T00:00:00+00:00,HIB,1,1,74,71,0.0,0.3714859437751004,0.000508104585886387,1,1,71,74,1,1,1.0,1.0
2021,2021-01-01T00:00:00+00:00,2022-01-01T00:00:00+00:00,HLN,3,3,140,146,0.0,0.4048140043763676,0.0005938254285969417,3,3,146,140,3,3,0.4386376430850066,0.42377551020408166
2021,2021-01-01T00:00:00+00:00,2022-01-01T00:00:00+00:00,HNL,34,33,4936,4901,0.012128248960829662,0.509641873278237,0.007580375053970431,33,34,4901,4936,33,34,0.08926764214241407,0.09255685086776871
2021,2021-01-01T00:00:00+00:00,2022-01-01T00:00:00+00:00,HOB,2,2,45,31,0.0,0.40525739320920046,0.0004602396720032993,2,2,31,45,2,2,0.8251821019771071,0.7372839506172839
2021,2021-01-01T00:00:00+00:00,2022-01-01T00:00:00+00:00,HOU,75,74,4928,5050,0.0054675428427052725,0.5174825174825175,0.006543552017592422,74,75,5050,4928,74,75,0.03120219586315067,0.030697317343776353
2021,2021-01-01T00:00:00+00:00,2022-01-01T00:00:00+00:00,HPN,11,11,611,645,7.387911523952829e-05,0.4223744292237443,0.001139583209035581,11,11,645,611,11,11,0.12023075536325942,0.11843159104363268
2021,2021-01-01T00:00:00+00:00,2022-01-01T00:00:00+00:00,HRL,8,9,276,296,6.648900502349355e-06,0.45454545454545453,0.0007522887257486762,9,8,296,276,9,8,0.2885546018991965,0.33170552404956943
2021,2021-01-01T00:00:00+00:00,2022-01-01T00:00:00+00:00,HSV,9,10,671,677,0.0,0.46307884856070086,0.0012598069271973636,10,9,677,671,10,9,0.20557503452759918,0.2246552401935852
2021,2021-01-01T00:00:00+00:00,2022-01-01T00:00:00+00:00,HTS,5,5,55,55,1.6365301015827976e-05,0.3592233009708738,0.000548245118786232,5,5,55,55,5,5,0.2766942148760331,0.29190082644628096
2021,2021-01-01T00:00:00+00:00,2022-01-01T00:00:00+00:00,HVN,1,1,20,15,0.0,0.35372848948374763,0.0004265855036221163,1,1,15,20,1,1,1.0,1.0
2021,2021-01-01T00:00:00+00:00,2022-01-01T00:00:00+00:00,HYA,1,1,11,12,0.0,0.35372848948374763,0.00041675240885434724,1,1,12,11,1,1,1.0,1.0
2021,2021-01-01T00:00:00+00:00,2022-01-01T00:00:00+00:00,HYS,1,1,68,81,0.0,0.39572192513368987,0.0004997776326371899,1,1,81,68,1,1,1.0,1.0
2021,2021-01-01T00:00:00+00:00,2022-01-01T00:00:00+00:00,IAD,70,71,5187,5100,0.012524474551502615,0.5362318840579711,0.007819189713924757,71,70,5100,5187,71,70,0.02348312187620146,0.024268193730310562
2021,2021-01-01T00:00:00+00:00,2022-01-01T00:00:00+00:00,IAG,3,3,37,50,4.157541088210301e-06,0.3045267489711934,0.0005139696572369271,3,3,50,37,3,3,0.3512,0.3484295105916728
2021,2021-01-01T00:00:00+00:00,2022-01-01T00:00:00+00:00,IAH,116,117,13251,13075,0.04720560656517044,0.583596214511041,0.018665047854598407,117,116,13075,13251,117,116,0.017985679032204993,0.018187010472256175
2021,2021-01-01T00:00:00+00:00,2022-01-01T00:00:00+00:00,ICT,15,15,893,907,0.0005262405002680495,0.48429319371727747,0.0016260968477216085,15,15,907,893,15,15,0.14422311338128413,0.1441835151840431
2021,2021-01-01T00:00:00+00:00,2022-01-01T00:00:00+00:00,IDA,11,11,408,399,0.00010873115291080399,0.4431137724550898,0.0010089146873698707,11,11,399,408,11,11,0.2619393094264483,0.26825019223375624
2021,2021-01-01T00:00:00+00:00,2022-01-01T00:00:00+00:00,ILG,1,1,11,13,0.0,0.35818005808325265,0.00041662546211678343,1,1,13,11,1,1,1.0,1.0
2021,2021-01-01T00:00:00+00:00,2022-01-01T00:00:00+00:00,ILM,8,8,586,620,4.651583133093755e-07,0.43376318874560377,0.0011223271745437902,8,8,620,586,8,8,0.30258064516129035,0.26585050495637685
2021,2021-01-01T00:00:00+00:00,2022-01-01T00:00:00+00:00,IMT,2,2,82,72,0.0,0.3826266804550155,0.0005147771452136268,2,2,72,82,2,2,0.5061728395061729,0.5002974419988102
2021,2021-01-01T00:00:00+00:00,2022-01-01T00:00:00+00:00,IND,44,45,3743,3737,0.0012487972444389446,0.5131761442441054,0.00507625809599462,45,44,3737,3743,45,44,0.04383928329116533,0.04554138247482218
2021,2021-01-01T00:00:00+00:00,2022-01-01T00:00:00+00:00,INL,1,1,66,59,0.0,0.3714859437751004,0.0004968838380568978,1,1,59,66,1,1,1.0,1.0
2021,2021-01-01T00:00:00+00:00,2022-01-01T00:00:00+00:00,ISP,10,10,446,440,9.040468146734211e-06,0.4008667388949079,0.0009009492073972267,10,10,440,446,10,10,0.1758987603305785,0.16270184399444992
2021,2021-01-01T00:00:00+00:00,2022-01-01T00:00:00+00:00,ITH,2,2,45,50,0.0,0.38662486938349006,0.0004620441333174388,2,2,50,45,2,2,0.6352,0.7076543209876542
2021,2021-01-01T00:00:00+00:00,2022-01-01T00:00:00+00:00,ITO,3,3,534,536,0.0,0.37037037037037035,0.0010999392094571585,3,3,536,534,3,3,0.855835096903542,0.8720980796476314
2021,2021-01-01T00:00:00+00:00,2022-01-01T00:00:00+00:00,JAC,21,22,671,662,0.0002772255295983611,0.4913678618857902,0.0012844984585036023,22,21,662,671,22,21,0.1270981462381687,0.12564604289702624
2021,2021-01-01T00:00:00+00:00,2022-01-01T00:00:00+00:00,JAN,8,9,724,691,1.137394430077357e-06,0.42479908151549944,0.001311673988641552,9,8,691,724,9,8,0.2872428431707231,0.25821861359543363
2021,2021-01-01T00:00:00+00:00,2022-01-01T00:00:00+00:00,JAX,33,32,2661,2586,0.0008078620750580814,0.48877146631439894,0.003599037646267937,32,33,2586,2661,32,33,0.067263251645334,0.0681827971248373
2021,2021-01-01T00:00:00+00:00,2022-01-01T00:00:00+00:00,JFK,74,72,8465,8459,0.014474944168918867,0.5465288035450517,0.011256105074143884,72,74,8459,8465,72,74,0.03308844322847306,0.03244456430686936
2021,2021-01-01T00:00:00+00:00,2022-01-01T00:00:00+00:00,JLN,4,4,93,86,0.0,0.44364508393285373,0.0005306467449589733,4,4,86,93,4,4,0.25473228772309353,0.25471152734420166
2021,2021-01-01T00:00:00+00:00,2022-01-01T00:00:00+00:00,JMS,2,2,111,95,0.002702702702702703,0.3961456102783726,0.001004148998503884,2,2,95,111,2,2,0.5293074792243768,0.5896436977518058
2021,2021-01-01T00:00:00+00:00,2022-01-01T00:00:00+00:00,JNU,7,7,383,389,0.015195122768459864,0.36889332003988035,0.002870133536901221,7,7,389,383,7,7,0.2018953086485022,0.1928365453442317
2021,2021-01-01T00:00:00+00:00,2022-01-01T00:00:00+00:00,JST,2,2,66,69,0.0,0.39445628997867804,0.0004925644077460746,2,2,69,66,2,2,0.5026254988447806,0.5073461891643709
2021,2021-01-01T00:00:00+00:00,2022-01-01T00:00:00+00:00,KOA,17,16,1490,1474,0.00012143795475484083,0.46954314720812185,0.0022615737680198988,16,17,1474,1490,16,17,0.2075799613011788,0.1947353722805279
2021,2021-01-01T00:00:00+00:00,2022-01-01T00:00:00+00:00,KTN,4,4,218,207,0.005303107986034816,0.3638151425762045,0.0013979692541252265,4,4,207,218,4,4,0.3928446404816915,0.36928709704570317
2021,2021-01-01T00:00:00+00:00,2022-01-01T00:00:00+00:00,LAN,3,3,248,243,0.0,0.40261153427638735,0.0007291900228189199,3,3,243,248,3,3,0.40171721790377485,0.42901274713839754
2021,2021-01-01T00:00:00+00:00,2022-01-01T00:00:00+00:00,LAR,1,1,66,63,0.0,0.39572192513368987,0.0004969698395732611,1,1,63,66,1,1,1.0,1.0
2021,2021-01-01T00:00:00+00:00,2022-01-01T00:00:00+00:00,LAS,125,124,14593,14397,0.03606828499778679,0.593900481540931,0.019265996847116395,124,125,14397,14593,124,125,0.02187025652648331,0.022631909614193892
2021,2021-01-01T00:00:00+00:00,2022-01-01T00:00:00+00:00,LAW,1,1,127,118,0.0,0.39870689655172414,0.000585458583755619,1,1,118,127,1,1,1.0,1.0
2021,2021-01-01T00:00:00+00:00,2022-01-01T00:00:00+00:00,LAX,113,113,17653,17834,0.024501665398206935,0.5799373040752351,0.02267379159105243,113,113,17834,17653,113,113,0.0254571746223433,0.025061210000273115
2021,2021-01-01T00:00:00+00:00,2022-01-01T00:00:00+00:00,LBB,8,8,543,527,3.6214682271701562e-06,0.43529411764705883,0.001097416371565515,8,8,527,543,8,8,0.27831807265355796,0.27648389514632915
2021,2021-01-01T00:00:00+00:00,2022-01-01T00:00:00+00:00,LBE,5,4,117,91,2.256250899167162e-06,0.36706349206349204,0.0005412015644288212,4,5,91,117,4,5,0.33703658978384254,0.3163854189495215
2021,2021-01-01T00:00:00+00:00,2022-01-01T00:00:00+00:00,LBF,1,1,48,64,0.0,0.39572192513368987,0.0004716997019979022,1,1,64,48,1,1,1.0,1.0
2021,2021-01-01T00:00:00+00:00,2022-01-01T00:00:00+00:00,LBL,1,1,66,57,0.0,0.39572192513368987,0.0004969698395732611,1,1,57,66,1,1,1.0,1.0
2021,2021-01-01T00:00:00+00:00,2022-01-01T00:00:00+00:00,LCH,2,2,107,111,0.0,0.4017372421281216,0.0005554393025576847,2,2,111,107,2,2,0.9139680220761301,0.8777185780417505
2021,2021-01-01T00:00:00+00:00,2022-01-01T00:00:00+00:00,LCK,11,11,117,107,6.910545327894236e-05,0.37601626016260165,0.0006413407341118355,11,11,107,117,11,11,0.11380906629399946,0.11198772737234276
2021,2021-01-01T00:00:00+00:00,2022-01-01T00:00:00+00:00,LEX,15,14,660,650,0.00022634984220301307,0.45848822800495664,0.0013372443822953735,14,15,650,660,14,15,0.1976662721893491,0.1998530762167126
2021,2021-01-01T00:00:00+00:00,2022-01-01T00:00:00+00:00,LFT,3,3,321,333,0.0,0.4147982062780269,0.000826336280391381,3,3,333,321,3,3,0.40423306189071956,0.38102308789705064
2021,2021-01-01T00:00:00+00:00,2022-01-01T00:00:00+00:00,LGA,80,76,8961,9083,0.007328019470382239,0.5278174037089871,0.011560630263391145,76,80,9083,8961,76,80,0.032213798326464094,0.032328324847666276
2021,2021-01-01T00:00:00+00:00,2022-01-01T00:00:00+00:00,LGB,16,16,1222,1214,3.057464133055984e-05,0.4431137724550898,0.001866006836416633,16,16,1214,1222,16,16,0.08980754459911683,0.08749039030753694
2021,2021-01-01T00:00:00+00:00,2022-01-01T00:00:00+00:00,LIH,13,13,1106,1144,1.3978463780411744e-06,0.41713641488162345,0.0017805622494990495,13,13,1144,1106,13,13,0.27976306909873344,0.2834661504403075
2021,2021-01-01T00:00:00+00:00,2022-01-01T00:00:00+00:00,LIT,17,18,1018,1083,0.000278290402569367,0.4780361757105943,0.0017337060626135615,18,17,1083,1018,18,17,0.1547605954186628,0.1518482636704351
2021,2021-01-01T00:00:00+00:00,2022-01-01T00:00:00+00:00,LNK,3,3,95,108,0.0,0.42675893886966554,0.0005365050409500762,3,3,108,95,3,3,0.3533950617283951,0.36
2021,2021-01-01T00:00:00+00:00,2022-01-01T00:00:00+00:00,LRD,2,2,155,144,0.0,0.4083885209713024,0.0006216409946222743,2,2,144,155,2,2,0.8828125,0.8463267429760666
2021,2021-01-01T00:00:00+00:00,2022-01-01T00:00:00+00:00,LSE,3,3,189,214,0.0,0.4057017543859649,0.0006622451417796743,3,3,214,189,3,3,0.37684513931347713,0.35567313345091117
2021,2021-01-01T00:00:00+00:00,2022-01-01T00:00:00+00:00,LWB,3,3,76,69,0.0,0.39487726787620064,0.0005116230546795728,3,3,69,76,3,3,0.5198487712665406,0.5599030470914128
2021,2021-01-01T00:00:00+00:00,2022-01-01T00:00:00+00:00,LWS,2,2,109,107,0.0,0.3982777179763186,0.0005509635402915758,2,2,107,109,2,2,0.786531574810027,0.8798080969615354
2021,2021-01-01T00:00:00+00:00,2022-01-01T00:00:00+00:00,MAF,7,7,814,760,3.6214682271701562e-06,0.43376318874560377,0.0014344714286309488,7,7,760,814,7,7,0.19656509695290858,0.20565170933721302
2021,2021-01-01T00:00:00+00:00,2022-01-01T00:00:00+00:00,MBS,2,2,147,139,0.0,0.3982777179763186,0.0005951318636309023,2,2,139,147,2,2,0.8788882563014335,0.8970799204035356
2021,2021-01-01T00:00:00+00:00,2022-01-01T00:00:00+00:00,MCI,46,46,3826,3868,0.0011686165888617746,0.5167597765363129,0.005097906628939469,46,46,3868,3826,46,46,0.042132219499962036,0.04354378889973109
2021,2021-01-01T00:00:00+00:00,2022-01-01T00:00:00+00:00,MCO,96,97,13673,13522,0.022661160850039247,0.5572289156626506,0.01780864003964631,97,96,13522,13673,97,96,0.023894579176914083,0.024282281047129754
2021,2021-01-01T00:00:00+00:00,2022-01-01T00:00:00+00:00,MCW,1,1,48,44,0.0,0.3931987247608927,0.00046977890707348546,1,1,44,48,1,1,1.0,1.0
2021,2021-01-01T00:00:00+00:00,2022-01-01T00:00:00+00:00,MDT,13,13,521,494,0.00020049398631200336,0.4517704517704518,0.001175025114677397,13,13,494,521,13,13,0.14921568948843614,0.14312134128595166
2021,2021-01-01T00:00:00+00:00,2022-01-01T00:00:00+00:00,MDW,80,80,6527,6454,0.0033767779089299912,0.5233380480905233,0.008164944134918323,80,80,6454,6527,80,80,0.02207056800821316,0.022184334349434502
2021,2021-01-01T00:00:00+00:00,2022-01-01T00:00:00+00:00,MEI,1,1,67,48,0.0,0.36889332003988035,0.00048559376750750025,1,1,48,67,1,1,1.0,1.0
2021,2021-01-01T00:00:00+00:00,2022-01-01T00:00:00+00:00,MEM,30,30,2010,2082,0.0008281757713865203,0.4993252361673414,0.0029535568701935687,30,30,2082,2010,30,30,0.07547654706504958,0.07390361624712259
2021,2021-01-01T00:00:00+00:00,2022-01-01T00:00:00+00:00,MFE,6,6,436,421,5.390330084342967e-05,0.42626728110599077,0.001000216782698537,6,6,421,436,6,6,0.4631828978622328,0.45810537833515697
2021,2021-01-01T00:00:00+00:00,2022-01-01T00:00:00+00:00,MFR,11,11,816,780,8.43435367930191e-05,0.417607223476298,0.00144054313948195,11,11,780,816,11,11,0.18410585141354371,0.1787743896578239
2021,2021-01-01T00:00:00+00:00,2022-01-01T00:00:00+00:00,MGM,4,4,324,287,0.0,0.4157303370786517,0.0008148550199694022,4,4,287,324,4,4,0.36009906639633843,0.35389041304679164
2021,2021-01-01T00:00:00+00:00,2022-01-01T00:00:00+00:00,MHK,2,2,148,150,0.0,0.42093287827076226,0.0006121011569502607,2,2,150,148,2,2,0.58,0.5402666179693206
2021,2021-01-01T00:00:00+00:00,2022-01-01T00:00:00+00:00,MHT,10,11,499,513,4.863141160250185e-06,0.417607223476298,0.00097921994006866,11,10,513,499,11,10,0.1627661312692604,0.16597122099911243
2021,2021-01-01T00:00:00+00:00,2022-01-01T00:00:00+00:00,MIA,83,82,9297,9266,0.007628946454967717,0.5441176470588235,0.011593712772283783,82,83,9266,9297,82,83,0.029554912256124465,0.0301803537069449
2021,2021-01-01T00:00:00+00:00,2022-01-01T00:00:00+00:00,MKE,30,30,2218,2376,6.682282076032802e-05,0.5034013605442177,0.0031257183516438724,30,30,2376,2218,30,30,0.05573269167545262,0.05553260843935308
2021,2021-01-01T00:00:00+00:00,2022-01-01T00:00:00+00:00,MKG,1,1,65,86,0.0,0.3931987247608927,0.000492964866581149,1,1,86,65,1,1,1.0,1.0
2021,2021-01-01T00:00:00+00:00,2022-01-01T00:00:00+00:00,MLB,7,8,264,242,8.74497634008388e-05,0.4218928164196123,0.0007243330329918531,8,7,242,264,8,7,0.46260501331876236,0.4855371900826447
2021,2021-01-01T00:00:00+00:00,2022-01-01T00:00:00+00:00,MLI,10,10,426,388,0.0003823131990396753,0.4713375796178344,0.001048198784426079,10,10,388,426,10,10,0.1909873525348071,0.17446935131918273
2021,2021-01-01T00:00:00+00:00,2022-01-01T00:00:00+00:00,MLU,3,3,249,232,0.0,0.41202672605790647,0.0007306703196084465,3,3,232,249,3,3,0.406807372175981,0.4118159384526056
2021,2021-01-01T00:00:00+00:00,2022-01-01T00:00:00+00:00,MOB,4,4,319,366,0.0,0.41713641488162345,0.0008144735640795225,4,4,366,319,4,4,0.36797157275523307,0.3796444610410668
2021,2021-01-01T00:00:00+00:00,2022-01-01T00:00:00+00:00,MOT,4,4,303,284,2.97879951262002e-05,0.4147982062780269,0.0008523774583757164,4,4,284,303,4,4,0.4696984725252927,0.48334041324924565
2021,2021-01-01T00:00:00+00:00,2022-01-01T00:00:00+00:00,MQT,3,3,144,154,0.0,0.4057017543859649,0.0005984253560653038,3,3,154,144,3,3,0.35022769438353857,0.34066358024691357
2021,2021-01-01T00:00:00+00:00,2022-01-01T00:00:00+00:00,MRY,9,9,381,360,0.0,0.4389086595492289,0.0008694084740312464,9,9,360,381,9,9,0.1608179012345679,0.16116587788731132
2021,2021-01-01T00:00:00+00:00,2022-01-01T00:00:00+00:00,MSN,16,14,964,996,2.1792601869677337e-06,0.47680412371134023,0.001666954926857419,14,16,996,964,14,16,0.12358470024677021,0.11992303851517709
2021,2021-01-01T00:00:00+00:00,2022-01-01T00:00:00+00:00,MSO,16,15,646,639,0.00016855855560672455,0.47680412371134023,0.0012924507204846493,15,16,639,646,15,16,0.1471513833479052,0.13923261988517097
2021,2021-01-01T00:00:00+00:00,2022-01-01T00:00:00+00:00,MSP,119,118,12468,12484,0.06390077301930154,0.5901116427432217,0.020604021240815097,118,119,12484,12468,118,119,0.015645068943614695,0.015584265305322144
2021,2021-01-01T00:00:00+00:00,2022-01-01T00:00:00+00:00,MSY,40,42,3872,3857,0.0010557508388073396,0.5103448275862069,0.005036933443467354,42,40,3857,3872,42,40,0.04616968740322371,0.0471848906751588
2021,2021-01-01T00:00:00+00:00,2022-01-01T00:00:00+00:00,MTJ,13,13,315,302,4.726268328782315e-06,0.4613466334164589,0.0008319377550189109,13,13,302,315,13,13,0.33836235252839786,0.38078105316200556
2021,2021-01-01T00:00:00+00:00,2022-01-01T00:00:00+00:00,MVY,5,6,100,100,1.3441324027888841e-06,0.3752535496957404,0.0005150726537045421,6,5,100,100,6,5,0.24080000000000001,0.2474
2021,2021-01-01T00:00:00+00:00,2022-01-01T00:00:00+00:00,MYR,51,50,1671,1783,0.011001398467558782,0.5020352781546812,0.002764055912888093,50,51,1783,1671,50,51,0.06311084716407751,0.06069211074545499
2021,2021-01-01T00:00:00+00:00,2022-01-01T00:00:00+00:00,OAJ,2,2,266,285,0.0,0.39029535864978904,0.0007283106060382979,2,2,285,266,2,2,0.5172914742997845,0.5162813047656736
2021,2021-01-01T00:00:00+00:00,2022-01-01T00:00:00+00:00,OAK,42,42,3552,3564,0.0015966938576050056,0.4907161803713528,0.0047755178679826675,42,42,3564,3552,42,42,0.05171603174783123,0.05378346040297054
2021,2021-01-01T00:00:00+00:00,2022-01-01T00:00:00+00:00,OGD,1,1,9,6,0.0,0.29505582137161085,0.00044118409853897457,1,1,6,9,1,1,1.0,1.0
2021,2021-01-01T00:00:00+00:00,2022-01-01T00:00:00+00:00,OGG,21,21,2754,2745,0.0010164898574879604,0.4755784061696658,0.003856619005791504,21,21,2745,2754,21,21,0.14756248320343993,0.14264588538016137
2021,2021-01-01T00:00:00+00:00,2022-01-01T00:00:00+00:00,OGS,2,2,61,64,0.0,0.39445628997867804,0.00048422402616147116,2,2,64,61,2,2,0.75830078125,0.7968288094598226
2021,2021-01-01T00:00:00+00:00,2022-01-01T00:00:00+00:00,OKC,25,24,2008,1935,0.00028621852410603947,0.4993252361673414,0.002963265069812938,24,25,1935,2008,24,25,0.08584500130200509,0.08759285566895764
2021,2021-01-01T00:00:00+00:00,2022-01-01T00:00:00+00:00,OMA,29,29,2106,2101,0.0009454016494284725,0.505464480874317,0.003136695283001906,29,29,2101,2106,29,29,0.07036222410352405,0.0750075080559411
2021,2021-01-01T00:00:00+00:00,2022-01-01T00:00:00+00:00,OME,1,2,49,48,0.0,0.33636363636363636,0.000583149583487278,2,1,48,49,2,1,0.5217013888888888,1.0
2021,2021-01-01T00:00:00+00:00,2022-01-01T00:00:00+00:00,ONT,21,21,2066,2080,4.597577345738058e-05,0.48556430446194226,0.0029650389219694,21,21,2080,2066,21,21,0.08024916789940828,0.08066290628054454
2021,2021-01-01T00:00:00+00:00,2022-01-01T00:00:00+00:00,ORD,177,176,24703,24444,0.14503946310398144,0.6468531468531469,0.03923487895418288,176,177,24444,24703,176,177,0.011855601150172203,0.011723020444299972
2021,2021-01-01T00:00:00+00:00,2022-01-01T00:00:00+00:00,ORF,29,29,1819,1838,0.0007357960932877839,0.4894179894179894,0.002648939164662239,29,29,1838,1819,29,29,0.07083324946333065,0.07354384314853808
2021,2021-01-01T00:00:00+00:00,2022-01-01T00:00:00+00:00,ORH,3,3,26,44,6.236353001994571e-07,0.37298387096774194,0.00043337759902197084,3,3,44,26,3,3,0.47210743801652894,0.5769230769230769
2021,2021-01-01T00:00:00+00:00,2022-01-01T00:00:00+00:00,OTH,2,2,41,31,0.0,0.39742212674543503,0.00045277194524756607,2,2,31,41,2,2,0.7752341311134234,0.785841760856633
2021,2021-01-01T00:00:00+00:00,2022-01-01T00:00:00+00:00,OTZ,2,1,52,58,0.0,0.33666969972702454,0.000721051604801646,1,2,58,52,1,2,1.0,0.5362426035502958
2021,2021-01-01T00:00:00+00:00,2022-01-01T00:00:00+00:00,OWB,1,1,10,11,0.0,0.2895148669796557,0.00043557984466133156,1,1,11,10,1,1,1.0,1.0
2021,2021-01-01T00:00:00+00:00,2022-01-01T00:00:00+00:00,PAE,11,11,213,215,6.333436097052874e-06,0.4097452934662237,0.0006643804883911177,11,11,215,213,11,11,0.13535965386695512,0.11551940752496198
2021,2021-01-01T00:00:00+00:00,2022-01-01T00:00:00+00:00,PAH,1,1,70,83,0.0,0.3931987247608927,0.0004997842664363441,1,1,83,70,1,1,1.0,1.0
2021,2021-01-01T00:00:00+00:00,2022-01-01T00:00:00+00:00,PBG,5,5,85,84,2.118132081206288e-05,0.37716615698267075,0.0005662201919874626,5,5,84,85,5,5,0.45493197278911574,0.38186851211072664
2021,2021-01-01T00:00:00+00:00,2022-01-01T00:00:00+00:00,PBI,33,32,2167,2251,0.0016022688174287022,0.4900662251655629,0.0030810417936211944,32,33,2251,2167,32,33,0.07379098602901402,0.07592236528589155
2021,2021-01-01T00:00:00+00:00,2022-01-01T00:00:00+00:00,PDX,60,59,5678,5706,0.005363440619988398,0.5339105339105339,0.007664300910069804,59,60,5706,5678,59,60,0.04724526694095503,0.049374925635127194
2021,2021-01-01T00:00:00+00:00,2022-01-01T00:00:00+00:00,PGD,52,54,616,589,0.007136169030057871,0.4157303370786517,0.002157133876291729,54,52,589,616,54,52,0.029456273906739574,0.029078470231067632
2021,2021-01-01T00:00:00+00:00,2022-01-01T00:00:00+00:00,PHF,2,2,71,65,0.0,0.37601626016260165,0.0004909627485253567,2,2,65,71,2,2,0.7396449704142012,0.8452687958738345
2021,2021-01-01T00:00:00+00:00,2022-01-01T00:00:00+00:00,PHL,86,87,8412,8487,0.015028645910350422,0.5465288035450517,0.011121663734993473,87,86,8487,8412,87,86,0.025739586139054305,0.02549332305885508
2021,2021-01-01T00:00:00+00:00,2022-01-01T00:00:00+00:00,PHX,107,108,16135,16182,0.02255624396842815,0.5745341614906833,0.021660256351124747,108,107,16182,16135,108,107,0.018489846394249713,0.01844089933393377
2021,2021-01-01T00:00:00+00:00,2022-01-01T00:00:00+00:00,PIA,13,12,301,336,0.0003939952610319765,0.46835443037974683,0.0009202424153863123,12,13,336,301,12,13,0.17336309523809523,0.19281244136378187
2021,2021-01-01T00:00:00+00:00,2022-01-01T00:00:00+00:00,PIB,1,1,61,67,0.0,0.36889332003988035,0.00047831486311551024,1,1,67,61,1,1,1.0,1.0
2021,2021-01-01T00:00:00+00:00,2022-01-01T00:00:00+00:00,PIE,59,58,766,768,0.006315883634692423,0.39236479321314954,0.002495740031597018,58,59,768,766,58,59,0.027421739366319444,0.025922189121201998
2021,2021-01-01T00:00:00+00:00,2022-01-01T00:00:00+00:00,PIH,1,1,98,93,0.0,0.3595724003887269,0.000535770633348052,1,1,93,98,1,1,1.0,1.0
2021,2021-01-01T00:00:00+00:00,2022-01-01T00:00:00+00:00,PIR,2,1,72,62,0.0,0.3982777179763186,0.0005058687317767411,1,2,62,72,1,2,1.0,0.9726080246913582
2021,2021-01-01T00:00:00+00:00,2022-01-01T00:00:00+00:00,PIT,47,47,3336,3341,0.0017755815175125704,0.5167597765363129,0.004518118246782371,47,47,3341,3336,47,47,0.040729757654371895,0.04155506530027776
2021,2021-01-01T00:00:00+00:00,2022-01-01T00:00:00+00:00,PLN,1,1,112,84,0.0,0.3638151425762045,0.0005492746354037958,1,1,84,112,1,1,1.0,1.0
2021,2021-01-01T00:00:00+00:00,2022-01-01T00:00:00+00:00,PNS,22,22,1333,1261,1.8971305137019044e-05,0.4725415070242657,0.0020191252463142876,22,22,1261,1333,22,22,0.11521827584190134,0.11315900993252814
2021,2021-01-01T00:00:00+00:00,2022-01-01T00:00:00+00:00,PPG,0,1,0,1,0.0,0.0,0.0004043126684636119,1,0,1,0,1,0,1.0,0.0
2021,2021-01-01T00:00:00+00:00,2022-01-01T00:00:00+00:00,PRC,2,2,85,90,0.0,0.39870689655172414,0.0005145971087493139,2,2,90,85,2,2,0.5298765432098765,0.5582006920415225
2021,2021-01-01T00:00:00+00:00,2022-01-01T00:00:00+00:00,PSC,9,9,627,608,7.510902175716772e-05,0.42577675489067895,0.0012771716213239666,9,9,608,627,9,9,0.33826934729916897,0.33853773188953246
2021,2021-01-01T00:00:00+00:00,2022-01-01T00:00:00+00:00,PSE,1,2,22,39,0.0,0.35818005808325265,0.000428938255769955,2,1,39,22,2,1,0.9026955950032873,1.0
2021,2021-01-01T00:00:00+00:00,2022-01-01T00:00:00+00:00,PSG,2,2,65,63,8.032422666569008e-05,0.27007299270072993,0.0010240954257338178,2,2,63,65,2,2,0.5152431342907533,0.5057988165680474
2021,2021-01-01T00:00:00+00:00,2022-01-01T00:00:00+00:00,PSM,4,4,26,31,4.157541088210301e-06,0.3714859437751004,0.0004825957375411023,4,4,31,26,4,4,0.4131113423517169,0.43491124260355024
2021,2021-01-01T00:00:00+00:00,2022-01-01T00:00:00+00:00,PSP,28,27,1447,1387,0.0009606253684199924,0.4920212765957447,0.0022669639625827,27,28,1387,1447,27,28,0.10591552312153901,0.109608374020744
2021,2021-01-01T00:00:00+00:00,2022-01-01T00:00:00+00:00,PUB,1,1,56,62,0.0,0.39572192513368987,0.0004829308742536173,1,1,62,56,1,1,1.0,1.0
2021,2021-01-01T00:00:00+00:00,2022-01-01T00:00:00+00:00,PUW,2,2,98,99,0.0,0.3631010794896958,0.0005339504687958614,2,2,99,98,2,2,0.8024691358024691,0.7850895460224905
2021,2021-01-01T00:00:00+00:00,2022-01-01T00:00:00+00:00,PVD,19,19,1127,1031,6.194786643748549e-05,0.44047619047619047,0.0017462711990816216,19,19,1031,1127,19,19,0.08748486539016954,0.08906103238332484
2021,2021-01-01T00:00:00+00:00,2022-01-01T00:00:00+00:00,PVU,9,10,117,104,0.0001425188386338985,0.4214123006833713,0.0007451160377726733,10,9,104,117,10,9,0.35854289940828393,0.3754109138724524
2021,2021-01-01T00:00:00+00:00,2022-01-01T00:00:00+00:00,PWM,21,21,932,1034,1.509173217983382e-05,0.4811443433029909,0.0015047812828455072,21,21,1034,932,21,21,0.08340410566839637,0.08556521578957063
2021,2021-01-01T00:00:00+00:00,2022-01-01T00:00:00+00:00,RAP,17,18,616,589,0.0008700959075444555,0.48429319371727747,0.0013018975515818455,18,17,589,616,18,17,0.18016493668587374,0.19240175409006577
2021,2021-01-01T00:00:00+00:00,2022-01-01T00:00:00+00:00,RDD,3,3,133,111,0.0,0.3756345177664975,0.000560055903823897,3,3,111,133,3,3,0.4346238130021914,0.3905817174515235
2021,2021-01-01T00:00:00+00:00,2022-01-01T00:00:00+00:00,RDM,10,10,801,866,8.200643879498037e-05,0.41713641488162345,0.001437285442780695,10,10,866,801,10,10,0.2146472593058793,0.21612653346861993
2021,2021-01-01T00:00:00+00:00,2022-01-01T00:00:00+00:00,RDU,45,46,4533,4470,0.0013671211261612863,0.5167597765363129,0.005782544504599012,46,45,4470,4533,46,45,0.0422496484142356,0.04138472438969872
2021,2021-01-01T00:00:00+00:00,2022-01-01T00:00:00+00:00,RFD,7,7,63,74,7.16486466547052e-05,0.39361702127659576,0.000583353263692325,7,7,74,63,7,7,0.16289262235208182,0.1947593852355757
2021,2021-01-01T00:00:00+00:00,2022-01-01T00:00:00+00:00,RHI,2,2,83,94,0.0,0.40261153427638735,0.0005204569326410325,2,2,94,83,2,2,0.862154821186057,0.8455508782116417
2021,2021-01-01T00:00:00+00:00,2022-01-01T00:00:00+00:00,RIC,25,24,1605,1558,0.0003829259708948108,0.4920212765957447,0.002375687338936168,24,25,1558,1605,24,25,0.09013810866437831,0.09701264545181044
2021,2021-01-01T00:00:00+00:00,2022-01-01T00:00:00+00:00,RIW,1,1,60,65,0.0,0.39572192513368987,0.0004885464603814748,1,1,65,60,1,1,1.0,1.0
2021,2021-01-01T00:00:00+00:00,2022-01-01T00:00:00+00:00,RKS,1,1,59,67,0.0,0.39572192513368987,0.00048714256384951046,1,1,67,59,1,1,1.0,1.0
2021,2021-01-01T00:00:00+00:00,2022-01-01T00:00:00+00:00,RNO,25,25,2150,2207,0.00014808874005149995,0.48556430446194226,0.0030031961179392682,25,25,2207,2150,25,25,0.10020162809399348,0.09820703082747431
2021,2021-01-01T00:00:00+00:00,2022-01-01T00:00:00+00:00,ROA,5,5,161,133,5.635287743465671e-05,0.4190260475651189,0.0006409605083085705,5,5,133,161,5,5,0.5818870484481881,0.5080436711546622
2021,2021-01-01T00:00:00+00:00,2022-01-01T00:00:00+00:00,ROC,18,18,818,838,0.00015518887107685039,0.43427230046948356,0.001398301747379753,18,18,838,818,18,18,0.10493218881186596,0.1100692846169021
2021,2021-01-01T00:00:00+00:00,2022-01-01T00:00:00+00:00,ROW,2,2,99,120,0.0,0.4034896401308615,0.0005371507645180791,2,2,120,99,2,2,0.6422222222222222,0.5857565554535251
2021,2021-01-01T00:00:00+00:00,2022-01-01T00:00:00+00:00,RST,4,4,296,280,0.0,0.44205495818399043,0.0008139520099866146,4,4,280,296,4,4,0.3802806122448979,0.3815056610664718
2021,2021-01-01T00:00:00+00:00,2022-01-01T00:00:00+00:00,RSW,49,50,4171,4158,0.00314017831612592,0.509641873278237,0.005548265866376843,50,49,4158,4171,50,49,0.040870696474352076,0.04031058717873714
2021,2021-01-01T00:00:00+00:00,2022-01-01T00:00:00+00:00,SAF,3,4,160,172,0.0,0.42479908151549944,0.0006223779917331083,4,3,172,160,4,3,0.5430638182801515,0.5352343749999999
2021,2021-01-01T00:00:00+00:00,2022-01-01T00:00:00+00:00,SAN,68,66,6459,6418,0.005224603633516519,0.5346820809248555,0.008417426152913255,66,68,6418,6459,66,68,0.03798384315847422,0.03709798495307174
2021,2021-01-01T00:00:00+00:00,2022-01-01T00:00:00+00:00,SAT,34,35,2890,2882,0.000459909612024697,0.5082417582417582,0.003973140599865218,35,34,2882,2890,35,34,0.06272679595912507,0.061663054800589076
2021,2021-01-01T00:00:00+00:00,2022-01-01T00:00:00+00:00,SAV,33,32,1787,1824,0.0016396023484914484,0.4894179894179894,0.0026044842112164955,32,33,1824,1787,32,33,0.0756434672206833,0.08008939774889778
2021,2021-01-01T00:00:00+00:00,2022-01-01T00:00:00+00:00,SBA,11,11,683,685,6.671541064697689e-06,0.45792079207920794,0.001250362713034056,11,11,685,683,11,11,0.12628270019713356,0.13047467357215284
2021,2021-01-01T00:00:00+00:00,2022-01-01T00:00:00+00:00,SBN,13,14,569,588,0.00039535374941521595,0.46077210460772106,0.0012406303324237692,14,13,588,569,14,13,0.12994585589337776,0.14831619620646094
2021,2021-01-01T00:00:00+00:00,2022-01-01T00:00:00+00:00,SBP,8,8,392,370,0.0,0.4363207547169811,0.0008971976077615405,8,8,370,392,8,8,0.16447041636230827,0.16752134527280302
2021,2021-01-01T00:00:00+00:00,2022-01-01T00:00:00+00:00,SCC,2,2,59,39,0.0,0.33666969972702454,0.0006161559445289943,2,2,39,59,2,2,0.8159105851413544,0.8448721631715024
2021,2021-01-01T00:00:00+00:00,2022-01-01T00:00:00+00:00,SCE,6,3,57,56,3.4697153610674795e-05,0.41387024608501116,0.0004938885168230571,3,6,56,57,3,6,0.5797193877551019,0.644198214835334
2021,2021-01-01T00:00:00+00:00,2022-01-01T00:00:00+00:00,SCK,3,3,69,58,4.425432858511439e-06,0.3798767967145791,0.0005064739611987472,3,3,58,69,3,3,0.6819262782401901,0.745431632010082
2021,2021-01-01T00:00:00+00:00,2022-01-01T00:00:00+00:00,SDF,34,34,1921,1922,0.0005966006792074213,0.4979811574697174,0.0028426952251737036,34,34,1922,1921,34,34,0.07057500587425733,0.07035448362315631
2021,2021-01-01T00:00:00+00:00,2022-01-01T00:00:00+00:00,SEA,92,92,17102,17208,0.059394227660842895,0.5648854961832062,0.026985050158415253,92,92,17208,17102,92,92,0.022254111155850447,0.0222074037302255
2021,2021-01-01T00:00:00+00:00,2022-01-01T00:00:00+00:00,SFB,71,71,1008,1007,0.015554851523410101,0.40704070407040704,0.0037064159531564533,71,71,1007,1008,71,71,0.02277897813616502,0.02428784013605442
2021,2021-01-01T00:00:00+00:00,2022-01-01T00:00:00+00:00,SFO,75,77,9969,10069,0.015384396446780014,0.5473372781065089,0.013634016433117097,77,75,10069,9969,77,75,0.03257674000928009,0.032887657425651175
2021,2021-01-01T00:00:00+00:00,2022-01-01T00:00:00+00:00,SGF,14,13,764,742,0.0004484764019440597,0.4737516005121639,0.001534166611493257,13,14,742,764,13,14,0.18872646958391762,0.19282640278501137
2021,2021-01-01T00:00:00+00:00,2022-01-01T00:00:00+00:00,SGU,4,4,380,378,0.0,0.42725173210161665,0.0009034459518136053,4,4,378,380,4,4,0.31582262534643485,0.3081024930747922
2021,2021-01-01T00:00:00+00:00,2022-01-01T00:00:00+00:00,SHD,3,3,67,66,0.0,0.39487726787620064,0.0004983806405155143,3,3,66,67,3,3,0.4908172635445362,0.49253731343283585
2021,2021-01-01T00:00:00+00:00,2022-01-01T00:00:00+00:00,SHR,1,1,69,69,0.0,0.39572192513368987,0.0005011815291691543,1,1,69,69,1,1,1.0,1.0
2021,2021-01-01T00:00:00+00:00,2022-01-01T00:00:00+00:00,SHV,8,8,512,472,7.597539250190954e-05,0.43838862559241704,0.0010833547064718063,8,8,472,512,8,8,0.3349342861246768,0.3419647216796875
2021,2021-01-01T00:00:00+00:00,2022-01-01T00:00:00+00:00,SIT,3,3,115,128,0.0,0.36345776031434185,0.0009532802889294822,3,3,128,115,3,3,0.392578125,0.4097542533081285
2021,2021-01-01T00:00:00+00:00,2022-01-01T00:00:00+00:00,SJC,34,35,3978,3925,0.0004867753022136728,0.4966442953020134,0.005203949885152842,35,34,3925,3978,35,34,0.06180346464359609,0.06439995136650269
2021,2021-01-01T00:00:00+00:00,2022-01-01T00:00:00+00:00,SJT,2,2,231,224,0.0,0.4017372421281216,0.000727615889211134,2,2,224,231,2,2,0.7551020408163265,0.7804388973220142
2021,2021-01-01T00:00:00+00:00,2022-01-01T00:00:00+00:00,SJU,30,29,2912,3048,0.0002516845239379931,0.46894803548795944,0.0037097065883800254,29,30,3048,2912,29,30,0.08696679893359786,0.08848026544197561
2021,2021-01-01T00:00:00+00:00,2022-01-01T00:00:00+00:00,SLC,91,90,12244,12101,0.04050060791626788,0.5606060606060606,0.019096542038126586,90,91,12101,12244,90,91,0.020249210770098714,0.02011824845158143
2021,2021-01-01T00:00:00+00:00,2022-01-01T00:00:00+00:00,SLN,2,2,65,63,0.0,0.41950113378684806,0.0004941653634089095,2,2,63,65,2,2,0.5031494079113126,0.5029585798816568
2021,2021-01-01T00:00:00+00:00,2022-01-01T00:00:00+00:00,SMF,33,35,4434,4311,0.00031686978089691387,0.49865229110512127,0.005793191392732146,35,33,4311,4434,35,33,0.05867373526888028,0.058523762235027685
2021,2021-01-01T00:00:00+00:00,2022-01-01T00:00:00+00:00,SMX,3,3,29,38,2.4719841793012525e-06,0.37601626016260165,0.0004610016723587258,3,3,38,29,3,3,0.4362880886426593,0.38644470868014275
2021,2021-01-01T00:00:00+00:00,2022-01-01T00:00:00+00:00,SNA,38,36,3762,3722,0.0014989621320024224,0.5006765899864682,0.00516688769718908,36,38,3722,3762,36,38,0.06471418618141374,0.06528419707299922
2021,2021-01-01T00:00:00+00:00,2022-01-01T00:00:00+00:00,SPI,3,2,75,59,3.7021888490363906e-05,0.4157303370786517,0.000532492460788542,2,3,59,75,2,3,0.790864694053433,0.7272888888888888
2021,2021-01-01T00:00:00+00:00,2022-01-01T00:00:00+00:00,SPN,1,1,23,42,0.0,0.26353276353276356,0.0008350066233006751,1,1,42,23,1,1,1.0,1.0
2021,2021-01-01T00:00:00+00:00,2022-01-01T00:00:00+00:00,SPS,1,1,126,143,0.0,0.39870689655172414,0.0005840322379659182,1,1,143,126,1,1,1.0,1.0
2021,2021-01-01T00:00:00+00:00,2022-01-01T00:00:00+00:00,SRQ,46,47,1695,1666,0.003409521902413129,0.49865229110512127,0.0026089595797532967,47,46,1666,1695,47,46,0.060410959101527766,0.06352572636854883
2021,2021-01-01T00:00:00+00:00,2022-01-01T00:00:00+00:00,STC,3,1,19,9,4.8551948895594315e-06,0.35271687321258344,0.00047517799551385437,1,3,9,19,1,3,1.0,0.6454293628808865
2021,2021-01-01T00:00:00+00:00,2022-01-01T00:00:00+00:00,STL,58,59,4833,4791,0.0010040603646370733,0.5240793201133145,0.006239447799408567,59,58,4791,4833,59,58,0.03281613088549937,0.03175864907997465
2021,2021-01-01T00:00:00+00:00,2022-01-01T00:00:00+00:00,STS,9,9,343,320,3.498237399828283e-06,0.4180790960451977,0.0008158767438080917,9,9,320,343,9,9,0.13349609375,0.13918520344414317
2021,2021-01-01T00:00:00+00:00,2022-01-01T00:00:00+00:00,STT,15,15,694,691,1.1480052914971485e-06,0.45454545454545453,0.0012070776300043653,15,15,691,694,15,15,0.1003998064844465,0.09805745417701334
2021,2021-01-01T00:00:00+00:00,2022-01-01T00:00:00+00:00,STX,4,4,143,146,2.2712675151699542e-07,0.39445628997867804,0.0005637943068808604,4,4,146,143,4,4,0.28504409832989297,0.3236833096972957
2021,2021-01-01T00:00:00+00:00,2022-01-01T00:00:00+00:00,SUN,7,6,221,197,0.00010026269978633276,0.4322429906542056,0.000694481819001094,6,7,197,221,6,7,0.35226365018423555,0.3261399234249914
2021,2021-01-01T00:00:00+00:00,2022-01-01T00:00:00+00:00,SUX,2,2,90,92,0.0,0.41950113378684806,0.0005285024620504373,2,2,92,90,2,2,0.5151228733459358,0.52
2021,2021-01-01T00:00:00+00:00,2022-01-01T00:00:00+00:00,SWF,7,8,68,49,4.226424311454056e-05,0.38105046343975285,0.0005435859500937301,8,7,49,68,8,7,0.18533944189920867,0.17560553633217993
2021,2021-01-01T00:00:00+00:00,2022-01-01T00:00:00+00:00,SWO,1,1,68,58,0.0,0.39870689655172414,0.0005013041821632692,1,1,58,68,1,1,1.0,1.0
2021,2021-01-01T00:00:00+00:00,2022-01-01T00:00:00+00:00,SYR,25,25,911,878,0.00038523727341708224,0.48239895697522817,0.00157860448097571,25,25,878,911,25,25,0.09106428463945289,0.09388724950929064
2021,2021-01-01T00:00:00+00:00,2022-01-01T00:00:00+00:00,TBN,1,1,15,14,0.0,0.3931987247608927,0.0004247708680291974,1,1,14,15,1,1,1.0,1.0
2021,2021-01-01T00:00:00+00:00,2022-01-01T00:00:00+00:00,TLH,6,6,536,517,0.0,0.4190260475651189,0.0010568571742016562,6,6,517,536,6,6,0.22667225362809545,0.22792520605925595
2021,2021-01-01T00:00:00+00:00,2022-01-01T00:00:00+00:00,TOL,4,4,60,65,4.723393249170499e-05,0.4065934065934066,0.0005444083822497286,4,4,65,60,4,4,0.28,0.29888888888888887
2021,2021-01-01T00:00:00+00:00,2022-01-01T00:00:00+00:00,TPA,65,65,6984,6890,0.004084375866077471,0.5278174037089871,0.00881644380135952,65,65,6890,6984,65,65,0.03043446571775843,0.030192190232887082
2021,2021-01-01T00:00:00+00:00,2022-01-01T00:00:00+00:00,TRI,5,5,226,271,7.372246928776667e-05,0.42577675489067895,0.0007023766209843801,5,5,271,226,5,5,0.45471875382960475,0.5122170882606312
2021,2021-01-01T00:00:00+00:00,2022-01-01T00:00:00+00:00,TTN,10,11,180,196,1.0874618441635876e-05,0.4199772985244041,0.0006124346622484948,11,10,196,180,11,10,0.1339546022490629,0.14080246913580247
2021,2021-01-01T00:00:00+00:00,2022-01-01T00:00:00+00:00,TUL,19,21,1318,1325,0.0004121155568351095,0.4798962386511025,0.002102383017642535,21,19,1325,1318,21,19,0.10146415094339623,0.10212051643981661
2021,2021-01-01T00:00:00+00:00,2022-01-01T00:00:00+00:00,TUS,20,20,1574,1576,0.0003860371012804435,0.4817708333333333,0.0024039803074640586,20,20,1576,1574,20,20,0.08908130201757324,0.09184347295392568
2021,2021-01-01T00:00:00+00:00,2022-01-01T00:00:00+00:00,TVC,14,15,449,455,0.0004958610425687809,0.4805194805194805,0.0010590313184498594,15,14,455,449,15,14,0.25527834802560073,0.2560751186750066
2021,2021-01-01T00:00:00+00:00,2022-01-01T00:00:00+00:00,TWF,2,3,125,110,0.0,0.3982777179763186,0.0005737383284381115,3,2,110,125,3,2,0.6252892561983471,0.652352
2021,2021-01-01T00:00:00+00:00,2022-01-01T00:00:00+00:00,TXK,1,1,119,99,0.0,0.39870689655172414,0.0005740478174380123,1,1,99,119,1,1,1.0,1.0
2021,2021-01-01T00:00:00+00:00,2022-01-01T00:00:00+00:00,TYR,1,1,154,141,0.0,0.39870689655172414,0.0006239699200775418,1,1,141,154,1,1,1.0,1.0
2021,2021-01-01T00:00:00+00:00,2022-01-01T00:00:00+00:00,TYS,27,27,1181,1202,0.00042052962628980696,0.4900662251655629,0.002041468663879084,27,27,1202,1181,27,27,0.11858079019714786,0.12148389580723866
2021,2021-01-01T00:00:00+00:00,2022-01-01T00:00:00+00:00,USA,9,8,126,133,7.500589684032771e-05,0.37449392712550605,0.0006771802601592447,8,9,133,126,8,9,0.23986658375261458,0.21088435374149658
2021,2021-01-01T00:00:00+00:00,2022-01-01T00:00:00+00:00,VCT,1,1,51,58,0.0,0.36889332003988035,0.00046618335579552694,1,1,58,51,1,1,1.0,1.0
2021,2021-01-01T00:00:00+00:00,2022-01-01T00:00:00+00:00,VEL,1,1,55,75,0.0,0.39572192513368987,0.0004815269777216529,1,1,75,55,1,1,1.0,1.0
2021,2021-01-01T00:00:00+00:00,2022-01-01T00:00:00+00:00,VLD,1,1,120,133,0.0,0.3854166666666667,0.0005483610056598217,1,1,133,120,1,1,1.0,1.0
2021,2021-01-01T00:00:00+00:00,2022-01-01T00:00:00+00:00,VPS,51,51,1186,1139,0.0076380891051602276,0.49865229110512127,0.0021375636451204188,51,51,1139,1186,51,51,0.1015315407674739,0.09599629175683708
2021,2021-01-01T00:00:00+00:00,2022-01-01T00:00:00+00:00,WRG,2,2,54,58,7.324397568300007e-06,0.26734104046242774,0.0009250749760267633,2,2,58,54,2,2,0.5,0.5006858710562414
2021,2021-01-01T00:00:00+00:00,2022-01-01T00:00:00+00:00,WYS,2,2,54,45,0.0,0.3982777179763186,0.0004783109081060762,2,2,45,54,2,2,0.5298765432098765,0.5027434842249658
2021,2021-01-01T00:00:00+00:00,2022-01-01T00:00:00+00:00,XNA,22,23,843,905,0.0006197534514879588,0.48877146631439894,0.001568287122703788,23,22,905,843,23,22,0.17210097371875097,0.18572741254824818
2021,2021-01-01T00:00:00+00:00,2022-01-01T00:00:00+00:00,XWA,2,2,111,107,0.0,0.4083885209713024,0.0005601047888600331,2,2,107,111,2,2,0.5884356712376626,0.5974352731109487
2021,2021-01-01T00:00:00+00:00,2022-01-01T00:00:00+00:00,YAK,2,2,73,72,3.759857418394004e-05,0.27007299270072993,0.00104173708610888,2,2,72,73,2,2,0.5003858024691357,0.5000938262338149
2021,2021-01-01T00:00:00+00:00,2022-01-01T00:00:00+00:00,YKM,1,1,79,82,0.0,0.361328125,0.0005096589863179089,1,1,82,79,1,1,1.0,1.0
2021,2021-01-01T00:00:00+00:00,2022-01-01T00:00:00+00:00,YUM,2,2,185,221,0.0,0.4034896401308615,0.000626335953928686,2,2,221,185,2,2,0.6128662394299871,0.6610664718772827
2022,2022-01-01T00:00:00+00:00,2023-01-01T00:00:00+00:00,ABE,12,11,400,443,0.00013324349893200214,0.43309859154929575,0.0010574252206718938,11,12,443,400,11,12,0.15186319420735903,0.1436625
2022,2022-01-01T00:00:00+00:00,2023-01-01T00:00:00+00:00,ABI,1,1,192,189,0.0,0.39720129171151775,0.0006560389340467041,1,1,189,192,1,1,1.0,1.0
2022,2022-01-01T00:00:00+00:00,2023-01-01T00:00:00+00:00,ABQ,23,23,1954,2068,7.588287667800087e-05,0.48745046235138706,0.0025247663031739524,23,23,2068,1954,23,23,0.07853577962430179,0.07752147917978396
2022,2022-01-01T00:00:00+00:00,2023-01-01T00:00:00+00:00,ABR,1,1,64,72,0.0,0.3704819277108434,0.0004881485303433824,1,1,72,64,1,1,1.0,1.0
2022,2022-01-01T00:00:00+00:00,2023-01-01T00:00:00+00:00,ABY,1,1,84,103,0.0,0.38477580813347234,0.0004975674519676937,1,1,103,84,1,1,1.0,1.0
2022,2022-01-01T00:00:00+00:00,2023-01-01T00:00:00+00:00,ACK,8,8,147,161,5.863908329206541e-06,0.41414141414141414,0.0005499228556231045,8,8,161,147,8,8,0.2186258246209637,0.22152806700911656
2022,2022-01-01T00:00:00+00:00,2023-01-01T00:00:00+00:00,ACT,1,1,173,187,0.0,0.39720129171151775,0.000631236657774909,1,1,187,173,1,1,1.0,1.0
2022,2022-01-01T00:00:00+00:00,2023-01-01T00:00:00+00:00,ACV,4,4,200,241,0.0,0.40108695652173915,0.0006168564059752371,4,4,241,200,4,4,0.38213873728069425,0.34925
2022,2022-01-01T00:00:00+00:00,2023-01-01T00:00:00+00:00,ACY,10,10,350,372,1.4506050597432666e-05,0.398488120950324,0.0007684721489324268,10,10,372,350,10,10,0.15082668516591513,0.14155102040816325
2022,2022-01-01T00:00:00+00:00,2023-01-01T00:00:00+00:00,ADK,1,1,7,9,0.0,0.3342391304347826,0.0004276109935918363,1,1,9,7,1,1,1.0,1.0
2022,2022-01-01T00:00:00+00:00,2023-01-01T00:00:00+00:00,ADQ,1,1,83,97,0.0,0.3342391304347826,0.0006687002367587991,1,1,97,83,1,1,1.0,1.0
2022,2022-01-01T00:00:00+00:00,2023-01-01T00:00:00+00:00,AEX,4,4,201,233,0.0,0.4178935447338618,0.0006477762980288441,4,4,233,201,4,4,0.4332921954723793,0.43164773149179475
2022,2022-01-01T00:00:00+00:00,2023-01-01T00:00:00+00:00,AGS,8,7,374,390,2.733868403101655e-07,0.43876337693222356,0.0008250517745097201,7,8,390,374,7,8,0.3786324786324786,0.384083044982699
2022,2022-01-01T00:00:00+00:00,2023-01-01T00:00:00+00:00,AKN,1,1,49,56,0.0,0.3342391304347826,0.000560844522710421,1,1,56,49,1,1,1.0,1.0
2022,2022-01-01T00:00:00+00:00,2023-01-01T00:00:00+00:00,ALB,22,21,1211,1224,0.0002699680737190269,0.4664981036662453,0.0017486020213442364,21,22,1224,1211,21,22,0.08792825409030715,0.08829808778735525
2022,2022-01-01T00:00:00+00:00,2023-01-01T00:00:00+00:00,ALO,1,1,70,71,0.0,0.3946524064171123,0.0004912284140730723,1,1,71,70,1,1,1.0,1.0
2022,2022-01-01T00:00:00+00:00,2023-01-01T00:00:00+00:00,ALS,1,1,34,27,0.0,0.3950749464668094,0.000448948775994008,1,1,27,34,1,1,1.0,1.0
2022,2022-01-01T00:00:00+00:00,2023-01-01T00:00:00+00:00,ALW,1,1,69,59,0.0,0.36176470588235293,0.0004885552018582915,1,1,59,69,1,1,1.0,1.0
2022,2022-01-01T00:00:00+00:00,2023-01-01T00:00:00+00:00,AMA,7,7,501,503,8.386321563266952e-05,0.4336075205640423,0.000991201378929366,7,7,503,501,7,7,0.238596255469173,0.23853689825936947
2022,2022-01-01T00:00:00+00:00,2023-01-01T00:00:00+00:00,ANC,30,30,2075,2083,0.06090032023842374,0.501358695652174,0.007758773133767223,30,30,2083,2075,30,30,0.16099536079397286,0.1532964436057483
2022,2022-01-01T00:00:00+00:00,2023-01-01T00:00:00+00:00,APN,3,3,56,75,7.364204076823377e-06,0.3621197252208047,0.000502848450416612,3,3,75,56,3,3,0.8040888888888889,0.8054846938775511
2022,2022-01-01T00:00:00+00:00,2023-01-01T00:00:00+00:00,ASE,10,10,677,672,4.2700006832001093e-07,0.4600997506234414,0.0012043691750856067,10,10,672,677,10,10,0.20334644274376418,0.20235900412149352
2022,2022-01-01T00:00:00+00:00,2023-01-01T00:00:00+00:00,ATL,155,154,32607,32526,0.07916941407744661,0.6243654822335025,0.04197286256858546,154,155,32526,32607,154,155,0.0109344543247338,0.011069758195586381
2022,2022-01-01T00:00:00+00:00,2023-01-01T00:00:00+00:00,ATW,15,15,507,463,0.0003919397382588639,0.47006369426751593,0.0011523188319362031,15,15,463,507,15,15,0.13925987432884418,0.1339627853055254
2022,2022-01-01T00:00:00+00:00,2023-01-01T00:00:00+00:00,AUS,80,81,9161,9151,0.005810317766866194,0.5474777448071216,0.010304575677045945,81,80,9151,9161,81,80,0.026080392997435028,0.02656955220192822
2022,2022-01-01T00:00:00+00:00,2023-01-01T00:00:00+00:00,AVL,24,25,1011,964,0.0003942762886131117,0.48616600790513836,0.001780402462549404,25,24,964,1011,25,24,0.09279067164821542,0.09525584544295636
2022,2022-01-01T00:00:00+00:00,2023-01-01T00:00:00+00:00,AVP,3,3,177,198,0.0,0.40863787375415284,0.0006155538065747538,3,3,198,177,3,3,0.4656157534945414,0.4659261387213125
2022,2022-01-01T00:00:00+00:00,2023-01-01T00:00:00+00:00,AZA,52,52,578,591,0.012693280152784316,0.4178935447338618,0.002305509483447392,52,52,591,578,52,52,0.034634005285142905,0.03492534811604267
2022,2022-01-01T00:00:00+00:00,2023-01-01T00:00:00+00:00,AZO,2,2,158,165,0.0,0.39935064935064934,0.0005969351023630957,2,2,165,158,2,2,0.52,0.5157026117609358
2022,2022-01-01T00:00:00+00:00,2023-01-01T00:00:00+00:00,BDL,28,28,2358,2367,5.959331287563205e-05,0.4939759036144578,0.0029277381617865477,28,28,2367,2358,28,28,0.05779813942912055,0.058536043181460114
2022,2022-01-01T00:00:00+00:00,2023-01-01T00:00:00+00:00,BET,1,1,79,63,0.0,0.3342391304347826,0.0006560113292236958,1,1,63,79,1,1,1.0,1.0
2022,2022-01-01T00:00:00+00:00,2023-01-01T00:00:00+00:00,BFF,3,3,80,66,7.364204076823377e-06,0.3959227467811159,0.0006341430775559454,3,3,66,80,3,3,0.6547291092745638,0.6090625
2022,2022-01-01T00:00:00+00:00,2023-01-01T00:00:00+00:00,BFL,4,4,249,259,0.0,0.42365097588978184,0.000688329230676813,4,4,259,249,4,4,0.28623604299279976,0.28126965694101713
2022,2022-01-01T00:00:00+00:00,2023-01-01T00:00:00+00:00,BGM,1,1,44,41,0.0,0.3614103819784525,0.0004583174886373807,1,1,41,44,1,1,1.0,1.0
2022,2022-01-01T00:00:00+00:00,2023-01-01T00:00:00+00:00,BGR,12,11,486,466,8.60854322325929e-05,0.42609699769053117,0.0009375889453513406,11,12,466,486,11,12,0.14284661717843394,0.15447340344459687
2022,2022-01-01T00:00:00+00:00,2023-01-01T00:00:00+00:00,BHM,19,18,1417,1447,1.8250951102347155e-05,0.4785992217898833,0.0019634005784699925,18,19,1447,1417,18,19,0.09300609558942578,0.09631259496914422
2022,2022-01-01T00:00:00+00:00,2023-01-01T00:00:00+00:00,BIH,3,3,23,34,0.0,0.39935064935064934,0.0004305008168670311,3,3,34,23,3,3,0.397923875432526,0.35727788279773154
2022,2022-01-01T00:00:00+00:00,2023-01-01T00:00:00+00:00,BIL,10,10,383,456,0.0001307108979596129,0.467680608365019,0.000903211671953211,10,10,456,383,10,10,0.18586488150200062,0.16957645085861925
2022,2022-01-01T00:00:00+00:00,2023-01-01T00:00:00+00:00,BIS,7,7,407,391,0.00013790477858271964,0.44835965978128794,0.0009996453845786343,7,7,391,407,7,7,0.29725734394725306,0.26714921309515904
2022,2022-01-01T00:00:00+00:00,2023-01-01T00:00:00+00:00,BJI,2,2,69,74,0.0,0.3708542713567839,0.0005377182261892369,2,2,74,69,2,2,0.7662527392257124,0.7319890779248057
2022,2022-01-01T00:00:00+00:00,2023-01-01T00:00:00+00:00,BKG,1,1,4,9,0.0,0.3950749464668094,0.00041052815488641756,1,1,9,4,1,1,1.0,1.0
2022,2022-01-01T00:00:00+00:00,2023-01-01T00:00:00+00:00,BLI,7,7,425,395,3.1654651786441936e-05,0.3908898305084746,0.0008995271748297197,7,7,395,425,7,7,0.3243518666880308,0.295601384083045
2022,2022-01-01T00:00:00+00:00,2023-01-01T00:00:00+00:00,BLV,11,11,100,122,0.0001357709775941856,0.40327868852459015,0.0006150290040068822,11,11,122,100,11,11,0.15896264445041655,0.1458
2022,2022-01-01T00:00:00+00:00,2023-01-01T00:00:00+00:00,BMI,10,9,287,268,0.0001502450561446611,0.4670886075949367,0.0008130355563135791,9,10,268,287,9,10,0.24314992203163288,0.2039238062863456
2022,2022-01-01T00:00:00+00:00,2023-01-01T00:00:00+00:00,BNA,85,84,9017,8991,0.00999909699995892,0.5491071428571429,0.010209490106935176,84,85,8991,9017,84,85,0.026813464312691937,0.026415041522802746
2022,2022-01-01T00:00:00+00:00,2023-01-01T00:00:00+00:00,BOI,26,26,2612,2691,0.002166014154126566,0.4880952380952381,0.0034462072255428476,26,26,2691,2612,26,26,0.08500043016062599,0.084271497552819
2022,2022-01-01T00:00:00+00:00,2023-01-01T00:00:00+00:00,BOS,81,78,13873,13873,0.0050058432836625295,0.5466666666666666,0.01495973387382003,78,81,13873,13873,78,81,0.031639742899683916,0.03180860904442187
2022,2022-01-01T00:00:00+00:00,2023-01-01T00:00:00+00:00,BPT,1,1,85,92,0.0,0.39720129171151775,0.0005163629571476471,1,1,92,85,1,1,1.0,1.0
2022,2022-01-01T00:00:00+00:00,2023-01-01T00:00:00+00:00,BQK,1,1,94,78,0.0,0.38477580813347234,0.0005085391241774898,1,1,78,94,1,1,1.0,1.0
2022,2022-01-01T00:00:00+00:00,2023-01-01T00:00:00+00:00,BQN,5,5,247,233,4.828986279884182e-07,0.38198757763975155,0.0006451188156468115,5,5,233,247,5,5,0.32104109488109933,0.31767444147584784
2022,2022-01-01T00:00:00+00:00,2023-01-01T00:00:00+00:00,BRD,2,2,66,88,0.0,0.3708542713567839,0.0005395679619949494,2,2,88,66,2,2,0.78125,0.7428833792470158
2022,2022-01-01T00:00:00+00:00,2023-01-01T00:00:00+00:00,BRO,2,2,120,133,0.0,0.39978331527627303,0.0005610340905266814,2,2,133,120,2,2,0.9276386454858951,0.9355555555555555
2022,2022-01-01T00:00:00+00:00,2023-01-01T00:00:00+00:00,BRW,1,1,22,40,0.0,0.3342391304347826,0.0004751943968484737,1,1,40,22,1,1,1.0,1.0
2022,2022-01-01T00:00:00+00:00,2023-01-01T00:00:00+00:00,BTM,2,2,60,65,0.0,0.39720129171151775,0.0004792359840549409,2,2,65,60,2,2,0.6137278106508877,0.5672222222222222
2022,2022-01-01T00:00:00+00:00,2023-01-01T00:00:00+00:00,BTR,4,4,428,404,0.0,0.4178935447338618,0.0009166318349969698,4,4,404,428,4,4,0.337393392804627,0.31951480478644423
2022,2022-01-01T00:00:00+00:00,2023-01-01T00:00:00+00:00,BTV,15,15,894,861,1.8441638515673593e-06,0.47307692307692306,0.0013377143069503276,15,15,861,894,15,15,0.11068484502664837,0.11915379187123704
2022,2022-01-01T00:00:00+00:00,2023-01-01T00:00:00+00:00,BUF,25,24,2044,2014,2.1429328499516083e-05,0.48745046235138706,0.002526227769436909,24,25,2014,2044,24,25,0.0672674594620181,0.06771525461376143
2022,2022-01-01T00:00:00+00:00,2023-01-01T00:00:00+00:00,BUR,21,21,3188,3159,0.00013396919089371924,0.4544334975369458,0.003696027148550226,21,21,3159,3188,21,21,0.10056145327504055,0.09812577435143395
2022,2022-01-01T00:00:00+00:00,2023-01-01T00:00:00+00:00,BWI,68,68,8851,8898,0.0026472438268294336,0.5347826086956522,0.010006856367726575,68,68,8898,8851,68,68,0.02404302279307338,0.023990556266252114
2022,2022-01-01T00:00:00+00:00,2023-01-01T00:00:00+00:00,BZN,24,22,1030,1117,0.00025984460486059506,0.5006784260515604,0.0016358985465169456,22,24,1117,1030,22,24,0.12463121819620113,0.12423414082382883
2022,2022-01-01T00:00:00+00:00,2023-01-01T00:00:00+00:00,CAE,7,6,581,554,1.1329544733574426e-07,0.4188422247446084,0.001049111552962131,6,7,554,581,6,7,0.2734168306637647,0.24388184654032902
2022,2022-01-01T00:00:00+00:00,2023-01-01T00:00:00+00:00,CAK,13,13,234,223,0.00013956967138441576,0.4275782155272306,0.0007063075194218569,13,13,223,234,13,13,0.24016167628546725,0.2946891664840382
2022,2022-01-01T00:00:00+00:00,2023-01-01T00:00:00+00:00,CDC,1,1,58,60,0.0,0.35825242718446604,0.00047542628539697215,1,1,60,58,1,1,1.0,1.0
2022,2022-01-01T00:00:00+00:00,2023-01-01T00:00:00+00:00,CDV,2,2,70,61,0.001138598676840172,0.33484573502722326,0.0009281582808035264,2,2,61,70,2,2,0.500134372480516,0.5016326530612245
2022,2022-01-01T00:00:00+00:00,2023-01-01T00:00:00+00:00,CGI,3,3,58,59,0.0,0.3954983922829582,0.0006931537856944955,3,3,59,58,3,3,0.35191037058316577,0.3513674197384067
2022,2022-01-01T00:00:00+00:00,2023-01-01T00:00:00+00:00,CHA,8,9,531,509,0.00010972744393404485,0.4467312348668281,0.0010378673828384936,9,8,509,531,9,8,0.29490777015682357,0.2949450455914116
2022,2022-01-01T00:00:00+00:00,2023-01-01T00:00:00+00:00,CHO,3,3,311,296,0.0,0.3929712460063898,0.0007283833024028939,3,3,296,311,3,3,0.41830259313367424,0.41044860991925225
2022,2022-01-01T00:00:00+00:00,2023-01-01T00:00:00+00:00,CHS,31,31,2498,2366,0.0009141412176225597,0.49864864864864866,0.003043345855715968,31,31,2366,2498,31,31,0.06281149762520463,0.0620461140730038
2022,2022-01-01T00:00:00+00:00,2023-01-01T00:00:00+00:00,CID,17,18,816,814,0.0005280948282058088,0.48616600790513836,0.001521126296439042,18,17,814,816,18,17,0.12515318534974554,0.14109356978085352
2022,2022-01-01T00:00:00+00:00,2023-01-01T00:00:00+00:00,CIU,3,3,97,75,0.00011918432861509598,0.3815925542916236,0.0005486870102826135,3,3,75,97,3,3,0.4456888888888889,0.4524391540014879
2022,2022-01-01T00:00:00+00:00,2023-01-01T00:00:00+00:00,CKB,7,7,87,95,0.00017174935742442048,0.4090909090909091,0.0006789860626647338,7,7,95,87,7,7,0.23168975069252082,0.23107411811335712
2022,2022-01-01T00:00:00+00:00,2023-01-01T00:00:00+00:00,CLE,33,33,4069,3984,6.797962124641615e-05,0.5054794520547945,0.004722143826545456,33,33,3984,4069,33,33,0.043301846946017,0.044869706097708364
2022,2022-01-01T00:00:00+00:00,2023-01-01T00:00:00+00:00,CLL,1,1,137,138,0.0,0.39720129171151775,0.0005842428711546654,1,1,138,137,1,1,1.0,1.0
2022,2022-01-01T00:00:00+00:00,2023-01-01T00:00:00+00:00,CLT,139,139,19590,19360,0.06703941437212427,0.5980551053484603,0.0267075039397765,139,139,19360,19590,139,139,0.011908184849054027,0.011978337959825218
2022,2022-01-01T00:00:00+00:00,2023-01-01T00:00:00+00:00,CMH,36,34,3948,3932,0.00010506597088890062,0.5075653370013755,0.0045615674527797224,34,36,3932,3948,34,36,0.04480259011537956,0.0450290196054278
2022,2022-01-01T00:00:00+00:00,2023-01-01T00:00:00+00:00,CMI,2,2,151,163,0.0,0.42219679633867274,0.0005952982943737781,2,2,163,151,2,2,0.511761827693929,0.5210736371211788
2022,2022-01-01T00:00:00+00:00,2023-01-01T00:00:00+00:00,CMX,1,1,85,83,0.0,0.3946524064171123,0.0005096190587875724,1,1,83,85,1,1,1.0,1.0
2022,2022-01-01T00:00:00+00:00,2023-01-01T00:00:00+00:00,CNY,2,2,62,64,0.0,0.39720129171151775,0.00048304568271290973,2,2,64,62,2,2,0.595703125,0.5254942767950052
2022,2022-01-01T00:00:00+00:00,2023-01-01T00:00:00+00:00,COD,1,1,72,56,0.0,0.3950749464668094,0.0004976148960636226,1,1,56,72,1,1,1.0,1.0
2022,2022-01-01T00:00:00+00:00,2023-01-01T00:00:00+00:00,COS,12,14,1268,1185,8.006967256264058e-06,0.4629861982434128,0.0018745552142545507,14,12,1185,1268,14,12,0.15329380975271056,0.1564337887729005
2022,2022-01-01T00:00:00+00:00,2023-01-01T00:00:00+00:00,COU,2,2,148,154,0.0,0.42219679633867274,0.0005936036649485471,2,2,154,148,2,2,0.510204081632653,0.5110482103725347
2022,2022-01-01T00:00:00+00:00,2023-01-01T00:00:00+00:00,CPR,2,2,143,142,0.0,0.39720129171151775,0.0005854596049672668,2,2,142,143,2,2,0.548006347946836,0.5851141865127879
2022,2022-01-01T00:00:00+00:00,2023-01-01T00:00:00+00:00,CRP,3,3,394,398,9.502198808804357e-07,0.4028384279475983,0.0008714170113270871,3,3,398,394,3,3,0.45234968813918847,0.44730603725939855
2022,2022-01-01T00:00:00+00:00,2023-01-01T00:00:00+00:00,CRW,5,5,275,298,0.0,0.4160090191657272,0.0007109348652552866,5,5,298,275,5,5,0.3261790009459034,0.272198347107438
2022,2022-01-01T00:00:00+00:00,2023-01-01T00:00:00+00:00,CSG,3,3,178,190,0.0,0.4155405405405405,0.00061124423132274,3,3,190,178,3,3,0.4280886426592798,0.4416740310566848
2022,2022-01-01T00:00:00+00:00,2023-01-01T00:00:00+00:00,CVG,44,45,3716,3634,0.0015046471099444373,0.5182584269662921,0.004596806724626688,45,44,3634,3716,45,44,0.04063000058458471,0.04025127427318053
2022,2022-01-01T00:00:00+00:00,2023-01-01T00:00:00+00:00,CWA,3,3,185,190,0.0,0.4063876651982379,0.000635850674668475,3,3,190,185,3,3,0.3691412742382271,0.35731190650109573
2022,2022-01-01T00:00:00+00:00,2023-01-01T00:00:00+00:00,CYS,1,1,64,74,0.0,0.3950749464668094,0.00048736939710159843,1,1,74,64,1,1,1.0,1.0
2022,2022-01-01T00:00:00+00:00,2023-01-01T00:00:00+00:00,DAB,5,5,260,275,0.0,0.42365097588978184,0.0007002095024758637,5,5,275,260,5,5,0.41487603305785126,0.419112426035503
2022,2022-01-01T00:00:00+00:00,2023-01-01T00:00:00+00:00,DAL,69,71,6806,6883,0.003060697843191305,0.5204513399153737,0.007775960455757518,71,69,6883,6806,71,69,0.026991290828509113,0.028013863759043398
2022,2022-01-01T00:00:00+00:00,2023-01-01T00:00:00+00:00,DAY,11,11,666,680,0.00018510572590545483,0.4511002444987775,0.0012116808840912253,11,11,680,666,11,11,0.1437932525951557,0.1485404323242161
2022,2022-01-01T00:00:00+00:00,2023-01-01T00:00:00+00:00,DBQ,1,1,57,41,0.0,0.3946524064171123,0.0004752898553205056,1,1,41,57,1,1,1.0,1.0
2022,2022-01-01T00:00:00+00:00,2023-01-01T00:00:00+00:00,DCA,98,97,14452,14546,0.014740584713697994,0.5582450832072617,0.016669008415247592,97,98,14546,14452,97,98,0.023370323599115547,0.023564755512373477
2022,2022-01-01T00:00:00+00:00,2023-01-01T00:00:00+00:00,DDC,2,2,60,67,0.0,0.3954983922829582,0.0006314175677657086,2,2,67,60,2,2,0.5001113833815994,0.5555555555555556
2022,2022-01-01T00:00:00+00:00,2023-01-01T00:00:00+00:00,DEC,5,5,121,109,3.6821020384116885e-05,0.3963480128893663,0.0009873962703774043,5,5,109,121,5,5,0.41015066071879475,0.391435011269722
2022,2022-01-01T00:00:00+00:00,2023-01-01T00:00:00+00:00,DEN,180,180,27603,27667,0.17906611799422995,0.6519434628975265,0.04167749910571242,180,180,27667,27603,180,180,0.012283144140773623,0.012144746010236808
2022,2022-01-01T00:00:00+00:00,2023-01-01T00:00:00+00:00,DFW,185,187,28179,28081,0.1681846239657498,0.6577540106951871,0.04310663205370716,187,185,28081,28179,187,185,0.009300338831045037,0.009226969661704268
2022,2022-01-01T00:00:00+00:00,2023-01-01T00:00:00+00:00,DHN,1,1,104,94,0.0,0.38477580813347234,0.0005195107963872861,1,1,94,104,1,1,1.0,1.0
2022,2022-01-01T00:00:00+00:00,2023-01-01T00:00:00+00:00,DIK,1,1,10,7,0.0,0.3950749464668094,0.00041821227910793566,1,1,7,10,1,1,1.0,1.0
2022,2022-01-01T00:00:00+00:00,2023-01-01T00:00:00+00:00,DLG,1,1,46,34,0.0,0.3342391304347826,0.0005513278420590936,1,1,34,46,1,1,1.0,1.0
2022,2022-01-01T00:00:00+00:00,2023-01-01T00:00:00+00:00,DLH,2,2,149,161,0.0,0.4037199124726477,0.0005975071963821193,2,2,161,149,2,2,0.8310250376142896,0.8983829557227152
2022,2022-01-01T00:00:00+00:00,2023-01-01T00:00:00+00:00,DRO,4,4,301,344,0.0,0.42857142857142855,0.0007762964863865115,4,4,344,301,4,4,0.3447133585722012,0.3591902959128486
2022,2022-01-01T00:00:00+00:00,2023-01-01T00:00:00+00:00,DRT,1,1,71,78,0.0,0.39720129171151775,0.000498087595684219,1,1,78,71,1,1,1.0,1.0
2022,2022-01-01T00:00:00+00:00,2023-01-01T00:00:00+00:00,DSM,32,32,1452,1511,0.0008728596171804076,0.501358695652174,0.0022025848062744735,32,32,1511,1452,32,32,0.07629249610511225,0.08117425191054041
2022,2022-01-01T00:00:00+00:00,2023-01-01T00:00:00+00:00,DTW,103,102,13066,12758,0.04505316333432722,0.5650842266462481,0.018048776424699972,102,103,12758,13066,102,103,0.016221365955725403,0.016459279173480636
2022,2022-01-01T00:00:00+00:00,2023-01-01T00:00:00+00:00,DVL,2,2,73,58,0.0,0.3954983922829582,0.0008000946778053707,2,2,58,73,2,2,0.5053507728894173,0.5271157815725277
2022,2022-01-01T00:00:00+00:00,2023-01-01T00:00:00+00:00,EAR,2,2,69,60,0.0,0.4202733485193622,0.0004919149247171277,2,2,60,69,2,2,0.5088888888888888,0.5001050199537913
2022,2022-01-01T00:00:00+00:00,2023-01-01T00:00:00+00:00,EAT,1,1,69,60,0.0,0.36176470588235293,0.0004885552018582915,1,1,60,69,1,1,1.0,1.0
2022,2022-01-01T00:00:00+00:00,2023-01-01T00:00:00+00:00,EAU,1,1,50,56,0.0,0.3946524064171123,0.0004667075544537389,1,1,56,50,1,1,1.0,1.0
2022,2022-01-01T00:00:00+00:00,2023-01-01T00:00:00+00:00,ECP,14,15,715,665,6.928048809542688e-06,0.45,0.0011764622650948394,15,14,665,715,15,14,0.1594640737181299,0.16748985280453813
2022,2022-01-01T00:00:00+00:00,2023-01-01T00:00:00+00:00,EGE,12,12,285,306,4.828986279884182e-07,0.4629861982434128,0.0007461401531579509,12,12,306,285,12,12,0.25680293904053997,0.2115727916281933
2022,2022-01-01T00:00:00+00:00,2023-01-01T00:00:00+00:00,EKO,1,1,39,31,0.0,0.35825242718446604,0.00045248841091697614,1,1,31,39,1,1,1.0,1.0
2022,2022-01-01T00:00:00+00:00,2023-01-01T00:00:00+00:00,ELM,4,4,100,101,2.2963299256774834e-05,0.3788501026694045,0.0005793729758512844,4,4,101,100,4,4,0.4837761003823155,0.5217999999999999
2022,2022-01-01T00:00:00+00:00,2023-01-01T00:00:00+00:00,ELP,15,15,1773,1833,1.2000578700414893e-05,0.47429305912596403,0.00232179824009453,15,15,1833,1773,15,15,0.09281169705308717,0.09439804754465443
2022,2022-01-01T00:00:00+00:00,2023-01-01T00:00:00+00:00,ERI,1,1,19,19,0.0,0.3746192893401015,0.0004276900290797109,1,1,19,19,1,1,1.0,1.0
2022,2022-01-01T00:00:00+00:00,2023-01-01T00:00:00+00:00,ESC,4,4,79,72,0.0001290032673841938,0.38198757763975155,0.0005162231171718274,4,4,72,79,4,4,0.45408950617283955,0.4638679698766224
2022,2022-01-01T00:00:00+00:00,2023-01-01T00:00:00+00:00,EUG,15,15,933,914,0.00015918353400785028,0.46532156368221944,0.001485974356707547,15,15,914,933,15,15,0.15821239268562454,0.17459037391627003
2022,2022-01-01T00:00:00+00:00,2023-01-01T00:00:00+00:00,EVV,5,5,189,198,4.458825461897392e-05,0.4377224199288256,0.0006566980512764595,5,5,198,189,5,5,0.3840934598510356,0.39828112314884795
2022,2022-01-01T00:00:00+00:00,2023-01-01T00:00:00+00:00,EWN,2,2,93,105,0.0,0.3761467889908257,0.0005138862989541579,2,2,105,93,2,2,0.9811337868480727,0.9375650364203956
2022,2022-01-01T00:00:00+00:00,2023-01-01T00:00:00+00:00,EWR,90,90,13174,13284,0.01126673928642903,0.5616438356164384,0.014764139686170127,90,90,13284,13174,90,90,0.024333110648514227,0.024308556938118887
2022,2022-01-01T00:00:00+00:00,2023-01-01T00:00:00+00:00,EYW,20,20,806,881,0.00016394213421426935,0.4566831683168317,0.0013016033466842773,20,20,881,806,20,20,0.10589426678227841,0.10967988227253415
2022,2022-01-01T00:00:00+00:00,2023-01-01T00:00:00+00:00,FAI,4,4,495,503,0.0,0.4202733485193622,0.0015128722650327771,4,4,503,495,4,4,0.4536795133769944,0.4617936945209673
2022,2022-01-01T00:00:00+00:00,2023-01-01T00:00:00+00:00,FAR,12,12,621,614,0.00029751771173777345,0.4718670076726343,0.001260559421127554,12,12,614,621,12,12,0.2090738363271759,0.19597241994497472
2022,2022-01-01T00:00:00+00:00,2023-01-01T00:00:00+00:00,FAT,11,11,1107,1126,0.0,0.4618272841051314,0.0016287773007575158,11,11,1126,1107,11,11,0.10744583855203506,0.10757118411292514
2022,2022-01-01T00:00:00+00:00,2023-01-01T00:00:00+00:00,FAY,3,3,193,222,0.0,0.4155405405405405,0.0006281935661838349,3,3,222,193,3,3,0.3742796850904959,0.3982657252543692
2022,2022-01-01T00:00:00+00:00,2023-01-01T00:00:00+00:00,FCA,14,13,472,459,0.00017074173040388117,0.47368421052631576,0.0009886268971118824,13,14,459,472,13,14,0.18686545061016419,0.171403691467969
2022,2022-01-01T00:00:00+00:00,2023-01-01T00:00:00+00:00,FLG,3,3,206,197,0.0,0.422680412371134,0.0006358307843162081,3,3,197,206,3,3,0.5467030843361076,0.4994344424545198
2022,2022-01-01T00:00:00+00:00,2023-01-01T00:00:00+00:00,FLL,88,90,8525,8533,0.01730919359124816,0.5499254843517138,0.010004413242626936,90,88,8533,8525,90,88,0.03155263132197732,0.03152590706994264
2022,2022-01-01T00:00:00+00:00,2023-01-01T00:00:00+00:00,FLO,1,1,17,8,0.0,0.3746192893401015,0.0004253442792192577,1,1,8,17,1,1,1.0,1.0
2022,2022-01-01T00:00:00+00:00,2023-01-01T00:00:00+00:00,FNT,13,13,273,244,0.0002264040853931953,0.4377224199288256,0.0008863342257128627,13,13,244,273,13,13,0.16712577264176295,0.17481785613653744
2022,2022-01-01T00:00:00+00:00,2023-01-01T00:00:00+00:00,FOD,3,3,60,48,0.00024238583126815334,0.4207525655644242,0.000664522277789863,3,3,48,60,3,3,0.44878472222222227,0.41055555555555556
2022,2022-01-01T00:00:00+00:00,2023-01-01T00:00:00+00:00,FSD,18,17,780,747,0.000495833205401311,0.484251968503937,0.0014659236737957484,17,18,747,780,17,18,0.15191332039447392,0.15102892833662065
2022,2022-01-01T00:00:00+00:00,2023-01-01T00:00:00+00:00,FSM,1,1,164,133,0.0,0.39720129171151775,0.000619488211119848,1,1,133,164,1,1,1.0,1.0
2022,2022-01-01T00:00:00+00:00,2023-01-01T00:00:00+00:00,FWA,14,14,460,495,0.00037204226062283343,0.4635678391959799,0.001077655411323803,14,14,495,460,14,14,0.2018283848586879,0.16762759924385634
2022,2022-01-01T00:00:00+00:00,2023-01-01T00:00:00+00:00,GCC,1,1,60,49,0.0,0.3950749464668094,0.00048224664762058637,1,1,49,60,1,1,1.0,1.0
2022,2022-01-01T00:00:00+00:00,2023-01-01T00:00:00+00:00,GCK,1,1,61,82,0.0,0.39720129171151775,0.00048503376606748473,1,1,82,61,1,1,1.0,1.0
2022,2022-01-01T00:00:00+00:00,2023-01-01T00:00:00+00:00,GEG,20,20,2060,2054,0.00038993941524350685,0.4823529411764706,0.0027987532362390485,20,20,2054,2060,20,20,0.14845946209879507,0.13416674521632577
2022,2022-01-01T00:00:00+00:00,2023-01-01T00:00:00+00:00,GFK,3,4,146,148,1.0541595330077171e-05,0.39006342494714585,0.0005990746429848814,4,3,148,146,4,3,0.6748539079620162,0.726121223494089
2022,2022-01-01T00:00:00+00:00,2023-01-01T00:00:00+00:00,GGG,1,1,82,91,0.0,0.39720129171151775,0.0005124468082626268,1,1,91,82,1,1,1.0,1.0
2022,2022-01-01T00:00:00+00:00,2023-01-01T00:00:00+00:00,GJT,7,8,326,338,8.429613247427803e-05,0.43462897526501765,0.0008091220196080889,8,7,338,326,8,7,0.306379328454886,0.28772253377996915
2022,2022-01-01T00:00:00+00:00,2023-01-01T00:00:00+00:00,GNV,4,4,387,377,0.0,0.4160090191657272,0.0008419610160245159,4,4,377,387,4,4,0.36108746279788084,0.33290600858655667
2022,2022-01-01T00:00:00+00:00,2023-01-01T00:00:00+00:00,GPT,4,4,309,332,3.6040002551318884e-05,0.42462600690448793,0.0007750753275176784,4,4,332,309,4,4,0.32844026709246626,0.3402038101821305
2022,2022-01-01T00:00:00+00:00,2023-01-01T00:00:00+00:00,GRB,8,8,414,415,4.532890766984086e-07,0.4635678391959799,0.0009123698116532652,8,8,415,414,8,8,0.2755174916533604,0.28077668090270486
2022,2022-01-01T00:00:00+00:00,2023-01-01T00:00:00+00:00,GRI,3,3,100,82,2.9923641042172074e-05,0.41,0.000549521032788873,3,3,82,100,3,3,0.5713860797144557,0.6082
2022,2022-01-01T00:00:00+00:00,2023-01-01T00:00:00+00:00,GRK,1,2,202,209,0.0,0.39720129171151775,0.0006690927636634383,2,1,209,202,2,1,0.9904764085071311,1.0
2022,2022-01-01T00:00:00+00:00,2023-01-01T00:00:00+00:00,GRR,35,35,1595,1643,0.0008170126654331692,0.5006784260515604,0.002405483826750102,35,35,1643,1595,35,35,0.06423570143388521,0.06496044653649237
2022,2022-01-01T00:00:00+00:00,2023-01-01T00:00:00+00:00,GSO,11,12,1021,987,8.729101011499165e-05,0.44727272727272727,0.0015285814010279975,12,11,987,1021,12,11,0.15893854146457134,0.15978362324582399
2022,2022-01-01T00:00:00+00:00,2023-01-01T00:00:00+00:00,GSP,17,18,1196,1297,0.00021001840971522696,0.4785992217898833,0.0017695677954646777,18,17,1297,1196,18,17,0.1152704568813982,0.12113538998445209
2022,2022-01-01T00:00:00+00:00,2023-01-01T00:00:00+00:00,GST,1,1,9,8,0.0,0.26993416239941476,0.0004489430918601419,1,1,8,9,1,1,1.0,1.0
2022,2022-01-01T00:00:00+00:00,2023-01-01T00:00:00+00:00,GTF,6,6,217,220,9.332731972128372e-05,0.4403341288782816,0.0006914530402108521,6,6,220,217,6,6,0.30293388429752066,0.32825075920066255
2022,2022-01-01T00:00:00+00:00,2023-01-01T00:00:00+00:00,GTR,1,1,104,95,0.0,0.38477580813347234,0.0005195107963872861,1,1,95,104,1,1,1.0,1.0
2022,2022-01-01T00:00:00+00:00,2023-01-01T00:00:00+00:00,GUC,3,3,108,104,0.0,0.422680412371134,0.0005397272576732307,3,3,104,108,3,3,0.7132026627218936,0.5197187928669411
2022,2022-01-01T00:00:00+00:00,2023-01-01T00:00:00+00:00,GUM,2,2,68,64,0.005420054200542005,0.3407202216066482,0.0013173781135569042,2,2,64,68,2,2,0.50439453125,0.5069204152249135
2022,2022-01-01T00:00:00+00:00,2023-01-01T00:00:00+00:00,HDN,15,13,227,281,2.1504940267249007e-06,0.48046875,0.0006828955397186894,13,15,281,227,13,15,0.457884271982371,0.43406625395408416
2022,2022-01-01T00:00:00+00:00,2023-01-01T00:00:00+00:00,HGR,3,3,28,25,4.115287515529076e-06,0.3527724665391969,0.000480759690620916,3,3,25,28,3,3,0.4432,0.3852040816326531
2022,2022-01-01T00:00:00+00:00,2023-01-01T00:00:00+00:00,HHH,10,7,205,205,3.871608973529558e-07,0.4377224199288256,0.000630690655247022,7,10,205,205,7,10,0.3152647233789411,0.2726710291493159
2022,2022-01-01T00:00:00+00:00,2023-01-01T00:00:00+00:00,HIB,2,2,71,65,0.0,0.3708542713567839,0.0005412447638016584,2,2,65,71,2,2,0.7841420118343194,0.7786153540964094
2022,2022-01-01T00:00:00+00:00,2023-01-01T00:00:00+00:00,HLN,3,3,146,155,0.0,0.40416210295728366,0.000585041751129453,3,3,155,146,3,3,0.3560041623309053,0.3560705573278289
2022,2022-01-01T00:00:00+00:00,2023-01-01T00:00:00+00:00,HNL,35,35,5709,5623,0.01850777864340057,0.5146443514644351,0.0075815389349190064,35,35,5623,5709,35,35,0.09884465333163768,0.09999972079621189
2022,2022-01-01T00:00:00+00:00,2023-01-01T00:00:00+00:00,HOB,2,2,25,29,0.0,0.4028384279475983,0.0004335190160278513,2,2,29,25,2,2,0.5719381688466112,0.5648000000000001
2022,2022-01-01T00:00:00+00:00,2023-01-01T00:00:00+00:00,HOU,71,70,5271,5167,0.004723149973946296,0.5110803324099723,0.006287127006755965,70,71,5167,5271,70,71,0.029448208433258523,0.028642852409822096
2022,2022-01-01T00:00:00+00:00,2023-01-01T00:00:00+00:00,HPN,12,12,1281,1263,4.60159856425823e-05,0.42462600690448793,0.0018107692581848002,12,12,1263,1281,12,12,0.11388950010939279,0.1144408672722874
2022,2022-01-01T00:00:00+00:00,2023-01-01T00:00:00+00:00,HRL,9,9,392,360,7.80851165168436e-06,0.45781637717121587,0.0008436369706306685,9,9,360,392,9,9,0.27851851851851855,0.28741930445647645
2022,2022-01-01T00:00:00+00:00,2023-01-01T00:00:00+00:00,HSV,10,9,796,759,0.0,0.4635678391959799,0.0013303803586931515,9,10,759,796,9,10,0.1810075319269339,0.1816052624933714
2022,2022-01-01T00:00:00+00:00,2023-01-01T00:00:00+00:00,HTS,5,5,37,46,1.7001389239642317e-05,0.35755813953488375,0.000499288800930256,5,5,46,37,5,5,0.30340264650283555,0.2534696859021183
2022,2022-01-01T00:00:00+00:00,2023-01-01T00:00:00+00:00,HYA,1,1,10,14,0.0,0.34976303317535545,0.0004150661903101235,1,1,14,10,1,1,1.0,1.0
2022,2022-01-01T00:00:00+00:00,2023-01-01T00:00:00+00:00,HYS,3,2,83,68,0.0,0.4207525655644242,0.0008065512254823897,2,3,68,83,2,3,0.5038927335640138,0.3816228770503701
2022,2022-01-01T00:00:00+00:00,2023-01-01T00:00:00+00:00,IAD,67,67,5750,5841,0.009706649382264612,0.5355587808417998,0.0076774327504990515,67,67,5841,5750,67,67,0.026702919262528567,0.02657312665406427
2022,2022-01-01T00:00:00+00:00,2023-01-01T00:00:00+00:00,IAG,4,4,36,37,1.0730100307317034e-05,0.3551491819056785,0.0005119726368842967,4,4,37,36,4,4,0.3776479181884588,0.33024691358024694
2022,2022-01-01T00:00:00+00:00,2023-01-01T00:00:00+00:00,IAH,110,110,12973,12836,0.038581344928358456,0.5783699059561128,0.015873084354994457,110,110,12836,12973,110,110,0.021445180230383908,0.021396852022572316
2022,2022-01-01T00:00:00+00:00,2023-01-01T00:00:00+00:00,ICT,14,14,969,895,0.0004518346273420904,0.4836173001310616,0.0016418660600780988,14,14,895,969,14,14,0.15242595424612215,0.1504780283739154
2022,2022-01-01T00:00:00+00:00,2023-01-01T00:00:00+00:00,IDA,11,12,449,498,0.00011007164692366465,0.44244604316546765,0.0009915195576991084,12,11,498,449,12,11,0.18731955936194575,0.1924940848507696
2022,2022-01-01T00:00:00+00:00,2023-01-01T00:00:00+00:00,ILG,1,1,2,4,0.0,0.35755813953488375,0.00040735189468130546,1,1,4,2,1,1,1.0,1.0
2022,2022-01-01T00:00:00+00:00,2023-01-01T00:00:00+00:00,ILM,8,8,729,680,2.3378425640709131e-07,0.43617021276595747,0.0011902353878805822,8,8,680,729,8,8,0.2041695501730104,0.20176651782606156
2022,2022-01-01T00:00:00+00:00,2023-01-01T00:00:00+00:00,IMT,4,4,76,89,8.540149470146883e-05,0.38198757763975155,0.0005160295465102632,4,4,89,76,4,4,0.46976391869713424,0.4629501385041551
2022,2022-01-01T00:00:00+00:00,2023-01-01T00:00:00+00:00,IND,44,43,4300,4155,0.0011094210417869768,0.517531556802244,0.005125221150529909,43,44,4155,4300,43,44,0.04155236105137707,0.03989118442401298
2022,2022-01-01T00:00:00+00:00,2023-01-01T00:00:00+00:00,INL,2,2,56,72,0.0,0.3708542713567839,0.0005240826182359795,2,2,72,56,2,2,0.78125,0.7551020408163265
2022,2022-01-01T00:00:00+00:00,2023-01-01T00:00:00+00:00,ISP,10,10,461,465,1.180778881292544e-05,0.40108695652173915,0.0008617824364072335,10,10,465,461,10,10,0.18020580413920687,0.18745912168679804
2022,2022-01-01T00:00:00+00:00,2023-01-01T00:00:00+00:00,ITH,3,3,63,68,0.0,0.38965153115100315,0.00047973940519946455,3,3,68,63,3,3,0.5160034602076125,0.4880322499370118
2022,2022-01-01T00:00:00+00:00,2023-01-01T00:00:00+00:00,ITO,3,3,641,644,0.0,0.36752988047808766,0.001131522528752265,3,3,644,641,3,3,0.8595009837583426,0.8367653894923349
2022,2022-01-01T00:00:00+00:00,2023-01-01T00:00:00+00:00,JAC,15,17,503,485,4.588399124693807e-06,0.4836173001310616,0.0009916340627603368,17,15,485,503,17,15,0.12847699011584654,0.13105067408669258
2022,2022-01-01T00:00:00+00:00,2023-01-01T00:00:00+00:00,JAN,8,8,788,800,1.8903347828436134e-06,0.422680412371134,0.001302712115102406,8,8,800,788,8,8,0.2365,0.24552616661083768
2022,2022-01-01T00:00:00+00:00,2023-01-01T00:00:00+00:00,JAX,33,32,2923,2930,0.0006332015114889711,0.49265687583444595,0.003502748877547301,32,33,2930,2923,32,33,0.06231103449079197,0.06260339944304312
2022,2022-01-01T00:00:00+00:00,2023-01-01T00:00:00+00:00,JFK,72,72,13894,13975,0.01367556222131962,0.537117903930131,0.015883673578367116,72,72,13975,13894,72,72,0.027677213014551283,0.02822324217565437
2022,2022-01-01T00:00:00+00:00,2023-01-01T00:00:00+00:00,JLN,3,3,53,71,0.00024238583126815334,0.4207525655644242,0.0004973738975364823,3,3,71,53,3,3,0.44931561198174963,0.44749021003915984
2022,2022-01-01T00:00:00+00:00,2023-01-01T00:00:00+00:00,JMS,2,2,72,82,0.0,0.3954983922829582,0.0007692427167509969,2,2,82,72,2,2,0.5047590719809638,0.5385802469135802
2022,2022-01-01T00:00:00+00:00,2023-01-01T00:00:00+00:00,JNU,7,7,500,504,0.01532217239686836,0.36936936936936937,0.002863388872134376,7,7,504,500,7,7,0.23201688082640465,0.21811200000000003
2022,2022-01-01T00:00:00+00:00,2023-01-01T00:00:00+00:00,JST,3,3,83,72,0.0,0.39762931034482757,0.0006287478695219802,3,3,72,83,3,3,0.4147376543209876,0.3793003338655828
2022,2022-01-01T00:00:00+00:00,2023-01-01T00:00:00+00:00,KOA,16,16,1694,1698,9.155818340781081e-05,0.4511002444987775,0.0022599546533660195,16,16,1698,1694,16,16,0.23753088577846035,0.23288249798929203
2022,2022-01-01T00:00:00+00:00,2023-01-01T00:00:00+00:00,KTN,4,4,252,273,0.005327114168577582,0.36426456071076013,0.0013609158011139634,4,4,273,252,4,4,0.40806934213527624,0.37156714537666924
2022,2022-01-01T00:00:00+00:00,2023-01-01T00:00:00+00:00,LAN,3,3,220,195,0.0,0.40327868852459015,0.0006610825987537593,3,3,195,220,3,3,0.35863247863247866,0.35714876033057846
2022,2022-01-01T00:00:00+00:00,2023-01-01T00:00:00+00:00,LAR,2,2,64,77,0.0,0.3954983922829582,0.0005011414215585859,2,2,77,64,2,2,0.9251138471917693,0.939453125
2022,2022-01-01T00:00:00+00:00,2023-01-01T00:00:00+00:00,LAS,125,125,17891,17697,0.04332929385797712,0.5970873786407767,0.02088844345649609,125,125,17697,17891,125,125,0.022192753265862477,0.022543593270249428
2022,2022-01-01T00:00:00+00:00,2023-01-01T00:00:00+00:00,LAW,1,1,112,135,0.0,0.39720129171151775,0.0005516082971128297,1,1,135,112,1,1,1.0,1.0
2022,2022-01-01T00:00:00+00:00,2023-01-01T00:00:00+00:00,LAX,105,104,19665,19739,0.02162697496184024,0.5729813664596274,0.022148547520842613,104,105,19739,19665,104,105,0.026379915735086277,0.026317629343111663
2022,2022-01-01T00:00:00+00:00,2023-01-01T00:00:00+00:00,LBB,8,8,593,606,4.257923308663708e-06,0.43259085580304807,0.0010715034436622473,8,8,606,593,8,8,0.24327135683865417,0.23205241590335818
2022,2022-01-01T00:00:00+00:00,2023-01-01T00:00:00+00:00,LBE,5,5,95,111,3.4306715089689638e-06,0.3678963110667996,0.0005087247426040247,5,5,111,95,5,5,0.31547763980196414,0.2664819944598338
2022,2022-01-01T00:00:00+00:00,2023-01-01T00:00:00+00:00,LBF,3,3,68,64,7.364204076823377e-06,0.3959227467811159,0.0005992712073429419,3,3,64,68,3,3,0.54541015625,0.5795847750865053
2022,2022-01-01T00:00:00+00:00,2023-01-01T00:00:00+00:00,LBL,2,2,72,70,0.0,0.3954983922829582,0.0007196928056723803,2,2,70,72,2,2,0.5918367346938775,0.5034722222222221
2022,2022-01-01T00:00:00+00:00,2023-01-01T00:00:00+00:00,LCH,2,2,113,120,0.0,0.39978331527627303,0.0005521507273648514,2,2,120,113,2,2,0.9834722222222223,0.9483123188973295
2022,2022-01-01T00:00:00+00:00,2023-01-01T00:00:00+00:00,LCK,10,10,99,91,6.335390758432298e-05,0.3761467889908257,0.0006024798995511024,10,10,91,99,10,10,0.13609467455621302,0.11560044893378227
2022,2022-01-01T00:00:00+00:00,2023-01-01T00:00:00+00:00,LEX,14,14,704,703,0.00023361891977498182,0.4566831683168317,0.0013187318593365395,14,14,703,704,14,14,0.19086054685365908,0.18089004390495866
2022,2022-01-01T00:00:00+00:00,2023-01-01T00:00:00+00:00,LFT,4,4,341,336,0.0,0.4178935447338618,0.000816921306022164,4,4,336,341,4,4,0.33281958616780044,0.346668845297168
2022,2022-01-01T00:00:00+00:00,2023-01-01T00:00:00+00:00,LGA,83,84,17231,17378,0.007975619592734493,0.5324675324675324,0.01975608187089664,84,83,17378,17231,84,83,0.026841799081602984,0.026289065295353187
2022,2022-01-01T00:00:00+00:00,2023-01-01T00:00:00+00:00,LGB,17,17,1554,1651,4.344298253438266e-05,0.44350961538461536,0.0020187647965944685,17,17,1651,1554,17,17,0.08961732716364841,0.0855706782347709
2022,2022-01-01T00:00:00+00:00,2023-01-01T00:00:00+00:00,LIH,13,13,1618,1566,1.408676106197772e-06,0.41836734693877553,0.002155144464058592,13,13,1566,1618,13,13,0.24624891328991386,0.2513907966770617
2022,2022-01-01T00:00:00+00:00,2023-01-01T00:00:00+00:00,LIT,17,18,1125,1114,0.0002193941920047266,0.4792207792207792,0.0017467456686929817,18,17,1114,1125,18,17,0.14224864544285395,0.13769244444444445
2022,2022-01-01T00:00:00+00:00,2023-01-01T00:00:00+00:00,LNK,2,2,22,20,0.0,0.4037199124726477,0.00043251198767905064,2,2,20,22,2,2,0.6800000000000002,0.8347107438016528
2022,2022-01-01T00:00:00+00:00,2023-01-01T00:00:00+00:00,LRD,2,2,147,160,0.0,0.4081858407079646,0.0005954846124891025,2,2,160,147,2,2,0.8507031249999999,0.9216992919616825
2022,2022-01-01T00:00:00+00:00,2023-01-01T00:00:00+00:00,LSE,3,3,155,158,0.0,0.4063876651982379,0.0005995576407260184,3,3,158,155,3,3,0.5011216151257811,0.4881997918834547
2022,2022-01-01T00:00:00+00:00,2023-01-01T00:00:00+00:00,LWB,2,2,46,43,0.0,0.3950749464668094,0.0006594976337008806,2,2,43,46,2,2,0.5024337479718766,0.5340264650283554
2022,2022-01-01T00:00:00+00:00,2023-01-01T00:00:00+00:00,LWS,2,2,120,110,0.0,0.39720129171151775,0.0005532134243418249,2,2,110,120,2,2,0.5371900826446281,0.5555555555555556
2022,2022-01-01T00:00:00+00:00,2023-01-01T00:00:00+00:00,LYH,1,1,25,25,0.0,0.3746192893401015,0.0004347272786610705,1,1,25,25,1,1,1.0,1.0
2022,2022-01-01T00:00:00+00:00,2023-01-01T00:00:00+00:00,MAF,8,8,893,879,4.257923308663708e-06,0.43259085580304807,0.001394927715248215,8,8,879,893,8,8,0.17028736502463626,0.17452526744657024
2022,2022-01-01T00:00:00+00:00,2023-01-01T00:00:00+00:00,MBS,2,2,111,121,0.0,0.39935064935064934,0.0005392875866228769,2,2,121,111,2,2,0.7024793388429753,0.7406054703352001
2022,2022-01-01T00:00:00+00:00,2023-01-01T00:00:00+00:00,MCI,48,47,4575,4477,0.0012099245950377274,0.5204513399153737,0.0053336959678550065,47,48,4477,4575,47,48,0.039336535996231006,0.0396319269013706
2022,2022-01-01T00:00:00+00:00,2023-01-01T00:00:00+00:00,MCO,92,93,14893,15095,0.018712680555088394,0.5557228915662651,0.0172881576327669,93,92,15095,14893,93,92,0.02418135072771421,0.023893049499419637
2022,2022-01-01T00:00:00+00:00,2023-01-01T00:00:00+00:00,MCW,2,2,56,54,0.0,0.3950749464668094,0.0007692068600138311,2,2,54,56,2,2,0.5685871056241427,0.5
2022,2022-01-01T00:00:00+00:00,2023-01-01T00:00:00+00:00,MDT,15,15,503,513,0.00026881699769847403,0.4761290322580645,0.001091590206876904,15,15,513,503,15,15,0.1605318255569615,0.1668833914999071
2022,2022-01-01T00:00:00+00:00,2023-01-01T00:00:00+00:00,MDW,79,79,7861,7979,0.003596332698532798,0.5340086830680174,0.008756632554215877,79,79,7979,7861,79,79,0.02139459608229341,0.02088920292201411
2022,2022-01-01T00:00:00+00:00,2023-01-01T00:00:00+00:00,MEI,2,2,72,87,0.0,0.36716417910447763,0.0006947140537057917,2,2,87,72,2,2,0.5481569560047562,0.5061728395061729
2022,2022-01-01T00:00:00+00:00,2023-01-01T00:00:00+00:00,MEM,29,29,2123,2127,0.0003507100663076826,0.4979757085020243,0.0027874482374241664,29,29,2127,2123,29,29,0.0688249605614694,0.06827783274008799
2022,2022-01-01T00:00:00+00:00,2023-01-01T00:00:00+00:00,MFE,6,6,343,359,3.513224752369478e-05,0.42609699769053117,0.0008305157017609369,6,6,359,343,6,6,0.4002374283253543,0.4302714005218914
2022,2022-01-01T00:00:00+00:00,2023-01-01T00:00:00+00:00,MFR,11,11,751,804,8.448912915687466e-05,0.4197952218430034,0.0012682482043517335,11,11,804,751,11,11,0.19966089948268606,0.20564679849858422
2022,2022-01-01T00:00:00+00:00,2023-01-01T00:00:00+00:00,MGM,3,4,248,272,0.0,0.4122905027932961,0.0006915167566526352,4,3,272,248,4,3,0.4026005622837371,0.3998764308012487
2022,2022-01-01T00:00:00+00:00,2023-01-01T00:00:00+00:00,MHK,2,2,215,188,0.0,0.42219679633867274,0.0006798742236700656,2,2,188,215,2,2,0.5382526029877773,0.5376527852893456
2022,2022-01-01T00:00:00+00:00,2023-01-01T00:00:00+00:00,MHT,12,12,689,686,6.8670264885027674e-06,0.422680412371134,0.0011021683977914438,12,12,686,689,12,12,0.13232156669414954,0.13755658586833108
2022,2022-01-01T00:00:00+00:00,2023-01-01T00:00:00+00:00,MIA,83,82,10971,10947,0.006698767952343367,0.5434462444771723,0.012245182639071282,82,83,10947,10971,82,83,0.02954303464472256,0.02917052281941401
2022,2022-01-01T00:00:00+00:00,2023-01-01T00:00:00+00:00,MKE,29,29,2697,2650,3.3470585339909446e-05,0.5034106412005457,0.003352029150879232,29,29,2650,2697,29,29,0.04795955856176575,0.05164625576503315
2022,2022-01-01T00:00:00+00:00,2023-01-01T00:00:00+00:00,MKG,1,1,46,44,0.0,0.3946524064171123,0.00046180338252987225,1,1,44,46,1,1,1.0,1.0
2022,2022-01-01T00:00:00+00:00,2023-01-01T00:00:00+00:00,MLB,6,6,269,247,0.0001734100583317635,0.39935064935064934,0.000718439774031797,6,6,247,269,6,6,0.4313625858479897,0.41297107557938667
2022,2022-01-01T00:00:00+00:00,2023-01-01T00:00:00+00:00,MLI,10,10,405,417,0.00035453178498727505,0.4718670076726343,0.0009580881033951754,10,10,417,405,10,10,0.19052959071591646,0.17997866178936137
2022,2022-01-01T00:00:00+00:00,2023-01-01T00:00:00+00:00,MLU,2,2,204,222,0.0,0.40863787375415284,0.0006496326610732414,2,2,222,204,2,2,0.5010145280415551,0.5007689350249904
2022,2022-01-01T00:00:00+00:00,2023-01-01T00:00:00+00:00,MOB,4,4,338,310,0.0,0.4178935447338618,0.0008049615037006863,4,4,310,338,4,4,0.37017689906347556,0.3777703861909597
2022,2022-01-01T00:00:00+00:00,2023-01-01T00:00:00+00:00,MOT,4,4,240,240,3.1525421784432136e-05,0.41460674157303373,0.0007297540301319292,4,4,240,240,4,4,0.4083680555555555,0.4548958333333334
2022,2022-01-01T00:00:00+00:00,2023-01-01T00:00:00+00:00,MQT,2,2,109,113,0.0,0.39935064935064934,0.0005376343522436475,2,2,113,109,2,2,0.5047380374344115,0.5050921639592627
2022,2022-01-01T00:00:00+00:00,2023-01-01T00:00:00+00:00,MRY,8,8,420,448,0.0,0.4377224199288256,0.0008661612552572776,8,8,448,420,8,8,0.15489477040816327,0.1471995464852608
2022,2022-01-01T00:00:00+00:00,2023-01-01T00:00:00+00:00,MSN,16,16,1096,1068,1.593427541489142e-06,0.4785992217898833,0.0016956040159656987,16,16,1068,1096,16,16,0.10746924490454347,0.109718818264159
2022,2022-01-01T00:00:00+00:00,2023-01-01T00:00:00+00:00,MSO,14,13,463,451,0.00014319276629541828,0.47066326530612246,0.0009917893569502787,13,14,451,463,13,14,0.18049567111272807,0.175916293867117
2022,2022-01-01T00:00:00+00:00,2023-01-01T00:00:00+00:00,MSP,116,116,12331,12327,0.06669839560397404,0.5875796178343949,0.01874731477759964,116,116,12327,12331,116,116,0.016367609898327154,0.016375381040895188
2022,2022-01-01T00:00:00+00:00,2023-01-01T00:00:00+00:00,MSY,40,42,4905,5045,0.001851603655711776,0.5110803324099723,0.005571101272008371,42,40,5045,4905,42,40,0.04145811580807421,0.04159266636948089
2022,2022-01-01T00:00:00+00:00,2023-01-01T00:00:00+00:00,MTJ,10,10,310,294,4.27258282424801e-06,0.4583850931677019,0.0007864374721027775,10,10,294,310,10,10,0.3180850571521126,0.3517793964620188
2022,2022-01-01T00:00:00+00:00,2023-01-01T00:00:00+00:00,MVY,6,7,95,79,7.439167506866954e-07,0.4132138857782755,0.0004973893926434887,7,6,79,95,7,6,0.3186989264540939,0.2542936288088643
2022,2022-01-01T00:00:00+00:00,2023-01-01T00:00:00+00:00,MYR,48,47,1679,1577,0.01426832273395467,0.5,0.0025290111856639923,47,48,1577,1679,47,48,0.06633120607785746,0.0643349990298119
2022,2022-01-01T00:00:00+00:00,2023-01-01T00:00:00+00:00,OAJ,2,2,201,202,0.0,0.39171974522292996,0.0006332796646192664,2,2,202,201,2,2,0.5176943436917949,0.5006064206331526
2022,2022-01-01T00:00:00+00:00,2023-01-01T00:00:00+00:00,OAK,38,41,4796,4856,0.001400140575165709,0.48172323759791125,0.005559554707483704,41,38,4856,4796,41,38,0.05750151309950631,0.05744457259003019
2022,2022-01-01T00:00:00+00:00,2023-01-01T00:00:00+00:00,OGD,1,1,1,2,0.0,0.2949640287769784,0.00040872273858061977,1,1,2,1,1,1,1.0,1.0
2022,2022-01-01T00:00:00+00:00,2023-01-01T00:00:00+00:00,OGG,22,22,3122,3160,0.0012063708339343669,0.4855263157894737,0.003797403839933713,22,22,3160,3122,22,22,0.15986540618490627,0.15166590676569044
2022,2022-01-01T00:00:00+00:00,2023-01-01T00:00:00+00:00,OGS,3,3,26,29,0.0001397265732050857,0.39762931034482757,0.00044566617143037613,3,3,29,26,3,3,0.7526753864447085,0.7899408284023668
2022,2022-01-01T00:00:00+00:00,2023-01-01T00:00:00+00:00,OKC,25,24,2077,2110,0.0002497146388920538,0.5006784260515604,0.0027483337529508284,24,25,2110,2077,24,25,0.07552031625525034,0.07533758668721716
2022,2022-01-01T00:00:00+00:00,2023-01-01T00:00:00+00:00,OMA,29,30,2199,2174,0.0009406046398675257,0.5068681318681318,0.002937061771259962,30,29,2174,2199,30,29,0.0668052394739537,0.06650155792423734
2022,2022-01-01T00:00:00+00:00,2023-01-01T00:00:00+00:00,OME,1,2,80,75,0.0,0.3342391304347826,0.0006591835561074717,2,1,75,80,2,1,0.5022222222222222,1.0
2022,2022-01-01T00:00:00+00:00,2023-01-01T00:00:00+00:00,ONT,21,21,2439,2405,4.439079084396674e-05,0.4718670076726343,0.0030552106795654075,21,21,2405,2439,21,21,0.07482350093576706,0.07681768904609915
2022,2022-01-01T00:00:00+00:00,2023-01-01T00:00:00+00:00,ORD,179,180,26690,26510,0.1583446706351819,0.6507936507936508,0.03823050730021017,180,179,26510,26690,180,179,0.013453989377331544,0.013613738971281358
2022,2022-01-01T00:00:00+00:00,2023-01-01T00:00:00+00:00,ORF,26,27,2203,2229,0.0007554845241227058,0.48616600790513836,0.002773869740851966,27,26,2229,2203,27,26,0.07342122005675422,0.07202389182085503
2022,2022-01-01T00:00:00+00:00,2023-01-01T00:00:00+00:00,ORH,3,3,175,175,6.270246224831498e-07,0.3716012084592145,0.0005752894322906601,3,3,175,175,3,3,0.4354938775510204,0.47572244897959187
2022,2022-01-01T00:00:00+00:00,2023-01-01T00:00:00+00:00,OTH,2,2,30,27,0.0,0.3967741935483871,0.0004367388580224462,2,2,27,30,2,2,0.654320987654321,0.768888888888889
2022,2022-01-01T00:00:00+00:00,2023-01-01T00:00:00+00:00,OTZ,2,1,76,98,0.0,0.3345421577515866,0.0007971188370586735,1,2,98,76,1,2,1.0,0.5031163434903048
2022,2022-01-01T00:00:00+00:00,2023-01-01T00:00:00+00:00,OWB,1,1,4,12,0.0,0.3,0.00041744166754802744,1,1,12,4,1,1,1.0,1.0
2022,2022-01-01T00:00:00+00:00,2023-01-01T00:00:00+00:00,PAE,11,11,454,416,7.316902368655396e-05,0.39213602550478216,0.0008910668022534149,11,11,416,454,11,11,0.11827385355029585,0.12215451493333851
2022,2022-01-01T00:00:00+00:00,2023-01-01T00:00:00+00:00,PAH,3,3,76,80,0.0,0.3954983922829582,0.0006821713186929228,3,3,80,76,3,3,0.5184375,0.5637119113573407
2022,2022-01-01T00:00:00+00:00,2023-01-01T00:00:00+00:00,PBG,5,6,72,71,0.0001559717184085393,0.3773006134969325,0.000557336840975989,6,5,71,72,6,5,0.26006744693513195,0.25192901234567905
2022,2022-01-01T00:00:00+00:00,2023-01-01T00:00:00+00:00,PBI,28,30,2577,2497,0.0009013551473446559,0.48616600790513836,0.0031886994971077713,30,28,2497,2577,30,28,0.08373123438955742,0.08169233551510639
2022,2022-01-01T00:00:00+00:00,2023-01-01T00:00:00+00:00,PDX,57,58,6078,6201,0.00403978287904408,0.5324675324675324,0.007215055201144237,58,57,6201,6078,58,57,0.04773093362882594,0.04778690882734174
2022,2022-01-01T00:00:00+00:00,2023-01-01T00:00:00+00:00,PGD,51,50,626,639,0.007007017924356711,0.41460674157303373,0.002288481459773005,50,51,639,626,50,51,0.028582904136696372,0.02670742785983321
2022,2022-01-01T00:00:00+00:00,2023-01-01T00:00:00+00:00,PGV,1,1,10,6,0.0,0.3746192893401015,0.00041713415470767147,1,1,6,10,1,1,1.0,1.0
2022,2022-01-01T00:00:00+00:00,2023-01-01T00:00:00+00:00,PHF,1,1,41,48,0.0,0.3746192893401015,0.0004534932775446961,1,1,48,41,1,1,1.0,1.0
2022,2022-01-01T00:00:00+00:00,2023-01-01T00:00:00+00:00,PHL,81,82,8851,8971,0.006491156128455714,0.5442477876106194,0.00993774642959898,82,81,8971,8851,82,81,0.02782146179267169,0.028019854072112986
2022,2022-01-01T00:00:00+00:00,2023-01-01T00:00:00+00:00,PHX,107,107,16925,16882,0.023791600449287253,0.5747663551401869,0.020235793887662803,107,107,16882,16925,107,107,0.01918347751224304,0.01890277071710496
2022,2022-01-01T00:00:00+00:00,2023-01-01T00:00:00+00:00,PIA,13,13,342,333,0.0003728547549743495,0.47126436781609193,0.0009171347733726843,13,13,333,342,13,13,0.1665539413287161,0.17290790328648128
2022,2022-01-01T00:00:00+00:00,2023-01-01T00:00:00+00:00,PIB,2,2,56,70,0.0,0.36716417910447763,0.0006363529045927401,2,2,70,56,2,2,0.503673469387755,0.5025510204081632
2022,2022-01-01T00:00:00+00:00,2023-01-01T00:00:00+00:00,PIE,59,59,827,764,0.0057757956590431155,0.39339019189765456,0.0026362085461642025,59,59,764,827,59,59,0.024694361448425208,0.025138574325697553
2022,2022-01-01T00:00:00+00:00,2023-01-01T00:00:00+00:00,PIH,1,1,41,42,0.0,0.35825242718446604,0.0004549029240201336,1,1,42,41,1,1,1.0,1.0
2022,2022-01-01T00:00:00+00:00,2023-01-01T00:00:00+00:00,PIT,46,45,4167,4190,0.0019823667550412857,0.5168067226890757,0.0048698918140773475,45,46,4190,4167,45,46,0.04255250311857417,0.04454123151789326
2022,2022-01-01T00:00:00+00:00,2023-01-01T00:00:00+00:00,PLN,3,3,72,71,7.364204076823377e-06,0.3621197252208047,0.0005201504897004906,3,3,71,72,3,3,0.9448522118627257,0.8437499999999999
2022,2022-01-01T00:00:00+00:00,2023-01-01T00:00:00+00:00,PNS,19,19,1146,1076,1.3166301646251093e-05,0.47247119078104993,0.001654855985026681,19,19,1076,1146,19,19,0.11931323502991945,0.1150964428972159
2022,2022-01-01T00:00:00+00:00,2023-01-01T00:00:00+00:00,PPG,1,1,7,7,0.0,0.3400921658986175,0.00041342952403966755,1,1,7,7,1,1,1.0,1.0
2022,2022-01-01T00:00:00+00:00,2023-01-01T00:00:00+00:00,PRC,2,2,71,69,0.0,0.398488120950324,0.00048423843495005455,2,2,69,71,2,2,0.5001050199537913,0.5008926800238047
2022,2022-01-01T00:00:00+00:00,2023-01-01T00:00:00+00:00,PSC,9,9,585,608,7.620412680716381e-05,0.42560553633217996,0.0011279130968649101,9,9,608,585,9,9,0.3381286790166206,0.3330937248885967
2022,2022-01-01T00:00:00+00:00,2023-01-01T00:00:00+00:00,PSE,2,2,77,82,0.0,0.3657086223984143,0.0004801015935132968,2,2,82,77,2,2,0.5669244497323023,0.5068308315061562
2022,2022-01-01T00:00:00+00:00,2023-01-01T00:00:00+00:00,PSG,2,2,72,84,7.821162381077546e-05,0.2703296703296703,0.0009966593735173692,2,2,84,72,2,2,0.5025510204081632,0.5061728395061729
2022,2022-01-01T00:00:00+00:00,2023-01-01T00:00:00+00:00,PSM,5,5,47,40,1.0730100307317034e-05,0.3742393509127789,0.0005384591302008488,5,5,40,47,5,5,0.29250000000000004,0.31824354911724756
2022,2022-01-01T00:00:00+00:00,2023-01-01T00:00:00+00:00,PSP,29,28,1504,1430,0.0010429162900296393,0.49463806970509383,0.002093364354533042,28,29,1430,1504,28,29,0.09489070370189252,0.10019380941602535
2022,2022-01-01T00:00:00+00:00,2023-01-01T00:00:00+00:00,PUB,1,1,54,40,0.0,0.3950749464668094,0.0004745625233990683,1,1,40,54,1,1,1.0,1.0
2022,2022-01-01T00:00:00+00:00,2023-01-01T00:00:00+00:00,PUW,2,2,144,145,0.0,0.36354679802955664,0.0005759113253902101,2,2,145,144,2,2,0.7056837098692033,0.7040895061728394
2022,2022-01-01T00:00:00+00:00,2023-01-01T00:00:00+00:00,PVD,22,21,1528,1562,0.00010007426654627849,0.46946564885496184,0.0020036022795245764,21,22,1562,1528,21,22,0.08781790966963461,0.08229540719826758
2022,2022-01-01T00:00:00+00:00,2023-01-01T00:00:00+00:00,PVU,10,12,141,157,9.903182342422793e-05,0.4028384279475983,0.0007008607533685665,12,10,157,141,12,10,0.21392348573978662,0.2499371258990996
2022,2022-01-01T00:00:00+00:00,2023-01-01T00:00:00+00:00,PWM,21,22,1098,1121,8.397195140869947e-06,0.47797927461139894,0.0015251626823441808,22,21,1121,1098,22,21,0.09361862297983274,0.09222265354129548
2022,2022-01-01T00:00:00+00:00,2023-01-01T00:00:00+00:00,RAP,12,11,448,456,0.0001524896747755154,0.4718670076726343,0.0010078755125570607,11,12,456,448,11,12,0.20859302862419207,0.21620894451530615
2022,2022-01-01T00:00:00+00:00,2023-01-01T00:00:00+00:00,RDD,3,3,171,180,0.0,0.3738601823708207,0.0005835713110440028,3,3,180,171,3,3,0.396358024691358,0.41568345815806573
2022,2022-01-01T00:00:00+00:00,2023-01-01T00:00:00+00:00,RDM,8,8,792,784,0.0,0.4164785553047404,0.0012968163740949223,8,8,784,792,8,8,0.2394835485214494,0.22631619222528315
2022,2022-01-01T00:00:00+00:00,2023-01-01T00:00:00+00:00,RDU,49,49,5598,5539,0.0016634185275872517,0.5197183098591549,0.00626678393512262,49,49,5539,5598,49,49,0.04434751939186431,0.0440035556004856
2022,2022-01-01T00:00:00+00:00,2023-01-01T00:00:00+00:00,RFD,6,6,68,79,4.616540240639799e-05,0.3929712460063898,0.0005692903423203715,6,6,79,68,6,6,0.19307803236660792,0.20717993079584776
2022,2022-01-01T00:00:00+00:00,2023-01-01T00:00:00+00:00,RHI,2,2,73,63,0.0,0.3708542713567839,0.0005034193804213279,2,2,63,73,2,2,0.9385235575711766,0.9729780446612872
2022,2022-01-01T00:00:00+00:00,2023-01-01T00:00:00+00:00,RIC,22,23,1912,1897,0.0003625294456291942,0.4829842931937173,0.00247559679254992,23,22,1897,1912,23,22,0.09590622376590512,0.097445007090212
2022,2022-01-01T00:00:00+00:00,2023-01-01T00:00:00+00:00,RIW,1,1,32,37,0.0,0.3950749464668094,0.00044638740125350196,1,1,37,32,1,1,1.0,1.0
2022,2022-01-01T00:00:00+00:00,2023-01-01T00:00:00+00:00,RKS,1,1,42,39,0.0,0.3950749464668094,0.0004591942749560321,1,1,39,42,1,1,1.0,1.0
2022,2022-01-01T00:00:00+00:00,2023-01-01T00:00:00+00:00,RNO,20,22,1979,2022,9.793431910378437e-05,0.47247119078104993,0.0025216165945131474,22,20,2022,1979,22,20,0.0952871528909004,0.09383034239504692
2022,2022-01-01T00:00:00+00:00,2023-01-01T00:00:00+00:00,ROA,6,5,208,242,4.621466199636977e-05,0.42219679633867274,0.0006551312055318008,5,6,242,208,5,6,0.3885322040844204,0.37375184911242604
2022,2022-01-01T00:00:00+00:00,2023-01-01T00:00:00+00:00,ROC,20,21,1291,1259,0.00021349998833819416,0.46532156368221944,0.0017846850062423832,21,20,1259,1291,21,20,0.09487023060651159,0.09438218831318052
2022,2022-01-01T00:00:00+00:00,2023-01-01T00:00:00+00:00,ROW,2,2,128,141,0.0,0.4019607843137255,0.0005607528932892354,2,2,141,128,2,2,0.5760776620894321,0.5645751953125
2022,2022-01-01T00:00:00+00:00,2023-01-01T00:00:00+00:00,RST,2,2,159,175,0.0,0.4037199124726477,0.0006069612556518387,2,2,175,159,2,2,0.5493877551020409,0.5300818796724813
2022,2022-01-01T00:00:00+00:00,2023-01-01T00:00:00+00:00,RSW,49,48,3679,3767,0.002595430295606185,0.5103734439834025,0.004415888619406432,48,49,3767,3679,48,49,0.04280666870139149,0.04098436052022302
2022,2022-01-01T00:00:00+00:00,2023-01-01T00:00:00+00:00,SAF,3,3,179,190,0.0,0.422680412371134,0.0006235057174387817,3,3,190,179,3,3,0.5638781163434904,0.5484535438968822
2022,2022-01-01T00:00:00+00:00,2023-01-01T00:00:00+00:00,SAN,68,66,8891,8795,0.005943336212457437,0.5355587808417998,0.009985975488321705,66,68,8795,8891,66,68,0.04333395279567665,0.043186592526306265
2022,2022-01-01T00:00:00+00:00,2023-01-01T00:00:00+00:00,SAT,35,36,3601,3542,0.0001817980685297841,0.5068681318681318,0.004317129062140628,36,35,3542,3601,36,35,0.05227421781567069,0.0508479046480424
2022,2022-01-01T00:00:00+00:00,2023-01-01T00:00:00+00:00,SAV,32,33,1798,1885,0.001596291738589534,0.48874172185430464,0.0024220429549790786,33,32,1885,1798,33,32,0.07376200493917498,0.07547998579561273
2022,2022-01-01T00:00:00+00:00,2023-01-01T00:00:00+00:00,SBA,12,12,764,757,8.210961317769233e-06,0.4600997506234414,0.0012420593479714555,12,12,757,764,12,12,0.13168681910272942,0.12201899618979743
2022,2022-01-01T00:00:00+00:00,2023-01-01T00:00:00+00:00,SBN,14,14,550,554,0.00036756162890214854,0.4635678391959799,0.0011671877582295652,14,14,554,550,14,14,0.15618605742287792,0.1600595041322314
2022,2022-01-01T00:00:00+00:00,2023-01-01T00:00:00+00:00,SBP,8,8,538,503,0.0,0.43411764705882355,0.0009977354581204418,8,8,503,538,8,8,0.14669438636570242,0.15404706955404154
2022,2022-01-01T00:00:00+00:00,2023-01-01T00:00:00+00:00,SCC,1,1,41,41,0.0,0.3342391304347826,0.0005354667076402144,1,1,41,41,1,1,1.0,1.0
2022,2022-01-01T00:00:00+00:00,2023-01-01T00:00:00+00:00,SCE,4,4,62,67,3.968019685635143e-05,0.4095449500554939,0.0004928329116742551,4,4,67,62,4,4,0.4595678324793941,0.43756503642039546
2022,2022-01-01T00:00:00+00:00,2023-01-01T00:00:00+00:00,SCK,2,2,76,61,0.0,0.37962962962962965,0.0004818802949020555,2,2,61,76,2,2,0.8226283257188929,0.6994459833795013
2022,2022-01-01T00:00:00+00:00,2023-01-01T00:00:00+00:00,SDF,36,35,2234,2202,0.0005373536221115045,0.5006784260515604,0.002940540714710988,35,36,2202,2234,35,36,0.06181854329438764,0.060250190552293074
2022,2022-01-01T00:00:00+00:00,2023-01-01T00:00:00+00:00,SEA,93,93,17800,17813,0.06117945500839533,0.5659509202453987,0.025237239635518122,93,93,17813,17800,93,93,0.022444142336405307,0.022430330766317383
2022,2022-01-01T00:00:00+00:00,2023-01-01T00:00:00+00:00,SFB,70,67,904,921,0.01500611137296447,0.4280742459396752,0.0032584535303103027,67,70,921,904,67,70,0.023956634965770343,0.023739133839768188
2022,2022-01-01T00:00:00+00:00,2023-01-01T00:00:00+00:00,SFO,79,80,13360,13449,0.01266029715051641,0.5507462686567164,0.0159489149277753,80,79,13449,13360,80,79,0.03133682469422728,0.031801079726774
2022,2022-01-01T00:00:00+00:00,2023-01-01T00:00:00+00:00,SGF,13,14,633,670,0.00042349571157206155,0.47368421052631576,0.0012665694618803787,14,13,670,633,14,13,0.20774337268879484,0.18566768740843895
2022,2022-01-01T00:00:00+00:00,2023-01-01T00:00:00+00:00,SGU,4,4,296,316,0.0,0.4251152073732719,0.0007584306813457346,4,4,316,296,4,4,0.31689633071623136,0.3323365595325055
2022,2022-01-01T00:00:00+00:00,2023-01-01T00:00:00+00:00,SHD,3,3,59,47,1.1248065131038446e-05,0.3963480128893663,0.0007107782822747114,3,3,47,59,3,3,0.46491625169760076,0.3852341281241023
2022,2022-01-01T00:00:00+00:00,2023-01-01T00:00:00+00:00,SHR,1,1,62,67,0.0,0.3950749464668094,0.0004848080223610924,1,1,67,62,1,1,1.0,1.0
2022,2022-01-01T00:00:00+00:00,2023-01-01T00:00:00+00:00,SHV,7,8,428,413,5.046188730487255e-05,0.43617021276595747,0.0009212485005639498,8,7,413,428,8,7,0.3552286757851661,0.32221154685998776
2022,2022-01-01T00:00:00+00:00,2023-01-01T00:00:00+00:00,SIT,3,3,153,149,0.0,0.363905325443787,0.0009819473577253124,3,3,149,153,3,3,0.37020854916445206,0.396642317057542
2022,2022-01-01T00:00:00+00:00,2023-01-01T00:00:00+00:00,SJC,35,35,5409,5554,0.0006645894238403752,0.5034106412005457,0.006129247234495675,35,35,5554,5409,35,35,0.06646907587131239,0.06582870773261534
2022,2022-01-01T00:00:00+00:00,2023-01-01T00:00:00+00:00,SJT,1,1,150,153,0.0,0.39720129171151775,0.0006012128496564199,1,1,153,150,1,1,1.0,1.0
2022,2022-01-01T00:00:00+00:00,2023-01-01T00:00:00+00:00,SJU,28,29,2987,2997,0.0002183620638691618,0.4659090909090909,0.00342483816398779,29,28,2997,2987,29,28,0.0866519951160147,0.09241889500187679
2022,2022-01-01T00:00:00+00:00,2023-01-01T00:00:00+00:00,SLC,87,87,11051,11145,0.0384463080921407,0.5574018126888217,0.015827541121451485,87,87,11145,11051,87,87,0.021453176157269455,0.02232669730482886
2022,2022-01-01T00:00:00+00:00,2023-01-01T00:00:00+00:00,SLN,3,3,99,82,0.00010821100724273068,0.4207525655644242,0.0008038256204655394,3,3,82,99,3,3,0.4173111243307555,0.35863687378838893
2022,2022-01-01T00:00:00+00:00,2023-01-01T00:00:00+00:00,SMF,35,35,5458,5488,0.0004963931924918481,0.502724795640327,0.006223707909522642,35,35,5488,5458,35,35,0.06406789209853038,0.06564261469140877
2022,2022-01-01T00:00:00+00:00,2023-01-01T00:00:00+00:00,SMX,2,2,6,12,0.0,0.376530612244898,0.00041373957982040587,2,2,12,6,2,2,0.8472222222222221,0.7222222222222223
2022,2022-01-01T00:00:00+00:00,2023-01-01T00:00:00+00:00,SNA,40,38,4752,4689,0.0020142337181310623,0.5068681318681318,0.005702434190538542,38,40,4689,4752,38,40,0.06359697746653536,0.06428916337902028
2022,2022-01-01T00:00:00+00:00,2023-01-01T00:00:00+00:00,SPI,4,4,124,117,9.764152988771573e-05,0.43462897526501765,0.000614211596220472,4,4,117,124,4,4,0.5245817809920373,0.504032258064516
2022,2022-01-01T00:00:00+00:00,2023-01-01T00:00:00+00:00,SPN,1,1,35,30,0.0,0.25430737422467264,0.0010214583772990633,1,1,30,35,1,1,1.0,1.0
2022,2022-01-01T00:00:00+00:00,2023-01-01T00:00:00+00:00,SPS,1,1,110,117,0.0,0.39720129171151775,0.0005489975311894828,1,1,117,110,1,1,1.0,1.0
2022,2022-01-01T00:00:00+00:00,2023-01-01T00:00:00+00:00,SRQ,48,48,1581,1568,0.0033646388503162285,0.5,0.002255933518080428,48,48,1568,1581,48,48,0.060119806851311956,0.05938522804604489
2022,2022-01-01T00:00:00+00:00,2023-01-01T00:00:00+00:00,STC,2,2,17,10,5.397818208523269e-06,0.3075,0.00046098621021492704,2,2,10,17,2,2,0.58,0.7093425605536332
2022,2022-01-01T00:00:00+00:00,2023-01-01T00:00:00+00:00,STL,59,59,5923,6205,0.0010564432398819414,0.5263908701854494,0.006765739576461035,59,59,6205,5923,59,59,0.031961202040671884,0.03134180563446212
2022,2022-01-01T00:00:00+00:00,2023-01-01T00:00:00+00:00,STS,9,9,440,443,3.3108685430612137e-06,0.4164785553047404,0.0008726726812267277,9,9,443,440,9,9,0.13213315736640696,0.12603305785123967
2022,2022-01-01T00:00:00+00:00,2023-01-01T00:00:00+00:00,STT,14,14,567,512,7.095431663376226e-07,0.4451145958986731,0.0009831029670943933,14,14,512,567,14,14,0.1126251220703125,0.1018666268519296
2022,2022-01-01T00:00:00+00:00,2023-01-01T00:00:00+00:00,STX,4,4,122,118,2.266445383492043e-07,0.3950749464668094,0.0005255970144883433,4,4,118,122,4,4,0.3886814133869577,0.43415748454716474
2022,2022-01-01T00:00:00+00:00,2023-01-01T00:00:00+00:00,SUN,6,6,205,199,0.0,0.4336075205640423,0.0006454324419702834,6,6,199,205,6,6,0.24910987096285445,0.27219512195121953
2022,2022-01-01T00:00:00+00:00,2023-01-01T00:00:00+00:00,SUX,3,3,69,82,0.0002170195812135806,0.4207525655644242,0.0005118402666617921,3,3,82,69,3,3,0.4351576442593694,0.46313799621928164
2022,2022-01-01T00:00:00+00:00,2023-01-01T00:00:00+00:00,SWF,11,11,83,89,8.57182834781815e-05,0.40504939626783754,0.0005621116943245622,11,11,89,83,11,11,0.13268526701174094,0.12120772245608942
2022,2022-01-01T00:00:00+00:00,2023-01-01T00:00:00+00:00,SWO,1,1,78,66,0.0,0.39720129171151775,0.000507225276415933,1,1,66,78,1,1,1.0,1.0
2022,2022-01-01T00:00:00+00:00,2023-01-01T00:00:00+00:00,SYR,26,26,1384,1346,0.00036961982941614374,0.4836173001310616,0.001935416620329626,26,26,1346,1384,26,26,0.07356340618507536,0.07719519529553276
2022,2022-01-01T00:00:00+00:00,2023-01-01T00:00:00+00:00,TBN,2,2,49,53,0.0,0.3950749464668094,0.0006208534695974709,2,2,53,49,2,2,0.5044499822000712,0.5002082465639317
2022,2022-01-01T00:00:00+00:00,2023-01-01T00:00:00+00:00,TLH,5,5,544,544,0.0,0.41694915254237286,0.001008024616113714,5,5,544,544,5,5,0.24368782439446368,0.24058580233564011
2022,2022-01-01T00:00:00+00:00,2023-01-01T00:00:00+00:00,TOL,5,5,76,84,9.87560596326516e-05,0.413677130044843,0.0005703102952370959,5,5,84,76,5,5,0.27239229024943307,0.30713296398891965
2022,2022-01-01T00:00:00+00:00,2023-01-01T00:00:00+00:00,TPA,64,66,7599,7486,0.004359835435918582,0.5278969957081545,0.008527806266991898,66,64,7486,7599,66,64,0.030560742507039055,0.029921949163873647
2022,2022-01-01T00:00:00+00:00,2023-01-01T00:00:00+00:00,TRI,5,5,337,315,6.322096367889795e-05,0.42560553633217996,0.0008393664564594222,5,5,315,337,5,5,0.40371882086167804,0.34917098856201956
2022,2022-01-01T00:00:00+00:00,2023-01-01T00:00:00+00:00,TTN,9,9,223,221,6.0476424855538005e-06,0.40108695652173915,0.0006328322260984608,9,9,221,223,9,9,0.18015601646157942,0.1816847312433389
2022,2022-01-01T00:00:00+00:00,2023-01-01T00:00:00+00:00,TUL,23,23,1568,1578,0.0005184765599437434,0.48488830486202367,0.0022011817847375457,23,23,1578,1568,23,23,0.0825530383713963,0.08515006768013328
2022,2022-01-01T00:00:00+00:00,2023-01-01T00:00:00+00:00,TUS,18,18,1776,1643,0.00023742217423045753,0.48172323759791125,0.002393760327999612,18,18,1643,1776,18,18,0.09544281073656143,0.09271961995779562
2022,2022-01-01T00:00:00+00:00,2023-01-01T00:00:00+00:00,TVC,16,16,429,420,0.0004934686555188771,0.48172323759791125,0.0009558768178885643,16,16,420,429,16,16,0.2445124716553288,0.25569845849566125
2022,2022-01-01T00:00:00+00:00,2023-01-01T00:00:00+00:00,TWF,1,1,46,45,0.0,0.35825242718446604,0.0004609392067780273,1,1,45,46,1,1,1.0,1.0
2022,2022-01-01T00:00:00+00:00,2023-01-01T00:00:00+00:00,TXK,1,1,109,85,0.0,0.39720129171151775,0.0005476921482278094,1,1,85,109,1,1,1.0,1.0
2022,2022-01-01T00:00:00+00:00,2023-01-01T00:00:00+00:00,TYR,1,1,112,136,0.0,0.39720129171151775,0.0005516082971128297,1,1,136,112,1,1,1.0,1.0
2022,2022-01-01T00:00:00+00:00,2023-01-01T00:00:00+00:00,TYS,29,27,1329,1336,0.00042669090177014084,0.49463806970509383,0.0020685125803249177,27,29,1336,1329,27,29,0.09743088672953493,0.09959173181915718
2022,2022-01-01T00:00:00+00:00,2023-01-01T00:00:00+00:00,USA,6,6,96,98,8.136898124278541e-05,0.3738601823708207,0.0006443377109182093,6,6,98,96,6,6,0.2301124531445231,0.22092013888888887
2022,2022-01-01T00:00:00+00:00,2023-01-01T00:00:00+00:00,VCT,1,1,55,58,0.0,0.3667992047713718,0.00046321400195382847,1,1,58,55,1,1,1.0,1.0
2022,2022-01-01T00:00:00+00:00,2023-01-01T00:00:00+00:00,VEL,1,1,52,49,0.0,0.3950749464668094,0.00047200114865856224,1,1,49,52,1,1,1.0,1.0
2022,2022-01-01T00:00:00+00:00,2023-01-01T00:00:00+00:00,VLD,1,1,103,94,0.0,0.38477580813347234,0.0005184136291663064,1,1,94,103,1,1,1.0,1.0
2022,2022-01-01T00:00:00+00:00,2023-01-01T00:00:00+00:00,VPS,46,44,957,880,0.004439836004791178,0.4973045822102426,0.0016848771979284419,44,46,880,957,44,46,0.10919421487603306,0.10755375613228818
2022,2022-01-01T00:00:00+00:00,2023-01-01T00:00:00+00:00,WRG,2,2,77,75,7.364204076823377e-06,0.2675852066715011,0.000961067109203654,2,2,75,77,2,2,0.5022222222222222,0.5000843312531624
2022,2022-01-01T00:00:00+00:00,2023-01-01T00:00:00+00:00,WYS,2,2,21,26,0.0,0.39720129171151775,0.0004309046546259075,2,2,26,21,2,2,0.7958579881656804,0.8276643990929706
2022,2022-01-01T00:00:00+00:00,2023-01-01T00:00:00+00:00,XNA,23,24,1096,1096,0.0006277602312803056,0.49069148936170215,0.0017670665092484783,24,23,1096,1096,24,23,0.13228262027811818,0.1289160317544888
2022,2022-01-01T00:00:00+00:00,2023-01-01T00:00:00+00:00,XWA,2,2,160,133,0.0,0.4054945054945055,0.0006110579960169633,2,2,133,160,2,2,0.5013850415512464,0.528203125
2022,2022-01-01T00:00:00+00:00,2023-01-01T00:00:00+00:00,YAK,2,2,66,73,3.780291426102667e-05,0.2703296703296703,0.0009679508198276364,2,2,73,66,2,2,0.5000938262338149,0.5041322314049586
2022,2022-01-01T00:00:00+00:00,2023-01-01T00:00:00+00:00,YKM,1,1,60,70,0.0,0.36176470588235293,0.000477709576234002,1,1,70,60,1,1,1.0,1.0
2022,2022-01-01T00:00:00+00:00,2023-01-01T00:00:00+00:00,YUM,2,2,160,172,0.0,0.4019607843137255,0.0005799012220720741,2,2,172,160,2,2,0.6368983234180638,0.625
2023,2023-01-01T00:00:00+00:00,2024-01-01T00:00:00+00:00,ABE,11,11,291,260,0.0002970527972159118,0.45418848167539266,0.001150551877989985,11,11,260,291,11,11,0.19115384615384615,0.16866829631204167
2023,2023-01-01T00:00:00+00:00,2024-01-01T00:00:00+00:00,ABI,1,1,95,76,0.0,0.4020857473928158,0.0006190019017266956,1,1,76,95,1,1,1.0,1.0
2023,2023-01-01T00:00:00+00:00,2024-01-01T00:00:00+00:00,ABQ,25,24,1562,1501,9.436769595783608e-05,0.4928977272727273,0.0029446104609648334,24,25,1501,1562,24,25,0.07653747157679912,0.07566795254122805
2023,2023-01-01T00:00:00+00:00,2024-01-01T00:00:00+00:00,ABR,1,1,44,57,0.0,0.37351991388589884,0.0005146816852125521,1,1,57,44,1,1,1.0,1.0
2023,2023-01-01T00:00:00+00:00,2024-01-01T00:00:00+00:00,ABY,1,1,59,51,0.0,0.38684503901895206,0.000527291060872261,1,1,51,59,1,1,1.0,1.0
2023,2023-01-01T00:00:00+00:00,2024-01-01T00:00:00+00:00,ACK,8,7,147,142,7.144361590333255e-06,0.4091981132075472,0.0006500483525752007,7,8,142,147,7,8,0.22277325927395356,0.20727474663334725
2023,2023-01-01T00:00:00+00:00,2024-01-01T00:00:00+00:00,ACT,1,1,77,73,0.0,0.4020857473928158,0.0005833870223432709,1,1,73,77,1,1,1.0,1.0
2023,2023-01-01T00:00:00+00:00,2024-01-01T00:00:00+00:00,ACV,3,3,110,103,0.0,0.39702517162471396,0.000608050033931294,3,3,103,110,3,3,0.45894994815722495,0.4213223140495868
2023,2023-01-01T00:00:00+00:00,2024-01-01T00:00:00+00:00,ACY,6,6,205,179,1.068753794967368e-05,0.3668076109936575,0.0007485285462590734,6,6,179,205,6,6,0.19234730501544897,0.20399762046400954
2023,2023-01-01T00:00:00+00:00,2024-01-01T00:00:00+00:00,ADK,1,1,6,7,0.0,0.3339749759384023,0.0004605088656499935,1,1,7,6,1,1,1.0,1.0
2023,2023-01-01T00:00:00+00:00,2024-01-01T00:00:00+00:00,ADQ,1,1,66,67,0.0,0.3339749759384023,0.0007552526945637212,1,1,67,66,1,1,1.0,1.0
2023,2023-01-01T00:00:00+00:00,2024-01-01T00:00:00+00:00,AEX,2,2,113,117,0.0,0.41211401425178146,0.0006365656579142826,2,2,117,113,2,2,0.539776462853386,0.5031717440676637
2023,2023-01-01T00:00:00+00:00,2024-01-01T00:00:00+00:00,AGS,8,9,239,273,7.572584532592761e-07,0.43375,0.0008240451119397376,9,8,273,239,9,8,0.32004991345650685,0.30515922340295165
2023,2023-01-01T00:00:00+00:00,2024-01-01T00:00:00+00:00,AKN,1,1,17,21,0.0,0.3339749759384023,0.0005145452342841768,1,1,21,17,1,1,1.0,1.0
2023,2023-01-01T00:00:00+00:00,2024-01-01T00:00:00+00:00,ALB,20,19,830,808,0.00044044716674352866,0.4651474530831099,0.0017879667262668381,19,20,808,830,19,20,0.0903924860307813,0.09369719843228336
2023,2023-01-01T00:00:00+00:00,2024-01-01T00:00:00+00:00,ALO,1,1,5,4,0.0,0.39120631341600903,0.0004399443238567357,1,1,4,5,1,1,1.0,1.0
2023,2023-01-01T00:00:00+00:00,2024-01-01T00:00:00+00:00,ALW,1,1,10,14,0.0,0.3607068607068607,0.0004486344462357674,1,1,14,10,1,1,1.0,1.0
2023,2023-01-01T00:00:00+00:00,2024-01-01T00:00:00+00:00,AMA,6,6,413,357,4.224870290446555e-06,0.43429286608260326,0.00113805907158962,6,6,357,413,6,6,0.23180252493154124,0.24788208877345827
2023,2023-01-01T00:00:00+00:00,2024-01-01T00:00:00+00:00,ANC,29,29,1344,1313,0.06461522188701699,0.5007215007215007,0.007578998019758763,29,29,1313,1344,29,29,0.18296210662720733,0.17539815405328799
2023,2023-01-01T00:00:00+00:00,2024-01-01T00:00:00+00:00,APN,2,2,23,26,0.0,0.3603322949117342,0.0005562792265860739,2,2,26,23,2,2,0.6065088757396448,0.500945179584121
2023,2023-01-01T00:00:00+00:00,2024-01-01T00:00:00+00:00,ASE,9,9,469,459,0.0,0.45657894736842103,0.0012507230479316261,9,9,459,469,9,9,0.1899127116351261,0.1842190206445688
2023,2023-01-01T00:00:00+00:00,2024-01-01T00:00:00+00:00,ATL,152,152,22803,22750,0.08603317948587666,0.6297640653357531,0.04365684923814907,152,152,22750,22803,152,152,0.011431318922835406,0.011473344381402979
2023,2023-01-01T00:00:00+00:00,2024-01-01T00:00:00+00:00,ATW,16,16,349,301,0.0005151111153392619,0.4689189189189189,0.0011568818469710742,16,16,301,349,16,16,0.15058332689484663,0.13406293872792507
2023,2023-01-01T00:00:00+00:00,2024-01-01T00:00:00+00:00,AUS,79,77,6230,6283,0.006241109719666288,0.5499207606973059,0.010448273471552097,77,79,6283,6230,77,79,0.02648218267012216,0.026030675368240972
2023,2023-01-01T00:00:00+00:00,2024-01-01T00:00:00+00:00,AVL,26,25,707,704,0.000716964410899418,0.4901129943502825,0.0018458723832165279,25,26,704,707,25,26,0.11685256327479339,0.10739043191043696
2023,2023-01-01T00:00:00+00:00,2024-01-01T00:00:00+00:00,AVP,3,3,132,133,0.0,0.4039580908032596,0.000653529603174845,3,3,133,132,3,3,0.44100853637854026,0.48220844811753905
2023,2023-01-01T00:00:00+00:00,2024-01-01T00:00:00+00:00,AZA,42,42,386,391,0.0053423651214953806,0.4155688622754491,0.0018363090032418124,42,42,391,386,42,42,0.04107115992176922,0.040054766570914654
2023,2023-01-01T00:00:00+00:00,2024-01-01T00:00:00+00:00,AZO,2,2,79,53,0.0,0.3956670467502851,0.0005641597616034596,2,2,53,79,2,2,0.7992168031327875,0.7981092773593974
2023,2023-01-01T00:00:00+00:00,2024-01-01T00:00:00+00:00,BDL,25,25,1504,1459,6.588840417768331e-05,0.4901129943502825,0.0027955542546318295,25,25,1459,1504,25,25,0.06280743803322339,0.06010921231326392
2023,2023-01-01T00:00:00+00:00,2024-01-01T00:00:00+00:00,BET,1,1,37,40,0.0,0.3339749759384023,0.0006127931772554195,1,1,40,37,1,1,1.0,1.0
2023,2023-01-01T00:00:00+00:00,2024-01-01T00:00:00+00:00,BFF,1,1,39,36,0.0,0.3929784824462061,0.0005039163708738545,1,1,36,39,1,1,1.0,1.0
2023,2023-01-01T00:00:00+00:00,2024-01-01T00:00:00+00:00,BFL,4,4,179,186,0.0,0.4268142681426814,0.0007313990707992289,4,4,186,179,4,4,0.2736732570239334,0.30495302893168125
2023,2023-01-01T00:00:00+00:00,2024-01-01T00:00:00+00:00,BGM,2,2,60,39,0.0,0.3687566418703507,0.0005219579471230818,2,2,39,60,2,2,0.9500328731097962,0.9672222222222222
2023,2023-01-01T00:00:00+00:00,2024-01-01T00:00:00+00:00,BGR,9,10,299,332,0.00012802225017838172,0.4211165048543689,0.0009567092957151434,10,9,332,299,10,9,0.16555378139062274,0.16484155658214114
2023,2023-01-01T00:00:00+00:00,2024-01-01T00:00:00+00:00,BHM,18,18,1030,993,1.916141626699695e-05,0.47730398899587345,0.0021055522725669453,18,18,993,1030,18,18,0.09301464734511165,0.08677160901121689
2023,2023-01-01T00:00:00+00:00,2024-01-01T00:00:00+00:00,BIH,2,2,24,26,0.0,0.3938706015891033,0.000471110067372082,2,2,26,24,2,2,0.5266272189349113,0.53125
2023,2023-01-01T00:00:00+00:00,2024-01-01T00:00:00+00:00,BIL,8,8,261,241,7.516113551487716e-05,0.46082337317397076,0.0009360114927740978,8,8,241,261,8,8,0.22360152201236205,0.21339968585311428
2023,2023-01-01T00:00:00+00:00,2024-01-01T00:00:00+00:00,BIS,6,6,238,207,0.00014540864413745437,0.45123537061118335,0.000926608866650898,6,6,207,238,6,6,0.288524819715746,0.28320740060730176
2023,2023-01-01T00:00:00+00:00,2024-01-01T00:00:00+00:00,BJI,1,1,46,47,0.0,0.37351991388589884,0.0005184838307786398,1,1,47,46,1,1,1.0,1.0
2023,2023-01-01T00:00:00+00:00,2024-01-01T00:00:00+00:00,BLI,7,8,176,201,3.6946965742614406e-05,0.39032620922384703,0.0007246879662621882,8,7,201,176,8,7,0.258384693448182,0.2737603305785124
2023,2023-01-01T00:00:00+00:00,2024-01-01T00:00:00+00:00,BLV,10,9,79,72,0.00010180558426085636,0.40442890442890445,0.0006915617289038675,9,10,72,79,9,10,0.17206790123456792,0.1488543502643807
2023,2023-01-01T00:00:00+00:00,2024-01-01T00:00:00+00:00,BMI,8,8,130,124,0.0002485496534583001,0.4689189189189189,0.0007351381455393668,8,8,124,130,8,8,0.24921956295525496,0.21881656804733726
2023,2023-01-01T00:00:00+00:00,2024-01-01T00:00:00+00:00,BNA,88,86,6412,6555,0.015415046473394652,0.5560897435897436,0.010857255137750627,86,88,6555,6412,86,88,0.02552523649853583,0.02530414160286643
2023,2023-01-01T00:00:00+00:00,2024-01-01T00:00:00+00:00,BOI,22,22,1423,1433,0.00022927250727024543,0.4839609483960948,0.002812711234438317,22,22,1433,1423,22,22,0.08760358589697827,0.0839777592201998
2023,2023-01-01T00:00:00+00:00,2024-01-01T00:00:00+00:00,BOS,74,72,9665,9529,0.004335982932514518,0.543035993740219,0.01550781028681944,72,74,9529,9665,72,74,0.029520249484809455,0.028114660581096317
2023,2023-01-01T00:00:00+00:00,2024-01-01T00:00:00+00:00,BPT,1,1,45,54,0.0,0.4020857473928158,0.0005200716812171825,1,1,54,45,1,1,1.0,1.0
2023,2023-01-01T00:00:00+00:00,2024-01-01T00:00:00+00:00,BQK,1,1,48,52,0.0,0.38684503901895206,0.000509344919190057,1,1,52,48,1,1,1.0,1.0
2023,2023-01-01T00:00:00+00:00,2024-01-01T00:00:00+00:00,BQN,5,5,196,197,1.0434885373326953e-06,0.38173817381738173,0.0007119031831444733,5,5,197,196,5,5,0.27697183642969414,0.28764056643065394
2023,2023-01-01T00:00:00+00:00,2024-01-01T00:00:00+00:00,BRD,1,1,37,37,0.0,0.37351991388589884,0.0005013741757312448,1,1,37,37,1,1,1.0,1.0
2023,2023-01-01T00:00:00+00:00,2024-01-01T00:00:00+00:00,BRO,2,1,87,84,0.0,0.40442890442890445,0.0006027176510349187,1,2,84,87,1,2,1.0,0.9772757299511163
2023,2023-01-01T00:00:00+00:00,2024-01-01T00:00:00+00:00,BRW,1,1,26,20,0.0,0.3339749759384023,0.000558756808621236,1,1,20,26,1,1,1.0,1.0
2023,2023-01-01T00:00:00+00:00,2024-01-01T00:00:00+00:00,BTM,1,1,46,48,0.0,0.35921325051759834,0.0005166139229450299,1,1,48,46,1,1,1.0,1.0
2023,2023-01-01T00:00:00+00:00,2024-01-01T00:00:00+00:00,BTR,5,5,252,285,0.0,0.42009685230024213,0.0008684869673514215,5,5,285,252,5,5,0.3100892582333026,0.2870055429579239
2023,2023-01-01T00:00:00+00:00,2024-01-01T00:00:00+00:00,BTV,13,14,550,553,3.489196544550019e-06,0.4689189189189189,0.0012702963572011538,14,13,553,550,14,13,0.12742921235150045,0.13166280991735538
2023,2023-01-01T00:00:00+00:00,2024-01-01T00:00:00+00:00,BUF,24,24,1301,1354,1.6273683569186808e-05,0.48735955056179775,0.0024222240582361114,24,24,1354,1301,24,24,0.07685309024739871,0.07685981516021792
2023,2023-01-01T00:00:00+00:00,2024-01-01T00:00:00+00:00,BUR,22,21,2012,2009,0.000177132946654484,0.46143617021276595,0.003615215157155315,21,22,2009,2012,21,22,0.09303356399437969,0.09714822397622219
2023,2023-01-01T00:00:00+00:00,2024-01-01T00:00:00+00:00,BWI,66,66,6477,6321,0.003595168273740624,0.5363214837712519,0.010788611630274416,66,66,6321,6477,66,66,0.025718381818204114,0.026042936361151462
2023,2023-01-01T00:00:00+00:00,2024-01-01T00:00:00+00:00,BZN,20,19,686,699,0.00016160885195809743,0.4915014164305949,0.0016482546254706024,19,20,699,686,19,20,0.12141808960685715,0.11227889739819293
2023,2023-01-01T00:00:00+00:00,2024-01-01T00:00:00+00:00,CAE,7,7,422,423,0.0,0.4332084893882647,0.0011262645828270207,7,7,423,422,7,7,0.23078986637157756,0.21799824801778933
2023,2023-01-01T00:00:00+00:00,2024-01-01T00:00:00+00:00,CAK,11,11,232,219,0.00016592673289873112,0.4236874236874237,0.0008861355134975623,11,11,219,232,11,11,0.2431767477742332,0.2450208085612366
2023,2023-01-01T00:00:00+00:00,2024-01-01T00:00:00+00:00,CDC,1,1,40,40,0.0,0.35921325051759834,0.0005054513872685417,1,1,40,40,1,1,1.0,1.0
2023,2023-01-01T00:00:00+00:00,2024-01-01T00:00:00+00:00,CDV,2,2,48,46,0.0012352505495387563,0.33461909353905495,0.0009734006685973081,2,2,46,48,2,2,0.500945179584121,0.513888888888889
2023,2023-01-01T00:00:00+00:00,2024-01-01T00:00:00+00:00,CHA,9,8,390,391,0.00018795112535273343,0.44716494845360827,0.001136272024341763,8,9,391,390,8,9,0.22855031037211948,0.23852728468113082
2023,2023-01-01T00:00:00+00:00,2024-01-01T00:00:00+00:00,CHO,4,4,215,183,0.0,0.4101654846335697,0.0007699146145928317,4,4,183,215,4,4,0.408044432500224,0.4140400216333153
2023,2023-01-01T00:00:00+00:00,2024-01-01T00:00:00+00:00,CHS,31,31,1734,1642,0.0009554816800646627,0.49784791965566716,0.003132627682267299,31,31,1642,1734,31,31,0.060617974277529116,0.06251721124028688
2023,2023-01-01T00:00:00+00:00,2024-01-01T00:00:00+00:00,CID,16,17,460,412,0.0006482969448248456,0.4839609483960948,0.001395946773833527,17,16,412,460,17,16,0.13520360071637288,0.13891304347826086
2023,2023-01-01T00:00:00+00:00,2024-01-01T00:00:00+00:00,CIU,2,2,41,49,0.0,0.3838495575221239,0.0005028118481704105,2,2,49,41,2,2,0.5018742190753853,0.5502676977989293
2023,2023-01-01T00:00:00+00:00,2024-01-01T00:00:00+00:00,CKB,3,4,14,12,1.0388054150838301e-05,0.3385365853658537,0.000494885916656477,4,3,12,14,4,3,0.2777777777777778,0.5000000000000001
2023,2023-01-01T00:00:00+00:00,2024-01-01T00:00:00+00:00,CLE,34,34,2656,2784,0.00048169310439735984,0.50509461426492,0.004587955117280229,34,34,2784,2656,34,34,0.043553990784780026,0.0438275126106837
2023,2023-01-01T00:00:00+00:00,2024-01-01T00:00:00+00:00,CLL,1,1,71,50,0.0,0.4020857473928158,0.0005715153958821294,1,1,50,71,1,1,1.0,1.0
2023,2023-01-01T00:00:00+00:00,2024-01-01T00:00:00+00:00,CLT,128,127,13075,12983,0.04624741947739204,0.5901360544217688,0.025019268714351044,127,128,12983,13075,127,128,0.012542551378176366,0.012574134369664642
2023,2023-01-01T00:00:00+00:00,2024-01-01T00:00:00+00:00,CMH,34,34,2786,2813,9.368779674368996e-05,0.50509461426492,0.004779510153661983,34,34,2813,2786,34,34,0.045245596185199265,0.04509600613053989
2023,2023-01-01T00:00:00+00:00,2024-01-01T00:00:00+00:00,CMI,2,2,91,95,0.0,0.4221411192214112,0.0006042052174160801,2,2,95,91,2,2,0.5004986149584488,0.5266272189349113
2023,2023-01-01T00:00:00+00:00,2024-01-01T00:00:00+00:00,CMX,1,1,44,50,0.0,0.39120631341600903,0.0005094410844220323,1,1,50,44,1,1,1.0,1.0
2023,2023-01-01T00:00:00+00:00,2024-01-01T00:00:00+00:00,CNY,2,2,34,41,0.0,0.3956670467502851,0.0004944223515789503,2,2,41,34,2,2,0.535990481856038,0.5017301038062284
2023,2023-01-01T00:00:00+00:00,2024-01-01T00:00:00+00:00,COS,13,13,797,710,7.610379136403794e-05,0.47210884353741495,0.0018193895076691524,13,13,710,797,13,13,0.20420154731204126,0.1955561083045108
2023,2023-01-01T00:00:00+00:00,2024-01-01T00:00:00+00:00,COU,2,2,92,83,0.0,0.4221411192214112,0.0006071670027791066,2,2,83,92,2,2,0.516330381768036,0.5604914933837429
2023,2023-01-01T00:00:00+00:00,2024-01-01T00:00:00+00:00,CPR,2,2,117,130,0.0,0.3956670467502851,0.0006494548658764339,2,2,130,117,2,2,0.6288757396449705,0.6449704142011835
2023,2023-01-01T00:00:00+00:00,2024-01-01T00:00:00+00:00,CRP,3,3,249,264,1.2813892309486253e-06,0.406799531066823,0.0008699740028121893,3,3,264,249,3,3,0.4590507346189164,0.4746536346187965
2023,2023-01-01T00:00:00+00:00,2024-01-01T00:00:00+00:00,CRW,5,5,240,241,0.0,0.41309523809523807,0.0008243366202147933,5,5,241,240,5,5,0.26540520996539313,0.2549652777777778
2023,2023-01-01T00:00:00+00:00,2024-01-01T00:00:00+00:00,CSG,2,2,67,71,0.0,0.41211401425178146,0.0005406899372620358,2,2,71,67,2,2,0.9722277325927395,0.970594787257741
2023,2023-01-01T00:00:00+00:00,2024-01-01T00:00:00+00:00,CVG,42,44,2641,2725,0.0020124162257721292,0.517910447761194,0.004944065619262168,44,42,2725,2641,44,42,0.03944139382206885,0.03952282483385738
2023,2023-01-01T00:00:00+00:00,2024-01-01T00:00:00+00:00,CWA,2,2,79,92,0.0,0.40162037037037035,0.0005772887820261986,2,2,92,79,2,2,0.5191398865784499,0.5135394968755007
2023,2023-01-01T00:00:00+00:00,2024-01-01T00:00:00+00:00,CYS,1,1,24,11,0.0,0.3929784824462061,0.0004758848754449185,1,1,11,24,1,1,1.0,1.0
2023,2023-01-01T00:00:00+00:00,2024-01-01T00:00:00+00:00,DAB,5,5,212,208,0.0,0.41857659831121835,0.0007798684043004822,5,5,208,212,5,5,0.4253420857988166,0.3853684585261659
2023,2023-01-01T00:00:00+00:00,2024-01-01T00:00:00+00:00,DAL,70,70,5023,5055,0.0036239456293961337,0.52023988005997,0.008583103027849105,70,70,5055,5023,70,70,0.0277112005330093,0.02778288953037806
2023,2023-01-01T00:00:00+00:00,2024-01-01T00:00:00+00:00,DAY,10,10,438,470,0.00029801540435239017,0.447741935483871,0.001216384200161115,10,10,470,438,10,10,0.1539791760977818,0.15502178853651924
2023,2023-01-01T00:00:00+00:00,2024-01-01T00:00:00+00:00,DCA,99,100,9650,9622,0.01737266164416978,0.5623987034035657,0.016574109093772004,100,99,9622,9650,100,99,0.021994432577840197,0.022195645520685117
2023,2023-01-01T00:00:00+00:00,2024-01-01T00:00:00+00:00,DDC,2,2,32,41,0.0,0.3934240362811791,0.0008304111083447746,2,2,41,32,2,2,0.5145746579417013,0.53125
2023,2023-01-01T00:00:00+00:00,2024-01-01T00:00:00+00:00,DEC,2,2,59,62,0.00019294448695907545,0.392090395480226,0.0008453568962170411,2,2,62,59,2,2,0.5332986472424558,0.6047112898592357
2023,2023-01-01T00:00:00+00:00,2024-01-01T00:00:00+00:00,DEN,166,166,19605,19370,0.16567811371021457,0.6461824953445066,0.042579105934508206,166,166,19370,19605,166,166,0.013006717272983866,0.012915855813630084
2023,2023-01-01T00:00:00+00:00,2024-01-01T00:00:00+00:00,DFW,186,186,19161,19282,0.19646301955201811,0.6711798839458414,0.044869892480620024,186,186,19282,19161,186,186,0.009757664538209986,0.009616351512463147
2023,2023-01-01T00:00:00+00:00,2024-01-01T00:00:00+00:00,DHN,1,1,39,60,0.0,0.38684503901895206,0.0004946617123591626,1,1,60,39,1,1,1.0,1.0
2023,2023-01-01T00:00:00+00:00,2024-01-01T00:00:00+00:00,DIK,1,1,44,40,0.0,0.3929784824462061,0.0005132602026834998,1,1,40,44,1,1,1.0,1.0
2023,2023-01-01T00:00:00+00:00,2024-01-01T00:00:00+00:00,DLG,1,1,17,13,0.0,0.3339749759384023,0.0005145452342841768,1,1,13,17,1,1,1.0,1.0
2023,2023-01-01T00:00:00+00:00,2024-01-01T00:00:00+00:00,DLH,2,2,128,116,0.0,0.40162037037037035,0.000668416570817194,2,2,116,128,2,2,0.5786266349583828,0.52392578125
2023,2023-01-01T00:00:00+00:00,2024-01-01T00:00:00+00:00,DRO,3,3,226,248,0.0,0.42576687116564416,0.0008402232417350139,3,3,248,226,3,3,0.35357049947970864,0.3372621191949252
2023,2023-01-01T00:00:00+00:00,2024-01-01T00:00:00+00:00,DRT,1,1,10,18,0.0,0.4020857473928158,0.00045082052686052336,1,1,18,10,1,1,1.0,1.0
2023,2023-01-01T00:00:00+00:00,2024-01-01T00:00:00+00:00,DSM,31,31,988,1010,0.0011479617277784814,0.5,0.002252648601531302,31,31,1010,988,31,31,0.08115086756200372,0.08367617892442099
2023,2023-01-01T00:00:00+00:00,2024-01-01T00:00:00+00:00,DTW,95,92,8629,8646,0.03959292340370011,0.5614886731391586,0.017014256992268724,92,95,8646,8629,92,95,0.017778743086126106,0.018275041105825368
2023,2023-01-01T00:00:00+00:00,2024-01-01T00:00:00+00:00,DVL,2,2,55,43,0.0,0.3934240362811791,0.0008289095718473944,2,2,43,55,2,2,0.5457003785830179,0.5041322314049586
2023,2023-01-01T00:00:00+00:00,2024-01-01T00:00:00+00:00,ECP,16,15,458,453,1.2425670085119684e-05,0.46266666666666667,0.001153925334650123,15,16,453,458,15,16,0.13895589374735026,0.13787875898628937
2023,2023-01-01T00:00:00+00:00,2024-01-01T00:00:00+00:00,EGE,13,13,247,258,4.3683058572723005e-06,0.46328437917222964,0.0008685913833058792,13,13,258,247,13,13,0.22624842257075897,0.2115261682702552
2023,2023-01-01T00:00:00+00:00,2024-01-01T00:00:00+00:00,EKO,1,1,21,23,0.0,0.35921325051759834,0.0004701033576263293,1,1,23,21,1,1,1.0,1.0
2023,2023-01-01T00:00:00+00:00,2024-01-01T00:00:00+00:00,ELM,4,4,66,73,3.9336269454514356e-05,0.3809001097694841,0.0006086468018248323,4,4,73,66,4,4,0.5421279789829236,0.4963269054178145
2023,2023-01-01T00:00:00+00:00,2024-01-01T00:00:00+00:00,ELP,16,16,1135,1073,8.50817231877151e-05,0.4733969986357435,0.0022518033225139276,16,16,1073,1135,16,16,0.09770187322650607,0.09872266102583012
2023,2023-01-01T00:00:00+00:00,2024-01-01T00:00:00+00:00,ERI,1,1,28,22,0.0,0.39120631341600903,0.0004809295929080645,1,1,22,28,1,1,1.0,1.0
2023,2023-01-01T00:00:00+00:00,2024-01-01T00:00:00+00:00,ESC,3,3,46,44,0.0,0.3842746400885936,0.0006541596660246445,3,3,44,46,3,3,0.47210743801652894,0.4810964083175804
2023,2023-01-01T00:00:00+00:00,2024-01-01T00:00:00+00:00,EUG,14,14,513,482,0.00010554645909566393,0.4465894465894466,0.0012985971890435897,14,14,482,513,14,14,0.11372049379315094,0.11043473965398659
2023,2023-01-01T00:00:00+00:00,2024-01-01T00:00:00+00:00,EVV,4,4,143,131,5.372667773952526e-05,0.42472460220318237,0.0007191187514179499,4,4,131,143,4,4,0.46296835848726764,0.43136583696024255
2023,2023-01-01T00:00:00+00:00,2024-01-01T00:00:00+00:00,EWN,2,1,11,13,0.0,0.37311827956989246,0.0004487080966564061,1,2,13,11,1,2,1.0,0.7024793388429753
2023,2023-01-01T00:00:00+00:00,2024-01-01T00:00:00+00:00,EWR,86,86,9629,9594,0.012366126111071246,0.5614886731391586,0.016025351892254354,86,86,9594,9629,86,86,0.02333710497349357,0.022955124580876687
2023,2023-01-01T00:00:00+00:00,2024-01-01T00:00:00+00:00,EYW,17,17,471,491,0.000212390567351387,0.45418848167539266,0.0012255574274878573,17,17,491,471,17,17,0.12605306930035964,0.13749036472067833
2023,2023-01-01T00:00:00+00:00,2024-01-01T00:00:00+00:00,FAI,4,4,207,248,0.0,0.41807228915662653,0.0009324275848848315,4,4,248,207,4,4,0.5007479188345473,0.5641905295339448
2023,2023-01-01T00:00:00+00:00,2024-01-01T00:00:00+00:00,FAR,11,11,463,420,0.00033863759527262284,0.47210884353741495,0.0013752406039551361,11,11,420,463,11,11,0.2057482993197279,0.21013765982954627
2023,2023-01-01T00:00:00+00:00,2024-01-01T00:00:00+00:00,FAT,11,11,748,777,0.0,0.46143617021276595,0.001685640364364355,11,11,777,748,11,11,0.11163452476193789,0.11250321713517687
2023,2023-01-01T00:00:00+00:00,2024-01-01T00:00:00+00:00,FAY,3,3,85,84,0.0,0.41656662665066024,0.0005781508763652056,3,3,84,85,3,3,0.41071428571428575,0.3954325259515571
2023,2023-01-01T00:00:00+00:00,2024-01-01T00:00:00+00:00,FCA,13,12,228,279,0.00012530289388909758,0.47210884353741495,0.0008516203934713271,12,13,279,228,12,13,0.1955653190478026,0.1770160049245922
2023,2023-01-01T00:00:00+00:00,2024-01-01T00:00:00+00:00,FLG,2,2,107,112,0.0,0.406799531066823,0.0006071219812434594,2,2,112,107,2,2,0.6434948979591837,0.613590706611931
2023,2023-01-01T00:00:00+00:00,2024-01-01T00:00:00+00:00,FLL,85,83,6191,6234,0.022952395796834415,0.5499207606973059,0.01073758263012697,83,85,6234,6191,83,85,0.032323440982929774,0.03249633086163785
2023,2023-01-01T00:00:00+00:00,2024-01-01T00:00:00+00:00,FNT,11,11,134,158,0.00019546587829765295,0.4262899262899263,0.0008255508311660289,11,11,158,134,11,11,0.1647973081236981,0.2193138783693473
2023,2023-01-01T00:00:00+00:00,2024-01-01T00:00:00+00:00,FOD,2,2,38,43,0.0,0.39164785553047404,0.0008385444567420872,2,2,43,38,2,2,0.5608436992969172,0.5013850415512464
2023,2023-01-01T00:00:00+00:00,2024-01-01T00:00:00+00:00,FSD,16,16,496,474,0.0005986311933227504,0.4806094182825485,0.0014511188410716183,16,16,474,496,16,16,0.146602218305471,0.1465351847034339
2023,2023-01-01T00:00:00+00:00,2024-01-01T00:00:00+00:00,FSM,1,1,64,74,0.0,0.4020857473928158,0.0005576651650107975,1,1,74,64,1,1,1.0,1.0
2023,2023-01-01T00:00:00+00:00,2024-01-01T00:00:00+00:00,FWA,11,11,262,276,0.0003710939713267339,0.4583883751651255,0.001034497758458099,11,11,276,262,11,11,0.20544528460407474,0.17609696404638425
2023,2023-01-01T00:00:00+00:00,2024-01-01T00:00:00+00:00,GCC,1,1,35,40,0.0,0.3929784824462061,0.0004964413054261382,1,1,40,35,1,1,1.0,1.0
2023,2023-01-01T00:00:00+00:00,2024-01-01T00:00:00+00:00,GCK,1,1,57,51,0.0,0.4020857473928158,0.0005438149341394656,1,1,51,57,1,1,1.0,1.0
2023,2023-01-01T00:00:00+00:00,2024-01-01T00:00:00+00:00,GEG,19,19,1086,1094,0.00015703079111768653,0.47994467496542187,0.002304109571811616,19,19,1094,1086,19,19,0.13012142014444755,0.13546934193434607
2023,2023-01-01T00:00:00+00:00,2024-01-01T00:00:00+00:00,GFK,4,4,86,74,2.2949233326064246e-05,0.4058479532163743,0.0006098633570368152,4,4,74,86,4,4,0.6932067202337473,0.6936181719848568
2023,2023-01-01T00:00:00+00:00,2024-01-01T00:00:00+00:00,GGG,1,1,51,61,0.0,0.4020857473928158,0.0005319433076783241,1,1,61,51,1,1,1.0,1.0
2023,2023-01-01T00:00:00+00:00,2024-01-01T00:00:00+00:00,GJT,5,6,222,207,2.8226881011419082e-05,0.4332084893882647,0.0008289538503148949,6,5,207,222,6,5,0.28427734602907884,0.30813245678110546
2023,2023-01-01T00:00:00+00:00,2024-01-01T00:00:00+00:00,GNV,4,4,188,199,0.0,0.4170673076923077,0.000745717575596401,4,4,199,188,4,4,0.4082472664831696,0.417779538252603
2023,2023-01-01T00:00:00+00:00,2024-01-01T00:00:00+00:00,GPT,4,4,194,220,6.088038973838037e-05,0.4273399014778325,0.0007894208642662723,4,4,220,194,4,4,0.33078512396694215,0.33462642151131894
2023,2023-01-01T00:00:00+00:00,2024-01-01T00:00:00+00:00,GRB,6,6,248,269,0.0,0.447741935483871,0.0008705324797147194,6,6,269,248,6,6,0.267091389007891,0.2745512486992716
2023,2023-01-01T00:00:00+00:00,2024-01-01T00:00:00+00:00,GRI,3,3,60,60,2.306957846738473e-05,0.4145758661887694,0.0005643377083195604,3,3,60,60,3,3,0.5022222222222222,0.6872222222222222
2023,2023-01-01T00:00:00+00:00,2024-01-01T00:00:00+00:00,GRK,1,1,99,94,0.0,0.4020857473928158,0.0006269163193674567,1,1,94,99,1,1,1.0,1.0
2023,2023-01-01T00:00:00+00:00,2024-01-01T00:00:00+00:00,GRR,32,32,1060,1123,0.0010249940184150377,0.5007215007215007,0.002441737065864519,32,32,1123,1060,32,32,0.0665728882612326,0.0705500177999288
2023,2023-01-01T00:00:00+00:00,2024-01-01T00:00:00+00:00,GSO,10,11,672,691,0.0001591587083196948,0.447741935483871,0.0015370795048579636,11,10,691,672,11,10,0.15149712763439802,0.14053199404761907
2023,2023-01-01T00:00:00+00:00,2024-01-01T00:00:00+00:00,GSP,17,17,859,879,0.00035734079961507293,0.4806094182825485,0.0018676548631203673,17,17,879,859,17,17,0.1253065783462177,0.1204408298899145
2023,2023-01-01T00:00:00+00:00,2024-01-01T00:00:00+00:00,GST,1,1,14,7,0.0,0.2694099378881988,0.0005463740113848227,1,1,7,14,1,1,1.0,1.0
2023,2023-01-01T00:00:00+00:00,2024-01-01T00:00:00+00:00,GTF,7,7,169,186,6.350964128553968e-05,0.44316730523627074,0.0007415012237594791,7,7,186,169,7,7,0.3024627124523066,0.26984349287489934
2023,2023-01-01T00:00:00+00:00,2024-01-01T00:00:00+00:00,GTR,1,1,65,61,0.0,0.38684503901895206,0.0005370798654261907,1,1,61,65,1,1,1.0,1.0
2023,2023-01-01T00:00:00+00:00,2024-01-01T00:00:00+00:00,GUC,2,2,47,61,0.0,0.4236874236874237,0.0005196353681071154,2,2,61,47,2,2,0.7043805428648213,0.74649162516976
2023,2023-01-01T00:00:00+00:00,2024-01-01T00:00:00+00:00,GUM,2,2,53,49,0.005763688760806919,0.33787731256085685,0.0014331748884568436,2,2,49,53,2,2,0.510204081632653,0.5087219651121395
2023,2023-01-01T00:00:00+00:00,2024-01-01T00:00:00+00:00,HDN,14,14,180,214,5.447036277986864e-06,0.47210884353741495,0.0007527515330172828,14,14,214,180,14,14,0.4279413049174601,0.4062345679012346
2023,2023-01-01T00:00:00+00:00,2024-01-01T00:00:00+00:00,HGR,2,3,11,22,4.753908051389367e-06,0.30279232111692844,0.0004823204489807157,3,2,22,11,3,2,0.35123966942148765,0.5041322314049586
2023,2023-01-01T00:00:00+00:00,2024-01-01T00:00:00+00:00,HHH,7,9,125,134,9.252078711755289e-07,0.4126040428061831,0.0006266562086708854,9,7,134,125,9,7,0.2695477834707062,0.296512
2023,2023-01-01T00:00:00+00:00,2024-01-01T00:00:00+00:00,HIB,2,2,49,51,0.0,0.3739224137931034,0.0006974969758813724,2,2,51,49,2,2,0.6847366397539408,0.6518117451062058
2023,2023-01-01T00:00:00+00:00,2024-01-01T00:00:00+00:00,HLN,3,3,96,101,0.0,0.40115606936416187,0.0006091570496802251,3,3,101,96,3,3,0.44240760709734345,0.43250868055555547
2023,2023-01-01T00:00:00+00:00,2024-01-01T00:00:00+00:00,HNL,33,33,4174,4130,0.019393297363638536,0.5080527086383602,0.008397216124514774,33,33,4130,4174,33,33,0.1075244622410872,0.10921971388812805
2023,2023-01-01T00:00:00+00:00,2024-01-01T00:00:00+00:00,HOU,62,63,3470,3651,0.003953905552854172,0.49928057553956834,0.006293228593804465,63,62,3651,3470,63,62,0.0330059691063655,0.03238379190924266
2023,2023-01-01T00:00:00+00:00,2024-01-01T00:00:00+00:00,HPN,15,15,865,919,0.00021990879594502196,0.4236874236874237,0.0018397521585657422,15,15,919,865,15,15,0.09412345585458007,0.099671890139998
2023,2023-01-01T00:00:00+00:00,2024-01-01T00:00:00+00:00,HRL,7,6,243,208,1.1471814230618863e-05,0.43813131313131315,0.000835710110326167,6,7,208,243,6,7,0.30723002958579876,0.3269996104929804
2023,2023-01-01T00:00:00+00:00,2024-01-01T00:00:00+00:00,HSV,8,8,537,534,0.0,0.45718050065876153,0.001346780215729287,8,8,534,537,8,8,0.1743045911711484,0.19057180210078056
2023,2023-01-01T00:00:00+00:00,2024-01-01T00:00:00+00:00,HTS,6,5,28,20,5.180492091950689e-05,0.3890134529147982,0.0005438339958609009,5,6,20,28,5,6,0.38000000000000006,0.3341836734693877
2023,2023-01-01T00:00:00+00:00,2024-01-01T00:00:00+00:00,HYA,2,2,20,18,6.403396164964339e-07,0.3648790746582545,0.0004606433998263098,2,2,18,20,2,2,0.5246913580246915,0.5050000000000001
2023,2023-01-01T00:00:00+00:00,2024-01-01T00:00:00+00:00,HYS,2,2,39,58,0.00021655076864770487,0.392090395480226,0.000766185667377016,2,2,58,39,2,2,0.5023781212841855,0.5266272189349113
2023,2023-01-01T00:00:00+00:00,2024-01-01T00:00:00+00:00,IAD,54,55,3305,3389,0.002798957024027399,0.5249621785173979,0.005822126221594168,55,54,3389,3305,55,54,0.03148897623322848,0.032567809741349124
2023,2023-01-01T00:00:00+00:00,2024-01-01T00:00:00+00:00,IAG,3,3,16,19,7.413369580814137e-06,0.3114901256732496,0.0005133877945161464,3,3,19,16,3,3,0.44598337950138506,0.4609375
2023,2023-01-01T00:00:00+00:00,2024-01-01T00:00:00+00:00,IAH,94,97,7698,7784,0.03014633485592753,0.5679214402618658,0.013950214263677284,97,94,7784,7698,97,94,0.02326814220331267,0.02395104733435164
2023,2023-01-01T00:00:00+00:00,2024-01-01T00:00:00+00:00,ICT,14,14,586,582,0.0004547120870518735,0.47796143250688705,0.0015030299721000876,14,14,582,586,14,14,0.16075624992619358,0.16515626274039302
2023,2023-01-01T00:00:00+00:00,2024-01-01T00:00:00+00:00,IDA,10,10,226,203,6.784840924224783e-05,0.43813131313131315,0.000871022418313555,10,10,203,226,10,10,0.187604649469776,0.20663325240817607
2023,2023-01-01T00:00:00+00:00,2024-01-01T00:00:00+00:00,ILM,9,8,541,496,7.171604475095198e-07,0.4353826850690088,0.00128633032833354,8,9,496,541,8,9,0.20455580124869926,0.20267458427434648
2023,2023-01-01T00:00:00+00:00,2024-01-01T00:00:00+00:00,IMT,3,3,39,48,0.0,0.3842746400885936,0.0006422276677788553,3,3,48,39,3,3,0.39670138888888895,0.33859303090072324
2023,2023-01-01T00:00:00+00:00,2024-01-01T00:00:00+00:00,IND,43,41,3010,3049,0.001520919375072866,0.5148367952522255,0.005303935845331989,41,43,3049,3010,41,43,0.04240512000289144,0.04116268032361674
2023,2023-01-01T00:00:00+00:00,2024-01-01T00:00:00+00:00,INL,2,2,39,29,0.0,0.3739224137931034,0.0006024124838954769,2,2,29,39,2,2,0.5291319857312723,0.6186719263642342
2023,2023-01-01T00:00:00+00:00,2024-01-01T00:00:00+00:00,ISP,8,8,316,334,1.0221911406330719e-05,0.3767643865363735,0.0008970891371065327,8,8,334,316,8,8,0.2490229122593137,0.24551353949687552
2023,2023-01-01T00:00:00+00:00,2024-01-01T00:00:00+00:00,ITH,1,2,40,59,2.1418896554722782e-07,0.3501513622603431,0.0004891959029864521,2,1,59,40,2,1,0.9666762424590636,1.0
2023,2023-01-01T00:00:00+00:00,2024-01-01T00:00:00+00:00,ITO,3,3,478,467,0.0,0.3687566418703507,0.0012513322544293922,3,3,467,478,3,3,0.8151305201087629,0.835900982125663
2023,2023-01-01T00:00:00+00:00,2024-01-01T00:00:00+00:00,JAC,16,15,405,405,1.5282900396285387e-05,0.47994467496542187,0.0011467501703753993,15,16,405,405,15,16,0.1376924249352233,0.13516841944825483
2023,2023-01-01T00:00:00+00:00,2024-01-01T00:00:00+00:00,JAN,8,8,458,473,1.554472181806529e-06,0.4289245982694685,0.0011940689694118801,8,8,473,458,8,8,0.29397619441377737,0.29226177990503616
2023,2023-01-01T00:00:00+00:00,2024-01-01T00:00:00+00:00,JAX,32,31,1864,1881,0.0008075491314961362,0.4928977272727273,0.003368779116445866,31,32,1881,1864,31,32,0.06327496120159598,0.06767715375122031
2023,2023-01-01T00:00:00+00:00,2024-01-01T00:00:00+00:00,JFK,70,70,9204,9217,0.01612971914145478,0.537984496124031,0.01576672611069315,70,70,9217,9204,70,70,0.026796588879775755,0.027025029836998105
2023,2023-01-01T00:00:00+00:00,2024-01-01T00:00:00+00:00,JLN,2,2,35,29,0.00024346573483548673,0.3938706015891033,0.0007199998251260179,2,2,29,35,2,2,0.5053507728894173,0.5493877551020409
2023,2023-01-01T00:00:00+00:00,2024-01-01T00:00:00+00:00,JMS,2,2,36,52,0.0,0.3934240362811791,0.0007160736314970231,2,2,52,36,2,2,0.5118343195266272,0.513888888888889
2023,2023-01-01T00:00:00+00:00,2024-01-01T00:00:00+00:00,JNU,7,7,346,329,0.01627736793091303,0.36836518046709127,0.0031808083475608805,7,7,329,346,7,7,0.22044327011021703,0.26679808881018413
2023,2023-01-01T00:00:00+00:00,2024-01-01T00:00:00+00:00,JST,2,2,54,47,0.0,0.392090395480226,0.0005172811859187126,2,2,47,54,2,2,0.5020371208691715,0.5109739368998628
2023,2023-01-01T00:00:00+00:00,2024-01-01T00:00:00+00:00,KOA,15,15,1184,1189,0.00010444956422412455,0.4483204134366925,0.002389246717794954,15,15,1189,1184,15,15,0.2446784054279451,0.25700642576698324
2023,2023-01-01T00:00:00+00:00,2024-01-01T00:00:00+00:00,KTN,4,4,171,172,0.005659853520125713,0.3633507853403141,0.0014472418589294368,4,4,172,171,4,4,0.36404813412655485,0.4698539721623747
2023,2023-01-01T00:00:00+00:00,2024-01-01T00:00:00+00:00,LAN,3,3,87,97,0.0,0.39976958525345624,0.0005733218827399233,3,3,97,87,3,3,0.4086512913168243,0.36424891002774473
2023,2023-01-01T00:00:00+00:00,2024-01-01T00:00:00+00:00,LAR,1,1,44,32,0.0,0.3929784824462061,0.0005132602026834998,1,1,32,44,1,1,1.0,1.0
2023,2023-01-01T00:00:00+00:00,2024-01-01T00:00:00+00:00,LAS,122,123,12629,12865,0.04982562629285402,0.6003460207612457,0.02219068747104226,123,122,12865,12629,123,122,0.022455675541200443,0.02269844975762711
2023,2023-01-01T00:00:00+00:00,2024-01-01T00:00:00+00:00,LAW,1,1,73,53,0.0,0.4020857473928158,0.0005754726047025099,1,1,53,73,1,1,1.0,1.0
2023,2023-01-01T00:00:00+00:00,2024-01-01T00:00:00+00:00,LAX,102,103,13276,13173,0.02348483417545353,0.5754560530679934,0.02237940185635444,103,102,13173,13276,103,102,0.02561179071064693,0.026343345684424344
2023,2023-01-01T00:00:00+00:00,2024-01-01T00:00:00+00:00,LBB,8,8,397,391,5.506259521395178e-06,0.4353826850690088,0.0010951460407031713,8,8,391,397,8,8,0.2678750138996998,0.239891122968866
2023,2023-01-01T00:00:00+00:00,2024-01-01T00:00:00+00:00,LBE,2,2,44,38,0.0,0.35921325051759834,0.0005048736575356085,2,2,38,44,2,2,0.5678670360110804,0.5506198347107438
2023,2023-01-01T00:00:00+00:00,2024-01-01T00:00:00+00:00,LBF,2,2,46,48,0.0,0.3934240362811791,0.0005518045136445902,2,2,48,46,2,2,0.8133680555555556,0.8412098298676747
2023,2023-01-01T00:00:00+00:00,2024-01-01T00:00:00+00:00,LBL,2,2,45,35,0.0,0.3934240362811791,0.0007760877785466786,2,2,35,45,2,2,0.510204081632653,0.5298765432098765
2023,2023-01-01T00:00:00+00:00,2024-01-01T00:00:00+00:00,LCH,1,1,82,74,0.0,0.4020857473928158,0.0005932800443942222,1,1,74,82,1,1,1.0,1.0
2023,2023-01-01T00:00:00+00:00,2024-01-01T00:00:00+00:00,LCK,9,9,73,71,9.890430105014812e-05,0.3779956427015251,0.0006735772425306546,9,9,71,73,9,9,0.1394564570521722,0.14242822293113153
2023,2023-01-01T00:00:00+00:00,2024-01-01T00:00:00+00:00,LEX,15,13,518,566,0.0003637842679936589,0.46143617021276595,0.0014286030711781604,13,15,566,518,13,15,0.15780569116857496,0.1635634531387427
2023,2023-01-01T00:00:00+00:00,2024-01-01T00:00:00+00:00,LFT,4,4,184,210,0.0,0.41857659831121835,0.0007603553028316351,4,4,210,184,4,4,0.37038548752834466,0.37588610586011345
2023,2023-01-01T00:00:00+00:00,2024-01-01T00:00:00+00:00,LGA,80,82,11285,11251,0.013915115391653302,0.5297709923664122,0.02002428119923972,82,80,11251,11285,82,80,0.025302342099756354,0.025281696348032772
2023,2023-01-01T00:00:00+00:00,2024-01-01T00:00:00+00:00,LGB,20,21,1076,1095,0.00011796486649960225,0.4278668310727497,0.0021049233092797345,21,20,1095,1076,21,20,0.07793248681220158,0.07795117535689114
2023,2023-01-01T00:00:00+00:00,2024-01-01T00:00:00+00:00,LIH,13,13,1135,1129,1.6250094191146485e-06,0.41807228915662653,0.002301390386289726,13,13,1129,1135,13,13,0.31634397449948654,0.29707465698926816
2023,2023-01-01T00:00:00+00:00,2024-01-01T00:00:00+00:00,LIT,16,16,803,796,0.0003639355749628415,0.47599451303155005,0.001832987935611087,16,16,796,803,16,16,0.13979444963511023,0.13918074964834548
2023,2023-01-01T00:00:00+00:00,2024-01-01T00:00:00+00:00,LNK,1,1,65,56,0.0,0.39120631341600903,0.0005468624170341151,1,1,56,65,1,1,1.0,1.0
2023,2023-01-01T00:00:00+00:00,2024-01-01T00:00:00+00:00,LRD,2,2,77,73,0.0,0.4135876042908224,0.0005803127002713732,2,2,73,77,2,2,0.7440420341527489,0.8562995446112329
2023,2023-01-01T00:00:00+00:00,2024-01-01T00:00:00+00:00,LSE,2,2,35,27,0.0,0.40162037037037035,0.0004947135206430553,2,2,27,35,2,2,0.5555555555555556,0.5689795918367347
2023,2023-01-01T00:00:00+00:00,2024-01-01T00:00:00+00:00,LWS,2,2,54,52,0.0,0.3956670467502851,0.0005317058975765403,2,2,52,54,2,2,0.5118343195266272,0.5027434842249658
2023,2023-01-01T00:00:00+00:00,2024-01-01T00:00:00+00:00,MAF,8,8,532,515,5.506259521395178e-06,0.4353826850690088,0.0013131446632750313,8,8,515,532,8,8,0.18508436233386746,0.17681892701679008
2023,2023-01-01T00:00:00+00:00,2024-01-01T00:00:00+00:00,MBS,2,2,108,94,0.0,0.3956670467502851,0.0006162739948585478,2,2,94,108,2,2,0.5733363512901766,0.5246913580246915
2023,2023-01-01T00:00:00+00:00,2024-01-01T00:00:00+00:00,MCI,48,50,3245,3294,0.0015928806271173978,0.5218045112781955,0.005628344222293408,50,48,3294,3245,50,48,0.038772451171547394,0.039140552847690295
2023,2023-01-01T00:00:00+00:00,2024-01-01T00:00:00+00:00,MCO,87,86,10941,11145,0.018958078724196366,0.5516693163751988,0.01854126748984092,86,87,11145,10941,86,87,0.023968154195652118,0.02390646590359551
2023,2023-01-01T00:00:00+00:00,2024-01-01T00:00:00+00:00,MCW,2,2,49,39,0.0,0.39164785553047404,0.0009474547460400263,2,2,39,49,2,2,0.5029585798816568,0.5168679716784673
2023,2023-01-01T00:00:00+00:00,2024-01-01T00:00:00+00:00,MDT,14,14,413,391,0.00035024338644610697,0.45657894736842103,0.0012636248688422524,14,14,391,413,14,14,0.14801708518390122,0.13698268735819522
2023,2023-01-01T00:00:00+00:00,2024-01-01T00:00:00+00:00,MDW,78,79,5760,5732,0.004460898304289383,0.5388198757763976,0.009493246971765831,79,78,5732,5760,79,78,0.02179382261117542,0.022577522183641976
2023,2023-01-01T00:00:00+00:00,2024-01-01T00:00:00+00:00,MEI,2,2,54,58,0.0,0.36297071129707115,0.0006685277552562726,2,2,58,54,2,2,0.5214030915576694,0.654320987654321
2023,2023-01-01T00:00:00+00:00,2024-01-01T00:00:00+00:00,MEM,29,29,1534,1621,0.0006276962053060135,0.5014450867052023,0.002961890762509356,29,29,1621,1534,29,29,0.06904253663266785,0.0661375616406222
2023,2023-01-01T00:00:00+00:00,2024-01-01T00:00:00+00:00,MFE,6,6,182,177,5.986059389808897e-05,0.43266832917705733,0.0007760716355022161,6,6,177,182,6,6,0.4326662197963548,0.3421688201907982
2023,2023-01-01T00:00:00+00:00,2024-01-01T00:00:00+00:00,MFR,11,9,322,295,2.89808794781553e-05,0.4190821256038647,0.0009755932504036868,9,11,295,322,9,11,0.18354495834530307,0.178619652019598
2023,2023-01-01T00:00:00+00:00,2024-01-01T00:00:00+00:00,MGM,3,3,148,151,0.0,0.4155688622754491,0.0006795846819674429,3,3,151,148,3,3,0.47519845620806106,0.45945945945945943
2023,2023-01-01T00:00:00+00:00,2024-01-01T00:00:00+00:00,MHK,2,2,60,55,0.0,0.4221411192214112,0.0005440482978435856,2,2,55,60,2,2,0.5477685950413224,0.5005555555555556
2023,2023-01-01T00:00:00+00:00,2024-01-01T00:00:00+00:00,MHT,11,11,422,442,6.37620341385231e-06,0.41656662665066024,0.0010579267377686492,11,11,442,422,11,11,0.16416535287975267,0.15534242267693896
2023,2023-01-01T00:00:00+00:00,2024-01-01T00:00:00+00:00,MIA,75,79,6889,6835,0.005748432010830258,0.537984496124031,0.011521450606968452,79,75,6835,6889,79,75,0.029656834283286304,0.029986121927912283
2023,2023-01-01T00:00:00+00:00,2024-01-01T00:00:00+00:00,MKE,28,28,1705,1739,4.305644411843205e-05,0.5021707670043415,0.0031591337071726197,28,28,1739,1705,28,28,0.05239704363681215,0.05122590964989981
2023,2023-01-01T00:00:00+00:00,2024-01-01T00:00:00+00:00,MLB,5,5,191,174,0.0,0.4006928406466513,0.0007413145570031019,5,5,174,191,5,5,0.44596379970934075,0.48290891148817194
2023,2023-01-01T00:00:00+00:00,2024-01-01T00:00:00+00:00,MLI,9,9,216,245,0.0004475097751381831,0.46639784946236557,0.0008780904649090762,9,9,245,216,9,9,0.213094543940025,0.2225651577503429
2023,2023-01-01T00:00:00+00:00,2024-01-01T00:00:00+00:00,MLU,2,2,125,119,0.0,0.41211401425178146,0.0006620445957592425,2,2,119,125,2,2,0.5186780594590777,0.530752
2023,2023-01-01T00:00:00+00:00,2024-01-01T00:00:00+00:00,MOB,2,2,145,168,0.0,0.41211401425178146,0.0006925911223651289,2,2,168,145,2,2,0.510204081632653,0.5000237812128419
2023,2023-01-01T00:00:00+00:00,2024-01-01T00:00:00+00:00,MOT,4,4,163,148,1.982355732080969e-05,0.41408114558472553,0.0007434643191872205,4,4,148,163,4,4,0.5162527392257122,0.5501524332869133
2023,2023-01-01T00:00:00+00:00,2024-01-01T00:00:00+00:00,MQT,2,2,41,43,0.0,0.3956670467502851,0.0005013629617255286,2,2,43,41,2,2,0.5327203893996755,0.5240928019036288
2023,2023-01-01T00:00:00+00:00,2024-01-01T00:00:00+00:00,MRY,8,8,226,261,0.0,0.43979721166032953,0.0007998765342179625,8,8,261,226,8,8,0.16941912185669616,0.17284047302059674
2023,2023-01-01T00:00:00+00:00,2024-01-01T00:00:00+00:00,MSN,16,14,656,700,2.0186564806053587e-06,0.47730398899587345,0.001564407535907111,14,16,700,656,14,16,0.11671020408163266,0.11141991374182035
2023,2023-01-01T00:00:00+00:00,2024-01-01T00:00:00+00:00,MSO,12,11,266,281,0.00010757998900924888,0.469553450608931,0.0009343401041835182,11,12,281,266,11,12,0.17265485492838237,0.16411329074566114
2023,2023-01-01T00:00:00+00:00,2024-01-01T00:00:00+00:00,MSP,117,118,8134,8390,0.07481274710727288,0.5951972555746141,0.01876276153443984,118,117,8390,8134,118,117,0.0167182112765495,0.01709453692693124
2023,2023-01-01T00:00:00+00:00,2024-01-01T00:00:00+00:00,MSY,39,38,3356,3407,0.00020203213758568372,0.5110456553755522,0.005615199453979969,38,39,3407,3356,38,39,0.04172515898783638,0.04029553742536449
2023,2023-01-01T00:00:00+00:00,2024-01-01T00:00:00+00:00,MTJ,10,11,215,205,7.62223543088512e-06,0.45657894736842103,0.0008244054200693115,11,10,205,215,11,10,0.3844140392623438,0.3208869659275284
2023,2023-01-01T00:00:00+00:00,2024-01-01T00:00:00+00:00,MVY,6,7,91,89,5.9260156001193964e-06,0.3830022075055188,0.0005690706559607684,7,6,89,91,7,6,0.22711778815806086,0.2087912087912088
2023,2023-01-01T00:00:00+00:00,2024-01-01T00:00:00+00:00,MYR,43,42,1022,1011,0.009751317214763404,0.49928057553956834,0.0026046380200840636,42,43,1011,1022,42,43,0.07073037340980178,0.06416565500285308
2023,2023-01-01T00:00:00+00:00,2024-01-01T00:00:00+00:00,OAJ,2,2,77,72,0.0,0.39164785553047404,0.0005568437320041025,2,2,72,77,2,2,0.53125,0.5446112329229212
2023,2023-01-01T00:00:00+00:00,2024-01-01T00:00:00+00:00,OAK,37,38,3195,3086,0.0010960860868042771,0.47928176795580113,0.0056154496162816375,38,37,3086,3195,38,37,0.058284880729521274,0.058890431792633736
2023,2023-01-01T00:00:00+00:00,2024-01-01T00:00:00+00:00,OGG,22,22,2233,2217,0.0013554127243789915,0.4839609483960948,0.004153210315683663,22,22,2217,2233,22,22,0.19325855544019652,0.17973145960853854
2023,2023-01-01T00:00:00+00:00,2024-01-01T00:00:00+00:00,OKC,22,25,1495,1433,0.00025712633161653625,0.49359886201991465,0.002917416707589554,25,22,1433,1495,25,22,0.07821663519989637,0.07293922886768604
2023,2023-01-01T00:00:00+00:00,2024-01-01T00:00:00+00:00,OMA,29,29,1486,1532,0.001295487470803934,0.5073099415204678,0.0029520891337215076,29,29,1532,1486,29,29,0.06831289326398025,0.06892051249073905
2023,2023-01-01T00:00:00+00:00,2024-01-01T00:00:00+00:00,OME,1,2,46,47,0.0,0.3339749759384023,0.0006570047515924787,2,1,47,46,2,1,0.5020371208691715,1.0
2023,2023-01-01T00:00:00+00:00,2024-01-01T00:00:00+00:00,ONT,19,19,1611,1636,4.419713743104747e-05,0.47210884353741495,0.0030598357998558577,19,19,1636,1611,19,19,0.08135861215559448,0.07952041385246757
2023,2023-01-01T00:00:00+00:00,2024-01-01T00:00:00+00:00,ORD,162,164,17652,17405,0.12860243296036417,0.6414048059149723,0.03648092115695619,164,162,17405,17652,164,162,0.013367752268831473,0.013520748520801667
2023,2023-01-01T00:00:00+00:00,2024-01-01T00:00:00+00:00,ORF,25,24,1462,1459,0.0004389347201309139,0.48735955056179775,0.00274307137319334,24,25,1459,1462,24,25,0.06726277915760981,0.07100817612063755
2023,2023-01-01T00:00:00+00:00,2024-01-01T00:00:00+00:00,ORH,4,5,105,110,6.403396164964339e-07,0.3779956427015251,0.0005842364657464066,5,4,110,105,5,4,0.3355371900826446,0.3465759637188208
2023,2023-01-01T00:00:00+00:00,2024-01-01T00:00:00+00:00,OTH,2,2,22,23,0.0,0.3938706015891033,0.00046673589357184566,2,2,23,22,2,2,0.9168241965973536,0.6487603305785123
2023,2023-01-01T00:00:00+00:00,2024-01-01T00:00:00+00:00,OTZ,2,1,41,50,0.0,0.33429672447013487,0.0008068591741608247,1,2,50,41,1,2,1.0,0.5240928019036288
2023,2023-01-01T00:00:00+00:00,2024-01-01T00:00:00+00:00,OWB,1,1,2,5,0.0,0.3020017406440383,0.00044065894970300143,1,1,5,2,1,1,1.0,1.0
2023,2023-01-01T00:00:00+00:00,2024-01-01T00:00:00+00:00,PAE,2,2,59,47,0.0,0.38257993384785005,0.0005196924360748734,2,2,47,59,2,2,0.5382526029877773,0.5173800632002298
2023,2023-01-01T00:00:00+00:00,2024-01-01T00:00:00+00:00,PBG,3,4,26,40,1.2741317133281406e-05,0.3711229946524064,0.000524641615278718,4,3,40,26,4,3,0.29750000000000004,0.3698224852071006
2023,2023-01-01T00:00:00+00:00,2024-01-01T00:00:00+00:00,PBI,28,27,1960,1891,0.00136396003219601,0.48599439775910364,0.0035972927868990387,27,28,1891,1960,27,28,0.08151585581287521,0.07879112869637651
2023,2023-01-01T00:00:00+00:00,2024-01-01T00:00:00+00:00,PDX,54,56,4041,3929,0.0038183740709127174,0.5322085889570553,0.007195273339830786,56,54,3929,4041,56,54,0.048003305814890304,0.04720220805293135
2023,2023-01-01T00:00:00+00:00,2024-01-01T00:00:00+00:00,PGD,47,46,425,442,0.011623433072807663,0.4155688622754491,0.002822358659462171,46,47,442,425,46,47,0.03082451219262505,0.030842906574394462
2023,2023-01-01T00:00:00+00:00,2024-01-01T00:00:00+00:00,PGV,1,1,14,15,0.0,0.3715203426124197,0.0004539716046652245,1,1,15,14,1,1,1.0,1.0
2023,2023-01-01T00:00:00+00:00,2024-01-01T00:00:00+00:00,PHL,79,79,6027,5990,0.006223859384947887,0.5438871473354232,0.010066161191126851,79,79,5990,6027,79,79,0.028792004481592862,0.02935842962517353
2023,2023-01-01T00:00:00+00:00,2024-01-01T00:00:00+00:00,PHX,106,105,11668,11741,0.028706220094627092,0.5792988313856428,0.021100356323212516,105,106,11741,11668,105,106,0.0202248468403378,0.020357784077333716
2023,2023-01-01T00:00:00+00:00,2024-01-01T00:00:00+00:00,PIA,12,13,217,224,0.00047299504343120257,0.46765498652291104,0.0009575059739045252,13,12,224,217,13,12,0.15481505102040816,0.1573403554970375
2023,2023-01-01T00:00:00+00:00,2024-01-01T00:00:00+00:00,PIB,2,2,50,41,0.0,0.36297071129707115,0.0006974945854297881,2,2,41,50,2,2,0.585960737656157,0.5032000000000001
2023,2023-01-01T00:00:00+00:00,2024-01-01T00:00:00+00:00,PIE,58,58,548,559,0.009194774693691355,0.39702517162471396,0.0029822124117968567,58,58,559,548,58,58,0.024439885945065458,0.02519446960413448
2023,2023-01-01T00:00:00+00:00,2024-01-01T00:00:00+00:00,PIH,1,1,23,30,0.0,0.35921325051759834,0.0004738242028518253,1,1,30,23,1,1,1.0,1.0
2023,2023-01-01T00:00:00+00:00,2024-01-01T00:00:00+00:00,PIT,45,45,2900,2890,0.002178339894233012,0.5163690476190477,0.005077428633200276,45,45,2890,2900,45,45,0.04156272075286455,0.0432615933412604
2023,2023-01-01T00:00:00+00:00,2024-01-01T00:00:00+00:00,PLN,2,2,70,59,0.0,0.3603322949117342,0.000663714597663586,2,2,59,70,2,2,0.696638896868716,0.8200000000000001
2023,2023-01-01T00:00:00+00:00,2024-01-01T00:00:00+00:00,PNS,19,21,771,764,1.604130371602154e-05,0.47404371584699456,0.0016709790965128096,21,19,764,771,21,19,0.11311024917080123,0.10674734750799492
2023,2023-01-01T00:00:00+00:00,2024-01-01T00:00:00+00:00,PPG,1,1,7,12,0.0,0.337220602526725,0.0004431344187863315,1,1,12,7,1,1,1.0,1.0
2023,2023-01-01T00:00:00+00:00,2024-01-01T00:00:00+00:00,PRC,2,2,47,60,0.0,0.3965714285714286,0.00050612466966887,2,2,60,47,2,2,0.5,0.5382526029877773
2023,2023-01-01T00:00:00+00:00,2024-01-01T00:00:00+00:00,PSC,9,9,348,347,5.6368736037657926e-05,0.42472460220318237,0.0010698670794687915,9,9,347,348,9,9,0.2750541903013894,0.2872572334522394
2023,2023-01-01T00:00:00+00:00,2024-01-01T00:00:00+00:00,PSE,2,2,75,68,0.0,0.36526315789473685,0.0005378312583520812,2,2,68,75,2,2,0.527681660899654,0.621688888888889
2023,2023-01-01T00:00:00+00:00,2024-01-01T00:00:00+00:00,PSG,2,2,55,35,8.717718067887148e-05,0.2698289269051322,0.001242961133323456,2,2,35,55,2,2,0.5330612244897959,0.5041322314049586
2023,2023-01-01T00:00:00+00:00,2024-01-01T00:00:00+00:00,PSM,4,4,19,24,7.413369580814137e-06,0.37513513513513513,0.0005207402916602859,4,4,24,19,4,4,0.3194444444444445,0.3573407202216066
2023,2023-01-01T00:00:00+00:00,2024-01-01T00:00:00+00:00,PSP,23,22,978,1044,0.00039921098163192635,0.4887323943661972,0.002060627256707419,22,23,1044,978,22,23,0.08770790211535356,0.0860777597952501
2023,2023-01-01T00:00:00+00:00,2024-01-01T00:00:00+00:00,PUB,1,1,4,2,0.0,0.3929784824462061,0.000438509548206337,1,1,2,4,1,1,1.0,1.0
2023,2023-01-01T00:00:00+00:00,2024-01-01T00:00:00+00:00,PVD,20,19,1039,1050,0.00013097867182183614,0.44260204081632654,0.002063173393762081,19,20,1050,1039,19,20,0.0897142857142857,0.08751937201777456
2023,2023-01-01T00:00:00+00:00,2024-01-01T00:00:00+00:00,PVU,13,13,128,137,0.00015780994810355855,0.4155688622754491,0.0007677730293540407,13,13,137,128,13,13,0.16202248388299856,0.1640625
2023,2023-01-01T00:00:00+00:00,2024-01-01T00:00:00+00:00,PWM,18,17,744,772,8.11766263745388e-06,0.47534246575342465,0.0015651815825785621,17,18,772,744,17,18,0.0951032242476308,0.09283587697999769
2023,2023-01-01T00:00:00+00:00,2024-01-01T00:00:00+00:00,RAP,7,7,267,303,6.986914610296331e-05,0.4620505992010652,0.000950850260367281,7,7,303,267,7,7,0.22987942358592295,0.23362650619310132
2023,2023-01-01T00:00:00+00:00,2024-01-01T00:00:00+00:00,RDD,3,3,93,107,0.0,0.37351991388589884,0.0005758219572082799,3,3,107,93,3,3,0.4801292689317843,0.48202104289513237
2023,2023-01-01T00:00:00+00:00,2024-01-01T00:00:00+00:00,RDM,7,7,368,405,0.0,0.40968122786304606,0.0010432509681801679,7,7,405,368,7,7,0.1741868617588782,0.1876476843100189
2023,2023-01-01T00:00:00+00:00,2024-01-01T00:00:00+00:00,RDU,45,45,4109,4000,0.001254292168993266,0.5156017830609212,0.006786288302129948,45,45,4000,4109,45,45,0.04355275,0.042118574514947126
2023,2023-01-01T00:00:00+00:00,2024-01-01T00:00:00+00:00,RFD,6,6,56,47,4.855586705802462e-05,0.39476678043230945,0.0006361141907910548,6,6,47,56,6,6,0.1933001358080579,0.18303571428571427
2023,2023-01-01T00:00:00+00:00,2024-01-01T00:00:00+00:00,RHI,1,1,58,52,0.0,0.37351991388589884,0.0005412967041751666,1,1,52,58,1,1,1.0,1.0
2023,2023-01-01T00:00:00+00:00,2024-01-01T00:00:00+00:00,RIC,24,23,1293,1295,0.0006539330803203645,0.49359886201991465,0.0025310986153975396,23,24,1295,1293,23,24,0.10184403929577675,0.09402942490619667
2023,2023-01-01T00:00:00+00:00,2024-01-01T00:00:00+00:00,RIW,1,1,31,40,0.0,0.3929784824462061,0.000488966239978422,1,1,40,31,1,1,1.0,1.0
2023,2023-01-01T00:00:00+00:00,2024-01-01T00:00:00+00:00,RKS,1,1,18,29,0.0,0.3929784824462061,0.000464672277273344,1,1,29,18,1,1,1.0,1.0
2023,2023-01-01T00:00:00+00:00,2024-01-01T00:00:00+00:00,RNO,20,20,1260,1333,0.00014093365157056512,0.47994467496542187,0.0024399854769331627,20,20,1333,1260,20,20,0.11031021071096732,0.11450365331317712
2023,2023-01-01T00:00:00+00:00,2024-01-01T00:00:00+00:00,ROA,7,7,192,177,9.953182621468442e-05,0.4252450980392157,0.0007968422590172549,7,7,177,192,7,7,0.258578314022152,0.2591688368055556
2023,2023-01-01T00:00:00+00:00,2024-01-01T00:00:00+00:00,ROC,19,18,879,928,0.00030103143117098937,0.4596026490066225,0.0018029138637845553,18,19,928,879,18,19,0.09110712693222354,0.09237796078644546
2023,2023-01-01T00:00:00+00:00,2024-01-01T00:00:00+00:00,ROW,2,2,55,65,0.0,0.406799531066823,0.0005339956841257719,2,2,65,55,2,2,0.6288757396449705,0.6390082644628099
2023,2023-01-01T00:00:00+00:00,2024-01-01T00:00:00+00:00,RST,2,2,95,116,0.0,0.40162037037037035,0.0006069913191743754,2,2,116,95,2,2,0.5023781212841855,0.5160110803324099
2023,2023-01-01T00:00:00+00:00,2024-01-01T00:00:00+00:00,RSW,40,39,2266,2276,0.0016168292327609067,0.5021707670043415,0.0040482672075553405,39,40,2276,2266,39,40,0.044754850028261586,0.04525862572632468
2023,2023-01-01T00:00:00+00:00,2024-01-01T00:00:00+00:00,SAF,2,2,133,109,0.0,0.406799531066823,0.0006738971882601487,2,2,109,133,2,2,0.6670313946637489,0.5522641189439764
2023,2023-01-01T00:00:00+00:00,2024-01-01T00:00:00+00:00,SAN,64,66,6154,6159,0.005603896179569095,0.5338461538461539,0.010371738094828619,66,64,6159,6154,66,64,0.04094713030491615,0.040006954002295536
2023,2023-01-01T00:00:00+00:00,2024-01-01T00:00:00+00:00,SAT,33,34,2587,2548,0.00010822277004531321,0.5065693430656935,0.004580597016335607,34,33,2548,2587,34,33,0.05052104768969537,0.0502295904607035
2023,2023-01-01T00:00:00+00:00,2024-01-01T00:00:00+00:00,SAV,28,30,1158,1122,0.0013094049811295564,0.4832869080779944,0.0023639638338426886,30,28,1122,1158,30,28,0.07152684441139931,0.07762027914246765
2023,2023-01-01T00:00:00+00:00,2024-01-01T00:00:00+00:00,SBA,10,10,489,491,1.1296422213281837e-06,0.4409148665819568,0.0012293463771212872,10,10,491,489,10,10,0.1362902924743136,0.12746266534515996
2023,2023-01-01T00:00:00+00:00,2024-01-01T00:00:00+00:00,SBN,11,11,372,367,0.0003838123667684652,0.4583883751651255,0.0011808738083281705,11,11,367,372,11,11,0.17396372383787836,0.1800063591166609
2023,2023-01-01T00:00:00+00:00,2024-01-01T00:00:00+00:00,SBP,8,8,316,298,0.0,0.4353826850690088,0.0009494328344333584,8,8,298,316,8,8,0.18735642538624386,0.17851706457298508
2023,2023-01-01T00:00:00+00:00,2024-01-01T00:00:00+00:00,SCC,1,1,32,33,0.0,0.3339749759384023,0.0005882311915126088,1,1,33,32,1,1,1.0,1.0
2023,2023-01-01T00:00:00+00:00,2024-01-01T00:00:00+00:00,SCE,2,3,88,96,0.0,0.39431818181818185,0.0005816550958803169,3,2,96,88,3,2,0.529296875,0.6138946280991735
2023,2023-01-01T00:00:00+00:00,2024-01-01T00:00:00+00:00,SCK,2,2,32,36,0.0,0.38257993384785005,0.00047862950793103285,2,2,36,32,2,2,0.625,0.548828125
2023,2023-01-01T00:00:00+00:00,2024-01-01T00:00:00+00:00,SDF,33,35,1584,1562,0.0009233340357767578,0.5014450867052023,0.003073789594367726,35,33,1562,1584,35,33,0.060631745308306596,0.060128590194878075
2023,2023-01-01T00:00:00+00:00,2024-01-01T00:00:00+00:00,SEA,85,85,11015,10903,0.048752335039629016,0.5633116883116883,0.02256048690584091,85,85,10903,11015,85,85,0.02458516041782872,0.024181666192410013
2023,2023-01-01T00:00:00+00:00,2024-01-01T00:00:00+00:00,SFB,67,66,578,620,0.021311571478604865,0.43212951432129515,0.0035081552529926084,66,67,620,578,66,67,0.024125910509885537,0.023377354198345326
2023,2023-01-01T00:00:00+00:00,2024-01-01T00:00:00+00:00,SFO,78,77,9166,9116,0.014298350678871608,0.5534290271132376,0.01662719249834969,77,78,9116,9166,77,78,0.031195795173552678,0.030187123917861117
2023,2023-01-01T00:00:00+00:00,2024-01-01T00:00:00+00:00,SGF,12,12,479,441,0.0005491500705149304,0.47146739130434784,0.0013929624003855435,12,12,441,479,12,12,0.2087041921832981,0.1949825881163349
2023,2023-01-01T00:00:00+00:00,2024-01-01T00:00:00+00:00,SGU,4,4,176,141,0.0,0.4289245982694685,0.0007485696250061507,4,4,141,176,4,4,0.38866254212564755,0.364217458677686
2023,2023-01-01T00:00:00+00:00,2024-01-01T00:00:00+00:00,SHR,1,1,41,32,0.0,0.3929784824462061,0.0005076539035977127,1,1,32,41,1,1,1.0,1.0
2023,2023-01-01T00:00:00+00:00,2024-01-01T00:00:00+00:00,SHV,7,6,282,273,3.626970552513171e-05,0.438685208596713,0.00094704996175003,6,7,273,282,6,7,0.36727985079633435,0.3379608671595996
2023,2023-01-01T00:00:00+00:00,2024-01-01T00:00:00+00:00,SIT,3,3,110,80,0.0,0.36297071129707115,0.0011357311277142268,3,3,80,110,3,3,0.3934375,0.3674380165289256
2023,2023-01-01T00:00:00+00:00,2024-01-01T00:00:00+00:00,SJC,33,35,3668,3588,0.0006647614013765625,0.4887323943661972,0.006258499207518409,35,33,3588,3668,35,33,0.0607012225814029,0.06214999839455623
2023,2023-01-01T00:00:00+00:00,2024-01-01T00:00:00+00:00,SJT,1,1,81,88,0.0,0.4020857473928158,0.000591301439984032,1,1,88,81,1,1,1.0,1.0
2023,2023-01-01T00:00:00+00:00,2024-01-01T00:00:00+00:00,SJU,27,27,2328,2241,7.556560614739668e-05,0.4689189189189189,0.0039087140328233445,27,27,2241,2328,27,27,0.08575588486127564,0.08079107178705967
2023,2023-01-01T00:00:00+00:00,2024-01-01T00:00:00+00:00,SLC,85,83,7433,7468,0.04481511887870128,0.5596774193548387,0.016344619105973308,83,85,7468,7433,83,85,0.023627753365260067,0.02310401459097658
2023,2023-01-01T00:00:00+00:00,2024-01-01T00:00:00+00:00,SLN,2,2,59,55,0.0002198594531468574,0.3938706015891033,0.0008314788081853586,2,2,55,59,2,2,0.508099173553719,0.5012927319735709
2023,2023-01-01T00:00:00+00:00,2024-01-01T00:00:00+00:00,SMF,35,35,3518,3632,0.000529046111298377,0.5028985507246376,0.006075478582414422,35,35,3632,3518,35,35,0.05968741509635351,0.058610456545901676
2023,2023-01-01T00:00:00+00:00,2024-01-01T00:00:00+00:00,SMX,1,1,11,7,0.0,0.37554112554112556,0.00044716287413890116,1,1,7,11,1,1,1.0,1.0
2023,2023-01-01T00:00:00+00:00,2024-01-01T00:00:00+00:00,SNA,35,35,3069,3057,0.0013550782239151451,0.5058309037900874,0.005587946109241937,35,35,3057,3069,35,35,0.0665870968232093,0.06573762727390578
2023,2023-01-01T00:00:00+00:00,2024-01-01T00:00:00+00:00,SPI,4,4,36,29,0.000107059840858706,0.4348370927318296,0.0005313535357912481,4,4,29,36,4,4,0.3079667063020214,0.3132716049382716
2023,2023-01-01T00:00:00+00:00,2024-01-01T00:00:00+00:00,SPN,1,1,28,30,0.0,0.25273124544792425,0.0011320223158782282,1,1,30,28,1,1,1.0,1.0
2023,2023-01-01T00:00:00+00:00,2024-01-01T00:00:00+00:00,SPS,1,1,53,51,0.0,0.4020857473928158,0.0005359005164987046,1,1,51,53,1,1,1.0,1.0
2023,2023-01-01T00:00:00+00:00,2024-01-01T00:00:00+00:00,SRQ,48,46,1078,1094,0.004001797461726341,0.5007215007215007,0.0023721318126252184,46,48,1094,1078,46,48,0.06431457609898099,0.06928070604190403
2023,2023-01-01T00:00:00+00:00,2024-01-01T00:00:00+00:00,STC,2,1,8,3,1.996714893078296e-06,0.3073516386182462,0.00046873264615627136,1,2,3,8,1,2,1.0,0.5
2023,2023-01-01T00:00:00+00:00,2024-01-01T00:00:00+00:00,STL,59,57,4111,4089,0.0011767623696115161,0.528158295281583,0.006982485316026142,57,59,4089,4111,57,59,0.03151767284067909,0.03134514427270346
2023,2023-01-01T00:00:00+00:00,2024-01-01T00:00:00+00:00,STS,8,8,249,222,3.7512883058343925e-06,0.42009685230024213,0.0008233705865299924,8,8,222,249,8,8,0.14414414414414414,0.1421106111191755
2023,2023-01-01T00:00:00+00:00,2024-01-01T00:00:00+00:00,STT,14,13,326,336,2.126035469048718e-06,0.44487179487179485,0.0009194949000146462,13,14,336,326,13,14,0.1108985260770975,0.10982724227483158
2023,2023-01-01T00:00:00+00:00,2024-01-01T00:00:00+00:00,STX,4,4,106,103,5.568132207309189e-07,0.39702517162471396,0.0005880627611587917,4,4,103,106,4,4,0.39183711942690164,0.3682805268778925
2023,2023-01-01T00:00:00+00:00,2024-01-01T00:00:00+00:00,SUN,5,5,126,98,0.0,0.4242053789731051,0.0006525678679419587,5,5,98,126,5,5,0.2775926697209496,0.26631393298059963
2023,2023-01-01T00:00:00+00:00,2024-01-01T00:00:00+00:00,SUX,3,3,42,44,0.00019849717362651947,0.4175691937424789,0.0005472111386656711,3,3,44,42,3,3,0.4473140495867769,0.409297052154195
2023,2023-01-01T00:00:00+00:00,2024-01-01T00:00:00+00:00,SWF,6,6,33,33,5.218386054245731e-05,0.380065717415115,0.0005438715258141083,6,6,33,33,6,6,0.2029384756657484,0.19008264462809918
2023,2023-01-01T00:00:00+00:00,2024-01-01T00:00:00+00:00,SWO,1,1,53,49,0.0,0.4020857473928158,0.0005359005164987046,1,1,49,53,1,1,1.0,1.0
2023,2023-01-01T00:00:00+00:00,2024-01-01T00:00:00+00:00,SYR,24,24,904,915,0.0006292620983091369,0.48463687150837986,0.0019491171677779031,24,24,915,904,24,24,0.08177132789871301,0.08092352572636856
2023,2023-01-01T00:00:00+00:00,2024-01-01T00:00:00+00:00,TLH,5,5,297,323,0.0,0.41857659831121835,0.0009202327113815318,5,5,323,297,5,5,0.26342627649071687,0.2381729755467129
2023,2023-01-01T00:00:00+00:00,2024-01-01T00:00:00+00:00,TOL,3,4,29,24,1.714669255401295e-05,0.3114901256732496,0.000574572994677955,4,3,24,29,4,3,0.30208333333333337,0.3388822829964328
2023,2023-01-01T00:00:00+00:00,2024-01-01T00:00:00+00:00,TPA,59,58,5294,5404,0.0041878129760623975,0.5257575757575758,0.008822381137371856,58,59,5404,5294,58,59,0.031983258282238504,0.03056385763783879
2023,2023-01-01T00:00:00+00:00,2024-01-01T00:00:00+00:00,TRI,5,5,189,183,0.00011079582363786368,0.4283950617283951,0.0007930388164672816,5,5,183,189,5,5,0.31493923377825556,0.3242070490747739
2023,2023-01-01T00:00:00+00:00,2024-01-01T00:00:00+00:00,TTN,8,8,161,142,7.652558004930403e-06,0.4006928406466513,0.0006686834289353916,8,8,142,161,8,8,0.19529855187462805,0.2101384977431426
2023,2023-01-01T00:00:00+00:00,2024-01-01T00:00:00+00:00,TUL,22,22,1134,1121,0.0005223587467030207,0.4880450070323488,0.0023369121130477418,22,22,1121,1134,22,22,0.08116637926026606,0.07867298725617361
2023,2023-01-01T00:00:00+00:00,2024-01-01T00:00:00+00:00,TUS,16,16,1127,1051,1.6537872979737687e-05,0.47928176795580113,0.0023075381254814248,16,16,1051,1127,16,16,0.10196532503591794,0.09597214141240773
2023,2023-01-01T00:00:00+00:00,2024-01-01T00:00:00+00:00,TVC,15,16,293,293,0.0006310185165666619,0.47928176795580113,0.0009809163046431992,16,15,293,293,16,15,0.21040431455229527,0.24651422847091986
2023,2023-01-01T00:00:00+00:00,2024-01-01T00:00:00+00:00,TWF,1,1,29,18,0.0,0.35921325051759834,0.00048498673852831345,1,1,18,29,1,1,1.0,1.0
2023,2023-01-01T00:00:00+00:00,2024-01-01T00:00:00+00:00,TXK,1,1,83,76,0.0,0.4020857473928158,0.0005952586488044124,1,1,76,83,1,1,1.0,1.0
2023,2023-01-01T00:00:00+00:00,2024-01-01T00:00:00+00:00,TYR,1,1,68,67,0.0,0.4020857473928158,0.0005655795826515586,1,1,67,68,1,1,1.0,1.0
2023,2023-01-01T00:00:00+00:00,2024-01-01T00:00:00+00:00,TYS,26,26,946,887,0.0007270585564056954,0.4928977272727273,0.0022210144304789857,26,26,887,946,26,26,0.10311158675545173,0.09508378439987664
2023,2023-01-01T00:00:00+00:00,2024-01-01T00:00:00+00:00,USA,4,4,42,49,1.858702048919208e-05,0.37311827956989246,0.0006089696590351541,4,4,49,42,4,4,0.2686380674718867,0.25736961451247165
2023,2023-01-01T00:00:00+00:00,2024-01-01T00:00:00+00:00,VCT,1,1,39,41,0.0,0.3625914315569488,0.0004904388537561015,1,1,41,39,1,1,1.0,1.0
2023,2023-01-01T00:00:00+00:00,2024-01-01T00:00:00+00:00,VEL,1,1,55,60,0.0,0.3929784824462061,0.0005338166326647197,1,1,60,55,1,1,1.0,1.0
2023,2023-01-01T00:00:00+00:00,2024-01-01T00:00:00+00:00,VLD,1,1,53,74,0.0,0.38684503901895206,0.0005175022563183316,1,1,74,53,1,1,1.0,1.0
2023,2023-01-01T00:00:00+00:00,2024-01-01T00:00:00+00:00,VPS,40,43,650,633,0.005498929026451165,0.47275204359673023,0.0017812753652074987,43,40,633,650,43,40,0.10021487986942491,0.10166627218934911
2023,2023-01-01T00:00:00+00:00,2024-01-01T00:00:00+00:00,WRG,2,2,44,53,8.329030001166064e-06,0.26712856043110084,0.0012548614021029405,2,2,53,44,2,2,0.5087219651121395,0.5
2023,2023-01-01T00:00:00+00:00,2024-01-01T00:00:00+00:00,WYS,2,2,21,16,0.0,0.3956670467502851,0.00047012838887387244,2,2,16,21,2,2,0.6953125,0.7551020408163265
2023,2023-01-01T00:00:00+00:00,2024-01-01T00:00:00+00:00,XNA,19,19,808,767,0.000545435568375498,0.48735955056179775,0.0018901526098343959,19,19,767,808,19,19,0.13229042188448195,0.11899568669738261
2023,2023-01-01T00:00:00+00:00,2024-01-01T00:00:00+00:00,XWA,2,2,118,120,0.0,0.4058479532163743,0.0006532611537853367,2,2,120,118,2,2,0.52,0.5051709278942832
2023,2023-01-01T00:00:00+00:00,2024-01-01T00:00:00+00:00,YAK,2,2,49,45,4.2755687339319134e-05,0.2698289269051322,0.0010692322739638985,2,2,45,49,2,2,0.5061728395061729,0.5002082465639317
2023,2023-01-01T00:00:00+00:00,2024-01-01T00:00:00+00:00,YUM,2,2,108,75,0.0,0.406799531066823,0.000612257069373126,2,2,75,108,2,2,0.52,0.5555555555555556
